held_out_doi,outer_fold,calibration_seed,random_state,K,branch,nominal,coverage,mean_width,n_fit_dois,n_calibration_dois,n_test_queries,vft_t0
10.1007/s10008-002-0300-9,0,0,20260901,3,RF_constrained_rate,0.8,0.0,0.021631736430566706,13,5,1,
10.1007/s10008-002-0300-9,0,0,20260901,3,RF_constrained_rate,0.9,0.0,0.03910178518613616,13,5,1,
10.1007/s10008-002-0300-9,0,0,20260901,3,RF_constrained_rate,0.95,0.0,0.06402826205901864,13,5,1,
10.1007/s10008-002-0300-9,0,0,20260901,4,VFT,0.8,1.0,0.017036614060481847,13,5,1,160.0
10.1007/s10008-002-0300-9,0,0,20260901,4,VFT,0.9,1.0,0.024181994838984977,13,5,1,160.0
10.1007/s10008-002-0300-9,0,0,20260901,4,VFT,0.95,1.0,0.037010623143703736,13,5,1,160.0
10.1007/s10008-002-0300-9,0,0,20260901,5,VFT,0.8,1.0,0.02318756565325386,13,5,1,160.0
10.1007/s10008-002-0300-9,0,0,20260901,5,VFT,0.9,1.0,0.03155980118740631,13,5,1,160.0
10.1007/s10008-002-0300-9,0,0,20260901,5,VFT,0.95,1.0,0.046388142144178746,13,5,1,160.0
10.1007/s10008-002-0300-9,0,1,20260902,3,RF_constrained_rate,0.8,0.0,0.02006990879767634,13,5,1,
10.1007/s10008-002-0300-9,0,1,20260902,3,RF_constrained_rate,0.9,0.0,0.03062011756590488,13,5,1,
10.1007/s10008-002-0300-9,0,1,20260902,3,RF_constrained_rate,0.95,1.0,0.0627519287800864,13,5,1,
10.1007/s10008-002-0300-9,0,1,20260902,4,VFT,0.8,1.0,0.016256941115079027,13,5,1,160.0
10.1007/s10008-002-0300-9,0,1,20260902,4,VFT,0.9,1.0,0.024003356250963837,13,5,1,160.0
10.1007/s10008-002-0300-9,0,1,20260902,4,VFT,0.95,1.0,0.03767330979830219,13,5,1,160.0
10.1007/s10008-002-0300-9,0,1,20260902,5,VFT,0.8,1.0,0.023519489917688485,13,5,1,160.0
10.1007/s10008-002-0300-9,0,1,20260902,5,VFT,0.9,1.0,0.033473344008164485,13,5,1,160.0
10.1007/s10008-002-0300-9,0,1,20260902,5,VFT,0.95,1.0,0.04812173203720116,13,5,1,160.0
10.1007/s10008-002-0300-9,0,2,20260903,3,RF_constrained_rate,0.8,0.0,0.024847392229470522,13,5,1,
10.1007/s10008-002-0300-9,0,2,20260903,3,RF_constrained_rate,0.9,0.0,0.05678999760583925,13,5,1,
10.1007/s10008-002-0300-9,0,2,20260903,3,RF_constrained_rate,0.95,1.0,0.09098776134142295,13,5,1,
10.1007/s10008-002-0300-9,0,2,20260903,4,VFT,0.8,1.0,0.016283812834659184,13,5,1,160.0
10.1007/s10008-002-0300-9,0,2,20260903,4,VFT,0.9,1.0,0.03191219746019858,13,5,1,160.0
10.1007/s10008-002-0300-9,0,2,20260903,4,VFT,0.95,1.0,0.05077004901954063,13,5,1,160.0
10.1007/s10008-002-0300-9,0,2,20260903,5,VFT,0.8,1.0,0.012145410024555714,13,5,1,160.0
10.1007/s10008-002-0300-9,0,2,20260903,5,VFT,0.9,1.0,0.017687978135128457,13,5,1,160.0
10.1007/s10008-002-0300-9,0,2,20260903,5,VFT,0.95,1.0,0.03706070328747835,13,5,1,160.0
10.1007/s10008-002-0300-9,0,3,20260904,3,RF_constrained_rate,0.8,0.0,0.017997166900283856,13,5,1,
10.1007/s10008-002-0300-9,0,3,20260904,3,RF_constrained_rate,0.9,0.0,0.026936380450727437,13,5,1,
10.1007/s10008-002-0300-9,0,3,20260904,3,RF_constrained_rate,0.95,1.0,0.04787310055265814,13,5,1,
10.1007/s10008-002-0300-9,0,3,20260904,4,VFT,0.8,1.0,0.014828757304767626,13,5,1,160.0
10.1007/s10008-002-0300-9,0,3,20260904,4,VFT,0.9,1.0,0.024181994838984977,13,5,1,160.0
10.1007/s10008-002-0300-9,0,3,20260904,4,VFT,0.95,1.0,0.03835376113667688,13,5,1,160.0
10.1007/s10008-002-0300-9,0,3,20260904,5,VFT,0.8,1.0,0.016225034492652224,13,5,1,160.0
10.1007/s10008-002-0300-9,0,3,20260904,5,VFT,0.9,1.0,0.03066075653620337,13,5,1,160.0
10.1007/s10008-002-0300-9,0,3,20260904,5,VFT,0.95,1.0,0.03968219977077858,13,5,1,160.0
10.1007/s10008-002-0300-9,0,4,20260905,3,RF_constrained_rate,0.8,0.0,0.033200525809422565,13,5,1,
10.1007/s10008-002-0300-9,0,4,20260905,3,RF_constrained_rate,0.9,1.0,0.06423459716388646,13,5,1,
10.1007/s10008-002-0300-9,0,4,20260905,3,RF_constrained_rate,0.95,1.0,0.22537624572486914,13,5,1,
10.1007/s10008-002-0300-9,0,4,20260905,4,VFT,0.8,1.0,0.021741554007395747,13,5,1,160.0
10.1007/s10008-002-0300-9,0,4,20260905,4,VFT,0.9,1.0,0.04877040765791185,13,5,1,160.0
10.1007/s10008-002-0300-9,0,4,20260905,4,VFT,0.95,1.0,0.06006842302125193,13,5,1,160.0
10.1007/s10008-002-0300-9,0,4,20260905,5,VFT,0.8,1.0,0.027989603997975898,13,5,1,160.0
10.1007/s10008-002-0300-9,0,4,20260905,5,VFT,0.9,1.0,0.08219109819518255,13,5,1,160.0
10.1007/s10008-002-0300-9,0,4,20260905,5,VFT,0.95,1.0,0.09561210192813985,13,5,1,160.0
10.1007/s10008-002-0300-9,0,5,20260906,3,RF_constrained_rate,0.8,0.0,0.013672674525945006,13,5,1,
10.1007/s10008-002-0300-9,0,5,20260906,3,RF_constrained_rate,0.9,0.0,0.024912116598193146,13,5,1,
10.1007/s10008-002-0300-9,0,5,20260906,3,RF_constrained_rate,0.95,0.0,0.036114123645123675,13,5,1,
10.1007/s10008-002-0300-9,0,5,20260906,4,VFT,0.8,1.0,0.011410106429717626,13,5,1,160.0
10.1007/s10008-002-0300-9,0,5,20260906,4,VFT,0.9,1.0,0.018498143823994617,13,5,1,160.0
10.1007/s10008-002-0300-9,0,5,20260906,4,VFT,0.95,1.0,0.02380587033360948,13,5,1,160.0
10.1007/s10008-002-0300-9,0,5,20260906,5,VFT,0.8,1.0,0.017789624292424255,13,5,1,160.0
10.1007/s10008-002-0300-9,0,5,20260906,5,VFT,0.9,1.0,0.030600980004741984,13,5,1,160.0
10.1007/s10008-002-0300-9,0,5,20260906,5,VFT,0.95,1.0,0.03706070328747835,13,5,1,160.0
10.1007/s10008-002-0300-9,0,6,20260907,3,RF_constrained_rate,0.8,0.0,0.03835151823242722,13,5,1,
10.1007/s10008-002-0300-9,0,6,20260907,3,RF_constrained_rate,0.9,0.0,0.05868329488534485,13,5,1,
10.1007/s10008-002-0300-9,0,6,20260907,3,RF_constrained_rate,0.95,0.0,0.13336582693881782,13,5,1,
10.1007/s10008-002-0300-9,0,6,20260907,4,VFT,0.8,1.0,0.029975290160623835,13,5,1,160.0
10.1007/s10008-002-0300-9,0,6,20260907,4,VFT,0.9,1.0,0.04452424738576566,13,5,1,160.0
10.1007/s10008-002-0300-9,0,6,20260907,4,VFT,0.95,1.0,0.11306692058765133,13,5,1,160.0
10.1007/s10008-002-0300-9,0,6,20260907,5,VFT,0.8,1.0,0.041658123601776786,13,5,1,160.0
10.1007/s10008-002-0300-9,0,6,20260907,5,VFT,0.9,1.0,0.08385242579793184,13,5,1,160.0
10.1007/s10008-002-0300-9,0,6,20260907,5,VFT,0.95,1.0,0.15846235643396067,13,5,1,160.0
10.1007/s10008-002-0300-9,0,7,20260908,3,RF_constrained_rate,0.8,0.0,0.051410241802889,13,5,1,
10.1007/s10008-002-0300-9,0,7,20260908,3,RF_constrained_rate,0.9,0.0,0.07017677951631485,13,5,1,
10.1007/s10008-002-0300-9,0,7,20260908,3,RF_constrained_rate,0.95,1.0,0.10541412829838315,13,5,1,
10.1007/s10008-002-0300-9,0,7,20260908,4,VFT,0.8,1.0,0.029258485194295414,13,5,1,160.0
10.1007/s10008-002-0300-9,0,7,20260908,4,VFT,0.9,1.0,0.0399832074181532,13,5,1,160.0
10.1007/s10008-002-0300-9,0,7,20260908,4,VFT,0.95,1.0,0.06006842302125193,13,5,1,160.0
10.1007/s10008-002-0300-9,0,7,20260908,5,VFT,0.8,1.0,0.027989603997975898,13,5,1,160.0
10.1007/s10008-002-0300-9,0,7,20260908,5,VFT,0.9,1.0,0.04549111290473151,13,5,1,160.0
10.1007/s10008-002-0300-9,0,7,20260908,5,VFT,0.95,1.0,0.09561210192813985,13,5,1,160.0
10.1007/s10008-002-0300-9,0,8,20260909,3,RF_constrained_rate,0.8,0.0,0.02789317881206621,13,5,1,
10.1007/s10008-002-0300-9,0,8,20260909,3,RF_constrained_rate,0.9,1.0,0.08829814024288529,13,5,1,
10.1007/s10008-002-0300-9,0,8,20260909,3,RF_constrained_rate,0.95,1.0,0.16182778542279053,13,5,1,
10.1007/s10008-002-0300-9,0,8,20260909,4,VFT,0.8,1.0,0.01064054116288582,13,5,1,160.0
10.1007/s10008-002-0300-9,0,8,20260909,4,VFT,0.9,1.0,0.03191219746019858,13,5,1,160.0
10.1007/s10008-002-0300-9,0,8,20260909,4,VFT,0.95,1.0,0.04877040765791185,13,5,1,160.0
10.1007/s10008-002-0300-9,0,8,20260909,5,VFT,0.8,1.0,0.01120411237797203,13,5,1,160.0
10.1007/s10008-002-0300-9,0,8,20260909,5,VFT,0.9,1.0,0.014029444600456076,13,5,1,160.0
10.1007/s10008-002-0300-9,0,8,20260909,5,VFT,0.95,1.0,0.03706070328747835,13,5,1,160.0
10.1007/s10008-002-0300-9,0,9,20260910,3,RF_constrained_rate,0.8,0.0,0.023075962224835767,13,5,1,
10.1007/s10008-002-0300-9,0,9,20260910,3,RF_constrained_rate,0.9,0.0,0.04221202938800106,13,5,1,
10.1007/s10008-002-0300-9,0,9,20260910,3,RF_constrained_rate,0.95,0.0,0.06041294621380211,13,5,1,
10.1007/s10008-002-0300-9,0,9,20260910,4,VFT,0.8,1.0,0.014494169192178052,13,5,1,160.0
10.1007/s10008-002-0300-9,0,9,20260910,4,VFT,0.9,1.0,0.02380587033360948,13,5,1,160.0
10.1007/s10008-002-0300-9,0,9,20260910,4,VFT,0.95,1.0,0.03191219746019858,13,5,1,160.0
10.1007/s10008-002-0300-9,0,9,20260910,5,VFT,0.8,1.0,0.014373292445518215,13,5,1,160.0
10.1007/s10008-002-0300-9,0,9,20260910,5,VFT,0.9,1.0,0.02861396007374184,13,5,1,160.0
10.1007/s10008-002-0300-9,0,9,20260910,5,VFT,0.95,1.0,0.03965528652209471,13,5,1,160.0
10.1007/s10008-002-0300-9,0,10,20260911,3,RF_constrained_rate,0.8,0.0,0.01750158885122044,13,5,1,
10.1007/s10008-002-0300-9,0,10,20260911,3,RF_constrained_rate,0.9,0.0,0.04595898925100994,13,5,1,
10.1007/s10008-002-0300-9,0,10,20260911,3,RF_constrained_rate,0.95,1.0,0.06287473047043757,13,5,1,
10.1007/s10008-002-0300-9,0,10,20260911,4,VFT,0.8,1.0,0.015914353485040333,13,5,1,160.0
10.1007/s10008-002-0300-9,0,10,20260911,4,VFT,0.9,1.0,0.023136404789092957,13,5,1,160.0
10.1007/s10008-002-0300-9,0,10,20260911,4,VFT,0.95,1.0,0.031493847794873187,13,5,1,160.0
10.1007/s10008-002-0300-9,0,10,20260911,5,VFT,0.8,1.0,0.021707349453042202,13,5,1,160.0
10.1007/s10008-002-0300-9,0,10,20260911,5,VFT,0.9,1.0,0.03155980118740631,13,5,1,160.0
10.1007/s10008-002-0300-9,0,10,20260911,5,VFT,0.95,1.0,0.04549111290473151,13,5,1,160.0
10.1007/s10008-002-0300-9,0,11,20260912,3,RF_constrained_rate,0.8,0.0,0.03903819871020975,13,5,1,
10.1007/s10008-002-0300-9,0,11,20260912,3,RF_constrained_rate,0.9,0.0,0.06654497924715086,13,5,1,
10.1007/s10008-002-0300-9,0,11,20260912,3,RF_constrained_rate,0.95,1.0,0.11558255267616868,13,5,1,
10.1007/s10008-002-0300-9,0,11,20260912,4,VFT,0.8,1.0,0.032432917591198596,13,5,1,160.0
10.1007/s10008-002-0300-9,0,11,20260912,4,VFT,0.9,1.0,0.04582374607939976,13,5,1,160.0
10.1007/s10008-002-0300-9,0,11,20260912,4,VFT,0.95,1.0,0.11306692058765133,13,5,1,160.0
10.1007/s10008-002-0300-9,0,11,20260912,5,VFT,0.8,1.0,0.042798514750826744,13,5,1,160.0
10.1007/s10008-002-0300-9,0,11,20260912,5,VFT,0.9,1.0,0.09561210192813985,13,5,1,160.0
10.1007/s10008-002-0300-9,0,11,20260912,5,VFT,0.95,1.0,0.1583218915749165,13,5,1,160.0
10.1007/s10008-002-0300-9,0,12,20260913,3,RF_constrained_rate,0.8,0.0,0.04993588358520684,13,5,1,
10.1007/s10008-002-0300-9,0,12,20260913,3,RF_constrained_rate,0.9,1.0,0.11450833952432138,13,5,1,
10.1007/s10008-002-0300-9,0,12,20260913,3,RF_constrained_rate,0.95,1.0,0.20136401288678973,13,5,1,
10.1007/s10008-002-0300-9,0,12,20260913,4,VFT,0.8,1.0,0.018536058761896124,13,5,1,160.0
10.1007/s10008-002-0300-9,0,12,20260913,4,VFT,0.9,1.0,0.031493847794873187,13,5,1,160.0
10.1007/s10008-002-0300-9,0,12,20260913,4,VFT,0.95,1.0,0.0399832074181532,13,5,1,160.0
10.1007/s10008-002-0300-9,0,12,20260913,5,VFT,0.8,1.0,0.017789624292424255,13,5,1,160.0
10.1007/s10008-002-0300-9,0,12,20260913,5,VFT,0.9,1.0,0.03706070328747835,13,5,1,160.0
10.1007/s10008-002-0300-9,0,12,20260913,5,VFT,0.95,1.0,0.0463465458664134,13,5,1,160.0
10.1007/s10008-002-0300-9,0,13,20260914,3,RF_constrained_rate,0.8,0.0,0.02054334470625241,13,5,1,
10.1007/s10008-002-0300-9,0,13,20260914,3,RF_constrained_rate,0.9,0.0,0.03827575160324781,13,5,1,
10.1007/s10008-002-0300-9,0,13,20260914,3,RF_constrained_rate,0.95,0.0,0.06689996374298701,13,5,1,
10.1007/s10008-002-0300-9,0,13,20260914,4,VFT,0.8,1.0,0.013051289727242121,13,5,1,160.0
10.1007/s10008-002-0300-9,0,13,20260914,4,VFT,0.9,1.0,0.021438793140023282,13,5,1,160.0
10.1007/s10008-002-0300-9,0,13,20260914,4,VFT,0.95,1.0,0.03191219746019858,13,5,1,160.0
10.1007/s10008-002-0300-9,0,13,20260914,5,VFT,0.8,1.0,0.014029444600456076,13,5,1,160.0
10.1007/s10008-002-0300-9,0,13,20260914,5,VFT,0.9,1.0,0.030600980004741984,13,5,1,160.0
10.1007/s10008-002-0300-9,0,13,20260914,5,VFT,0.95,1.0,0.03706070328747835,13,5,1,160.0
10.1007/s10008-002-0300-9,0,14,20260915,3,RF_constrained_rate,0.8,0.0,0.010190681087557607,13,5,1,
10.1007/s10008-002-0300-9,0,14,20260915,3,RF_constrained_rate,0.9,0.0,0.01329968784972757,13,5,1,
10.1007/s10008-002-0300-9,0,14,20260915,3,RF_constrained_rate,0.95,0.0,0.02484416625965946,13,5,1,
10.1007/s10008-002-0300-9,0,14,20260915,4,VFT,0.8,1.0,0.014494169192178052,13,5,1,160.0
10.1007/s10008-002-0300-9,0,14,20260915,4,VFT,0.9,1.0,0.018984148113538657,13,5,1,160.0
10.1007/s10008-002-0300-9,0,14,20260915,4,VFT,0.95,1.0,0.028498997405443927,13,5,1,160.0
10.1007/s10008-002-0300-9,0,14,20260915,5,VFT,0.8,1.0,0.023519489917688485,13,5,1,160.0
10.1007/s10008-002-0300-9,0,14,20260915,5,VFT,0.9,1.0,0.033670672924512424,13,5,1,160.0
10.1007/s10008-002-0300-9,0,14,20260915,5,VFT,0.95,1.0,0.04812173203720116,13,5,1,160.0
10.1007/s10008-002-0300-9,0,15,20260916,3,RF_constrained_rate,0.8,0.0,0.02547696679514333,13,5,1,
10.1007/s10008-002-0300-9,0,15,20260916,3,RF_constrained_rate,0.9,0.0,0.0420038387796664,13,5,1,
10.1007/s10008-002-0300-9,0,15,20260916,3,RF_constrained_rate,0.95,0.0,0.07246298505555115,13,5,1,
10.1007/s10008-002-0300-9,0,15,20260916,4,VFT,0.8,1.0,0.022551343084469266,13,5,1,160.0
10.1007/s10008-002-0300-9,0,15,20260916,4,VFT,0.9,1.0,0.037010623143703736,13,5,1,160.0
10.1007/s10008-002-0300-9,0,15,20260916,4,VFT,0.95,1.0,0.06006842302125193,13,5,1,160.0
10.1007/s10008-002-0300-9,0,15,20260916,5,VFT,0.8,1.0,0.030600980004741984,13,5,1,160.0
10.1007/s10008-002-0300-9,0,15,20260916,5,VFT,0.9,1.0,0.04967893511141064,13,5,1,160.0
10.1007/s10008-002-0300-9,0,15,20260916,5,VFT,0.95,1.0,0.09709901565315393,13,5,1,160.0
10.1007/s10008-002-0300-9,0,16,20260917,3,RF_constrained_rate,0.8,1.0,0.0354099082634618,13,5,1,
10.1007/s10008-002-0300-9,0,16,20260917,3,RF_constrained_rate,0.9,1.0,0.0674618491776755,13,5,1,
10.1007/s10008-002-0300-9,0,16,20260917,3,RF_constrained_rate,0.95,1.0,0.1319854844839905,13,5,1,
10.1007/s10008-002-0300-9,0,16,20260917,4,VFT,0.8,1.0,0.031910122702544674,13,5,1,160.0
10.1007/s10008-002-0300-9,0,16,20260917,4,VFT,0.9,1.0,0.048218726250399246,13,5,1,160.0
10.1007/s10008-002-0300-9,0,16,20260917,4,VFT,0.95,1.0,0.11306692058765133,13,5,1,160.0
10.1007/s10008-002-0300-9,0,16,20260917,5,VFT,0.8,1.0,0.045907209711936625,13,5,1,160.0
10.1007/s10008-002-0300-9,0,16,20260917,5,VFT,0.9,1.0,0.09596449319696343,13,5,1,160.0
10.1007/s10008-002-0300-9,0,16,20260917,5,VFT,0.95,1.0,0.15846235643396067,13,5,1,160.0
10.1007/s10008-002-0300-9,0,17,20260918,3,RF_constrained_rate,0.8,0.0,0.0421564050636023,13,5,1,
10.1007/s10008-002-0300-9,0,17,20260918,3,RF_constrained_rate,0.9,0.0,0.08066315554617409,13,5,1,
10.1007/s10008-002-0300-9,0,17,20260918,3,RF_constrained_rate,0.95,0.0,0.14893445659523374,13,5,1,
10.1007/s10008-002-0300-9,0,17,20260918,4,VFT,0.8,1.0,0.029554759609419,13,5,1,160.0
10.1007/s10008-002-0300-9,0,17,20260918,4,VFT,0.9,1.0,0.04356712791779249,13,5,1,160.0
10.1007/s10008-002-0300-9,0,17,20260918,4,VFT,0.95,1.0,0.10276644942535373,13,5,1,160.0
10.1007/s10008-002-0300-9,0,17,20260918,5,VFT,0.8,1.0,0.03914425879006789,13,5,1,160.0
10.1007/s10008-002-0300-9,0,17,20260918,5,VFT,0.9,1.0,0.06256013068903465,13,5,1,160.0
10.1007/s10008-002-0300-9,0,17,20260918,5,VFT,0.95,1.0,0.1583218915749165,13,5,1,160.0
10.1007/s10008-002-0300-9,0,18,20260919,3,RF_constrained_rate,0.8,0.0,0.02835070216647928,13,5,1,
10.1007/s10008-002-0300-9,0,18,20260919,3,RF_constrained_rate,0.9,0.0,0.03402937758396085,13,5,1,
10.1007/s10008-002-0300-9,0,18,20260919,3,RF_constrained_rate,0.95,0.0,0.03497798106714134,13,5,1,
10.1007/s10008-002-0300-9,0,18,20260919,4,VFT,0.8,1.0,0.015514815630879308,13,5,1,160.0
10.1007/s10008-002-0300-9,0,18,20260919,4,VFT,0.9,1.0,0.02380587033360948,13,5,1,160.0
10.1007/s10008-002-0300-9,0,18,20260919,4,VFT,0.95,1.0,0.03838393599123502,13,5,1,160.0
10.1007/s10008-002-0300-9,0,18,20260919,5,VFT,0.8,1.0,0.017789624292424255,13,5,1,160.0
10.1007/s10008-002-0300-9,0,18,20260919,5,VFT,0.9,1.0,0.029079380188149706,13,5,1,160.0
10.1007/s10008-002-0300-9,0,18,20260919,5,VFT,0.95,1.0,0.05457827347848965,13,5,1,160.0
10.1007/s10008-002-0300-9,0,19,20260920,3,RF_constrained_rate,0.8,0.0,0.037027717826876305,13,5,1,
10.1007/s10008-002-0300-9,0,19,20260920,3,RF_constrained_rate,0.9,0.0,0.06896837187071991,13,5,1,
10.1007/s10008-002-0300-9,0,19,20260920,3,RF_constrained_rate,0.95,0.0,0.12776989373691494,13,5,1,
10.1007/s10008-002-0300-9,0,19,20260920,4,VFT,0.8,1.0,0.032432917591198596,13,5,1,160.0
10.1007/s10008-002-0300-9,0,19,20260920,4,VFT,0.9,1.0,0.048218726250399246,13,5,1,160.0
10.1007/s10008-002-0300-9,0,19,20260920,4,VFT,0.95,1.0,0.11549155091832874,13,5,1,160.0
10.1007/s10008-002-0300-9,0,19,20260920,5,VFT,0.8,1.0,0.04891649154210209,13,5,1,160.0
10.1007/s10008-002-0300-9,0,19,20260920,5,VFT,0.9,1.0,0.09709901565315393,13,5,1,160.0
10.1007/s10008-002-0300-9,0,19,20260920,5,VFT,0.95,1.0,0.18974015331121485,13,5,1,160.0
10.1016/0378-7753(91)80004-H,1,0,20270901,3,RF_constrained_rate,0.8,0.6,0.021325129994493208,13,5,115,
10.1016/0378-7753(91)80004-H,1,0,20270901,3,RF_constrained_rate,0.9,0.8782608695652174,0.054509192760835656,13,5,115,
10.1016/0378-7753(91)80004-H,1,0,20270901,3,RF_constrained_rate,0.95,0.9478260869565217,0.12024653032062993,13,5,115,
10.1016/0378-7753(91)80004-H,1,0,20270901,4,VFT,0.8,0.24299065420560748,0.008234420372241757,13,5,107,160.0
10.1016/0378-7753(91)80004-H,1,0,20270901,4,VFT,0.9,0.5887850467289719,0.019932060822314135,13,5,107,160.0
10.1016/0378-7753(91)80004-H,1,0,20270901,4,VFT,0.95,0.8598130841121495,0.04356712791779249,13,5,107,160.0
10.1016/0378-7753(91)80004-H,1,0,20270901,5,VFT,0.8,0.3,0.011092056597729938,13,5,100,160.0
10.1016/0378-7753(91)80004-H,1,0,20270901,5,VFT,0.9,0.38,0.014029444600456076,13,5,100,160.0
10.1016/0378-7753(91)80004-H,1,0,20270901,5,VFT,0.95,0.7,0.03706070328747835,13,5,100,160.0
10.1016/0378-7753(91)80004-H,1,1,20270902,3,RF_constrained_rate,0.8,0.6,0.019652884328591913,13,5,115,
10.1016/0378-7753(91)80004-H,1,1,20270902,3,RF_constrained_rate,0.9,0.7391304347826086,0.0323307089271454,13,5,115,
10.1016/0378-7753(91)80004-H,1,1,20270902,3,RF_constrained_rate,0.95,0.9130434782608695,0.08079369630543543,13,5,115,
10.1016/0378-7753(91)80004-H,1,1,20270902,4,VFT,0.8,0.4205607476635514,0.013849840647325529,13,5,107,160.0
10.1016/0378-7753(91)80004-H,1,1,20270902,4,VFT,0.9,0.8130841121495327,0.03637732603634014,13,5,107,160.0
10.1016/0378-7753(91)80004-H,1,1,20270902,4,VFT,0.95,0.8598130841121495,0.04356712791779249,13,5,107,160.0
10.1016/0378-7753(91)80004-H,1,1,20270902,5,VFT,0.8,0.32,0.013153183864566653,13,5,100,160.0
10.1016/0378-7753(91)80004-H,1,1,20270902,5,VFT,0.9,0.47,0.01812318141920244,13,5,100,160.0
10.1016/0378-7753(91)80004-H,1,1,20270902,5,VFT,0.95,0.81,0.05457827347848965,13,5,100,160.0
10.1016/0378-7753(91)80004-H,1,2,20270903,3,RF_constrained_rate,0.8,0.7565217391304347,0.03679887922487213,13,5,115,
10.1016/0378-7753(91)80004-H,1,2,20270903,3,RF_constrained_rate,0.9,0.8782608695652174,0.06328883530728535,13,5,115,
10.1016/0378-7753(91)80004-H,1,2,20270903,3,RF_constrained_rate,0.95,0.9043478260869565,0.07799017203793368,13,5,115,
10.1016/0378-7753(91)80004-H,1,2,20270903,4,VFT,0.8,0.6728971962616822,0.025175163415161572,13,5,107,160.0
10.1016/0378-7753(91)80004-H,1,2,20270903,4,VFT,0.9,0.9065420560747663,0.05077004901954063,13,5,107,160.0
10.1016/0378-7753(91)80004-H,1,2,20270903,4,VFT,0.95,0.9532710280373832,0.12548363916996264,13,5,107,160.0
10.1016/0378-7753(91)80004-H,1,2,20270903,5,VFT,0.8,0.62,0.029079380188149706,13,5,100,160.0
10.1016/0378-7753(91)80004-H,1,2,20270903,5,VFT,0.9,0.69,0.035490361681855695,13,5,100,160.0
10.1016/0378-7753(91)80004-H,1,2,20270903,5,VFT,0.95,0.88,0.09561210192813985,13,5,100,160.0
10.1016/0378-7753(91)80004-H,1,3,20270904,3,RF_constrained_rate,0.8,0.5652173913043478,0.01932668137812943,13,5,115,
10.1016/0378-7753(91)80004-H,1,3,20270904,3,RF_constrained_rate,0.9,0.7391304347826086,0.03397845360031049,13,5,115,
10.1016/0378-7753(91)80004-H,1,3,20270904,3,RF_constrained_rate,0.95,0.9304347826086956,0.08754703642366013,13,5,115,
10.1016/0378-7753(91)80004-H,1,3,20270904,4,VFT,0.8,0.4485981308411215,0.014828757304767626,13,5,107,160.0
10.1016/0378-7753(91)80004-H,1,3,20270904,4,VFT,0.9,0.5887850467289719,0.019932060822314135,13,5,107,160.0
10.1016/0378-7753(91)80004-H,1,3,20270904,4,VFT,0.95,0.719626168224299,0.028498997405443927,13,5,107,160.0
10.1016/0378-7753(91)80004-H,1,3,20270904,5,VFT,0.8,0.55,0.022441682082510184,13,5,100,160.0
10.1016/0378-7753(91)80004-H,1,3,20270904,5,VFT,0.9,0.67,0.033670672924512424,13,5,100,160.0
10.1016/0378-7753(91)80004-H,1,3,20270904,5,VFT,0.95,0.78,0.04812173203720116,13,5,100,160.0
10.1016/0378-7753(91)80004-H,1,4,20270905,3,RF_constrained_rate,0.8,0.7913043478260869,0.03748672667932551,13,5,115,
10.1016/0378-7753(91)80004-H,1,4,20270905,3,RF_constrained_rate,0.9,0.9043478260869565,0.06651523052393249,13,5,115,
10.1016/0378-7753(91)80004-H,1,4,20270905,3,RF_constrained_rate,0.95,0.9739130434782609,0.13759972552890343,13,5,115,
10.1016/0378-7753(91)80004-H,1,4,20270905,4,VFT,0.8,0.4766355140186916,0.015914353485040333,13,5,107,160.0
10.1016/0378-7753(91)80004-H,1,4,20270905,4,VFT,0.9,0.7289719626168224,0.029258485194295414,13,5,107,160.0
10.1016/0378-7753(91)80004-H,1,4,20270905,4,VFT,0.95,0.8411214953271028,0.0399832074181532,13,5,107,160.0
10.1016/0378-7753(91)80004-H,1,4,20270905,5,VFT,0.8,0.44,0.01591981849089974,13,5,100,160.0
10.1016/0378-7753(91)80004-H,1,4,20270905,5,VFT,0.9,0.62,0.029079380188149706,13,5,100,160.0
10.1016/0378-7753(91)80004-H,1,4,20270905,5,VFT,0.95,0.78,0.0463465458664134,13,5,100,160.0
10.1016/0378-7753(91)80004-H,1,5,20270906,3,RF_constrained_rate,0.8,0.5043478260869565,0.0215957002939402,13,5,115,
10.1016/0378-7753(91)80004-H,1,5,20270906,3,RF_constrained_rate,0.9,0.6434782608695652,0.031738761832825535,13,5,115,
10.1016/0378-7753(91)80004-H,1,5,20270906,3,RF_constrained_rate,0.95,0.7913043478260869,0.05595997405433906,13,5,115,
10.1016/0378-7753(91)80004-H,1,5,20270906,4,VFT,0.8,0.4485981308411215,0.014862787074375383,13,5,107,160.0
10.1016/0378-7753(91)80004-H,1,5,20270906,4,VFT,0.9,0.6355140186915887,0.022734309428941835,13,5,107,160.0
10.1016/0378-7753(91)80004-H,1,5,20270906,4,VFT,0.95,0.7289719626168224,0.029258485194295414,13,5,107,160.0
10.1016/0378-7753(91)80004-H,1,5,20270906,5,VFT,0.8,0.55,0.022441682082510184,13,5,100,160.0
10.1016/0378-7753(91)80004-H,1,5,20270906,5,VFT,0.9,0.65,0.03155980118740631,13,5,100,160.0
10.1016/0378-7753(91)80004-H,1,5,20270906,5,VFT,0.95,0.78,0.046388142144178746,13,5,100,160.0
10.1016/0378-7753(91)80004-H,1,6,20270907,3,RF_constrained_rate,0.8,0.5304347826086957,0.021046342126831652,13,5,115,
10.1016/0378-7753(91)80004-H,1,6,20270907,3,RF_constrained_rate,0.9,0.6782608695652174,0.030053150923123217,13,5,115,
10.1016/0378-7753(91)80004-H,1,6,20270907,3,RF_constrained_rate,0.95,0.7217391304347827,0.03474226163209071,13,5,115,
10.1016/0378-7753(91)80004-H,1,6,20270907,4,VFT,0.8,0.3925233644859813,0.012283530655167407,13,5,107,160.0
10.1016/0378-7753(91)80004-H,1,6,20270907,4,VFT,0.9,0.5607476635514018,0.01835687662702412,13,5,107,160.0
10.1016/0378-7753(91)80004-H,1,6,20270907,4,VFT,0.95,0.7476635514018691,0.03052269747205072,13,5,107,160.0
10.1016/0378-7753(91)80004-H,1,6,20270907,5,VFT,0.8,0.46,0.01713625589562917,13,5,100,160.0
10.1016/0378-7753(91)80004-H,1,6,20270907,5,VFT,0.9,0.64,0.030600980004741984,13,5,100,160.0
10.1016/0378-7753(91)80004-H,1,6,20270907,5,VFT,0.95,0.75,0.041691495135310896,13,5,100,160.0
10.1016/0378-7753(91)80004-H,1,7,20270908,3,RF_constrained_rate,0.8,0.24347826086956523,0.012447778923122321,13,5,115,
10.1016/0378-7753(91)80004-H,1,7,20270908,3,RF_constrained_rate,0.9,0.41739130434782606,0.02470236755965538,13,5,115,
10.1016/0378-7753(91)80004-H,1,7,20270908,3,RF_constrained_rate,0.95,0.5565217391304348,0.033322665783092065,13,5,115,
10.1016/0378-7753(91)80004-H,1,7,20270908,4,VFT,0.8,0.29906542056074764,0.009963967961625464,13,5,107,160.0
10.1016/0378-7753(91)80004-H,1,7,20270908,4,VFT,0.9,0.4672897196261682,0.015514815630879308,13,5,107,160.0
10.1016/0378-7753(91)80004-H,1,7,20270908,4,VFT,0.95,0.6542056074766355,0.02380587033360948,13,5,107,160.0
10.1016/0378-7753(91)80004-H,1,7,20270908,5,VFT,0.8,0.35,0.013514790759380224,13,5,100,160.0
10.1016/0378-7753(91)80004-H,1,7,20270908,5,VFT,0.9,0.54,0.021707349453042202,13,5,100,160.0
10.1016/0378-7753(91)80004-H,1,7,20270908,5,VFT,0.95,0.67,0.03440432872936516,13,5,100,160.0
10.1016/0378-7753(91)80004-H,1,8,20270909,3,RF_constrained_rate,0.8,0.8782608695652174,0.05043704249931569,13,5,115,
10.1016/0378-7753(91)80004-H,1,8,20270909,3,RF_constrained_rate,0.9,0.9391304347826087,0.10074243370057534,13,5,115,
10.1016/0378-7753(91)80004-H,1,8,20270909,3,RF_constrained_rate,0.95,0.9739130434782609,0.20613957589524734,13,5,115,
10.1016/0378-7753(91)80004-H,1,8,20270909,4,VFT,0.8,0.6355140186915887,0.023136404789092957,13,5,107,160.0
10.1016/0378-7753(91)80004-H,1,8,20270909,4,VFT,0.9,0.7570093457943925,0.031493847794873187,13,5,107,160.0
10.1016/0378-7753(91)80004-H,1,8,20270909,4,VFT,0.95,0.9065420560747663,0.05753471262765952,13,5,107,160.0
10.1016/0378-7753(91)80004-H,1,8,20270909,5,VFT,0.8,0.32,0.012403931516196565,13,5,100,160.0
10.1016/0378-7753(91)80004-H,1,8,20270909,5,VFT,0.9,0.77,0.04549111290473151,13,5,100,160.0
10.1016/0378-7753(91)80004-H,1,8,20270909,5,VFT,0.95,0.78,0.0463465458664134,13,5,100,160.0
10.1016/0378-7753(91)80004-H,1,9,20270910,3,RF_constrained_rate,0.8,0.8695652173913043,0.08691698336972853,13,5,115,
10.1016/0378-7753(91)80004-H,1,9,20270910,3,RF_constrained_rate,0.9,0.9217391304347826,0.14512784925575617,13,5,115,
10.1016/0378-7753(91)80004-H,1,9,20270910,3,RF_constrained_rate,0.95,0.9826086956521739,0.23766599117759024,13,5,115,
10.1016/0378-7753(91)80004-H,1,9,20270910,4,VFT,0.8,0.6355140186915887,0.023136404789092957,13,5,107,160.0
10.1016/0378-7753(91)80004-H,1,9,20270910,4,VFT,0.9,0.822429906542056,0.03835376113667688,13,5,107,160.0
10.1016/0378-7753(91)80004-H,1,9,20270910,4,VFT,0.95,0.9345794392523364,0.10470196762770057,13,5,107,160.0
10.1016/0378-7753(91)80004-H,1,9,20270910,5,VFT,0.8,0.54,0.021707349453042202,13,5,100,160.0
10.1016/0378-7753(91)80004-H,1,9,20270910,5,VFT,0.9,0.7,0.03706070328747835,13,5,100,160.0
10.1016/0378-7753(91)80004-H,1,9,20270910,5,VFT,0.95,0.78,0.0463465458664134,13,5,100,160.0
10.1016/0378-7753(91)80004-H,1,10,20270911,3,RF_constrained_rate,0.8,0.6521739130434783,0.023916718002703785,13,5,115,
10.1016/0378-7753(91)80004-H,1,10,20270911,3,RF_constrained_rate,0.9,0.782608695652174,0.03696847228649691,13,5,115,
10.1016/0378-7753(91)80004-H,1,10,20270911,3,RF_constrained_rate,0.95,0.8869565217391304,0.06933293976305488,13,5,115,
10.1016/0378-7753(91)80004-H,1,10,20270911,4,VFT,0.8,0.4205607476635514,0.014183444562295477,13,5,107,160.0
10.1016/0378-7753(91)80004-H,1,10,20270911,4,VFT,0.9,0.616822429906542,0.022286176104157285,13,5,107,160.0
10.1016/0378-7753(91)80004-H,1,10,20270911,4,VFT,0.95,0.7383177570093458,0.029596777293295684,13,5,107,160.0
10.1016/0378-7753(91)80004-H,1,10,20270911,5,VFT,0.8,0.52,0.020389065416302143,13,5,100,160.0
10.1016/0378-7753(91)80004-H,1,10,20270911,5,VFT,0.9,0.65,0.03155980118740631,13,5,100,160.0
10.1016/0378-7753(91)80004-H,1,10,20270911,5,VFT,0.95,0.78,0.0463465458664134,13,5,100,160.0
10.1016/0378-7753(91)80004-H,1,11,20270912,3,RF_constrained_rate,0.8,0.8521739130434782,0.057609451180572854,13,5,115,
10.1016/0378-7753(91)80004-H,1,11,20270912,3,RF_constrained_rate,0.9,0.9217391304347826,0.10637487681479652,13,5,115,
10.1016/0378-7753(91)80004-H,1,11,20270912,3,RF_constrained_rate,0.95,0.9739130434782609,0.1873703178212095,13,5,115,
10.1016/0378-7753(91)80004-H,1,11,20270912,4,VFT,0.8,0.5887850467289719,0.019932060822314135,13,5,107,160.0
10.1016/0378-7753(91)80004-H,1,11,20270912,4,VFT,0.9,0.7570093457943925,0.031493847794873187,13,5,107,160.0
10.1016/0378-7753(91)80004-H,1,11,20270912,4,VFT,0.95,0.9065420560747663,0.05753471262765952,13,5,107,160.0
10.1016/0378-7753(91)80004-H,1,11,20270912,5,VFT,0.8,0.54,0.022169293366081977,13,5,100,160.0
10.1016/0378-7753(91)80004-H,1,11,20270912,5,VFT,0.9,0.7,0.03706070328747835,13,5,100,160.0
10.1016/0378-7753(91)80004-H,1,11,20270912,5,VFT,0.95,0.78,0.04798219301794804,13,5,100,160.0
10.1016/0378-7753(91)80004-H,1,12,20270913,3,RF_constrained_rate,0.8,0.4434782608695652,0.019257563890901164,13,5,115,
10.1016/0378-7753(91)80004-H,1,12,20270913,3,RF_constrained_rate,0.9,0.6782608695652174,0.031085275286299008,13,5,115,
10.1016/0378-7753(91)80004-H,1,12,20270913,3,RF_constrained_rate,0.95,0.8434782608695652,0.04843863901779488,13,5,115,
10.1016/0378-7753(91)80004-H,1,12,20270913,4,VFT,0.8,0.5514018691588785,0.017230148844155746,13,5,107,160.0
10.1016/0378-7753(91)80004-H,1,12,20270913,4,VFT,0.9,0.6915887850467289,0.026521698703257046,13,5,107,160.0
10.1016/0378-7753(91)80004-H,1,12,20270913,4,VFT,0.95,0.822429906542056,0.03835376113667688,13,5,107,160.0
10.1016/0378-7753(91)80004-H,1,12,20270913,5,VFT,0.8,0.56,0.02318756565325386,13,5,100,160.0
10.1016/0378-7753(91)80004-H,1,12,20270913,5,VFT,0.9,0.67,0.033670672924512424,13,5,100,160.0
10.1016/0378-7753(91)80004-H,1,12,20270913,5,VFT,0.95,0.78,0.046388142144178746,13,5,100,160.0
10.1016/0378-7753(91)80004-H,1,13,20270914,3,RF_constrained_rate,0.8,0.8521739130434782,0.03401333169191334,13,5,115,
10.1016/0378-7753(91)80004-H,1,13,20270914,3,RF_constrained_rate,0.9,0.9043478260869565,0.06951695946427172,13,5,115,
10.1016/0378-7753(91)80004-H,1,13,20270914,3,RF_constrained_rate,0.95,0.9391304347826087,0.10797982301382003,13,5,115,
10.1016/0378-7753(91)80004-H,1,13,20270914,4,VFT,0.8,0.5607476635514018,0.018206163200606085,13,5,107,160.0
10.1016/0378-7753(91)80004-H,1,13,20270914,4,VFT,0.9,0.822429906542056,0.03838393599123502,13,5,107,160.0
10.1016/0378-7753(91)80004-H,1,13,20270914,4,VFT,0.95,0.8598130841121495,0.04356712791779249,13,5,107,160.0
10.1016/0378-7753(91)80004-H,1,13,20270914,5,VFT,0.8,0.38,0.014029444600456076,13,5,100,160.0
10.1016/0378-7753(91)80004-H,1,13,20270914,5,VFT,0.9,0.67,0.033473344008164485,13,5,100,160.0
10.1016/0378-7753(91)80004-H,1,13,20270914,5,VFT,0.95,0.81,0.05457827347848965,13,5,100,160.0
10.1016/0378-7753(91)80004-H,1,14,20270915,3,RF_constrained_rate,0.8,0.24347826086956523,0.015011613221431297,13,5,115,
10.1016/0378-7753(91)80004-H,1,14,20270915,3,RF_constrained_rate,0.9,0.40869565217391307,0.02384817851726706,13,5,115,
10.1016/0378-7753(91)80004-H,1,14,20270915,3,RF_constrained_rate,0.95,0.5652173913043478,0.03019814006243049,13,5,115,
10.1016/0378-7753(91)80004-H,1,14,20270915,4,VFT,0.8,0.32710280373831774,0.01051385226780277,13,5,107,160.0
10.1016/0378-7753(91)80004-H,1,14,20270915,4,VFT,0.9,0.5514018691588785,0.017036614060481847,13,5,107,160.0
10.1016/0378-7753(91)80004-H,1,14,20270915,4,VFT,0.95,0.6542056074766355,0.024181994838984977,13,5,107,160.0
10.1016/0378-7753(91)80004-H,1,14,20270915,5,VFT,0.8,0.44,0.01595460692592543,13,5,100,160.0
10.1016/0378-7753(91)80004-H,1,14,20270915,5,VFT,0.9,0.59,0.026956438200738564,13,5,100,160.0
10.1016/0378-7753(91)80004-H,1,14,20270915,5,VFT,0.95,0.71,0.03778746858675941,13,5,100,160.0
10.1016/0378-7753(91)80004-H,1,15,20270916,3,RF_constrained_rate,0.8,0.7304347826086957,0.0328124066412574,13,5,115,
10.1016/0378-7753(91)80004-H,1,15,20270916,3,RF_constrained_rate,0.9,0.8347826086956521,0.0498855971247949,13,5,115,
10.1016/0378-7753(91)80004-H,1,15,20270916,3,RF_constrained_rate,0.95,0.9304347826086956,0.07318265410005909,13,5,115,
10.1016/0378-7753(91)80004-H,1,15,20270916,4,VFT,0.8,0.5887850467289719,0.01909206144601283,13,5,107,160.0
10.1016/0378-7753(91)80004-H,1,15,20270916,4,VFT,0.9,0.719626168224299,0.028417604401717256,13,5,107,160.0
10.1016/0378-7753(91)80004-H,1,15,20270916,4,VFT,0.95,0.9065420560747663,0.05077004901954063,13,5,107,160.0
10.1016/0378-7753(91)80004-H,1,15,20270916,5,VFT,0.8,0.47,0.017687978135128457,13,5,100,160.0
10.1016/0378-7753(91)80004-H,1,15,20270916,5,VFT,0.9,0.64,0.03064811286598146,13,5,100,160.0
10.1016/0378-7753(91)80004-H,1,15,20270916,5,VFT,0.95,0.78,0.04798219301794804,13,5,100,160.0
10.1016/0378-7753(91)80004-H,1,16,20270917,3,RF_constrained_rate,0.8,0.3130434782608696,0.010314372463235189,13,5,115,
10.1016/0378-7753(91)80004-H,1,16,20270917,3,RF_constrained_rate,0.9,0.45217391304347826,0.01741579959742845,13,5,115,
10.1016/0378-7753(91)80004-H,1,16,20270917,3,RF_constrained_rate,0.95,0.6,0.02491442828146684,13,5,115,
10.1016/0378-7753(91)80004-H,1,16,20270917,4,VFT,0.8,0.29906542056074764,0.009962429987055987,13,5,107,160.0
10.1016/0378-7753(91)80004-H,1,16,20270917,4,VFT,0.9,0.4485981308411215,0.014901578535968296,13,5,107,160.0
10.1016/0378-7753(91)80004-H,1,16,20270917,4,VFT,0.95,0.5981308411214953,0.02013219315169601,13,5,107,160.0
10.1016/0378-7753(91)80004-H,1,16,20270917,5,VFT,0.8,0.35,0.013514790759380224,13,5,100,160.0
10.1016/0378-7753(91)80004-H,1,16,20270917,5,VFT,0.9,0.52,0.02001640450486275,13,5,100,160.0
10.1016/0378-7753(91)80004-H,1,16,20270917,5,VFT,0.95,0.71,0.03778746858675941,13,5,100,160.0
10.1016/0378-7753(91)80004-H,1,17,20270918,3,RF_constrained_rate,0.8,0.8173913043478261,0.04217847522674867,13,5,115,
10.1016/0378-7753(91)80004-H,1,17,20270918,3,RF_constrained_rate,0.9,0.9565217391304348,0.0873385389870025,13,5,115,
10.1016/0378-7753(91)80004-H,1,17,20270918,3,RF_constrained_rate,0.95,0.9565217391304348,0.13485676718944262,13,5,115,
10.1016/0378-7753(91)80004-H,1,17,20270918,4,VFT,0.8,0.6728971962616822,0.025175163415161572,13,5,107,160.0
10.1016/0378-7753(91)80004-H,1,17,20270918,4,VFT,0.9,0.897196261682243,0.04877040765791185,13,5,107,160.0
10.1016/0378-7753(91)80004-H,1,17,20270918,4,VFT,0.95,0.9532710280373832,0.12548363916996264,13,5,107,160.0
10.1016/0378-7753(91)80004-H,1,17,20270918,5,VFT,0.8,0.64,0.030917611670433276,13,5,100,160.0
10.1016/0378-7753(91)80004-H,1,17,20270918,5,VFT,0.9,0.78,0.04798219301794804,13,5,100,160.0
10.1016/0378-7753(91)80004-H,1,17,20270918,5,VFT,0.95,0.86,0.08219109819518255,13,5,100,160.0
10.1016/0378-7753(91)80004-H,1,18,20270919,3,RF_constrained_rate,0.8,0.808695652173913,0.03720968421367295,13,5,115,
10.1016/0378-7753(91)80004-H,1,18,20270919,3,RF_constrained_rate,0.9,0.9478260869565217,0.0668888900138569,13,5,115,
10.1016/0378-7753(91)80004-H,1,18,20270919,3,RF_constrained_rate,0.95,0.9478260869565217,0.07617562453851578,13,5,115,
10.1016/0378-7753(91)80004-H,1,18,20270919,4,VFT,0.8,0.719626168224299,0.028417604401717256,13,5,107,160.0
10.1016/0378-7753(91)80004-H,1,18,20270919,4,VFT,0.9,0.897196261682243,0.04877040765791185,13,5,107,160.0
10.1016/0378-7753(91)80004-H,1,18,20270919,4,VFT,0.95,0.9345794392523364,0.10470196762770057,13,5,107,160.0
10.1016/0378-7753(91)80004-H,1,18,20270919,5,VFT,0.8,0.64,0.030917611670433276,13,5,100,160.0
10.1016/0378-7753(91)80004-H,1,18,20270919,5,VFT,0.9,0.78,0.04816415878183067,13,5,100,160.0
10.1016/0378-7753(91)80004-H,1,18,20270919,5,VFT,0.95,0.86,0.08219109819518255,13,5,100,160.0
10.1016/0378-7753(91)80004-H,1,19,20270920,3,RF_constrained_rate,0.8,0.7652173913043478,0.0398721943478324,13,5,115,
10.1016/0378-7753(91)80004-H,1,19,20270920,3,RF_constrained_rate,0.9,0.8956521739130435,0.07354647292605865,13,5,115,
10.1016/0378-7753(91)80004-H,1,19,20270920,3,RF_constrained_rate,0.95,0.9391304347826087,0.10128441680471001,13,5,115,
10.1016/0378-7753(91)80004-H,1,19,20270920,4,VFT,0.8,0.6728971962616822,0.025175163415161572,13,5,107,160.0
10.1016/0378-7753(91)80004-H,1,19,20270920,4,VFT,0.9,0.822429906542056,0.03838393599123502,13,5,107,160.0
10.1016/0378-7753(91)80004-H,1,19,20270920,4,VFT,0.95,0.9532710280373832,0.12548363916996264,13,5,107,160.0
10.1016/0378-7753(91)80004-H,1,19,20270920,5,VFT,0.8,0.64,0.030917611670433276,13,5,100,160.0
10.1016/0378-7753(91)80004-H,1,19,20270920,5,VFT,0.9,0.78,0.04798219301794804,13,5,100,160.0
10.1016/0378-7753(91)80004-H,1,19,20270920,5,VFT,0.95,0.81,0.05457827347848965,13,5,100,160.0
10.1016/S0013-4686(99)00431-4,2,0,20280901,3,RF_constrained_rate,0.8,1.0,0.011292919892566422,13,5,8,
10.1016/S0013-4686(99)00431-4,2,0,20280901,3,RF_constrained_rate,0.9,1.0,0.019775655456546026,13,5,8,
10.1016/S0013-4686(99)00431-4,2,0,20280901,3,RF_constrained_rate,0.95,1.0,0.02980488274252524,13,5,8,
10.1016/S0013-4686(99)00431-4,2,0,20280901,4,VFT,0.8,1.0,0.010081258976288865,13,5,8,160.0
10.1016/S0013-4686(99)00431-4,2,0,20280901,4,VFT,0.9,1.0,0.015514815630879308,13,5,8,160.0
10.1016/S0013-4686(99)00431-4,2,0,20280901,4,VFT,0.95,1.0,0.024269630490778127,13,5,8,160.0
10.1016/S0013-4686(99)00431-4,2,0,20280901,5,VFT,0.8,1.0,0.015021094668162593,13,5,8,160.0
10.1016/S0013-4686(99)00431-4,2,0,20280901,5,VFT,0.9,1.0,0.027989603997975898,13,5,8,160.0
10.1016/S0013-4686(99)00431-4,2,0,20280901,5,VFT,0.95,1.0,0.03778746858675941,13,5,8,160.0
10.1016/S0013-4686(99)00431-4,2,1,20280902,3,RF_constrained_rate,0.8,1.0,0.03050776186145132,13,5,8,
10.1016/S0013-4686(99)00431-4,2,1,20280902,3,RF_constrained_rate,0.9,1.0,0.07219392498463861,13,5,8,
10.1016/S0013-4686(99)00431-4,2,1,20280902,3,RF_constrained_rate,0.95,1.0,0.11898952831897902,13,5,8,
10.1016/S0013-4686(99)00431-4,2,1,20280902,4,VFT,0.8,1.0,0.030681619864770804,13,5,8,160.0
10.1016/S0013-4686(99)00431-4,2,1,20280902,4,VFT,0.9,1.0,0.04364707316042882,13,5,8,160.0
10.1016/S0013-4686(99)00431-4,2,1,20280902,4,VFT,0.95,1.0,0.10458124759694794,13,5,8,160.0
10.1016/S0013-4686(99)00431-4,2,1,20280902,5,VFT,0.8,1.0,0.04039333642918996,13,5,8,160.0
10.1016/S0013-4686(99)00431-4,2,1,20280902,5,VFT,0.9,1.0,0.0625822775074083,13,5,8,160.0
10.1016/S0013-4686(99)00431-4,2,1,20280902,5,VFT,0.95,1.0,0.15344863377312823,13,5,8,160.0
10.1016/S0013-4686(99)00431-4,2,2,20280903,3,RF_constrained_rate,0.8,1.0,0.05585971527031708,13,5,8,
10.1016/S0013-4686(99)00431-4,2,2,20280903,3,RF_constrained_rate,0.9,1.0,0.1098047674811462,13,5,8,
10.1016/S0013-4686(99)00431-4,2,2,20280903,3,RF_constrained_rate,0.95,1.0,0.17147779915810102,13,5,8,
10.1016/S0013-4686(99)00431-4,2,2,20280903,4,VFT,0.8,1.0,0.031493847794873187,13,5,8,160.0
10.1016/S0013-4686(99)00431-4,2,2,20280903,4,VFT,0.9,1.0,0.04582374607939976,13,5,8,160.0
10.1016/S0013-4686(99)00431-4,2,2,20280903,4,VFT,0.95,1.0,0.11306692058765133,13,5,8,160.0
10.1016/S0013-4686(99)00431-4,2,2,20280903,5,VFT,0.8,1.0,0.042798514750826744,13,5,8,160.0
10.1016/S0013-4686(99)00431-4,2,2,20280903,5,VFT,0.9,1.0,0.08385242579793184,13,5,8,160.0
10.1016/S0013-4686(99)00431-4,2,2,20280903,5,VFT,0.95,1.0,0.15846235643396067,13,5,8,160.0
10.1016/S0013-4686(99)00431-4,2,3,20280904,3,RF_constrained_rate,0.8,1.0,0.024425699939457424,13,5,8,
10.1016/S0013-4686(99)00431-4,2,3,20280904,3,RF_constrained_rate,0.9,1.0,0.0632661525723952,13,5,8,
10.1016/S0013-4686(99)00431-4,2,3,20280904,3,RF_constrained_rate,0.95,1.0,0.11713030737867713,13,5,8,
10.1016/S0013-4686(99)00431-4,2,3,20280904,4,VFT,0.8,1.0,0.019041292223415107,13,5,8,160.0
10.1016/S0013-4686(99)00431-4,2,3,20280904,4,VFT,0.9,1.0,0.03191219746019858,13,5,8,160.0
10.1016/S0013-4686(99)00431-4,2,3,20280904,4,VFT,0.95,1.0,0.048218726250399246,13,5,8,160.0
10.1016/S0013-4686(99)00431-4,2,3,20280904,5,VFT,0.8,1.0,0.02521946183122936,13,5,8,160.0
10.1016/S0013-4686(99)00431-4,2,3,20280904,5,VFT,0.9,1.0,0.045907209711936625,13,5,8,160.0
10.1016/S0013-4686(99)00431-4,2,3,20280904,5,VFT,0.95,1.0,0.08304005757787158,13,5,8,160.0
10.1016/S0013-4686(99)00431-4,2,4,20280905,3,RF_constrained_rate,0.8,1.0,0.021312478806905677,13,5,8,
10.1016/S0013-4686(99)00431-4,2,4,20280905,3,RF_constrained_rate,0.9,1.0,0.03218805932324742,13,5,8,
10.1016/S0013-4686(99)00431-4,2,4,20280905,3,RF_constrained_rate,0.95,1.0,0.05639809584994948,13,5,8,
10.1016/S0013-4686(99)00431-4,2,4,20280905,4,VFT,0.8,1.0,0.016283812834659184,13,5,8,160.0
10.1016/S0013-4686(99)00431-4,2,4,20280905,4,VFT,0.9,1.0,0.024181994838984977,13,5,8,160.0
10.1016/S0013-4686(99)00431-4,2,4,20280905,4,VFT,0.95,1.0,0.03835376113667688,13,5,8,160.0
10.1016/S0013-4686(99)00431-4,2,4,20280905,5,VFT,0.8,1.0,0.026040904954132582,13,5,8,160.0
10.1016/S0013-4686(99)00431-4,2,4,20280905,5,VFT,0.9,1.0,0.035490361681855695,13,5,8,160.0
10.1016/S0013-4686(99)00431-4,2,4,20280905,5,VFT,0.95,1.0,0.04798219301794804,13,5,8,160.0
10.1016/S0013-4686(99)00431-4,2,5,20280906,3,RF_constrained_rate,0.8,1.0,0.06797592732070701,13,5,8,
10.1016/S0013-4686(99)00431-4,2,5,20280906,3,RF_constrained_rate,0.9,1.0,0.2268496441015304,13,5,8,
10.1016/S0013-4686(99)00431-4,2,5,20280906,3,RF_constrained_rate,0.95,1.0,0.2268496441015304,13,5,8,
10.1016/S0013-4686(99)00431-4,2,5,20280906,4,VFT,0.8,1.0,0.03838393599123502,13,5,8,160.0
10.1016/S0013-4686(99)00431-4,2,5,20280906,4,VFT,0.9,1.0,0.04877040765791185,13,5,8,160.0
10.1016/S0013-4686(99)00431-4,2,5,20280906,4,VFT,0.95,1.0,0.04877040765791185,13,5,8,160.0
10.1016/S0013-4686(99)00431-4,2,5,20280906,5,VFT,0.8,1.0,0.08219109819518255,13,5,8,160.0
10.1016/S0013-4686(99)00431-4,2,5,20280906,5,VFT,0.9,1.0,0.08219109819518255,13,5,8,160.0
10.1016/S0013-4686(99)00431-4,2,5,20280906,5,VFT,0.95,1.0,0.08219109819518255,13,5,8,160.0
10.1016/S0013-4686(99)00431-4,2,6,20280907,3,RF_constrained_rate,0.8,1.0,0.014575172971135864,13,5,8,
10.1016/S0013-4686(99)00431-4,2,6,20280907,3,RF_constrained_rate,0.9,1.0,0.01964323589899797,13,5,8,
10.1016/S0013-4686(99)00431-4,2,6,20280907,3,RF_constrained_rate,0.95,1.0,0.02520150103716312,13,5,8,
10.1016/S0013-4686(99)00431-4,2,6,20280907,4,VFT,0.8,1.0,0.009963967961625464,13,5,8,160.0
10.1016/S0013-4686(99)00431-4,2,6,20280907,4,VFT,0.9,1.0,0.01553591497232265,13,5,8,160.0
10.1016/S0013-4686(99)00431-4,2,6,20280907,4,VFT,0.95,1.0,0.02013219315169601,13,5,8,160.0
10.1016/S0013-4686(99)00431-4,2,6,20280907,5,VFT,0.8,1.0,0.015737973923910076,13,5,8,160.0
10.1016/S0013-4686(99)00431-4,2,6,20280907,5,VFT,0.9,1.0,0.026040904954132582,13,5,8,160.0
10.1016/S0013-4686(99)00431-4,2,6,20280907,5,VFT,0.95,1.0,0.03487732651105224,13,5,8,160.0
10.1016/S0013-4686(99)00431-4,2,7,20280908,3,RF_constrained_rate,0.8,1.0,0.030579363294001904,13,5,8,
10.1016/S0013-4686(99)00431-4,2,7,20280908,3,RF_constrained_rate,0.9,1.0,0.051896978851128095,13,5,8,
10.1016/S0013-4686(99)00431-4,2,7,20280908,3,RF_constrained_rate,0.95,1.0,0.07613659645212767,13,5,8,
10.1016/S0013-4686(99)00431-4,2,7,20280908,4,VFT,0.8,1.0,0.012220241396135645,13,5,8,160.0
10.1016/S0013-4686(99)00431-4,2,7,20280908,4,VFT,0.9,1.0,0.025724672528661285,13,5,8,160.0
10.1016/S0013-4686(99)00431-4,2,7,20280908,4,VFT,0.95,1.0,0.0399832074181532,13,5,8,160.0
10.1016/S0013-4686(99)00431-4,2,7,20280908,5,VFT,0.8,1.0,0.011772733827595028,13,5,8,160.0
10.1016/S0013-4686(99)00431-4,2,7,20280908,5,VFT,0.9,1.0,0.017789624292424255,13,5,8,160.0
10.1016/S0013-4686(99)00431-4,2,7,20280908,5,VFT,0.95,1.0,0.029079380188149706,13,5,8,160.0
10.1016/S0013-4686(99)00431-4,2,8,20280909,3,RF_constrained_rate,0.8,1.0,0.025008379018349736,13,5,8,
10.1016/S0013-4686(99)00431-4,2,8,20280909,3,RF_constrained_rate,0.9,1.0,0.04744438044986743,13,5,8,
10.1016/S0013-4686(99)00431-4,2,8,20280909,3,RF_constrained_rate,0.95,1.0,0.06696341873309619,13,5,8,
10.1016/S0013-4686(99)00431-4,2,8,20280909,4,VFT,0.8,1.0,0.01835687662702412,13,5,8,160.0
10.1016/S0013-4686(99)00431-4,2,8,20280909,4,VFT,0.9,1.0,0.02667892904308311,13,5,8,160.0
10.1016/S0013-4686(99)00431-4,2,8,20280909,4,VFT,0.95,1.0,0.0399832074181532,13,5,8,160.0
10.1016/S0013-4686(99)00431-4,2,8,20280909,5,VFT,0.8,1.0,0.02318756565325386,13,5,8,160.0
10.1016/S0013-4686(99)00431-4,2,8,20280909,5,VFT,0.9,1.0,0.033895371628013704,13,5,8,160.0
10.1016/S0013-4686(99)00431-4,2,8,20280909,5,VFT,0.95,1.0,0.046388142144178746,13,5,8,160.0
10.1016/S0013-4686(99)00431-4,2,9,20280910,3,RF_constrained_rate,0.8,1.0,0.014787078487180194,13,5,8,
10.1016/S0013-4686(99)00431-4,2,9,20280910,3,RF_constrained_rate,0.9,1.0,0.04793357205912696,13,5,8,
10.1016/S0013-4686(99)00431-4,2,9,20280910,3,RF_constrained_rate,0.95,1.0,0.09118473234786229,13,5,8,
10.1016/S0013-4686(99)00431-4,2,9,20280910,4,VFT,0.8,1.0,0.01064054116288582,13,5,8,160.0
10.1016/S0013-4686(99)00431-4,2,9,20280910,4,VFT,0.9,1.0,0.03767330979830219,13,5,8,160.0
10.1016/S0013-4686(99)00431-4,2,9,20280910,4,VFT,0.95,1.0,0.10470196762770057,13,5,8,160.0
10.1016/S0013-4686(99)00431-4,2,9,20280910,5,VFT,0.8,1.0,0.011772733827595028,13,5,8,160.0
10.1016/S0013-4686(99)00431-4,2,9,20280910,5,VFT,0.9,1.0,0.016234532416806502,13,5,8,160.0
10.1016/S0013-4686(99)00431-4,2,9,20280910,5,VFT,0.95,1.0,0.026367007083306415,13,5,8,160.0
10.1016/S0013-4686(99)00431-4,2,10,20280911,3,RF_constrained_rate,0.8,1.0,0.058741067883618214,13,5,8,
10.1016/S0013-4686(99)00431-4,2,10,20280911,3,RF_constrained_rate,0.9,1.0,0.08765805804505522,13,5,8,
10.1016/S0013-4686(99)00431-4,2,10,20280911,3,RF_constrained_rate,0.95,1.0,0.15775691116587565,13,5,8,
10.1016/S0013-4686(99)00431-4,2,10,20280911,4,VFT,0.8,1.0,0.031493847794873187,13,5,8,160.0
10.1016/S0013-4686(99)00431-4,2,10,20280911,4,VFT,0.9,1.0,0.05753471262765952,13,5,8,160.0
10.1016/S0013-4686(99)00431-4,2,10,20280911,4,VFT,0.95,1.0,0.10470196762770057,13,5,8,160.0
10.1016/S0013-4686(99)00431-4,2,10,20280911,5,VFT,0.8,1.0,0.04549111290473151,13,5,8,160.0
10.1016/S0013-4686(99)00431-4,2,10,20280911,5,VFT,0.9,1.0,0.09561210192813985,13,5,8,160.0
10.1016/S0013-4686(99)00431-4,2,10,20280911,5,VFT,0.95,1.0,0.09561210192813985,13,5,8,160.0
10.1016/S0013-4686(99)00431-4,2,11,20280912,3,RF_constrained_rate,0.8,1.0,0.06797592732070701,13,5,8,
10.1016/S0013-4686(99)00431-4,2,11,20280912,3,RF_constrained_rate,0.9,1.0,0.2268496441015304,13,5,8,
10.1016/S0013-4686(99)00431-4,2,11,20280912,3,RF_constrained_rate,0.95,1.0,0.2268496441015304,13,5,8,
10.1016/S0013-4686(99)00431-4,2,11,20280912,4,VFT,0.8,1.0,0.03838393599123502,13,5,8,160.0
10.1016/S0013-4686(99)00431-4,2,11,20280912,4,VFT,0.9,1.0,0.04877040765791185,13,5,8,160.0
10.1016/S0013-4686(99)00431-4,2,11,20280912,4,VFT,0.95,1.0,0.04877040765791185,13,5,8,160.0
10.1016/S0013-4686(99)00431-4,2,11,20280912,5,VFT,0.8,1.0,0.08219109819518255,13,5,8,160.0
10.1016/S0013-4686(99)00431-4,2,11,20280912,5,VFT,0.9,1.0,0.08219109819518255,13,5,8,160.0
10.1016/S0013-4686(99)00431-4,2,11,20280912,5,VFT,0.95,1.0,0.08219109819518255,13,5,8,160.0
10.1016/S0013-4686(99)00431-4,2,12,20280913,3,RF_constrained_rate,0.8,1.0,0.06356026462110997,13,5,8,
10.1016/S0013-4686(99)00431-4,2,12,20280913,3,RF_constrained_rate,0.9,1.0,0.20526277166271084,13,5,8,
10.1016/S0013-4686(99)00431-4,2,12,20280913,3,RF_constrained_rate,0.95,1.0,0.22805512479277557,13,5,8,
10.1016/S0013-4686(99)00431-4,2,12,20280913,4,VFT,0.8,1.0,0.03985633345748263,13,5,8,160.0
10.1016/S0013-4686(99)00431-4,2,12,20280913,4,VFT,0.9,1.0,0.06006842302125193,13,5,8,160.0
10.1016/S0013-4686(99)00431-4,2,12,20280913,4,VFT,0.95,1.0,0.10458124759694794,13,5,8,160.0
10.1016/S0013-4686(99)00431-4,2,12,20280913,5,VFT,0.8,1.0,0.05457827347848965,13,5,8,160.0
10.1016/S0013-4686(99)00431-4,2,12,20280913,5,VFT,0.9,1.0,0.09561210192813985,13,5,8,160.0
10.1016/S0013-4686(99)00431-4,2,12,20280913,5,VFT,0.95,1.0,0.12308743821602615,13,5,8,160.0
10.1016/S0013-4686(99)00431-4,2,13,20280914,3,RF_constrained_rate,0.8,1.0,0.01212165299723833,13,5,8,
10.1016/S0013-4686(99)00431-4,2,13,20280914,3,RF_constrained_rate,0.9,1.0,0.022038774778518677,13,5,8,
10.1016/S0013-4686(99)00431-4,2,13,20280914,3,RF_constrained_rate,0.95,1.0,0.055888006306891835,13,5,8,
10.1016/S0013-4686(99)00431-4,2,13,20280914,4,VFT,0.8,1.0,0.011133347802781968,13,5,8,160.0
10.1016/S0013-4686(99)00431-4,2,13,20280914,4,VFT,0.9,1.0,0.018498143823994617,13,5,8,160.0
10.1016/S0013-4686(99)00431-4,2,13,20280914,4,VFT,0.95,1.0,0.03191219746019858,13,5,8,160.0
10.1016/S0013-4686(99)00431-4,2,13,20280914,5,VFT,0.8,1.0,0.014373292445518215,13,5,8,160.0
10.1016/S0013-4686(99)00431-4,2,13,20280914,5,VFT,0.9,1.0,0.030600980004741984,13,5,8,160.0
10.1016/S0013-4686(99)00431-4,2,13,20280914,5,VFT,0.95,1.0,0.03968219977077858,13,5,8,160.0
10.1016/S0013-4686(99)00431-4,2,14,20280915,3,RF_constrained_rate,0.8,1.0,0.023155888809851533,13,5,8,
10.1016/S0013-4686(99)00431-4,2,14,20280915,3,RF_constrained_rate,0.9,1.0,0.04669544279659332,13,5,8,
10.1016/S0013-4686(99)00431-4,2,14,20280915,3,RF_constrained_rate,0.95,1.0,0.08665995265808846,13,5,8,
10.1016/S0013-4686(99)00431-4,2,14,20280915,4,VFT,0.8,1.0,0.022551343084469266,13,5,8,160.0
10.1016/S0013-4686(99)00431-4,2,14,20280915,4,VFT,0.9,1.0,0.03767330979830219,13,5,8,160.0
10.1016/S0013-4686(99)00431-4,2,14,20280915,4,VFT,0.95,1.0,0.06006842302125193,13,5,8,160.0
10.1016/S0013-4686(99)00431-4,2,14,20280915,5,VFT,0.8,1.0,0.030591109260954763,13,5,8,160.0
10.1016/S0013-4686(99)00431-4,2,14,20280915,5,VFT,0.9,1.0,0.04967893511141064,13,5,8,160.0
10.1016/S0013-4686(99)00431-4,2,14,20280915,5,VFT,0.95,1.0,0.09596449319696343,13,5,8,160.0
10.1016/S0013-4686(99)00431-4,2,15,20280916,3,RF_constrained_rate,0.8,1.0,0.014741464413014604,13,5,8,
10.1016/S0013-4686(99)00431-4,2,15,20280916,3,RF_constrained_rate,0.9,1.0,0.02685536330880023,13,5,8,
10.1016/S0013-4686(99)00431-4,2,15,20280916,3,RF_constrained_rate,0.95,1.0,0.04622394811437225,13,5,8,
10.1016/S0013-4686(99)00431-4,2,15,20280916,4,VFT,0.8,1.0,0.012283530655167407,13,5,8,160.0
10.1016/S0013-4686(99)00431-4,2,15,20280916,4,VFT,0.9,1.0,0.021741554007395747,13,5,8,160.0
10.1016/S0013-4686(99)00431-4,2,15,20280916,4,VFT,0.95,1.0,0.03191219746019858,13,5,8,160.0
10.1016/S0013-4686(99)00431-4,2,15,20280916,5,VFT,0.8,1.0,0.015214908006528916,13,5,8,160.0
10.1016/S0013-4686(99)00431-4,2,15,20280916,5,VFT,0.9,1.0,0.02861396007374184,13,5,8,160.0
10.1016/S0013-4686(99)00431-4,2,15,20280916,5,VFT,0.95,1.0,0.033895371628013704,13,5,8,160.0
10.1016/S0013-4686(99)00431-4,2,16,20280917,3,RF_constrained_rate,0.8,1.0,0.03359169657048078,13,5,8,
10.1016/S0013-4686(99)00431-4,2,16,20280917,3,RF_constrained_rate,0.9,1.0,0.05862981590730554,13,5,8,
10.1016/S0013-4686(99)00431-4,2,16,20280917,3,RF_constrained_rate,0.95,1.0,0.08215293963385051,13,5,8,
10.1016/S0013-4686(99)00431-4,2,16,20280917,4,VFT,0.8,1.0,0.021741554007395747,13,5,8,160.0
10.1016/S0013-4686(99)00431-4,2,16,20280917,4,VFT,0.9,1.0,0.03767330979830219,13,5,8,160.0
10.1016/S0013-4686(99)00431-4,2,16,20280917,4,VFT,0.95,1.0,0.10470196762770057,13,5,8,160.0
10.1016/S0013-4686(99)00431-4,2,16,20280917,5,VFT,0.8,1.0,0.027989603997975898,13,5,8,160.0
10.1016/S0013-4686(99)00431-4,2,16,20280917,5,VFT,0.9,1.0,0.035490361681855695,13,5,8,160.0
10.1016/S0013-4686(99)00431-4,2,16,20280917,5,VFT,0.95,1.0,0.04798219301794804,13,5,8,160.0
10.1016/S0013-4686(99)00431-4,2,17,20280918,3,RF_constrained_rate,0.8,1.0,0.013664110604363344,13,5,8,
10.1016/S0013-4686(99)00431-4,2,17,20280918,3,RF_constrained_rate,0.9,1.0,0.022975293686117615,13,5,8,
10.1016/S0013-4686(99)00431-4,2,17,20280918,3,RF_constrained_rate,0.95,1.0,0.032341666486966236,13,5,8,
10.1016/S0013-4686(99)00431-4,2,17,20280918,4,VFT,0.8,1.0,0.012220241396135645,13,5,8,160.0
10.1016/S0013-4686(99)00431-4,2,17,20280918,4,VFT,0.9,1.0,0.018984148113538657,13,5,8,160.0
10.1016/S0013-4686(99)00431-4,2,17,20280918,4,VFT,0.95,1.0,0.028498997405443927,13,5,8,160.0
10.1016/S0013-4686(99)00431-4,2,17,20280918,5,VFT,0.8,1.0,0.014373292445518215,13,5,8,160.0
10.1016/S0013-4686(99)00431-4,2,17,20280918,5,VFT,0.9,1.0,0.02861396007374184,13,5,8,160.0
10.1016/S0013-4686(99)00431-4,2,17,20280918,5,VFT,0.95,1.0,0.033895371628013704,13,5,8,160.0
10.1016/S0013-4686(99)00431-4,2,18,20280919,3,RF_constrained_rate,0.8,1.0,0.02780938231011021,13,5,8,
10.1016/S0013-4686(99)00431-4,2,18,20280919,3,RF_constrained_rate,0.9,1.0,0.043619231975352335,13,5,8,
10.1016/S0013-4686(99)00431-4,2,18,20280919,3,RF_constrained_rate,0.95,1.0,0.0728569114776807,13,5,8,
10.1016/S0013-4686(99)00431-4,2,18,20280919,4,VFT,0.8,1.0,0.020813324466481653,13,5,8,160.0
10.1016/S0013-4686(99)00431-4,2,18,20280919,4,VFT,0.9,1.0,0.03619613024973578,13,5,8,160.0
10.1016/S0013-4686(99)00431-4,2,18,20280919,4,VFT,0.95,1.0,0.06138933596941154,13,5,8,160.0
10.1016/S0013-4686(99)00431-4,2,18,20280919,5,VFT,0.8,1.0,0.029854626958280228,13,5,8,160.0
10.1016/S0013-4686(99)00431-4,2,18,20280919,5,VFT,0.9,1.0,0.04967893511141064,13,5,8,160.0
10.1016/S0013-4686(99)00431-4,2,18,20280919,5,VFT,0.95,1.0,0.09709901565315393,13,5,8,160.0
10.1016/S0013-4686(99)00431-4,2,19,20280920,3,RF_constrained_rate,0.8,1.0,0.01164574980629629,13,5,8,
10.1016/S0013-4686(99)00431-4,2,19,20280920,3,RF_constrained_rate,0.9,1.0,0.01697321684060915,13,5,8,
10.1016/S0013-4686(99)00431-4,2,19,20280920,3,RF_constrained_rate,0.95,1.0,0.026686098622200394,13,5,8,
10.1016/S0013-4686(99)00431-4,2,19,20280920,4,VFT,0.8,1.0,0.014494169192178052,13,5,8,160.0
10.1016/S0013-4686(99)00431-4,2,19,20280920,4,VFT,0.9,1.0,0.022286176104157285,13,5,8,160.0
10.1016/S0013-4686(99)00431-4,2,19,20280920,4,VFT,0.95,1.0,0.037010623143703736,13,5,8,160.0
10.1016/S0013-4686(99)00431-4,2,19,20280920,5,VFT,0.8,1.0,0.021707349453042202,13,5,8,160.0
10.1016/S0013-4686(99)00431-4,2,19,20280920,5,VFT,0.9,1.0,0.03155980118740631,13,5,8,160.0
10.1016/S0013-4686(99)00431-4,2,19,20280920,5,VFT,0.95,1.0,0.046388142144178746,13,5,8,160.0
10.1016/j.jpowsour.2010.12.040,3,0,20290901,3,RF_constrained_rate,0.8,1.0,0.012055014742934578,13,5,1,
10.1016/j.jpowsour.2010.12.040,3,0,20290901,3,RF_constrained_rate,0.9,1.0,0.016354763263827454,13,5,1,
10.1016/j.jpowsour.2010.12.040,3,0,20290901,3,RF_constrained_rate,0.95,1.0,0.029062119515960827,13,5,1,
10.1016/j.jpowsour.2010.12.040,3,0,20290901,4,VFT,0.8,1.0,0.007094426751583338,13,5,1,160.0
10.1016/j.jpowsour.2010.12.040,3,0,20290901,4,VFT,0.9,1.0,0.010914832807624286,13,5,1,160.0
10.1016/j.jpowsour.2010.12.040,3,0,20290901,4,VFT,0.95,1.0,0.018536058761896124,13,5,1,160.0
10.1016/j.jpowsour.2010.12.040,3,0,20290901,5,VFT,0.8,1.0,0.011317159025786783,13,5,1,160.0
10.1016/j.jpowsour.2010.12.040,3,0,20290901,5,VFT,0.9,1.0,0.01591981849089974,13,5,1,160.0
10.1016/j.jpowsour.2010.12.040,3,0,20290901,5,VFT,0.95,1.0,0.023691607950914406,13,5,1,160.0
10.1016/j.jpowsour.2010.12.040,3,1,20290902,3,RF_constrained_rate,0.8,1.0,0.026957711541268692,13,5,1,
10.1016/j.jpowsour.2010.12.040,3,1,20290902,3,RF_constrained_rate,0.9,1.0,0.044025895050296526,13,5,1,
10.1016/j.jpowsour.2010.12.040,3,1,20290902,3,RF_constrained_rate,0.95,1.0,0.07278281589415947,13,5,1,
10.1016/j.jpowsour.2010.12.040,3,1,20290902,4,VFT,0.8,1.0,0.016015818285049166,13,5,1,160.0
10.1016/j.jpowsour.2010.12.040,3,1,20290902,4,VFT,0.9,1.0,0.024003356250963837,13,5,1,160.0
10.1016/j.jpowsour.2010.12.040,3,1,20290902,4,VFT,0.95,1.0,0.03985633345748263,13,5,1,160.0
10.1016/j.jpowsour.2010.12.040,3,1,20290902,5,VFT,0.8,1.0,0.017789624292424255,13,5,1,160.0
10.1016/j.jpowsour.2010.12.040,3,1,20290902,5,VFT,0.9,1.0,0.03064811286598146,13,5,1,160.0
10.1016/j.jpowsour.2010.12.040,3,1,20290902,5,VFT,0.95,1.0,0.04816415878183067,13,5,1,160.0
10.1016/j.jpowsour.2010.12.040,3,2,20290903,3,RF_constrained_rate,0.8,1.0,0.03943630576913115,13,5,1,
10.1016/j.jpowsour.2010.12.040,3,2,20290903,3,RF_constrained_rate,0.9,1.0,0.06336916191441055,13,5,1,
10.1016/j.jpowsour.2010.12.040,3,2,20290903,3,RF_constrained_rate,0.95,1.0,0.12125040594354619,13,5,1,
10.1016/j.jpowsour.2010.12.040,3,2,20290903,4,VFT,0.8,1.0,0.03554008238197093,13,5,1,160.0
10.1016/j.jpowsour.2010.12.040,3,2,20290903,4,VFT,0.9,1.0,0.0493823421583226,13,5,1,160.0
10.1016/j.jpowsour.2010.12.040,3,2,20290903,4,VFT,0.95,1.0,0.11549155091832874,13,5,1,160.0
10.1016/j.jpowsour.2010.12.040,3,2,20290903,5,VFT,0.8,1.0,0.04816415878183067,13,5,1,160.0
10.1016/j.jpowsour.2010.12.040,3,2,20290903,5,VFT,0.9,1.0,0.09596449319696343,13,5,1,160.0
10.1016/j.jpowsour.2010.12.040,3,2,20290903,5,VFT,0.95,1.0,0.15846235643396067,13,5,1,160.0
10.1016/j.jpowsour.2010.12.040,3,3,20290904,3,RF_constrained_rate,0.8,1.0,0.04823286731080656,13,5,1,
10.1016/j.jpowsour.2010.12.040,3,3,20290904,3,RF_constrained_rate,0.9,1.0,0.0665547540386584,13,5,1,
10.1016/j.jpowsour.2010.12.040,3,3,20290904,3,RF_constrained_rate,0.95,1.0,0.10556365957434677,13,5,1,
10.1016/j.jpowsour.2010.12.040,3,3,20290904,4,VFT,0.8,1.0,0.023136404789092957,13,5,1,160.0
10.1016/j.jpowsour.2010.12.040,3,3,20290904,4,VFT,0.9,1.0,0.031493847794873187,13,5,1,160.0
10.1016/j.jpowsour.2010.12.040,3,3,20290904,4,VFT,0.95,1.0,0.05753471262765952,13,5,1,160.0
10.1016/j.jpowsour.2010.12.040,3,3,20290904,5,VFT,0.8,1.0,0.021707349453042202,13,5,1,160.0
10.1016/j.jpowsour.2010.12.040,3,3,20290904,5,VFT,0.9,1.0,0.03064811286598146,13,5,1,160.0
10.1016/j.jpowsour.2010.12.040,3,3,20290904,5,VFT,0.95,1.0,0.0463465458664134,13,5,1,160.0
10.1016/j.jpowsour.2010.12.040,3,4,20290905,3,RF_constrained_rate,0.8,1.0,0.027771006535380227,13,5,1,
10.1016/j.jpowsour.2010.12.040,3,4,20290905,3,RF_constrained_rate,0.9,1.0,0.06822229383358813,13,5,1,
10.1016/j.jpowsour.2010.12.040,3,4,20290905,3,RF_constrained_rate,0.95,1.0,0.10626657303375664,13,5,1,
10.1016/j.jpowsour.2010.12.040,3,4,20290905,4,VFT,0.8,1.0,0.018173339050932658,13,5,1,160.0
10.1016/j.jpowsour.2010.12.040,3,4,20290905,4,VFT,0.9,1.0,0.03985633345748263,13,5,1,160.0
10.1016/j.jpowsour.2010.12.040,3,4,20290905,4,VFT,0.95,1.0,0.05753471262765952,13,5,1,160.0
10.1016/j.jpowsour.2010.12.040,3,4,20290905,5,VFT,0.8,1.0,0.01448927540791023,13,5,1,160.0
10.1016/j.jpowsour.2010.12.040,3,4,20290905,5,VFT,0.9,1.0,0.033473344008164485,13,5,1,160.0
10.1016/j.jpowsour.2010.12.040,3,4,20290905,5,VFT,0.95,1.0,0.0625822775074083,13,5,1,160.0
10.1016/j.jpowsour.2010.12.040,3,5,20290906,3,RF_constrained_rate,0.8,1.0,0.031164296281468898,13,5,1,
10.1016/j.jpowsour.2010.12.040,3,5,20290906,3,RF_constrained_rate,0.9,1.0,0.0690973515817287,13,5,1,
10.1016/j.jpowsour.2010.12.040,3,5,20290906,3,RF_constrained_rate,0.95,1.0,0.10145482272188622,13,5,1,
10.1016/j.jpowsour.2010.12.040,3,5,20290906,4,VFT,0.8,1.0,0.025175163415161572,13,5,1,160.0
10.1016/j.jpowsour.2010.12.040,3,5,20290906,4,VFT,0.9,1.0,0.04877040765791185,13,5,1,160.0
10.1016/j.jpowsour.2010.12.040,3,5,20290906,4,VFT,0.95,1.0,0.12548363916996264,13,5,1,160.0
10.1016/j.jpowsour.2010.12.040,3,5,20290906,5,VFT,0.8,1.0,0.03706070328747835,13,5,1,160.0
10.1016/j.jpowsour.2010.12.040,3,5,20290906,5,VFT,0.9,1.0,0.05457827347848965,13,5,1,160.0
10.1016/j.jpowsour.2010.12.040,3,5,20290906,5,VFT,0.95,1.0,0.08219109819518255,13,5,1,160.0
10.1016/j.jpowsour.2010.12.040,3,6,20290907,3,RF_constrained_rate,0.8,1.0,0.03306446415541053,13,5,1,
10.1016/j.jpowsour.2010.12.040,3,6,20290907,3,RF_constrained_rate,0.9,1.0,0.06071477647271073,13,5,1,
10.1016/j.jpowsour.2010.12.040,3,6,20290907,3,RF_constrained_rate,0.95,1.0,0.08899993545470286,13,5,1,
10.1016/j.jpowsour.2010.12.040,3,6,20290907,4,VFT,0.8,1.0,0.021741554007395747,13,5,1,160.0
10.1016/j.jpowsour.2010.12.040,3,6,20290907,4,VFT,0.9,1.0,0.03767330979830219,13,5,1,160.0
10.1016/j.jpowsour.2010.12.040,3,6,20290907,4,VFT,0.95,1.0,0.10470196762770057,13,5,1,160.0
10.1016/j.jpowsour.2010.12.040,3,6,20290907,5,VFT,0.8,1.0,0.021707349453042202,13,5,1,160.0
10.1016/j.jpowsour.2010.12.040,3,6,20290907,5,VFT,0.9,1.0,0.03064811286598146,13,5,1,160.0
10.1016/j.jpowsour.2010.12.040,3,6,20290907,5,VFT,0.95,1.0,0.05457827347848965,13,5,1,160.0
10.1016/j.jpowsour.2010.12.040,3,7,20290908,3,RF_constrained_rate,0.8,1.0,0.02651525669213517,13,5,1,
10.1016/j.jpowsour.2010.12.040,3,7,20290908,3,RF_constrained_rate,0.9,1.0,0.04751188042248655,13,5,1,
10.1016/j.jpowsour.2010.12.040,3,7,20290908,3,RF_constrained_rate,0.95,1.0,0.1450045592622673,13,5,1,
10.1016/j.jpowsour.2010.12.040,3,7,20290908,4,VFT,0.8,1.0,0.011133347802781968,13,5,1,160.0
10.1016/j.jpowsour.2010.12.040,3,7,20290908,4,VFT,0.9,1.0,0.021741554007395747,13,5,1,160.0
10.1016/j.jpowsour.2010.12.040,3,7,20290908,4,VFT,0.95,1.0,0.04356712791779249,13,5,1,160.0
10.1016/j.jpowsour.2010.12.040,3,7,20290908,5,VFT,0.8,1.0,0.01120411237797203,13,5,1,160.0
10.1016/j.jpowsour.2010.12.040,3,7,20290908,5,VFT,0.9,1.0,0.016234532416806502,13,5,1,160.0
10.1016/j.jpowsour.2010.12.040,3,7,20290908,5,VFT,0.95,1.0,0.03064811286598146,13,5,1,160.0
10.1016/j.jpowsour.2010.12.040,3,8,20290909,3,RF_constrained_rate,0.8,1.0,0.021729712105122534,13,5,1,
10.1016/j.jpowsour.2010.12.040,3,8,20290909,3,RF_constrained_rate,0.9,1.0,0.039855113676368514,13,5,1,
10.1016/j.jpowsour.2010.12.040,3,8,20290909,3,RF_constrained_rate,0.95,1.0,0.06918751207840446,13,5,1,
10.1016/j.jpowsour.2010.12.040,3,8,20290909,4,VFT,0.8,1.0,0.018619292228937878,13,5,1,160.0
10.1016/j.jpowsour.2010.12.040,3,8,20290909,4,VFT,0.9,1.0,0.03554008238197093,13,5,1,160.0
10.1016/j.jpowsour.2010.12.040,3,8,20290909,4,VFT,0.95,1.0,0.048218726250399246,13,5,1,160.0
10.1016/j.jpowsour.2010.12.040,3,8,20290909,5,VFT,0.8,1.0,0.02521946183122936,13,5,1,160.0
10.1016/j.jpowsour.2010.12.040,3,8,20290909,5,VFT,0.9,1.0,0.0470859805824948,13,5,1,160.0
10.1016/j.jpowsour.2010.12.040,3,8,20290909,5,VFT,0.95,1.0,0.08385242579793184,13,5,1,160.0
10.1016/j.jpowsour.2010.12.040,3,9,20290910,3,RF_constrained_rate,0.8,1.0,0.014726323410655828,13,5,1,
10.1016/j.jpowsour.2010.12.040,3,9,20290910,3,RF_constrained_rate,0.9,1.0,0.026997096953442545,13,5,1,
10.1016/j.jpowsour.2010.12.040,3,9,20290910,3,RF_constrained_rate,0.95,1.0,0.06992324746874368,13,5,1,
10.1016/j.jpowsour.2010.12.040,3,9,20290910,4,VFT,0.8,1.0,0.0113824813763862,13,5,1,160.0
10.1016/j.jpowsour.2010.12.040,3,9,20290910,4,VFT,0.9,1.0,0.017765682354388357,13,5,1,160.0
10.1016/j.jpowsour.2010.12.040,3,9,20290910,4,VFT,0.95,1.0,0.03053396749180659,13,5,1,160.0
10.1016/j.jpowsour.2010.12.040,3,9,20290910,5,VFT,0.8,1.0,0.015737973923910076,13,5,1,160.0
10.1016/j.jpowsour.2010.12.040,3,9,20290910,5,VFT,0.9,1.0,0.023754194476726997,13,5,1,160.0
10.1016/j.jpowsour.2010.12.040,3,9,20290910,5,VFT,0.95,1.0,0.041691495135310896,13,5,1,160.0
10.1016/j.jpowsour.2010.12.040,3,10,20290911,3,RF_constrained_rate,0.8,1.0,0.027139573615981405,13,5,1,
10.1016/j.jpowsour.2010.12.040,3,10,20290911,3,RF_constrained_rate,0.9,1.0,0.03553546079105763,13,5,1,
10.1016/j.jpowsour.2010.12.040,3,10,20290911,3,RF_constrained_rate,0.95,1.0,0.06975414694609317,13,5,1,
10.1016/j.jpowsour.2010.12.040,3,10,20290911,4,VFT,0.8,1.0,0.0109289272553168,13,5,1,160.0
10.1016/j.jpowsour.2010.12.040,3,10,20290911,4,VFT,0.9,1.0,0.019932060822314135,13,5,1,160.0
10.1016/j.jpowsour.2010.12.040,3,10,20290911,4,VFT,0.95,1.0,0.029258485194295414,13,5,1,160.0
10.1016/j.jpowsour.2010.12.040,3,10,20290911,5,VFT,0.8,1.0,0.01591981849089974,13,5,1,160.0
10.1016/j.jpowsour.2010.12.040,3,10,20290911,5,VFT,0.9,1.0,0.029079380188149706,13,5,1,160.0
10.1016/j.jpowsour.2010.12.040,3,10,20290911,5,VFT,0.95,1.0,0.03706070328747835,13,5,1,160.0
10.1016/j.jpowsour.2010.12.040,3,11,20290912,3,RF_constrained_rate,0.8,1.0,0.024782392851968926,13,5,1,
10.1016/j.jpowsour.2010.12.040,3,11,20290912,3,RF_constrained_rate,0.9,1.0,0.041538256527608564,13,5,1,
10.1016/j.jpowsour.2010.12.040,3,11,20290912,3,RF_constrained_rate,0.95,1.0,0.0985375530692969,13,5,1,
10.1016/j.jpowsour.2010.12.040,3,11,20290912,4,VFT,0.8,1.0,0.011410106429717626,13,5,1,160.0
10.1016/j.jpowsour.2010.12.040,3,11,20290912,4,VFT,0.9,1.0,0.018173339050932658,13,5,1,160.0
10.1016/j.jpowsour.2010.12.040,3,11,20290912,4,VFT,0.95,1.0,0.029258485194295414,13,5,1,160.0
10.1016/j.jpowsour.2010.12.040,3,11,20290912,5,VFT,0.8,1.0,0.015737973923910076,13,5,1,160.0
10.1016/j.jpowsour.2010.12.040,3,11,20290912,5,VFT,0.9,1.0,0.023691607950914406,13,5,1,160.0
10.1016/j.jpowsour.2010.12.040,3,11,20290912,5,VFT,0.95,1.0,0.03778746858675941,13,5,1,160.0
10.1016/j.jpowsour.2010.12.040,3,12,20290913,3,RF_constrained_rate,0.8,1.0,0.027414507471800853,13,5,1,
10.1016/j.jpowsour.2010.12.040,3,12,20290913,3,RF_constrained_rate,0.9,1.0,0.04427732308674992,13,5,1,
10.1016/j.jpowsour.2010.12.040,3,12,20290913,3,RF_constrained_rate,0.95,1.0,0.08144041039423988,13,5,1,
10.1016/j.jpowsour.2010.12.040,3,12,20290913,4,VFT,0.8,1.0,0.024181994838984977,13,5,1,160.0
10.1016/j.jpowsour.2010.12.040,3,12,20290913,4,VFT,0.9,1.0,0.037818122994153214,13,5,1,160.0
10.1016/j.jpowsour.2010.12.040,3,12,20290913,4,VFT,0.95,1.0,0.06138933596941154,13,5,1,160.0
10.1016/j.jpowsour.2010.12.040,3,12,20290913,5,VFT,0.8,1.0,0.033895371628013704,13,5,1,160.0
10.1016/j.jpowsour.2010.12.040,3,12,20290913,5,VFT,0.9,1.0,0.05459433112752898,13,5,1,160.0
10.1016/j.jpowsour.2010.12.040,3,12,20290913,5,VFT,0.95,1.0,0.11469361143805612,13,5,1,160.0
10.1016/j.jpowsour.2010.12.040,3,13,20290914,3,RF_constrained_rate,0.8,1.0,0.05393572933293567,13,5,1,
10.1016/j.jpowsour.2010.12.040,3,13,20290914,3,RF_constrained_rate,0.9,1.0,0.08330014898006421,13,5,1,
10.1016/j.jpowsour.2010.12.040,3,13,20290914,3,RF_constrained_rate,0.95,1.0,0.1643897137304342,13,5,1,
10.1016/j.jpowsour.2010.12.040,3,13,20290914,4,VFT,0.8,1.0,0.019932060822314135,13,5,1,160.0
10.1016/j.jpowsour.2010.12.040,3,13,20290914,4,VFT,0.9,1.0,0.03838393599123502,13,5,1,160.0
10.1016/j.jpowsour.2010.12.040,3,13,20290914,4,VFT,0.95,1.0,0.10470196762770057,13,5,1,160.0
10.1016/j.jpowsour.2010.12.040,3,13,20290914,5,VFT,0.8,1.0,0.021707349453042202,13,5,1,160.0
10.1016/j.jpowsour.2010.12.040,3,13,20290914,5,VFT,0.9,1.0,0.05457827347848965,13,5,1,160.0
10.1016/j.jpowsour.2010.12.040,3,13,20290914,5,VFT,0.95,1.0,0.05457827347848965,13,5,1,160.0
10.1016/j.jpowsour.2010.12.040,3,14,20290915,3,RF_constrained_rate,0.8,1.0,0.013958681294841346,13,5,1,
10.1016/j.jpowsour.2010.12.040,3,14,20290915,3,RF_constrained_rate,0.9,1.0,0.031426405020241965,13,5,1,
10.1016/j.jpowsour.2010.12.040,3,14,20290915,3,RF_constrained_rate,0.95,1.0,0.05944477856865925,13,5,1,
10.1016/j.jpowsour.2010.12.040,3,14,20290915,4,VFT,0.8,1.0,0.014828757304767626,13,5,1,160.0
10.1016/j.jpowsour.2010.12.040,3,14,20290915,4,VFT,0.9,1.0,0.022734309428941835,13,5,1,160.0
10.1016/j.jpowsour.2010.12.040,3,14,20290915,4,VFT,0.95,1.0,0.028498997405443927,13,5,1,160.0
10.1016/j.jpowsour.2010.12.040,3,14,20290915,5,VFT,0.8,1.0,0.020031271680172047,13,5,1,160.0
10.1016/j.jpowsour.2010.12.040,3,14,20290915,5,VFT,0.9,1.0,0.030917611670433276,13,5,1,160.0
10.1016/j.jpowsour.2010.12.040,3,14,20290915,5,VFT,0.95,1.0,0.03968219977077858,13,5,1,160.0
10.1016/j.jpowsour.2010.12.040,3,15,20290916,3,RF_constrained_rate,0.8,1.0,0.04831332321383597,13,5,1,
10.1016/j.jpowsour.2010.12.040,3,15,20290916,3,RF_constrained_rate,0.9,1.0,0.10794410597837034,13,5,1,
10.1016/j.jpowsour.2010.12.040,3,15,20290916,3,RF_constrained_rate,0.95,1.0,0.20876538975445003,13,5,1,
10.1016/j.jpowsour.2010.12.040,3,15,20290916,4,VFT,0.8,1.0,0.018536058761896124,13,5,1,160.0
10.1016/j.jpowsour.2010.12.040,3,15,20290916,4,VFT,0.9,1.0,0.03637732603634014,13,5,1,160.0
10.1016/j.jpowsour.2010.12.040,3,15,20290916,4,VFT,0.95,1.0,0.04347374768689094,13,5,1,160.0
10.1016/j.jpowsour.2010.12.040,3,15,20290916,5,VFT,0.8,1.0,0.01812318141920244,13,5,1,160.0
10.1016/j.jpowsour.2010.12.040,3,15,20290916,5,VFT,0.9,1.0,0.03706070328747835,13,5,1,160.0
10.1016/j.jpowsour.2010.12.040,3,15,20290916,5,VFT,0.95,1.0,0.04816415878183067,13,5,1,160.0
10.1016/j.jpowsour.2010.12.040,3,16,20290917,3,RF_constrained_rate,0.8,1.0,0.025450291095258093,13,5,1,
10.1016/j.jpowsour.2010.12.040,3,16,20290917,3,RF_constrained_rate,0.9,1.0,0.058774841799846156,13,5,1,
10.1016/j.jpowsour.2010.12.040,3,16,20290917,3,RF_constrained_rate,0.95,1.0,0.11904191733501568,13,5,1,
10.1016/j.jpowsour.2010.12.040,3,16,20290917,4,VFT,0.8,1.0,0.016015818285049166,13,5,1,160.0
10.1016/j.jpowsour.2010.12.040,3,16,20290917,4,VFT,0.9,1.0,0.03191219746019858,13,5,1,160.0
10.1016/j.jpowsour.2010.12.040,3,16,20290917,4,VFT,0.95,1.0,0.04356712791779249,13,5,1,160.0
10.1016/j.jpowsour.2010.12.040,3,16,20290917,5,VFT,0.8,1.0,0.013563884618165933,13,5,1,160.0
10.1016/j.jpowsour.2010.12.040,3,16,20290917,5,VFT,0.9,1.0,0.027989603997975898,13,5,1,160.0
10.1016/j.jpowsour.2010.12.040,3,16,20290917,5,VFT,0.95,1.0,0.03706070328747835,13,5,1,160.0
10.1016/j.jpowsour.2010.12.040,3,17,20290918,3,RF_constrained_rate,0.8,1.0,0.03662560973060014,13,5,1,
10.1016/j.jpowsour.2010.12.040,3,17,20290918,3,RF_constrained_rate,0.9,1.0,0.061693473011538824,13,5,1,
10.1016/j.jpowsour.2010.12.040,3,17,20290918,3,RF_constrained_rate,0.95,1.0,0.11997829271199212,13,5,1,
10.1016/j.jpowsour.2010.12.040,3,17,20290918,4,VFT,0.8,1.0,0.03517497870650255,13,5,1,160.0
10.1016/j.jpowsour.2010.12.040,3,17,20290918,4,VFT,0.9,1.0,0.048218726250399246,13,5,1,160.0
10.1016/j.jpowsour.2010.12.040,3,17,20290918,4,VFT,0.95,1.0,0.11549155091832874,13,5,1,160.0
10.1016/j.jpowsour.2010.12.040,3,17,20290918,5,VFT,0.8,1.0,0.04798219301794804,13,5,1,160.0
10.1016/j.jpowsour.2010.12.040,3,17,20290918,5,VFT,0.9,1.0,0.09596449319696343,13,5,1,160.0
10.1016/j.jpowsour.2010.12.040,3,17,20290918,5,VFT,0.95,1.0,0.15846235643396067,13,5,1,160.0
10.1016/j.jpowsour.2010.12.040,3,18,20290919,3,RF_constrained_rate,0.8,1.0,0.02274036859725559,13,5,1,
10.1016/j.jpowsour.2010.12.040,3,18,20290919,3,RF_constrained_rate,0.9,1.0,0.044996476263976515,13,5,1,
10.1016/j.jpowsour.2010.12.040,3,18,20290919,3,RF_constrained_rate,0.95,1.0,0.09158674510706977,13,5,1,
10.1016/j.jpowsour.2010.12.040,3,18,20290919,4,VFT,0.8,1.0,0.022551343084469266,13,5,1,160.0
10.1016/j.jpowsour.2010.12.040,3,18,20290919,4,VFT,0.9,1.0,0.03619613024973578,13,5,1,160.0
10.1016/j.jpowsour.2010.12.040,3,18,20290919,4,VFT,0.95,1.0,0.0493823421583226,13,5,1,160.0
10.1016/j.jpowsour.2010.12.040,3,18,20290919,5,VFT,0.8,1.0,0.030652404039329895,13,5,1,160.0
10.1016/j.jpowsour.2010.12.040,3,18,20290919,5,VFT,0.9,1.0,0.04967893511141064,13,5,1,160.0
10.1016/j.jpowsour.2010.12.040,3,18,20290919,5,VFT,0.95,1.0,0.09596449319696343,13,5,1,160.0
10.1016/j.jpowsour.2010.12.040,3,19,20290920,3,RF_constrained_rate,0.8,1.0,0.015215450966854505,13,5,1,
10.1016/j.jpowsour.2010.12.040,3,19,20290920,3,RF_constrained_rate,0.9,1.0,0.027609783269394228,13,5,1,
10.1016/j.jpowsour.2010.12.040,3,19,20290920,3,RF_constrained_rate,0.95,1.0,0.062293774903932064,13,5,1,
10.1016/j.jpowsour.2010.12.040,3,19,20290920,4,VFT,0.8,1.0,0.013051289727242121,13,5,1,160.0
10.1016/j.jpowsour.2010.12.040,3,19,20290920,4,VFT,0.9,1.0,0.019932060822314135,13,5,1,160.0
10.1016/j.jpowsour.2010.12.040,3,19,20290920,4,VFT,0.95,1.0,0.028498997405443927,13,5,1,160.0
10.1016/j.jpowsour.2010.12.040,3,19,20290920,5,VFT,0.8,1.0,0.020389065416302143,13,5,1,160.0
10.1016/j.jpowsour.2010.12.040,3,19,20290920,5,VFT,0.9,1.0,0.03155980118740631,13,5,1,160.0
10.1016/j.jpowsour.2010.12.040,3,19,20290920,5,VFT,0.95,1.0,0.03968219977077858,13,5,1,160.0
10.1016/j.jpowsour.2011.06.030,4,0,20300901,3,RF_constrained_rate,0.8,1.0,0.03378732421223307,13,5,3,
10.1016/j.jpowsour.2011.06.030,4,0,20300901,3,RF_constrained_rate,0.9,1.0,0.0605340597330386,13,5,3,
10.1016/j.jpowsour.2011.06.030,4,0,20300901,3,RF_constrained_rate,0.95,1.0,0.09382680432981727,13,5,3,
10.1016/j.jpowsour.2011.06.030,4,0,20300901,4,VFT,0.8,1.0,0.030681619864770804,13,5,3,160.0
10.1016/j.jpowsour.2011.06.030,4,0,20300901,4,VFT,0.9,1.0,0.04582374607939976,13,5,3,160.0
10.1016/j.jpowsour.2011.06.030,4,0,20300901,4,VFT,0.95,1.0,0.11306692058765133,13,5,3,160.0
10.1016/j.jpowsour.2011.06.030,4,0,20300901,5,VFT,0.8,1.0,0.03914425879006789,13,5,3,160.0
10.1016/j.jpowsour.2011.06.030,4,0,20300901,5,VFT,0.9,1.0,0.06256013068903465,13,5,3,160.0
10.1016/j.jpowsour.2011.06.030,4,0,20300901,5,VFT,0.95,1.0,0.1583218915749165,13,5,3,160.0
10.1016/j.jpowsour.2011.06.030,4,1,20300902,3,RF_constrained_rate,0.8,1.0,0.025104821762223395,13,5,3,
10.1016/j.jpowsour.2011.06.030,4,1,20300902,3,RF_constrained_rate,0.9,1.0,0.0460499030260908,13,5,3,
10.1016/j.jpowsour.2011.06.030,4,1,20300902,3,RF_constrained_rate,0.95,1.0,0.07621241125526401,13,5,3,
10.1016/j.jpowsour.2011.06.030,4,1,20300902,4,VFT,0.8,1.0,0.012220241396135645,13,5,3,160.0
10.1016/j.jpowsour.2011.06.030,4,1,20300902,4,VFT,0.9,1.0,0.025724672528661285,13,5,3,160.0
10.1016/j.jpowsour.2011.06.030,4,1,20300902,4,VFT,0.95,1.0,0.0399832074181532,13,5,3,160.0
10.1016/j.jpowsour.2011.06.030,4,1,20300902,5,VFT,0.8,0.6666666666666666,0.011772733827595028,13,5,3,160.0
10.1016/j.jpowsour.2011.06.030,4,1,20300902,5,VFT,0.9,1.0,0.017789624292424255,13,5,3,160.0
10.1016/j.jpowsour.2011.06.030,4,1,20300902,5,VFT,0.95,1.0,0.029079380188149706,13,5,3,160.0
10.1016/j.jpowsour.2011.06.030,4,2,20300903,3,RF_constrained_rate,0.8,1.0,0.012529666762527869,13,5,3,
10.1016/j.jpowsour.2011.06.030,4,2,20300903,3,RF_constrained_rate,0.9,1.0,0.014383405851504882,13,5,3,
10.1016/j.jpowsour.2011.06.030,4,2,20300903,3,RF_constrained_rate,0.95,1.0,0.022645160134810105,13,5,3,
10.1016/j.jpowsour.2011.06.030,4,2,20300903,4,VFT,0.8,0.6666666666666666,0.01051385226780277,13,5,3,160.0
10.1016/j.jpowsour.2011.06.030,4,2,20300903,4,VFT,0.9,1.0,0.017230148844155746,13,5,3,160.0
10.1016/j.jpowsour.2011.06.030,4,2,20300903,4,VFT,0.95,1.0,0.022734309428941835,13,5,3,160.0
10.1016/j.jpowsour.2011.06.030,4,2,20300903,5,VFT,0.8,1.0,0.017789624292424255,13,5,3,160.0
10.1016/j.jpowsour.2011.06.030,4,2,20300903,5,VFT,0.9,1.0,0.030600980004741984,13,5,3,160.0
10.1016/j.jpowsour.2011.06.030,4,2,20300903,5,VFT,0.95,1.0,0.03968219977077858,13,5,3,160.0
10.1016/j.jpowsour.2011.06.030,4,3,20300904,3,RF_constrained_rate,0.8,1.0,0.022513214697264416,13,5,3,
10.1016/j.jpowsour.2011.06.030,4,3,20300904,3,RF_constrained_rate,0.9,1.0,0.06097538918021739,13,5,3,
10.1016/j.jpowsour.2011.06.030,4,3,20300904,3,RF_constrained_rate,0.95,1.0,0.10079521632072708,13,5,3,
10.1016/j.jpowsour.2011.06.030,4,3,20300904,4,VFT,0.8,1.0,0.014862787074375383,13,5,3,160.0
10.1016/j.jpowsour.2011.06.030,4,3,20300904,4,VFT,0.9,1.0,0.03985633345748263,13,5,3,160.0
10.1016/j.jpowsour.2011.06.030,4,3,20300904,4,VFT,0.95,1.0,0.06006842302125193,13,5,3,160.0
10.1016/j.jpowsour.2011.06.030,4,3,20300904,5,VFT,0.8,1.0,0.01448927540791023,13,5,3,160.0
10.1016/j.jpowsour.2011.06.030,4,3,20300904,5,VFT,0.9,1.0,0.033473344008164485,13,5,3,160.0
10.1016/j.jpowsour.2011.06.030,4,3,20300904,5,VFT,0.95,1.0,0.08219109819518255,13,5,3,160.0
10.1016/j.jpowsour.2011.06.030,4,4,20300905,3,RF_constrained_rate,0.8,1.0,0.011554097519006934,13,5,3,
10.1016/j.jpowsour.2011.06.030,4,4,20300905,3,RF_constrained_rate,0.9,1.0,0.023258038637068434,13,5,3,
10.1016/j.jpowsour.2011.06.030,4,4,20300905,3,RF_constrained_rate,0.95,1.0,0.03358252220011826,13,5,3,
10.1016/j.jpowsour.2011.06.030,4,4,20300905,4,VFT,0.8,0.6666666666666666,0.009963967961625464,13,5,3,160.0
10.1016/j.jpowsour.2011.06.030,4,4,20300905,4,VFT,0.9,1.0,0.015420730380440673,13,5,3,160.0
10.1016/j.jpowsour.2011.06.030,4,4,20300905,4,VFT,0.95,1.0,0.021741554007395747,13,5,3,160.0
10.1016/j.jpowsour.2011.06.030,4,4,20300905,5,VFT,0.8,1.0,0.014371174860492886,13,5,3,160.0
10.1016/j.jpowsour.2011.06.030,4,4,20300905,5,VFT,0.9,1.0,0.02249442757717901,13,5,3,160.0
10.1016/j.jpowsour.2011.06.030,4,4,20300905,5,VFT,0.95,1.0,0.03440432872936516,13,5,3,160.0
10.1016/j.jpowsour.2011.06.030,4,5,20300906,3,RF_constrained_rate,0.8,1.0,0.023835069541225717,13,5,3,
10.1016/j.jpowsour.2011.06.030,4,5,20300906,3,RF_constrained_rate,0.9,1.0,0.0744435107013286,13,5,3,
10.1016/j.jpowsour.2011.06.030,4,5,20300906,3,RF_constrained_rate,0.95,1.0,0.08312305936530606,13,5,3,
10.1016/j.jpowsour.2011.06.030,4,5,20300906,4,VFT,0.8,1.0,0.018536058761896124,13,5,3,160.0
10.1016/j.jpowsour.2011.06.030,4,5,20300906,4,VFT,0.9,1.0,0.028417604401717256,13,5,3,160.0
10.1016/j.jpowsour.2011.06.030,4,5,20300906,4,VFT,0.95,1.0,0.05077004901954063,13,5,3,160.0
10.1016/j.jpowsour.2011.06.030,4,5,20300906,5,VFT,0.8,1.0,0.017687978135128457,13,5,3,160.0
10.1016/j.jpowsour.2011.06.030,4,5,20300906,5,VFT,0.9,1.0,0.035490361681855695,13,5,3,160.0
10.1016/j.jpowsour.2011.06.030,4,5,20300906,5,VFT,0.95,1.0,0.04798219301794804,13,5,3,160.0
10.1016/j.jpowsour.2011.06.030,4,6,20300907,3,RF_constrained_rate,0.8,1.0,0.027512062691358086,13,5,3,
10.1016/j.jpowsour.2011.06.030,4,6,20300907,3,RF_constrained_rate,0.9,1.0,0.06884611877218516,13,5,3,
10.1016/j.jpowsour.2011.06.030,4,6,20300907,3,RF_constrained_rate,0.95,1.0,0.15582525069228614,13,5,3,
10.1016/j.jpowsour.2011.06.030,4,6,20300907,4,VFT,0.8,1.0,0.014138521115230063,13,5,3,160.0
10.1016/j.jpowsour.2011.06.030,4,6,20300907,4,VFT,0.9,1.0,0.03637732603634014,13,5,3,160.0
10.1016/j.jpowsour.2011.06.030,4,6,20300907,4,VFT,0.95,1.0,0.04877040765791185,13,5,3,160.0
10.1016/j.jpowsour.2011.06.030,4,6,20300907,5,VFT,0.8,1.0,0.013563884618165933,13,5,3,160.0
10.1016/j.jpowsour.2011.06.030,4,6,20300907,5,VFT,0.9,1.0,0.033473344008164485,13,5,3,160.0
10.1016/j.jpowsour.2011.06.030,4,6,20300907,5,VFT,0.95,1.0,0.0625822775074083,13,5,3,160.0
10.1016/j.jpowsour.2011.06.030,4,7,20300908,3,RF_constrained_rate,0.8,1.0,0.02436952634248213,13,5,3,
10.1016/j.jpowsour.2011.06.030,4,7,20300908,3,RF_constrained_rate,0.9,1.0,0.047868375354979786,13,5,3,
10.1016/j.jpowsour.2011.06.030,4,7,20300908,3,RF_constrained_rate,0.95,1.0,0.07914644669506421,13,5,3,
10.1016/j.jpowsour.2011.06.030,4,7,20300908,4,VFT,0.8,1.0,0.02357622708754059,13,5,3,160.0
10.1016/j.jpowsour.2011.06.030,4,7,20300908,4,VFT,0.9,1.0,0.037818122994153214,13,5,3,160.0
10.1016/j.jpowsour.2011.06.030,4,7,20300908,4,VFT,0.95,1.0,0.06138933596941154,13,5,3,160.0
10.1016/j.jpowsour.2011.06.030,4,7,20300908,5,VFT,0.8,1.0,0.030959565971627967,13,5,3,160.0
10.1016/j.jpowsour.2011.06.030,4,7,20300908,5,VFT,0.9,1.0,0.05177770795355263,13,5,3,160.0
10.1016/j.jpowsour.2011.06.030,4,7,20300908,5,VFT,0.95,1.0,0.09709901565315393,13,5,3,160.0
10.1016/j.jpowsour.2011.06.030,4,8,20300909,3,RF_constrained_rate,0.8,1.0,0.027273996600362338,13,5,3,
10.1016/j.jpowsour.2011.06.030,4,8,20300909,3,RF_constrained_rate,0.9,1.0,0.05223453357820729,13,5,3,
10.1016/j.jpowsour.2011.06.030,4,8,20300909,3,RF_constrained_rate,0.95,1.0,0.12179077443826669,13,5,3,
10.1016/j.jpowsour.2011.06.030,4,8,20300909,4,VFT,0.8,1.0,0.01570044153156247,13,5,3,160.0
10.1016/j.jpowsour.2011.06.030,4,8,20300909,4,VFT,0.9,1.0,0.022734309428941835,13,5,3,160.0
10.1016/j.jpowsour.2011.06.030,4,8,20300909,4,VFT,0.95,1.0,0.029596777293295684,13,5,3,160.0
10.1016/j.jpowsour.2011.06.030,4,8,20300909,5,VFT,0.8,1.0,0.022441682082510184,13,5,3,160.0
10.1016/j.jpowsour.2011.06.030,4,8,20300909,5,VFT,0.9,1.0,0.033670672924512424,13,5,3,160.0
10.1016/j.jpowsour.2011.06.030,4,8,20300909,5,VFT,0.95,1.0,0.0463465458664134,13,5,3,160.0
10.1016/j.jpowsour.2011.06.030,4,9,20300910,3,RF_constrained_rate,0.8,1.0,0.044235957157594985,13,5,3,
10.1016/j.jpowsour.2011.06.030,4,9,20300910,3,RF_constrained_rate,0.9,1.0,0.08337731625643796,13,5,3,
10.1016/j.jpowsour.2011.06.030,4,9,20300910,3,RF_constrained_rate,0.95,1.0,0.13878459549031952,13,5,3,
10.1016/j.jpowsour.2011.06.030,4,9,20300910,4,VFT,0.8,1.0,0.03517497870650255,13,5,3,160.0
10.1016/j.jpowsour.2011.06.030,4,9,20300910,4,VFT,0.9,1.0,0.0493823421583226,13,5,3,160.0
10.1016/j.jpowsour.2011.06.030,4,9,20300910,4,VFT,0.95,1.0,0.11549155091832874,13,5,3,160.0
10.1016/j.jpowsour.2011.06.030,4,9,20300910,5,VFT,0.8,1.0,0.0463465458664134,13,5,3,160.0
10.1016/j.jpowsour.2011.06.030,4,9,20300910,5,VFT,0.9,1.0,0.09709901565315393,13,5,3,160.0
10.1016/j.jpowsour.2011.06.030,4,9,20300910,5,VFT,0.95,1.0,0.18974015331121485,13,5,3,160.0
10.1016/j.jpowsour.2011.06.030,4,10,20300911,3,RF_constrained_rate,0.8,1.0,0.037843158231475105,13,5,3,
10.1016/j.jpowsour.2011.06.030,4,10,20300911,3,RF_constrained_rate,0.9,1.0,0.0678395004997916,13,5,3,
10.1016/j.jpowsour.2011.06.030,4,10,20300911,3,RF_constrained_rate,0.95,1.0,0.13725825641890932,13,5,3,
10.1016/j.jpowsour.2011.06.030,4,10,20300911,4,VFT,0.8,1.0,0.031910122702544674,13,5,3,160.0
10.1016/j.jpowsour.2011.06.030,4,10,20300911,4,VFT,0.9,1.0,0.04452424738576566,13,5,3,160.0
10.1016/j.jpowsour.2011.06.030,4,10,20300911,4,VFT,0.95,1.0,0.11306692058765133,13,5,3,160.0
10.1016/j.jpowsour.2011.06.030,4,10,20300911,5,VFT,0.8,1.0,0.042378310815379905,13,5,3,160.0
10.1016/j.jpowsour.2011.06.030,4,10,20300911,5,VFT,0.9,1.0,0.08385242579793184,13,5,3,160.0
10.1016/j.jpowsour.2011.06.030,4,10,20300911,5,VFT,0.95,1.0,0.1583218915749165,13,5,3,160.0
10.1016/j.jpowsour.2011.06.030,4,11,20300912,3,RF_constrained_rate,0.8,1.0,0.037651695989303846,13,5,3,
10.1016/j.jpowsour.2011.06.030,4,11,20300912,3,RF_constrained_rate,0.9,1.0,0.06950510734057591,13,5,3,
10.1016/j.jpowsour.2011.06.030,4,11,20300912,3,RF_constrained_rate,0.95,1.0,0.1175690460412997,13,5,3,
10.1016/j.jpowsour.2011.06.030,4,11,20300912,4,VFT,0.8,1.0,0.031910122702544674,13,5,3,160.0
10.1016/j.jpowsour.2011.06.030,4,11,20300912,4,VFT,0.9,1.0,0.04582374607939976,13,5,3,160.0
10.1016/j.jpowsour.2011.06.030,4,11,20300912,4,VFT,0.95,1.0,0.11306692058765133,13,5,3,160.0
10.1016/j.jpowsour.2011.06.030,4,11,20300912,5,VFT,0.8,1.0,0.041658123601776786,13,5,3,160.0
10.1016/j.jpowsour.2011.06.030,4,11,20300912,5,VFT,0.9,1.0,0.08385242579793184,13,5,3,160.0
10.1016/j.jpowsour.2011.06.030,4,11,20300912,5,VFT,0.95,1.0,0.1583218915749165,13,5,3,160.0
10.1016/j.jpowsour.2011.06.030,4,12,20300913,3,RF_constrained_rate,0.8,1.0,0.03184014321919726,13,5,3,
10.1016/j.jpowsour.2011.06.030,4,12,20300913,3,RF_constrained_rate,0.9,1.0,0.05484221986206772,13,5,3,
10.1016/j.jpowsour.2011.06.030,4,12,20300913,3,RF_constrained_rate,0.95,1.0,0.08207185263378425,13,5,3,
10.1016/j.jpowsour.2011.06.030,4,12,20300913,4,VFT,0.8,1.0,0.025724672528661285,13,5,3,160.0
10.1016/j.jpowsour.2011.06.030,4,12,20300913,4,VFT,0.9,1.0,0.0399832074181532,13,5,3,160.0
10.1016/j.jpowsour.2011.06.030,4,12,20300913,4,VFT,0.95,1.0,0.10458124759694794,13,5,3,160.0
10.1016/j.jpowsour.2011.06.030,4,12,20300913,5,VFT,0.8,1.0,0.023754194476726997,13,5,3,160.0
10.1016/j.jpowsour.2011.06.030,4,12,20300913,5,VFT,0.9,1.0,0.0463465458664134,13,5,3,160.0
10.1016/j.jpowsour.2011.06.030,4,12,20300913,5,VFT,0.95,1.0,0.0625822775074083,13,5,3,160.0
10.1016/j.jpowsour.2011.06.030,4,13,20300914,3,RF_constrained_rate,0.8,1.0,0.038821224813426536,13,5,3,
10.1016/j.jpowsour.2011.06.030,4,13,20300914,3,RF_constrained_rate,0.9,1.0,0.07004015140292363,13,5,3,
10.1016/j.jpowsour.2011.06.030,4,13,20300914,3,RF_constrained_rate,0.95,1.0,0.14924657427120014,13,5,3,
10.1016/j.jpowsour.2011.06.030,4,13,20300914,4,VFT,0.8,1.0,0.024003356250963837,13,5,3,160.0
10.1016/j.jpowsour.2011.06.030,4,13,20300914,4,VFT,0.9,1.0,0.03985633345748263,13,5,3,160.0
10.1016/j.jpowsour.2011.06.030,4,13,20300914,4,VFT,0.95,1.0,0.05753471262765952,13,5,3,160.0
10.1016/j.jpowsour.2011.06.030,4,13,20300914,5,VFT,0.8,1.0,0.022169293366081977,13,5,3,160.0
10.1016/j.jpowsour.2011.06.030,4,13,20300914,5,VFT,0.9,1.0,0.0463465458664134,13,5,3,160.0
10.1016/j.jpowsour.2011.06.030,4,13,20300914,5,VFT,0.95,1.0,0.0625822775074083,13,5,3,160.0
10.1016/j.jpowsour.2011.06.030,4,14,20300915,3,RF_constrained_rate,0.8,1.0,0.012258382993006744,13,5,3,
10.1016/j.jpowsour.2011.06.030,4,14,20300915,3,RF_constrained_rate,0.9,1.0,0.017890029599261337,13,5,3,
10.1016/j.jpowsour.2011.06.030,4,14,20300915,3,RF_constrained_rate,0.95,1.0,0.04452914166850186,13,5,3,
10.1016/j.jpowsour.2011.06.030,4,14,20300915,4,VFT,0.8,0.6666666666666666,0.009963967961625464,13,5,3,160.0
10.1016/j.jpowsour.2011.06.030,4,14,20300915,4,VFT,0.9,1.0,0.015420730380440673,13,5,3,160.0
10.1016/j.jpowsour.2011.06.030,4,14,20300915,4,VFT,0.95,1.0,0.03052269747205072,13,5,3,160.0
10.1016/j.jpowsour.2011.06.030,4,14,20300915,5,VFT,0.8,1.0,0.013288047241461376,13,5,3,160.0
10.1016/j.jpowsour.2011.06.030,4,14,20300915,5,VFT,0.9,1.0,0.019175270724418825,13,5,3,160.0
10.1016/j.jpowsour.2011.06.030,4,14,20300915,5,VFT,0.95,1.0,0.03778746858675941,13,5,3,160.0
10.1016/j.jpowsour.2011.06.030,4,15,20300916,3,RF_constrained_rate,0.8,1.0,0.01296414091405218,13,5,3,
10.1016/j.jpowsour.2011.06.030,4,15,20300916,3,RF_constrained_rate,0.9,1.0,0.017154548293877525,13,5,3,
10.1016/j.jpowsour.2011.06.030,4,15,20300916,3,RF_constrained_rate,0.95,1.0,0.023600395953899955,13,5,3,
10.1016/j.jpowsour.2011.06.030,4,15,20300916,4,VFT,0.8,0.6666666666666666,0.01064054116288582,13,5,3,160.0
10.1016/j.jpowsour.2011.06.030,4,15,20300916,4,VFT,0.9,1.0,0.01835687662702412,13,5,3,160.0
10.1016/j.jpowsour.2011.06.030,4,15,20300916,4,VFT,0.95,1.0,0.028498997405443927,13,5,3,160.0
10.1016/j.jpowsour.2011.06.030,4,15,20300916,5,VFT,0.8,1.0,0.014029444600456076,13,5,3,160.0
10.1016/j.jpowsour.2011.06.030,4,15,20300916,5,VFT,0.9,1.0,0.02861396007374184,13,5,3,160.0
10.1016/j.jpowsour.2011.06.030,4,15,20300916,5,VFT,0.95,1.0,0.03968219977077858,13,5,3,160.0
10.1016/j.jpowsour.2011.06.030,4,16,20300917,3,RF_constrained_rate,0.8,1.0,0.030829545158158167,13,5,3,
10.1016/j.jpowsour.2011.06.030,4,16,20300917,3,RF_constrained_rate,0.9,1.0,0.05057433110739795,13,5,3,
10.1016/j.jpowsour.2011.06.030,4,16,20300917,3,RF_constrained_rate,0.95,1.0,0.06798238699675829,13,5,3,
10.1016/j.jpowsour.2011.06.030,4,16,20300917,4,VFT,0.8,1.0,0.025175163415161572,13,5,3,160.0
10.1016/j.jpowsour.2011.06.030,4,16,20300917,4,VFT,0.9,1.0,0.03985633345748263,13,5,3,160.0
10.1016/j.jpowsour.2011.06.030,4,16,20300917,4,VFT,0.95,1.0,0.10470196762770057,13,5,3,160.0
10.1016/j.jpowsour.2011.06.030,4,16,20300917,5,VFT,0.8,1.0,0.027989603997975898,13,5,3,160.0
10.1016/j.jpowsour.2011.06.030,4,16,20300917,5,VFT,0.9,1.0,0.035490361681855695,13,5,3,160.0
10.1016/j.jpowsour.2011.06.030,4,16,20300917,5,VFT,0.95,1.0,0.0625822775074083,13,5,3,160.0
10.1016/j.jpowsour.2011.06.030,4,17,20300918,3,RF_constrained_rate,0.8,1.0,0.04021315268896508,13,5,3,
10.1016/j.jpowsour.2011.06.030,4,17,20300918,3,RF_constrained_rate,0.9,1.0,0.0638918781429465,13,5,3,
10.1016/j.jpowsour.2011.06.030,4,17,20300918,3,RF_constrained_rate,0.95,1.0,0.11852630183401835,13,5,3,
10.1016/j.jpowsour.2011.06.030,4,17,20300918,4,VFT,0.8,1.0,0.03619613024973578,13,5,3,160.0
10.1016/j.jpowsour.2011.06.030,4,17,20300918,4,VFT,0.9,1.0,0.04877040765791185,13,5,3,160.0
10.1016/j.jpowsour.2011.06.030,4,17,20300918,4,VFT,0.95,1.0,0.11549155091832874,13,5,3,160.0
10.1016/j.jpowsour.2011.06.030,4,17,20300918,5,VFT,0.8,1.0,0.04891649154210209,13,5,3,160.0
10.1016/j.jpowsour.2011.06.030,4,17,20300918,5,VFT,0.9,1.0,0.09709901565315393,13,5,3,160.0
10.1016/j.jpowsour.2011.06.030,4,17,20300918,5,VFT,0.95,1.0,0.15846235643396067,13,5,3,160.0
10.1016/j.jpowsour.2011.06.030,4,18,20300919,3,RF_constrained_rate,0.8,1.0,0.021709321485801958,13,5,3,
10.1016/j.jpowsour.2011.06.030,4,18,20300919,3,RF_constrained_rate,0.9,1.0,0.03298332184392683,13,5,3,
10.1016/j.jpowsour.2011.06.030,4,18,20300919,3,RF_constrained_rate,0.95,1.0,0.04658722257122516,13,5,3,
10.1016/j.jpowsour.2011.06.030,4,18,20300919,4,VFT,0.8,0.6666666666666666,0.010058653241119098,13,5,3,160.0
10.1016/j.jpowsour.2011.06.030,4,18,20300919,4,VFT,0.9,1.0,0.018536058761896124,13,5,3,160.0
10.1016/j.jpowsour.2011.06.030,4,18,20300919,4,VFT,0.95,1.0,0.03191219746019858,13,5,3,160.0
10.1016/j.jpowsour.2011.06.030,4,18,20300919,5,VFT,0.8,0.6666666666666666,0.011772733827595028,13,5,3,160.0
10.1016/j.jpowsour.2011.06.030,4,18,20300919,5,VFT,0.9,1.0,0.017789624292424255,13,5,3,160.0
10.1016/j.jpowsour.2011.06.030,4,18,20300919,5,VFT,0.95,1.0,0.029079380188149706,13,5,3,160.0
10.1016/j.jpowsour.2011.06.030,4,19,20300920,3,RF_constrained_rate,0.8,1.0,0.012263750938564133,13,5,3,
10.1016/j.jpowsour.2011.06.030,4,19,20300920,3,RF_constrained_rate,0.9,1.0,0.024927529074313615,13,5,3,
10.1016/j.jpowsour.2011.06.030,4,19,20300920,3,RF_constrained_rate,0.95,1.0,0.05415427693140229,13,5,3,
10.1016/j.jpowsour.2011.06.030,4,19,20300920,4,VFT,0.8,1.0,0.011133347802781968,13,5,3,160.0
10.1016/j.jpowsour.2011.06.030,4,19,20300920,4,VFT,0.9,1.0,0.01835687662702412,13,5,3,160.0
10.1016/j.jpowsour.2011.06.030,4,19,20300920,4,VFT,0.95,1.0,0.026521698703257046,13,5,3,160.0
10.1016/j.jpowsour.2011.06.030,4,19,20300920,5,VFT,0.8,1.0,0.014373292445518215,13,5,3,160.0
10.1016/j.jpowsour.2011.06.030,4,19,20300920,5,VFT,0.9,1.0,0.02861396007374184,13,5,3,160.0
10.1016/j.jpowsour.2011.06.030,4,19,20300920,5,VFT,0.95,1.0,0.03965528652209471,13,5,3,160.0
10.1016/j.jpowsour.2011.07.071,5,0,20310901,3,RF_constrained_rate,0.8,1.0,0.037012058582183816,13,5,2,
10.1016/j.jpowsour.2011.07.071,5,0,20310901,3,RF_constrained_rate,0.9,1.0,0.0646846940687863,13,5,2,
10.1016/j.jpowsour.2011.07.071,5,0,20310901,3,RF_constrained_rate,0.95,1.0,0.10988829452055016,13,5,2,
10.1016/j.jpowsour.2011.07.071,5,0,20310901,4,VFT,0.8,1.0,0.029975290160623835,13,5,2,160.0
10.1016/j.jpowsour.2011.07.071,5,0,20310901,4,VFT,0.9,1.0,0.04582374607939976,13,5,2,160.0
10.1016/j.jpowsour.2011.07.071,5,0,20310901,4,VFT,0.95,1.0,0.11549155091832874,13,5,2,160.0
10.1016/j.jpowsour.2011.07.071,5,0,20310901,5,VFT,0.8,1.0,0.041658123601776786,13,5,2,160.0
10.1016/j.jpowsour.2011.07.071,5,0,20310901,5,VFT,0.9,1.0,0.08385242579793184,13,5,2,160.0
10.1016/j.jpowsour.2011.07.071,5,0,20310901,5,VFT,0.95,1.0,0.15846235643396067,13,5,2,160.0
10.1016/j.jpowsour.2011.07.071,5,1,20310902,3,RF_constrained_rate,0.8,1.0,0.01307166914500435,13,5,2,
10.1016/j.jpowsour.2011.07.071,5,1,20310902,3,RF_constrained_rate,0.9,1.0,0.031316154807214835,13,5,2,
10.1016/j.jpowsour.2011.07.071,5,1,20310902,3,RF_constrained_rate,0.95,1.0,0.04435257173398399,13,5,2,
10.1016/j.jpowsour.2011.07.071,5,1,20310902,4,VFT,0.8,1.0,0.01122121130120357,13,5,2,160.0
10.1016/j.jpowsour.2011.07.071,5,1,20310902,4,VFT,0.9,1.0,0.018536058761896124,13,5,2,160.0
10.1016/j.jpowsour.2011.07.071,5,1,20310902,4,VFT,0.95,1.0,0.03052269747205072,13,5,2,160.0
10.1016/j.jpowsour.2011.07.071,5,1,20310902,5,VFT,0.8,1.0,0.015762324242106995,13,5,2,160.0
10.1016/j.jpowsour.2011.07.071,5,1,20310902,5,VFT,0.9,1.0,0.023691607950914406,13,5,2,160.0
10.1016/j.jpowsour.2011.07.071,5,1,20310902,5,VFT,0.95,1.0,0.03778746858675941,13,5,2,160.0
10.1016/j.jpowsour.2011.07.071,5,2,20310903,3,RF_constrained_rate,0.8,1.0,0.010434360865211323,13,5,2,
10.1016/j.jpowsour.2011.07.071,5,2,20310903,3,RF_constrained_rate,0.9,1.0,0.012862315650258083,13,5,2,
10.1016/j.jpowsour.2011.07.071,5,2,20310903,3,RF_constrained_rate,0.95,1.0,0.02376006608474568,13,5,2,
10.1016/j.jpowsour.2011.07.071,5,2,20310903,4,VFT,0.8,1.0,0.0109289272553168,13,5,2,160.0
10.1016/j.jpowsour.2011.07.071,5,2,20310903,4,VFT,0.9,1.0,0.01835687662702412,13,5,2,160.0
10.1016/j.jpowsour.2011.07.071,5,2,20310903,4,VFT,0.95,1.0,0.024181994838984977,13,5,2,160.0
10.1016/j.jpowsour.2011.07.071,5,2,20310903,5,VFT,0.8,1.0,0.020031271680172047,13,5,2,160.0
10.1016/j.jpowsour.2011.07.071,5,2,20310903,5,VFT,0.9,1.0,0.03066075653620337,13,5,2,160.0
10.1016/j.jpowsour.2011.07.071,5,2,20310903,5,VFT,0.95,1.0,0.046388142144178746,13,5,2,160.0
10.1016/j.jpowsour.2011.07.071,5,3,20310904,3,RF_constrained_rate,0.8,1.0,0.014025138226560818,13,5,2,
10.1016/j.jpowsour.2011.07.071,5,3,20310904,3,RF_constrained_rate,0.9,1.0,0.024911553421189087,13,5,2,
10.1016/j.jpowsour.2011.07.071,5,3,20310904,3,RF_constrained_rate,0.95,1.0,0.03622398600888488,13,5,2,
10.1016/j.jpowsour.2011.07.071,5,3,20310904,4,VFT,0.8,1.0,0.010081258976288865,13,5,2,160.0
10.1016/j.jpowsour.2011.07.071,5,3,20310904,4,VFT,0.9,1.0,0.015514815630879308,13,5,2,160.0
10.1016/j.jpowsour.2011.07.071,5,3,20310904,4,VFT,0.95,1.0,0.021741554007395747,13,5,2,160.0
10.1016/j.jpowsour.2011.07.071,5,3,20310904,5,VFT,0.8,1.0,0.014371174860492886,13,5,2,160.0
10.1016/j.jpowsour.2011.07.071,5,3,20310904,5,VFT,0.9,1.0,0.023292993105568982,13,5,2,160.0
10.1016/j.jpowsour.2011.07.071,5,3,20310904,5,VFT,0.95,1.0,0.03706070328747835,13,5,2,160.0
10.1016/j.jpowsour.2011.07.071,5,4,20310905,3,RF_constrained_rate,0.8,1.0,0.02426538717627391,13,5,2,
10.1016/j.jpowsour.2011.07.071,5,4,20310905,3,RF_constrained_rate,0.9,1.0,0.05555246974870176,13,5,2,
10.1016/j.jpowsour.2011.07.071,5,4,20310905,3,RF_constrained_rate,0.95,1.0,0.10121620452758329,13,5,2,
10.1016/j.jpowsour.2011.07.071,5,4,20310905,4,VFT,0.8,1.0,0.023608387082705518,13,5,2,160.0
10.1016/j.jpowsour.2011.07.071,5,4,20310905,4,VFT,0.9,1.0,0.037818122994153214,13,5,2,160.0
10.1016/j.jpowsour.2011.07.071,5,4,20310905,4,VFT,0.95,1.0,0.06138933596941154,13,5,2,160.0
10.1016/j.jpowsour.2011.07.071,5,4,20310905,5,VFT,0.8,1.0,0.03267177231802032,13,5,2,160.0
10.1016/j.jpowsour.2011.07.071,5,4,20310905,5,VFT,0.9,1.0,0.05257272628171661,13,5,2,160.0
10.1016/j.jpowsour.2011.07.071,5,4,20310905,5,VFT,0.95,1.0,0.10399238743327266,13,5,2,160.0
10.1016/j.jpowsour.2011.07.071,5,5,20310906,3,RF_constrained_rate,0.8,1.0,0.04983672382338389,13,5,2,
10.1016/j.jpowsour.2011.07.071,5,5,20310906,3,RF_constrained_rate,0.9,1.0,0.0651688847602645,13,5,2,
10.1016/j.jpowsour.2011.07.071,5,5,20310906,3,RF_constrained_rate,0.95,1.0,0.10584828700871007,13,5,2,
10.1016/j.jpowsour.2011.07.071,5,5,20310906,4,VFT,0.8,1.0,0.018536058761896124,13,5,2,160.0
10.1016/j.jpowsour.2011.07.071,5,5,20310906,4,VFT,0.9,1.0,0.031493847794873187,13,5,2,160.0
10.1016/j.jpowsour.2011.07.071,5,5,20310906,4,VFT,0.95,1.0,0.05753471262765952,13,5,2,160.0
10.1016/j.jpowsour.2011.07.071,5,5,20310906,5,VFT,0.8,1.0,0.01591981849089974,13,5,2,160.0
10.1016/j.jpowsour.2011.07.071,5,5,20310906,5,VFT,0.9,1.0,0.023691607950914406,13,5,2,160.0
10.1016/j.jpowsour.2011.07.071,5,5,20310906,5,VFT,0.95,1.0,0.0463465458664134,13,5,2,160.0
10.1016/j.jpowsour.2011.07.071,5,6,20310907,3,RF_constrained_rate,0.8,1.0,0.03192566628131699,13,5,2,
10.1016/j.jpowsour.2011.07.071,5,6,20310907,3,RF_constrained_rate,0.9,1.0,0.044834894323795726,13,5,2,
10.1016/j.jpowsour.2011.07.071,5,6,20310907,3,RF_constrained_rate,0.95,1.0,0.06954423529606624,13,5,2,
10.1016/j.jpowsour.2011.07.071,5,6,20310907,4,VFT,0.8,1.0,0.02147137668353105,13,5,2,160.0
10.1016/j.jpowsour.2011.07.071,5,6,20310907,4,VFT,0.9,1.0,0.03554008238197093,13,5,2,160.0
10.1016/j.jpowsour.2011.07.071,5,6,20310907,4,VFT,0.95,1.0,0.0493823421583226,13,5,2,160.0
10.1016/j.jpowsour.2011.07.071,5,6,20310907,5,VFT,0.8,1.0,0.029228739193906783,13,5,2,160.0
10.1016/j.jpowsour.2011.07.071,5,6,20310907,5,VFT,0.9,1.0,0.04891649154210209,13,5,2,160.0
10.1016/j.jpowsour.2011.07.071,5,6,20310907,5,VFT,0.95,1.0,0.09596449319696343,13,5,2,160.0
10.1016/j.jpowsour.2011.07.071,5,7,20310908,3,RF_constrained_rate,0.8,1.0,0.015157085131886072,13,5,2,
10.1016/j.jpowsour.2011.07.071,5,7,20310908,3,RF_constrained_rate,0.9,1.0,0.02461416845212827,13,5,2,
10.1016/j.jpowsour.2011.07.071,5,7,20310908,3,RF_constrained_rate,0.95,1.0,0.03856976964785952,13,5,2,
10.1016/j.jpowsour.2011.07.071,5,7,20310908,4,VFT,0.8,1.0,0.0113824813763862,13,5,2,160.0
10.1016/j.jpowsour.2011.07.071,5,7,20310908,4,VFT,0.9,1.0,0.018498143823994617,13,5,2,160.0
10.1016/j.jpowsour.2011.07.071,5,7,20310908,4,VFT,0.95,1.0,0.026521698703257046,13,5,2,160.0
10.1016/j.jpowsour.2011.07.071,5,7,20310908,5,VFT,0.8,1.0,0.01591981849089974,13,5,2,160.0
10.1016/j.jpowsour.2011.07.071,5,7,20310908,5,VFT,0.9,1.0,0.027678767911314628,13,5,2,160.0
10.1016/j.jpowsour.2011.07.071,5,7,20310908,5,VFT,0.95,1.0,0.03778746858675941,13,5,2,160.0
10.1016/j.jpowsour.2011.07.071,5,8,20310909,3,RF_constrained_rate,0.8,1.0,0.014077300715937047,13,5,2,
10.1016/j.jpowsour.2011.07.071,5,8,20310909,3,RF_constrained_rate,0.9,1.0,0.03278392804107266,13,5,2,
10.1016/j.jpowsour.2011.07.071,5,8,20310909,3,RF_constrained_rate,0.95,1.0,0.05319047442158403,13,5,2,
10.1016/j.jpowsour.2011.07.071,5,8,20310909,4,VFT,0.8,1.0,0.012012409620019149,13,5,2,160.0
10.1016/j.jpowsour.2011.07.071,5,8,20310909,4,VFT,0.9,1.0,0.01931820318852351,13,5,2,160.0
10.1016/j.jpowsour.2011.07.071,5,8,20310909,4,VFT,0.95,1.0,0.03053396749180659,13,5,2,160.0
10.1016/j.jpowsour.2011.07.071,5,8,20310909,5,VFT,0.8,1.0,0.01595460692592543,13,5,2,160.0
10.1016/j.jpowsour.2011.07.071,5,8,20310909,5,VFT,0.9,1.0,0.029228739193906783,13,5,2,160.0
10.1016/j.jpowsour.2011.07.071,5,8,20310909,5,VFT,0.95,1.0,0.041691495135310896,13,5,2,160.0
10.1016/j.jpowsour.2011.07.071,5,9,20310910,3,RF_constrained_rate,0.8,1.0,0.018274611257426354,13,5,2,
10.1016/j.jpowsour.2011.07.071,5,9,20310910,3,RF_constrained_rate,0.9,1.0,0.02788468181715187,13,5,2,
10.1016/j.jpowsour.2011.07.071,5,9,20310910,3,RF_constrained_rate,0.95,1.0,0.03671942883062318,13,5,2,
10.1016/j.jpowsour.2011.07.071,5,9,20310910,4,VFT,0.8,1.0,0.015514815630879308,13,5,2,160.0
10.1016/j.jpowsour.2011.07.071,5,9,20310910,4,VFT,0.9,1.0,0.02380587033360948,13,5,2,160.0
10.1016/j.jpowsour.2011.07.071,5,9,20310910,4,VFT,0.95,1.0,0.037010623143703736,13,5,2,160.0
10.1016/j.jpowsour.2011.07.071,5,9,20310910,5,VFT,0.8,1.0,0.021707349453042202,13,5,2,160.0
10.1016/j.jpowsour.2011.07.071,5,9,20310910,5,VFT,0.9,1.0,0.03066075653620337,13,5,2,160.0
10.1016/j.jpowsour.2011.07.071,5,9,20310910,5,VFT,0.95,1.0,0.046388142144178746,13,5,2,160.0
10.1016/j.jpowsour.2011.07.071,5,10,20310911,3,RF_constrained_rate,0.8,1.0,0.05920434473059322,13,5,2,
10.1016/j.jpowsour.2011.07.071,5,10,20310911,3,RF_constrained_rate,0.9,1.0,0.13055963797726067,13,5,2,
10.1016/j.jpowsour.2011.07.071,5,10,20310911,3,RF_constrained_rate,0.95,1.0,0.2417217083162737,13,5,2,
10.1016/j.jpowsour.2011.07.071,5,10,20310911,4,VFT,0.8,1.0,0.016283812834659184,13,5,2,160.0
10.1016/j.jpowsour.2011.07.071,5,10,20310911,4,VFT,0.9,1.0,0.04877040765791185,13,5,2,160.0
10.1016/j.jpowsour.2011.07.071,5,10,20310911,4,VFT,0.95,1.0,0.06006842302125193,13,5,2,160.0
10.1016/j.jpowsour.2011.07.071,5,10,20310911,5,VFT,0.8,1.0,0.08219109819518255,13,5,2,160.0
10.1016/j.jpowsour.2011.07.071,5,10,20310911,5,VFT,0.9,1.0,0.09561210192813985,13,5,2,160.0
10.1016/j.jpowsour.2011.07.071,5,10,20310911,5,VFT,0.95,1.0,0.09561210192813985,13,5,2,160.0
10.1016/j.jpowsour.2011.07.071,5,11,20310912,3,RF_constrained_rate,0.8,1.0,0.03379681032732851,13,5,2,
10.1016/j.jpowsour.2011.07.071,5,11,20310912,3,RF_constrained_rate,0.9,1.0,0.05090085061129268,13,5,2,
10.1016/j.jpowsour.2011.07.071,5,11,20310912,3,RF_constrained_rate,0.95,1.0,0.08441682032201547,13,5,2,
10.1016/j.jpowsour.2011.07.071,5,11,20310912,4,VFT,0.8,1.0,0.030681619864770804,13,5,2,160.0
10.1016/j.jpowsour.2011.07.071,5,11,20310912,4,VFT,0.9,1.0,0.048218726250399246,13,5,2,160.0
10.1016/j.jpowsour.2011.07.071,5,11,20310912,4,VFT,0.95,1.0,0.11549155091832874,13,5,2,160.0
10.1016/j.jpowsour.2011.07.071,5,11,20310912,5,VFT,0.8,1.0,0.041658123601776786,13,5,2,160.0
10.1016/j.jpowsour.2011.07.071,5,11,20310912,5,VFT,0.9,1.0,0.08304005757787158,13,5,2,160.0
10.1016/j.jpowsour.2011.07.071,5,11,20310912,5,VFT,0.95,1.0,0.1583218915749165,13,5,2,160.0
10.1016/j.jpowsour.2011.07.071,5,12,20310913,3,RF_constrained_rate,0.8,1.0,0.029134745332829004,13,5,2,
10.1016/j.jpowsour.2011.07.071,5,12,20310913,3,RF_constrained_rate,0.9,1.0,0.047079569618119876,13,5,2,
10.1016/j.jpowsour.2011.07.071,5,12,20310913,3,RF_constrained_rate,0.95,1.0,0.12595819337826386,13,5,2,
10.1016/j.jpowsour.2011.07.071,5,12,20310913,4,VFT,0.8,1.0,0.011410106429717626,13,5,2,160.0
10.1016/j.jpowsour.2011.07.071,5,12,20310913,4,VFT,0.9,1.0,0.019932060822314135,13,5,2,160.0
10.1016/j.jpowsour.2011.07.071,5,12,20310913,4,VFT,0.95,1.0,0.029258485194295414,13,5,2,160.0
10.1016/j.jpowsour.2011.07.071,5,12,20310913,5,VFT,0.8,1.0,0.01591981849089974,13,5,2,160.0
10.1016/j.jpowsour.2011.07.071,5,12,20310913,5,VFT,0.9,1.0,0.029079380188149706,13,5,2,160.0
10.1016/j.jpowsour.2011.07.071,5,12,20310913,5,VFT,0.95,1.0,0.03706070328747835,13,5,2,160.0
10.1016/j.jpowsour.2011.07.071,5,13,20310914,3,RF_constrained_rate,0.8,1.0,0.020750719960390462,13,5,2,
10.1016/j.jpowsour.2011.07.071,5,13,20310914,3,RF_constrained_rate,0.9,1.0,0.031410947559187496,13,5,2,
10.1016/j.jpowsour.2011.07.071,5,13,20310914,3,RF_constrained_rate,0.95,1.0,0.04449445705471834,13,5,2,
10.1016/j.jpowsour.2011.07.071,5,13,20310914,4,VFT,0.8,1.0,0.018206163200606085,13,5,2,160.0
10.1016/j.jpowsour.2011.07.071,5,13,20310914,4,VFT,0.9,1.0,0.026521698703257046,13,5,2,160.0
10.1016/j.jpowsour.2011.07.071,5,13,20310914,4,VFT,0.95,1.0,0.03985633345748263,13,5,2,160.0
10.1016/j.jpowsour.2011.07.071,5,13,20310914,5,VFT,0.8,1.0,0.026040904954132582,13,5,2,160.0
10.1016/j.jpowsour.2011.07.071,5,13,20310914,5,VFT,0.9,1.0,0.033670672924512424,13,5,2,160.0
10.1016/j.jpowsour.2011.07.071,5,13,20310914,5,VFT,0.95,1.0,0.04812173203720116,13,5,2,160.0
10.1016/j.jpowsour.2011.07.071,5,14,20310915,3,RF_constrained_rate,0.8,1.0,0.035937166586491376,13,5,2,
10.1016/j.jpowsour.2011.07.071,5,14,20310915,3,RF_constrained_rate,0.9,1.0,0.06666656233649282,13,5,2,
10.1016/j.jpowsour.2011.07.071,5,14,20310915,3,RF_constrained_rate,0.95,1.0,0.11186553033799629,13,5,2,
10.1016/j.jpowsour.2011.07.071,5,14,20310915,4,VFT,0.8,1.0,0.014183444562295477,13,5,2,160.0
10.1016/j.jpowsour.2011.07.071,5,14,20310915,4,VFT,0.9,1.0,0.03191219746019858,13,5,2,160.0
10.1016/j.jpowsour.2011.07.071,5,14,20310915,4,VFT,0.95,1.0,0.04877040765791185,13,5,2,160.0
10.1016/j.jpowsour.2011.07.071,5,14,20310915,5,VFT,0.8,1.0,0.011772733827595028,13,5,2,160.0
10.1016/j.jpowsour.2011.07.071,5,14,20310915,5,VFT,0.9,1.0,0.016234532416806502,13,5,2,160.0
10.1016/j.jpowsour.2011.07.071,5,14,20310915,5,VFT,0.95,1.0,0.0463465458664134,13,5,2,160.0
10.1016/j.jpowsour.2011.07.071,5,15,20310916,3,RF_constrained_rate,0.8,1.0,0.03428992464671232,13,5,2,
10.1016/j.jpowsour.2011.07.071,5,15,20310916,3,RF_constrained_rate,0.9,1.0,0.05446837635913626,13,5,2,
10.1016/j.jpowsour.2011.07.071,5,15,20310916,3,RF_constrained_rate,0.95,1.0,0.1069082059966806,13,5,2,
10.1016/j.jpowsour.2011.07.071,5,15,20310916,4,VFT,0.8,1.0,0.03175732477140514,13,5,2,160.0
10.1016/j.jpowsour.2011.07.071,5,15,20310916,4,VFT,0.9,1.0,0.04452424738576566,13,5,2,160.0
10.1016/j.jpowsour.2011.07.071,5,15,20310916,4,VFT,0.95,1.0,0.11138652237799485,13,5,2,160.0
10.1016/j.jpowsour.2011.07.071,5,15,20310916,5,VFT,0.8,1.0,0.04039333642918996,13,5,2,160.0
10.1016/j.jpowsour.2011.07.071,5,15,20310916,5,VFT,0.9,1.0,0.08304005757787158,13,5,2,160.0
10.1016/j.jpowsour.2011.07.071,5,15,20310916,5,VFT,0.95,1.0,0.1583218915749165,13,5,2,160.0
10.1016/j.jpowsour.2011.07.071,5,16,20310917,3,RF_constrained_rate,0.8,1.0,0.016456205890428954,13,5,2,
10.1016/j.jpowsour.2011.07.071,5,16,20310917,3,RF_constrained_rate,0.9,1.0,0.04209866770252768,13,5,2,
10.1016/j.jpowsour.2011.07.071,5,16,20310917,3,RF_constrained_rate,0.95,1.0,0.06429601120834794,13,5,2,
10.1016/j.jpowsour.2011.07.071,5,16,20310917,4,VFT,0.8,1.0,0.014494169192178052,13,5,2,160.0
10.1016/j.jpowsour.2011.07.071,5,16,20310917,4,VFT,0.9,1.0,0.022734309428941835,13,5,2,160.0
10.1016/j.jpowsour.2011.07.071,5,16,20310917,4,VFT,0.95,1.0,0.031493847794873187,13,5,2,160.0
10.1016/j.jpowsour.2011.07.071,5,16,20310917,5,VFT,0.8,1.0,0.020031271680172047,13,5,2,160.0
10.1016/j.jpowsour.2011.07.071,5,16,20310917,5,VFT,0.9,1.0,0.030600980004741984,13,5,2,160.0
10.1016/j.jpowsour.2011.07.071,5,16,20310917,5,VFT,0.95,1.0,0.03968219977077858,13,5,2,160.0
10.1016/j.jpowsour.2011.07.071,5,17,20310918,3,RF_constrained_rate,0.8,1.0,0.024690348813742047,13,5,2,
10.1016/j.jpowsour.2011.07.071,5,17,20310918,3,RF_constrained_rate,0.9,1.0,0.0444405485551989,13,5,2,
10.1016/j.jpowsour.2011.07.071,5,17,20310918,3,RF_constrained_rate,0.95,1.0,0.06924048869987598,13,5,2,
10.1016/j.jpowsour.2011.07.071,5,17,20310918,4,VFT,0.8,1.0,0.01909206144601283,13,5,2,160.0
10.1016/j.jpowsour.2011.07.071,5,17,20310918,4,VFT,0.9,1.0,0.03835376113667688,13,5,2,160.0
10.1016/j.jpowsour.2011.07.071,5,17,20310918,4,VFT,0.95,1.0,0.06006842302125193,13,5,2,160.0
10.1016/j.jpowsour.2011.07.071,5,17,20310918,5,VFT,0.8,1.0,0.023691607950914406,13,5,2,160.0
10.1016/j.jpowsour.2011.07.071,5,17,20310918,5,VFT,0.9,1.0,0.03706070328747835,13,5,2,160.0
10.1016/j.jpowsour.2011.07.071,5,17,20310918,5,VFT,0.95,1.0,0.0625822775074083,13,5,2,160.0
10.1016/j.jpowsour.2011.07.071,5,18,20310919,3,RF_constrained_rate,0.8,1.0,0.03371126553409631,13,5,2,
10.1016/j.jpowsour.2011.07.071,5,18,20310919,3,RF_constrained_rate,0.9,1.0,0.06247361736003865,13,5,2,
10.1016/j.jpowsour.2011.07.071,5,18,20310919,3,RF_constrained_rate,0.95,1.0,0.12706844360328207,13,5,2,
10.1016/j.jpowsour.2011.07.071,5,18,20310919,4,VFT,0.8,1.0,0.030681619864770804,13,5,2,160.0
10.1016/j.jpowsour.2011.07.071,5,18,20310919,4,VFT,0.9,1.0,0.04452424738576566,13,5,2,160.0
10.1016/j.jpowsour.2011.07.071,5,18,20310919,4,VFT,0.95,1.0,0.11306692058765133,13,5,2,160.0
10.1016/j.jpowsour.2011.07.071,5,18,20310919,5,VFT,0.8,1.0,0.042378310815379905,13,5,2,160.0
10.1016/j.jpowsour.2011.07.071,5,18,20310919,5,VFT,0.9,1.0,0.08385242579793184,13,5,2,160.0
10.1016/j.jpowsour.2011.07.071,5,18,20310919,5,VFT,0.95,1.0,0.15846235643396067,13,5,2,160.0
10.1016/j.jpowsour.2011.07.071,5,19,20310920,3,RF_constrained_rate,0.8,1.0,0.022990604273672055,13,5,2,
10.1016/j.jpowsour.2011.07.071,5,19,20310920,3,RF_constrained_rate,0.9,1.0,0.050978630121315316,13,5,2,
10.1016/j.jpowsour.2011.07.071,5,19,20310920,3,RF_constrained_rate,0.95,1.0,0.08040526955259591,13,5,2,
10.1016/j.jpowsour.2011.07.071,5,19,20310920,4,VFT,0.8,1.0,0.01216016050948876,13,5,2,160.0
10.1016/j.jpowsour.2011.07.071,5,19,20310920,4,VFT,0.9,1.0,0.02013219315169601,13,5,2,160.0
10.1016/j.jpowsour.2011.07.071,5,19,20310920,4,VFT,0.95,1.0,0.03767330979830219,13,5,2,160.0
10.1016/j.jpowsour.2011.07.071,5,19,20310920,5,VFT,0.8,1.0,0.01595460692592543,13,5,2,160.0
10.1016/j.jpowsour.2011.07.071,5,19,20310920,5,VFT,0.9,1.0,0.029228739193906783,13,5,2,160.0
10.1016/j.jpowsour.2011.07.071,5,19,20310920,5,VFT,0.95,1.0,0.041691495135310896,13,5,2,160.0
10.1021/JE020219O,6,0,20320901,3,RF_constrained_rate,0.8,0.9767441860465116,0.03740368791234383,13,5,86,
10.1021/JE020219O,6,0,20320901,3,RF_constrained_rate,0.9,1.0,0.07463902626039998,13,5,86,
10.1021/JE020219O,6,0,20320901,3,RF_constrained_rate,0.95,1.0,0.1266992422690576,13,5,86,
10.1021/JE020219O,6,0,20320901,4,VFT,0.8,0.9883720930232558,0.031910122702544674,13,5,86,160.0
10.1021/JE020219O,6,0,20320901,4,VFT,0.9,1.0,0.04582374607939976,13,5,86,160.0
10.1021/JE020219O,6,0,20320901,4,VFT,0.95,1.0,0.11306692058765133,13,5,86,160.0
10.1021/JE020219O,6,0,20320901,5,VFT,0.8,0.9651162790697675,0.042378310815379905,13,5,86,160.0
10.1021/JE020219O,6,0,20320901,5,VFT,0.9,1.0,0.09561210192813985,13,5,86,160.0
10.1021/JE020219O,6,0,20320901,5,VFT,0.95,1.0,0.1583218915749165,13,5,86,160.0
10.1021/JE020219O,6,1,20320902,3,RF_constrained_rate,0.8,0.9651162790697675,0.02235523700591796,13,5,86,
10.1021/JE020219O,6,1,20320902,3,RF_constrained_rate,0.9,1.0,0.04151134316887606,13,5,86,
10.1021/JE020219O,6,1,20320902,3,RF_constrained_rate,0.95,1.0,0.064714185555375,13,5,86,
10.1021/JE020219O,6,1,20320902,4,VFT,0.8,0.9186046511627907,0.01853487062212343,13,5,86,160.0
10.1021/JE020219O,6,1,20320902,4,VFT,0.9,1.0,0.03835376113667688,13,5,86,160.0
10.1021/JE020219O,6,1,20320902,4,VFT,0.95,1.0,0.11138652237799485,13,5,86,160.0
10.1021/JE020219O,6,1,20320902,5,VFT,0.8,0.7093023255813954,0.012145410024555714,13,5,86,160.0
10.1021/JE020219O,6,1,20320902,5,VFT,0.9,0.8488372093023255,0.026367007083306415,13,5,86,160.0
10.1021/JE020219O,6,1,20320902,5,VFT,0.95,0.9767441860465116,0.04798219301794804,13,5,86,160.0
10.1021/JE020219O,6,2,20320903,3,RF_constrained_rate,0.8,1.0,0.04034408177202442,13,5,86,
10.1021/JE020219O,6,2,20320903,3,RF_constrained_rate,0.9,1.0,0.07438433452173454,13,5,86,
10.1021/JE020219O,6,2,20320903,3,RF_constrained_rate,0.95,1.0,0.13579726578199613,13,5,86,
10.1021/JE020219O,6,2,20320903,4,VFT,0.8,0.9883720930232558,0.03517497870650255,13,5,86,160.0
10.1021/JE020219O,6,2,20320903,4,VFT,0.9,1.0,0.048218726250399246,13,5,86,160.0
10.1021/JE020219O,6,2,20320903,4,VFT,0.95,1.0,0.11549155091832874,13,5,86,160.0
10.1021/JE020219O,6,2,20320903,5,VFT,0.8,0.9883720930232558,0.04891649154210209,13,5,86,160.0
10.1021/JE020219O,6,2,20320903,5,VFT,0.9,1.0,0.09709901565315393,13,5,86,160.0
10.1021/JE020219O,6,2,20320903,5,VFT,0.95,1.0,0.18974015331121485,13,5,86,160.0
10.1021/JE020219O,6,3,20320904,3,RF_constrained_rate,0.8,0.9767441860465116,0.03356815934670543,13,5,86,
10.1021/JE020219O,6,3,20320904,3,RF_constrained_rate,0.9,1.0,0.06411572226468931,13,5,86,
10.1021/JE020219O,6,3,20320904,3,RF_constrained_rate,0.95,1.0,0.20523503284677602,13,5,86,
10.1021/JE020219O,6,3,20320904,4,VFT,0.8,0.9534883720930233,0.024003356250963837,13,5,86,160.0
10.1021/JE020219O,6,3,20320904,4,VFT,0.9,1.0,0.04347374768689094,13,5,86,160.0
10.1021/JE020219O,6,3,20320904,4,VFT,0.95,1.0,0.06006842302125193,13,5,86,160.0
10.1021/JE020219O,6,3,20320904,5,VFT,0.8,0.8953488372093024,0.03064811286598146,13,5,86,160.0
10.1021/JE020219O,6,3,20320904,5,VFT,0.9,1.0,0.08219109819518255,13,5,86,160.0
10.1021/JE020219O,6,3,20320904,5,VFT,0.95,1.0,0.12308743821602615,13,5,86,160.0
10.1021/JE020219O,6,4,20320905,3,RF_constrained_rate,0.8,1.0,0.0451392960549013,13,5,86,
10.1021/JE020219O,6,4,20320905,3,RF_constrained_rate,0.9,1.0,0.09410400521150697,13,5,86,
10.1021/JE020219O,6,4,20320905,3,RF_constrained_rate,0.95,1.0,0.1541311082372252,13,5,86,
10.1021/JE020219O,6,4,20320905,4,VFT,0.8,0.8488372093023255,0.015514815630879308,13,5,86,160.0
10.1021/JE020219O,6,4,20320905,4,VFT,0.9,0.9883720930232558,0.029258485194295414,13,5,86,160.0
10.1021/JE020219O,6,4,20320905,4,VFT,0.95,1.0,0.0399832074181532,13,5,86,160.0
10.1021/JE020219O,6,4,20320905,5,VFT,0.8,0.686046511627907,0.011206263867645117,13,5,86,160.0
10.1021/JE020219O,6,4,20320905,5,VFT,0.9,0.872093023255814,0.027989603997975898,13,5,86,160.0
10.1021/JE020219O,6,4,20320905,5,VFT,0.95,0.9418604651162791,0.03706070328747835,13,5,86,160.0
10.1021/JE020219O,6,5,20320906,3,RF_constrained_rate,0.8,0.9883720930232558,0.027476843559168573,13,5,86,
10.1021/JE020219O,6,5,20320906,3,RF_constrained_rate,0.9,1.0,0.04974847416135453,13,5,86,
10.1021/JE020219O,6,5,20320906,3,RF_constrained_rate,0.95,1.0,0.08919362163195943,13,5,86,
10.1021/JE020219O,6,5,20320906,4,VFT,0.8,0.7906976744186046,0.011410106429717626,13,5,86,160.0
10.1021/JE020219O,6,5,20320906,4,VFT,0.9,0.9883720930232558,0.03191219746019858,13,5,86,160.0
10.1021/JE020219O,6,5,20320906,4,VFT,0.95,1.0,0.04356712791779249,13,5,86,160.0
10.1021/JE020219O,6,5,20320906,5,VFT,0.8,0.6976744186046512,0.011772733827595028,13,5,86,160.0
10.1021/JE020219O,6,5,20320906,5,VFT,0.9,0.8023255813953488,0.021707349453042202,13,5,86,160.0
10.1021/JE020219O,6,5,20320906,5,VFT,0.95,0.8953488372093024,0.03064811286598146,13,5,86,160.0
10.1021/JE020219O,6,6,20320907,3,RF_constrained_rate,0.8,0.8837209302325582,0.021622251773615098,13,5,86,
10.1021/JE020219O,6,6,20320907,3,RF_constrained_rate,0.9,0.9767441860465116,0.039982661789186746,13,5,86,
10.1021/JE020219O,6,6,20320907,3,RF_constrained_rate,0.95,1.0,0.05743053116949559,13,5,86,
10.1021/JE020219O,6,6,20320907,4,VFT,0.8,0.8488372093023255,0.014901578535968296,13,5,86,160.0
10.1021/JE020219O,6,6,20320907,4,VFT,0.9,0.9651162790697675,0.025724672528661285,13,5,86,160.0
10.1021/JE020219O,6,6,20320907,4,VFT,0.95,1.0,0.0399832074181532,13,5,86,160.0
10.1021/JE020219O,6,6,20320907,5,VFT,0.8,0.7790697674418605,0.017420579953974835,13,5,86,160.0
10.1021/JE020219O,6,6,20320907,5,VFT,0.9,0.9186046511627907,0.033473344008164485,13,5,86,160.0
10.1021/JE020219O,6,6,20320907,5,VFT,0.95,0.9767441860465116,0.0470859805824948,13,5,86,160.0
10.1021/JE020219O,6,7,20320908,3,RF_constrained_rate,0.8,1.0,0.03258575330501112,13,5,86,
10.1021/JE020219O,6,7,20320908,3,RF_constrained_rate,0.9,1.0,0.061509568556969985,13,5,86,
10.1021/JE020219O,6,7,20320908,3,RF_constrained_rate,0.95,1.0,0.09554206603387738,13,5,86,
10.1021/JE020219O,6,7,20320908,4,VFT,0.8,0.9883720930232558,0.029554759609419,13,5,86,160.0
10.1021/JE020219O,6,7,20320908,4,VFT,0.9,1.0,0.04452424738576566,13,5,86,160.0
10.1021/JE020219O,6,7,20320908,4,VFT,0.95,1.0,0.11306692058765133,13,5,86,160.0
10.1021/JE020219O,6,7,20320908,5,VFT,0.8,0.9418604651162791,0.037089634335360167,13,5,86,160.0
10.1021/JE020219O,6,7,20320908,5,VFT,0.9,1.0,0.06008196192223059,13,5,86,160.0
10.1021/JE020219O,6,7,20320908,5,VFT,0.95,1.0,0.15344863377312823,13,5,86,160.0
10.1021/JE020219O,6,8,20320909,3,RF_constrained_rate,0.8,0.9883720930232558,0.03235522176613159,13,5,86,
10.1021/JE020219O,6,8,20320909,3,RF_constrained_rate,0.9,1.0,0.059574433058028564,13,5,86,
10.1021/JE020219O,6,8,20320909,3,RF_constrained_rate,0.95,1.0,0.09158341748867627,13,5,86,
10.1021/JE020219O,6,8,20320909,4,VFT,0.8,0.9883720930232558,0.02909690161488987,13,5,86,160.0
10.1021/JE020219O,6,8,20320909,4,VFT,0.9,1.0,0.04364707316042882,13,5,86,160.0
10.1021/JE020219O,6,8,20320909,4,VFT,0.95,1.0,0.11138652237799485,13,5,86,160.0
10.1021/JE020219O,6,8,20320909,5,VFT,0.8,0.9418604651162791,0.03914425879006789,13,5,86,160.0
10.1021/JE020219O,6,8,20320909,5,VFT,0.9,1.0,0.08219109819518255,13,5,86,160.0
10.1021/JE020219O,6,8,20320909,5,VFT,0.95,1.0,0.1583218915749165,13,5,86,160.0
10.1021/JE020219O,6,9,20320910,3,RF_constrained_rate,0.8,0.9767441860465116,0.03762786002029728,13,5,86,
10.1021/JE020219O,6,9,20320910,3,RF_constrained_rate,0.9,1.0,0.07144028658455648,13,5,86,
10.1021/JE020219O,6,9,20320910,3,RF_constrained_rate,0.95,1.0,0.1411632799842728,13,5,86,
10.1021/JE020219O,6,9,20320910,4,VFT,0.8,0.9883720930232558,0.03517497870650255,13,5,86,160.0
10.1021/JE020219O,6,9,20320910,4,VFT,0.9,1.0,0.048218726250399246,13,5,86,160.0
10.1021/JE020219O,6,9,20320910,4,VFT,0.95,1.0,0.11306692058765133,13,5,86,160.0
10.1021/JE020219O,6,9,20320910,5,VFT,0.8,0.9883720930232558,0.04816415878183067,13,5,86,160.0
10.1021/JE020219O,6,9,20320910,5,VFT,0.9,1.0,0.09596449319696343,13,5,86,160.0
10.1021/JE020219O,6,9,20320910,5,VFT,0.95,1.0,0.15846235643396067,13,5,86,160.0
10.1021/JE020219O,6,10,20320911,3,RF_constrained_rate,0.8,1.0,0.026399795532555004,13,5,86,
10.1021/JE020219O,6,10,20320911,3,RF_constrained_rate,0.9,1.0,0.03295219173627384,13,5,86,
10.1021/JE020219O,6,10,20320911,3,RF_constrained_rate,0.95,1.0,0.04600354300039622,13,5,86,
10.1021/JE020219O,6,10,20320911,4,VFT,0.8,0.7325581395348837,0.008825482761495085,13,5,86,160.0
10.1021/JE020219O,6,10,20320911,4,VFT,0.9,0.9186046511627907,0.018536058761896124,13,5,86,160.0
10.1021/JE020219O,6,10,20320911,4,VFT,0.95,0.9534883720930233,0.02380587033360948,13,5,86,160.0
10.1021/JE020219O,6,10,20320911,5,VFT,0.8,0.7325581395348837,0.013493220234892522,13,5,86,160.0
10.1021/JE020219O,6,10,20320911,5,VFT,0.9,0.8372093023255814,0.023691607950914406,13,5,86,160.0
10.1021/JE020219O,6,10,20320911,5,VFT,0.95,0.8837209302325582,0.029079380188149706,13,5,86,160.0
10.1021/JE020219O,6,11,20320912,3,RF_constrained_rate,0.8,1.0,0.03803448220680483,13,5,86,
10.1021/JE020219O,6,11,20320912,3,RF_constrained_rate,0.9,1.0,0.06414201043193324,13,5,86,
10.1021/JE020219O,6,11,20320912,3,RF_constrained_rate,0.95,1.0,0.10775252572842797,13,5,86,
10.1021/JE020219O,6,11,20320912,4,VFT,0.8,0.9883720930232558,0.029975290160623835,13,5,86,160.0
10.1021/JE020219O,6,11,20320912,4,VFT,0.9,1.0,0.04582374607939976,13,5,86,160.0
10.1021/JE020219O,6,11,20320912,4,VFT,0.95,1.0,0.11306692058765133,13,5,86,160.0
10.1021/JE020219O,6,11,20320912,5,VFT,0.8,0.9651162790697675,0.04039333642918996,13,5,86,160.0
10.1021/JE020219O,6,11,20320912,5,VFT,0.9,1.0,0.08219109819518255,13,5,86,160.0
10.1021/JE020219O,6,11,20320912,5,VFT,0.95,1.0,0.1583218915749165,13,5,86,160.0
10.1021/JE020219O,6,12,20320913,3,RF_constrained_rate,0.8,1.0,0.03910941943656182,13,5,86,
10.1021/JE020219O,6,12,20320913,3,RF_constrained_rate,0.9,1.0,0.07596755589235205,13,5,86,
10.1021/JE020219O,6,12,20320913,3,RF_constrained_rate,0.95,1.0,0.1328644564121042,13,5,86,
10.1021/JE020219O,6,12,20320913,4,VFT,0.8,0.9302325581395349,0.019932060822314135,13,5,86,160.0
10.1021/JE020219O,6,12,20320913,4,VFT,0.9,0.9883720930232558,0.031493847794873187,13,5,86,160.0
10.1021/JE020219O,6,12,20320913,4,VFT,0.95,1.0,0.05753471262765952,13,5,86,160.0
10.1021/JE020219O,6,12,20320913,5,VFT,0.8,0.8023255813953488,0.022169293366081977,13,5,86,160.0
10.1021/JE020219O,6,12,20320913,5,VFT,0.9,0.9418604651162791,0.03706070328747835,13,5,86,160.0
10.1021/JE020219O,6,12,20320913,5,VFT,0.95,0.9767441860465116,0.04798219301794804,13,5,86,160.0
10.1021/JE020219O,6,13,20320914,3,RF_constrained_rate,0.8,0.872093023255814,0.01771093688218406,13,5,86,
10.1021/JE020219O,6,13,20320914,3,RF_constrained_rate,0.9,0.9883720930232558,0.027012675516895346,13,5,86,
10.1021/JE020219O,6,13,20320914,3,RF_constrained_rate,0.95,1.0,0.058270553222434796,13,5,86,
10.1021/JE020219O,6,13,20320914,4,VFT,0.8,0.7790697674418605,0.011105067430398297,13,5,86,160.0
10.1021/JE020219O,6,13,20320914,4,VFT,0.9,0.8953488372093024,0.01760072234438148,13,5,86,160.0
10.1021/JE020219O,6,13,20320914,4,VFT,0.95,0.9883720930232558,0.03053396749180659,13,5,86,160.0
10.1021/JE020219O,6,13,20320914,5,VFT,0.8,0.7093023255813954,0.012716172150281979,13,5,86,160.0
10.1021/JE020219O,6,13,20320914,5,VFT,0.9,0.7790697674418605,0.02001640450486275,13,5,86,160.0
10.1021/JE020219O,6,13,20320914,5,VFT,0.95,0.9418604651162791,0.03778746858675941,13,5,86,160.0
10.1021/JE020219O,6,14,20320915,3,RF_constrained_rate,0.8,1.0,0.04377019711636021,13,5,86,
10.1021/JE020219O,6,14,20320915,3,RF_constrained_rate,0.9,1.0,0.0968987567539843,13,5,86,
10.1021/JE020219O,6,14,20320915,3,RF_constrained_rate,0.95,1.0,0.15495791376393753,13,5,86,
10.1021/JE020219O,6,14,20320915,4,VFT,0.8,0.9883720930232558,0.029554759609419,13,5,86,160.0
10.1021/JE020219O,6,14,20320915,4,VFT,0.9,1.0,0.04452424738576566,13,5,86,160.0
10.1021/JE020219O,6,14,20320915,4,VFT,0.95,1.0,0.11306692058765133,13,5,86,160.0
10.1021/JE020219O,6,14,20320915,5,VFT,0.8,0.9651162790697675,0.041650860387205224,13,5,86,160.0
10.1021/JE020219O,6,14,20320915,5,VFT,0.9,1.0,0.06256013068903465,13,5,86,160.0
10.1021/JE020219O,6,14,20320915,5,VFT,0.95,1.0,0.1583218915749165,13,5,86,160.0
10.1021/JE020219O,6,15,20320916,3,RF_constrained_rate,0.8,0.9651162790697675,0.024846115006302183,13,5,86,
10.1021/JE020219O,6,15,20320916,3,RF_constrained_rate,0.9,1.0,0.055460184296958204,13,5,86,
10.1021/JE020219O,6,15,20320916,3,RF_constrained_rate,0.95,1.0,0.12515248599499662,13,5,86,
10.1021/JE020219O,6,15,20320916,4,VFT,0.8,0.7674418604651163,0.009886633974446113,13,5,86,160.0
10.1021/JE020219O,6,15,20320916,4,VFT,0.9,0.9302325581395349,0.019932060822314135,13,5,86,160.0
10.1021/JE020219O,6,15,20320916,4,VFT,0.95,1.0,0.04356712791779249,13,5,86,160.0
10.1021/JE020219O,6,15,20320916,5,VFT,0.8,0.686046511627907,0.011092056597729938,13,5,86,160.0
10.1021/JE020219O,6,15,20320916,5,VFT,0.9,0.7325581395348837,0.013429178925343122,13,5,86,160.0
10.1021/JE020219O,6,15,20320916,5,VFT,0.95,0.9418604651162791,0.03706070328747835,13,5,86,160.0
10.1021/JE020219O,6,16,20320917,3,RF_constrained_rate,0.8,1.0,0.03823945971658582,13,5,86,
10.1021/JE020219O,6,16,20320917,3,RF_constrained_rate,0.9,1.0,0.06485663417974186,13,5,86,
10.1021/JE020219O,6,16,20320917,3,RF_constrained_rate,0.95,1.0,0.1284043809770039,13,5,86,
10.1021/JE020219O,6,16,20320917,4,VFT,0.8,0.9883720930232558,0.031910122702544674,13,5,86,160.0
10.1021/JE020219O,6,16,20320917,4,VFT,0.9,1.0,0.048218726250399246,13,5,86,160.0
10.1021/JE020219O,6,16,20320917,4,VFT,0.95,1.0,0.11306692058765133,13,5,86,160.0
10.1021/JE020219O,6,16,20320917,5,VFT,0.8,0.9651162790697675,0.042798514750826744,13,5,86,160.0
10.1021/JE020219O,6,16,20320917,5,VFT,0.9,1.0,0.09596449319696343,13,5,86,160.0
10.1021/JE020219O,6,16,20320917,5,VFT,0.95,1.0,0.15846235643396067,13,5,86,160.0
10.1021/JE020219O,6,17,20320918,3,RF_constrained_rate,0.8,1.0,0.03817479963687698,13,5,86,
10.1021/JE020219O,6,17,20320918,3,RF_constrained_rate,0.9,1.0,0.07776305864367172,13,5,86,
10.1021/JE020219O,6,17,20320918,3,RF_constrained_rate,0.95,1.0,0.12789059783970957,13,5,86,
10.1021/JE020219O,6,17,20320918,4,VFT,0.8,0.9302325581395349,0.019932060822314135,13,5,86,160.0
10.1021/JE020219O,6,17,20320918,4,VFT,0.9,0.9883720930232558,0.029258485194295414,13,5,86,160.0
10.1021/JE020219O,6,17,20320918,4,VFT,0.95,1.0,0.05077004901954063,13,5,86,160.0
10.1021/JE020219O,6,17,20320918,5,VFT,0.8,0.7790697674418605,0.017789624292424255,13,5,86,160.0
10.1021/JE020219O,6,17,20320918,5,VFT,0.9,0.9069767441860465,0.030917611670433276,13,5,86,160.0
10.1021/JE020219O,6,17,20320918,5,VFT,0.95,0.9651162790697675,0.04549111290473151,13,5,86,160.0
10.1021/JE020219O,6,18,20320919,3,RF_constrained_rate,0.8,1.0,0.03808028590964696,13,5,86,
10.1021/JE020219O,6,18,20320919,3,RF_constrained_rate,0.9,1.0,0.04785659052381663,13,5,86,
10.1021/JE020219O,6,18,20320919,3,RF_constrained_rate,0.95,1.0,0.06416640578915156,13,5,86,
10.1021/JE020219O,6,18,20320919,4,VFT,0.8,0.9767441860465116,0.02667892904308311,13,5,86,160.0
10.1021/JE020219O,6,18,20320919,4,VFT,0.9,1.0,0.04877040765791185,13,5,86,160.0
10.1021/JE020219O,6,18,20320919,4,VFT,0.95,1.0,0.12548363916996264,13,5,86,160.0
10.1021/JE020219O,6,18,20320919,5,VFT,0.8,0.9069767441860465,0.030917611670433276,13,5,86,160.0
10.1021/JE020219O,6,18,20320919,5,VFT,0.9,1.0,0.05457827347848965,13,5,86,160.0
10.1021/JE020219O,6,18,20320919,5,VFT,0.95,1.0,0.08219109819518255,13,5,86,160.0
10.1021/JE020219O,6,19,20320920,3,RF_constrained_rate,0.8,0.9767441860465116,0.029269558865917755,13,5,86,
10.1021/JE020219O,6,19,20320920,3,RF_constrained_rate,0.9,1.0,0.044416517762029706,13,5,86,
10.1021/JE020219O,6,19,20320920,3,RF_constrained_rate,0.95,1.0,0.07507917832299515,13,5,86,
10.1021/JE020219O,6,19,20320920,4,VFT,0.8,0.9302325581395349,0.020813324466481653,13,5,86,160.0
10.1021/JE020219O,6,19,20320920,4,VFT,0.9,0.9883720930232558,0.03619613024973578,13,5,86,160.0
10.1021/JE020219O,6,19,20320920,4,VFT,0.95,1.0,0.06138933596941154,13,5,86,160.0
10.1021/JE020219O,6,19,20320920,5,VFT,0.8,0.8837209302325582,0.030591109260954763,13,5,86,160.0
10.1021/JE020219O,6,19,20320920,5,VFT,0.9,0.9883720930232558,0.04891649154210209,13,5,86,160.0
10.1021/JE020219O,6,19,20320920,5,VFT,0.95,1.0,0.09596449319696343,13,5,86,160.0
10.1021/je0498863,7,0,20330901,3,RF_constrained_rate,0.8,0.9318181818181818,0.023632539998629576,13,5,44,
10.1021/je0498863,7,0,20330901,3,RF_constrained_rate,0.9,0.9545454545454546,0.04543527691758742,13,5,44,
10.1021/je0498863,7,0,20330901,3,RF_constrained_rate,0.95,0.9772727272727273,0.08464476390439035,13,5,44,
10.1021/je0498863,7,0,20330901,4,VFT,0.8,0.9285714285714286,0.02013219315169601,13,5,42,160.0
10.1021/je0498863,7,0,20330901,4,VFT,0.9,0.9523809523809523,0.03619613024973578,13,5,42,160.0
10.1021/je0498863,7,0,20330901,4,VFT,0.95,0.9761904761904762,0.0493823421583226,13,5,42,160.0
10.1021/je0498863,7,0,20330901,5,VFT,0.8,1.0,0.030591109260954763,13,5,38,160.0
10.1021/je0498863,7,0,20330901,5,VFT,0.9,1.0,0.04967893511141064,13,5,38,160.0
10.1021/je0498863,7,0,20330901,5,VFT,0.95,1.0,0.09709901565315393,13,5,38,160.0
10.1021/je0498863,7,1,20330902,3,RF_constrained_rate,0.8,0.9545454545454546,0.06017960830532321,13,5,44,
10.1021/je0498863,7,1,20330902,3,RF_constrained_rate,0.9,0.9545454545454546,0.08768625944732555,13,5,44,
10.1021/je0498863,7,1,20330902,3,RF_constrained_rate,0.95,1.0,0.16535575216179943,13,5,44,
10.1021/je0498863,7,1,20330902,4,VFT,0.8,0.9285714285714286,0.029258485194295414,13,5,42,160.0
10.1021/je0498863,7,1,20330902,4,VFT,0.9,0.9523809523809523,0.0399832074181532,13,5,42,160.0
10.1021/je0498863,7,1,20330902,4,VFT,0.95,0.9761904761904762,0.05753471262765952,13,5,42,160.0
10.1021/je0498863,7,1,20330902,5,VFT,0.8,1.0,0.029079380188149706,13,5,38,160.0
10.1021/je0498863,7,1,20330902,5,VFT,0.9,1.0,0.0463465458664134,13,5,38,160.0
10.1021/je0498863,7,1,20330902,5,VFT,0.95,1.0,0.08219109819518255,13,5,38,160.0
10.1021/je0498863,7,2,20330903,3,RF_constrained_rate,0.8,0.9318181818181818,0.031433321597347685,13,5,44,
10.1021/je0498863,7,2,20330903,3,RF_constrained_rate,0.9,0.9545454545454546,0.07102967845128871,13,5,44,
10.1021/je0498863,7,2,20330903,3,RF_constrained_rate,0.95,0.9772727272727273,0.11815486402981512,13,5,44,
10.1021/je0498863,7,2,20330903,4,VFT,0.8,0.9285714285714286,0.02380587033360948,13,5,42,160.0
10.1021/je0498863,7,2,20330903,4,VFT,0.9,0.9523809523809523,0.03985633345748263,13,5,42,160.0
10.1021/je0498863,7,2,20330903,4,VFT,0.95,0.9761904761904762,0.10458124759694794,13,5,42,160.0
10.1021/je0498863,7,2,20330903,5,VFT,0.8,1.0,0.023754194476726997,13,5,38,160.0
10.1021/je0498863,7,2,20330903,5,VFT,0.9,1.0,0.033473344008164485,13,5,38,160.0
10.1021/je0498863,7,2,20330903,5,VFT,0.95,1.0,0.0625822775074083,13,5,38,160.0
10.1021/je0498863,7,3,20330904,3,RF_constrained_rate,0.8,0.9318181818181818,0.026853603487383637,13,5,44,
10.1021/je0498863,7,3,20330904,3,RF_constrained_rate,0.9,0.9318181818181818,0.035212618739173696,13,5,44,
10.1021/je0498863,7,3,20330904,3,RF_constrained_rate,0.95,1.0,0.14121521363341438,13,5,44,
10.1021/je0498863,7,3,20330904,4,VFT,0.8,0.8571428571428571,0.010058653241119098,13,5,42,160.0
10.1021/je0498863,7,3,20330904,4,VFT,0.9,0.9285714285714286,0.016283812834659184,13,5,42,160.0
10.1021/je0498863,7,3,20330904,4,VFT,0.95,0.9285714285714286,0.019932060822314135,13,5,42,160.0
10.1021/je0498863,7,3,20330904,5,VFT,0.8,0.9736842105263158,0.01591981849089974,13,5,38,160.0
10.1021/je0498863,7,3,20330904,5,VFT,0.9,1.0,0.026367007083306415,13,5,38,160.0
10.1021/je0498863,7,3,20330904,5,VFT,0.95,1.0,0.09561210192813985,13,5,38,160.0
10.1021/je0498863,7,4,20330905,3,RF_constrained_rate,0.8,0.8409090909090909,0.01349503078155645,13,5,44,
10.1021/je0498863,7,4,20330905,3,RF_constrained_rate,0.9,0.9318181818181818,0.023995865764745883,13,5,44,
10.1021/je0498863,7,4,20330905,3,RF_constrained_rate,0.95,0.9545454545454546,0.031091979751042054,13,5,44,
10.1021/je0498863,7,4,20330905,4,VFT,0.8,0.8571428571428571,0.010000704151909234,13,5,42,160.0
10.1021/je0498863,7,4,20330905,4,VFT,0.9,0.9285714285714286,0.015455373406512152,13,5,42,160.0
10.1021/je0498863,7,4,20330905,4,VFT,0.95,0.9285714285714286,0.02380587033360948,13,5,42,160.0
10.1021/je0498863,7,4,20330905,5,VFT,0.8,0.9473684210526315,0.013514790759380224,13,5,38,160.0
10.1021/je0498863,7,4,20330905,5,VFT,0.9,1.0,0.02249442757717901,13,5,38,160.0
10.1021/je0498863,7,4,20330905,5,VFT,0.95,1.0,0.03487732651105224,13,5,38,160.0
10.1021/je0498863,7,5,20330906,3,RF_constrained_rate,0.8,0.9090909090909091,0.01905568396485724,13,5,44,
10.1021/je0498863,7,5,20330906,3,RF_constrained_rate,0.9,0.9318181818181818,0.02797115071780798,13,5,44,
10.1021/je0498863,7,5,20330906,3,RF_constrained_rate,0.95,0.9318181818181818,0.05399007547692691,13,5,44,
10.1021/je0498863,7,5,20330906,4,VFT,0.8,0.9285714285714286,0.014828757304767626,13,5,42,160.0
10.1021/je0498863,7,5,20330906,4,VFT,0.9,0.9285714285714286,0.019932060822314135,13,5,42,160.0
10.1021/je0498863,7,5,20330906,4,VFT,0.95,0.9285714285714286,0.028498997405443927,13,5,42,160.0
10.1021/je0498863,7,5,20330906,5,VFT,0.8,1.0,0.022441682082510184,13,5,38,160.0
10.1021/je0498863,7,5,20330906,5,VFT,0.9,1.0,0.033670672924512424,13,5,38,160.0
10.1021/je0498863,7,5,20330906,5,VFT,0.95,1.0,0.04812173203720116,13,5,38,160.0
10.1021/je0498863,7,6,20330907,3,RF_constrained_rate,0.8,0.9318181818181818,0.03181109049880648,13,5,44,
10.1021/je0498863,7,6,20330907,3,RF_constrained_rate,0.9,0.9545454545454546,0.07046999250193897,13,5,44,
10.1021/je0498863,7,6,20330907,3,RF_constrained_rate,0.95,1.0,0.12796678915282866,13,5,44,
10.1021/je0498863,7,6,20330907,4,VFT,0.8,0.9285714285714286,0.029975290160623835,13,5,42,160.0
10.1021/je0498863,7,6,20330907,4,VFT,0.9,0.9761904761904762,0.04364707316042882,13,5,42,160.0
10.1021/je0498863,7,6,20330907,4,VFT,0.95,0.9761904761904762,0.10458124759694794,13,5,42,160.0
10.1021/je0498863,7,6,20330907,5,VFT,0.8,1.0,0.041658123601776786,13,5,38,160.0
10.1021/je0498863,7,6,20330907,5,VFT,0.9,1.0,0.08385242579793184,13,5,38,160.0
10.1021/je0498863,7,6,20330907,5,VFT,0.95,1.0,0.1583218915749165,13,5,38,160.0
10.1021/je0498863,7,7,20330908,3,RF_constrained_rate,0.8,0.9090909090909091,0.018497802894666737,13,5,44,
10.1021/je0498863,7,7,20330908,3,RF_constrained_rate,0.9,0.9318181818181818,0.03503045020276563,13,5,44,
10.1021/je0498863,7,7,20330908,3,RF_constrained_rate,0.95,0.9545454545454546,0.06999066830945089,13,5,44,
10.1021/je0498863,7,7,20330908,4,VFT,0.8,0.9285714285714286,0.014138521115230063,13,5,42,160.0
10.1021/je0498863,7,7,20330908,4,VFT,0.9,0.9285714285714286,0.024003356250963837,13,5,42,160.0
10.1021/je0498863,7,7,20330908,4,VFT,0.95,0.9523809523809523,0.03985633345748263,13,5,42,160.0
10.1021/je0498863,7,7,20330908,5,VFT,0.8,1.0,0.016485231341353712,13,5,38,160.0
10.1021/je0498863,7,7,20330908,5,VFT,0.9,1.0,0.033473344008164485,13,5,38,160.0
10.1021/je0498863,7,7,20330908,5,VFT,0.95,1.0,0.0470859805824948,13,5,38,160.0
10.1021/je0498863,7,8,20330909,3,RF_constrained_rate,0.8,0.8181818181818182,0.012300009403255707,13,5,44,
10.1021/je0498863,7,8,20330909,3,RF_constrained_rate,0.9,0.9090909090909091,0.02142364207416647,13,5,44,
10.1021/je0498863,7,8,20330909,3,RF_constrained_rate,0.95,0.9318181818181818,0.027655035033471664,13,5,44,
10.1021/je0498863,7,8,20330909,4,VFT,0.8,0.9285714285714286,0.013849840647325529,13,5,42,160.0
10.1021/je0498863,7,8,20330909,4,VFT,0.9,0.9285714285714286,0.018536058761896124,13,5,42,160.0
10.1021/je0498863,7,8,20330909,4,VFT,0.95,0.9285714285714286,0.028498997405443927,13,5,42,160.0
10.1021/je0498863,7,8,20330909,5,VFT,0.8,1.0,0.01812318141920244,13,5,38,160.0
10.1021/je0498863,7,8,20330909,5,VFT,0.9,1.0,0.03066075653620337,13,5,38,160.0
10.1021/je0498863,7,8,20330909,5,VFT,0.95,1.0,0.046388142144178746,13,5,38,160.0
10.1021/je0498863,7,9,20330910,3,RF_constrained_rate,0.8,0.8181818181818182,0.01250795090451895,13,5,44,
10.1021/je0498863,7,9,20330910,3,RF_constrained_rate,0.9,0.9318181818181818,0.020798469101307226,13,5,44,
10.1021/je0498863,7,9,20330910,3,RF_constrained_rate,0.95,0.9545454545454546,0.028944935724211973,13,5,44,
10.1021/je0498863,7,9,20330910,4,VFT,0.8,0.8571428571428571,0.009963967961625464,13,5,42,160.0
10.1021/je0498863,7,9,20330910,4,VFT,0.9,0.9285714285714286,0.015455373406512152,13,5,42,160.0
10.1021/je0498863,7,9,20330910,4,VFT,0.95,0.9285714285714286,0.02380587033360948,13,5,42,160.0
10.1021/je0498863,7,9,20330910,5,VFT,0.8,0.9736842105263158,0.014371174860492886,13,5,38,160.0
10.1021/je0498863,7,9,20330910,5,VFT,0.9,1.0,0.02249442757717901,13,5,38,160.0
10.1021/je0498863,7,9,20330910,5,VFT,0.95,1.0,0.03487732651105224,13,5,38,160.0
10.1021/je0498863,7,10,20330911,3,RF_constrained_rate,0.8,0.9545454545454546,0.036056759941108296,13,5,44,
10.1021/je0498863,7,10,20330911,3,RF_constrained_rate,0.9,0.9545454545454546,0.06997686072695553,13,5,44,
10.1021/je0498863,7,10,20330911,3,RF_constrained_rate,0.95,0.9545454545454546,0.08474198684279743,13,5,44,
10.1021/je0498863,7,10,20330911,4,VFT,0.8,0.9285714285714286,0.021741554007395747,13,5,42,160.0
10.1021/je0498863,7,10,20330911,4,VFT,0.9,0.9523809523809523,0.03767330979830219,13,5,42,160.0
10.1021/je0498863,7,10,20330911,4,VFT,0.95,0.9761904761904762,0.10470196762770057,13,5,42,160.0
10.1021/je0498863,7,10,20330911,5,VFT,0.8,1.0,0.027989603997975898,13,5,38,160.0
10.1021/je0498863,7,10,20330911,5,VFT,0.9,1.0,0.035490361681855695,13,5,38,160.0
10.1021/je0498863,7,10,20330911,5,VFT,0.95,1.0,0.04798219301794804,13,5,38,160.0
10.1021/je0498863,7,11,20330912,3,RF_constrained_rate,0.8,0.9318181818181818,0.02493796376660784,13,5,44,
10.1021/je0498863,7,11,20330912,3,RF_constrained_rate,0.9,0.9318181818181818,0.053326557102053584,13,5,44,
10.1021/je0498863,7,11,20330912,3,RF_constrained_rate,0.95,1.0,0.09497100459448804,13,5,44,
10.1021/je0498863,7,11,20330912,4,VFT,0.8,0.9285714285714286,0.023608387082705518,13,5,42,160.0
10.1021/je0498863,7,11,20330912,4,VFT,0.9,0.9523809523809523,0.037010623143703736,13,5,42,160.0
10.1021/je0498863,7,11,20330912,4,VFT,0.95,0.9761904761904762,0.05753471262765952,13,5,42,160.0
10.1021/je0498863,7,11,20330912,5,VFT,0.8,1.0,0.03267177231802032,13,5,38,160.0
10.1021/je0498863,7,11,20330912,5,VFT,0.9,1.0,0.05177770795355263,13,5,38,160.0
10.1021/je0498863,7,11,20330912,5,VFT,0.95,1.0,0.10399238743327266,13,5,38,160.0
10.1021/je0498863,7,12,20330913,3,RF_constrained_rate,0.8,0.9318181818181818,0.03797150713506925,13,5,44,
10.1021/je0498863,7,12,20330913,3,RF_constrained_rate,0.9,0.9772727272727273,0.06898536370184516,13,5,44,
10.1021/je0498863,7,12,20330913,3,RF_constrained_rate,0.95,1.0,0.11666669996033052,13,5,44,
10.1021/je0498863,7,12,20330913,4,VFT,0.8,0.9523809523809523,0.032432917591198596,13,5,42,160.0
10.1021/je0498863,7,12,20330913,4,VFT,0.9,0.9761904761904762,0.048218726250399246,13,5,42,160.0
10.1021/je0498863,7,12,20330913,4,VFT,0.95,1.0,0.11549155091832874,13,5,42,160.0
10.1021/je0498863,7,12,20330913,5,VFT,0.8,1.0,0.042798514750826744,13,5,38,160.0
10.1021/je0498863,7,12,20330913,5,VFT,0.9,1.0,0.09596449319696343,13,5,38,160.0
10.1021/je0498863,7,12,20330913,5,VFT,0.95,1.0,0.15846235643396067,13,5,38,160.0
10.1021/je0498863,7,13,20330914,3,RF_constrained_rate,0.8,0.9318181818181818,0.026545925516283375,13,5,44,
10.1021/je0498863,7,13,20330914,3,RF_constrained_rate,0.9,0.9545454545454546,0.06616590810072598,13,5,44,
10.1021/je0498863,7,13,20330914,3,RF_constrained_rate,0.95,0.9545454545454546,0.08283151737921823,13,5,44,
10.1021/je0498863,7,13,20330914,4,VFT,0.8,0.9285714285714286,0.033588643510082505,13,5,42,170.0
10.1021/je0498863,7,13,20330914,4,VFT,0.9,0.9285714285714286,0.04987770320201057,13,5,42,170.0
10.1021/je0498863,7,13,20330914,4,VFT,0.95,0.9285714285714286,0.06156867263753707,13,5,42,170.0
10.1021/je0498863,7,13,20330914,5,VFT,0.8,0.9736842105263158,0.035117730598775765,13,5,38,170.0
10.1021/je0498863,7,13,20330914,5,VFT,0.9,1.0,0.057574000159819505,13,5,38,170.0
10.1021/je0498863,7,13,20330914,5,VFT,0.95,1.0,0.07130958811619381,13,5,38,170.0
10.1021/je0498863,7,14,20330915,3,RF_constrained_rate,0.8,0.9318181818181818,0.02670618517546841,13,5,44,
10.1021/je0498863,7,14,20330915,3,RF_constrained_rate,0.9,0.9318181818181818,0.036873159998513705,13,5,44,
10.1021/je0498863,7,14,20330915,3,RF_constrained_rate,0.95,0.9772727272727273,0.06343934464778345,13,5,44,
10.1021/je0498863,7,14,20330915,4,VFT,0.8,0.9285714285714286,0.01760072234438148,13,5,42,160.0
10.1021/je0498863,7,14,20330915,4,VFT,0.9,0.9285714285714286,0.03052269747205072,13,5,42,160.0
10.1021/je0498863,7,14,20330915,4,VFT,0.95,0.9761904761904762,0.04452424738576566,13,5,42,160.0
10.1021/je0498863,7,14,20330915,5,VFT,0.8,1.0,0.026956438200738564,13,5,38,160.0
10.1021/je0498863,7,14,20330915,5,VFT,0.9,1.0,0.042798514750826744,13,5,38,160.0
10.1021/je0498863,7,14,20330915,5,VFT,0.95,1.0,0.06256013068903465,13,5,38,160.0
10.1021/je0498863,7,15,20330916,3,RF_constrained_rate,0.8,0.9318181818181818,0.03848433137702445,13,5,44,
10.1021/je0498863,7,15,20330916,3,RF_constrained_rate,0.9,0.9545454545454546,0.07140628637986768,13,5,44,
10.1021/je0498863,7,15,20330916,3,RF_constrained_rate,0.95,1.0,0.1723696426978143,13,5,44,
10.1021/je0498863,7,15,20330916,4,VFT,0.8,0.9285714285714286,0.03175732477140514,13,5,42,160.0
10.1021/je0498863,7,15,20330916,4,VFT,0.9,0.9761904761904762,0.04452424738576566,13,5,42,160.0
10.1021/je0498863,7,15,20330916,4,VFT,0.95,1.0,0.11306692058765133,13,5,42,160.0
10.1021/je0498863,7,15,20330916,5,VFT,0.8,1.0,0.042378310815379905,13,5,38,160.0
10.1021/je0498863,7,15,20330916,5,VFT,0.9,1.0,0.08385242579793184,13,5,38,160.0
10.1021/je0498863,7,15,20330916,5,VFT,0.95,1.0,0.1583218915749165,13,5,38,160.0
10.1021/je0498863,7,16,20330917,3,RF_constrained_rate,0.8,0.9318181818181818,0.03166053401668112,13,5,44,
10.1021/je0498863,7,16,20330917,3,RF_constrained_rate,0.9,0.9545454545454546,0.06420799363838858,13,5,44,
10.1021/je0498863,7,16,20330917,3,RF_constrained_rate,0.95,1.0,0.12828369290489805,13,5,44,
10.1021/je0498863,7,16,20330917,4,VFT,0.8,0.9523809523809523,0.03517497870650255,13,5,42,160.0
10.1021/je0498863,7,16,20330917,4,VFT,0.9,0.9761904761904762,0.0493823421583226,13,5,42,160.0
10.1021/je0498863,7,16,20330917,4,VFT,0.95,1.0,0.11549155091832874,13,5,42,160.0
10.1021/je0498863,7,16,20330917,5,VFT,0.8,1.0,0.05177770795355263,13,5,38,160.0
10.1021/je0498863,7,16,20330917,5,VFT,0.9,1.0,0.09709901565315393,13,5,38,160.0
10.1021/je0498863,7,16,20330917,5,VFT,0.95,1.0,0.18974015331121485,13,5,38,160.0
10.1021/je0498863,7,17,20330918,3,RF_constrained_rate,0.8,0.9545454545454546,0.06019877075009972,13,5,44,
10.1021/je0498863,7,17,20330918,3,RF_constrained_rate,0.9,0.9545454545454546,0.08275409835110348,13,5,44,
10.1021/je0498863,7,17,20330918,3,RF_constrained_rate,0.95,0.9772727272727273,0.15893573589858923,13,5,44,
10.1021/je0498863,7,17,20330918,4,VFT,0.8,0.9285714285714286,0.029596777293295684,13,5,42,160.0
10.1021/je0498863,7,17,20330918,4,VFT,0.9,0.9523809523809523,0.0399832074181532,13,5,42,160.0
10.1021/je0498863,7,17,20330918,4,VFT,0.95,0.9761904761904762,0.10458124759694794,13,5,42,160.0
10.1021/je0498863,7,17,20330918,5,VFT,0.8,1.0,0.023754194476726997,13,5,38,160.0
10.1021/je0498863,7,17,20330918,5,VFT,0.9,1.0,0.04816415878183067,13,5,38,160.0
10.1021/je0498863,7,17,20330918,5,VFT,0.95,1.0,0.12308743821602615,13,5,38,160.0
10.1021/je0498863,7,18,20330919,3,RF_constrained_rate,0.8,0.9318181818181818,0.030527039218347096,13,5,44,
10.1021/je0498863,7,18,20330919,3,RF_constrained_rate,0.9,0.9545454545454546,0.06857276055491757,13,5,44,
10.1021/je0498863,7,18,20330919,3,RF_constrained_rate,0.95,0.9545454545454546,0.09468904508972553,13,5,44,
10.1021/je0498863,7,18,20330919,4,VFT,0.8,0.9285714285714286,0.025175163415161572,13,5,42,160.0
10.1021/je0498863,7,18,20330919,4,VFT,0.9,0.9523809523809523,0.04347374768689094,13,5,42,160.0
10.1021/je0498863,7,18,20330919,4,VFT,0.95,0.9761904761904762,0.10470196762770057,13,5,42,160.0
10.1021/je0498863,7,18,20330919,5,VFT,0.8,1.0,0.030917611670433276,13,5,38,160.0
10.1021/je0498863,7,18,20330919,5,VFT,0.9,1.0,0.04816415878183067,13,5,38,160.0
10.1021/je0498863,7,18,20330919,5,VFT,0.95,1.0,0.09561210192813985,13,5,38,160.0
10.1021/je0498863,7,19,20330920,3,RF_constrained_rate,0.8,0.9318181818181818,0.02429697342953463,13,5,44,
10.1021/je0498863,7,19,20330920,3,RF_constrained_rate,0.9,0.9545454545454546,0.04630490252876118,13,5,44,
10.1021/je0498863,7,19,20330920,3,RF_constrained_rate,0.95,0.9772727272727273,0.08061028734211062,13,5,44,
10.1021/je0498863,7,19,20330920,4,VFT,0.8,0.9285714285714286,0.02013219315169601,13,5,42,160.0
10.1021/je0498863,7,19,20330920,4,VFT,0.9,0.9523809523809523,0.03619613024973578,13,5,42,160.0
10.1021/je0498863,7,19,20330920,4,VFT,0.95,0.9761904761904762,0.0493823421583226,13,5,42,160.0
10.1021/je0498863,7,19,20330920,5,VFT,0.8,1.0,0.030591109260954763,13,5,38,160.0
10.1021/je0498863,7,19,20330920,5,VFT,0.9,1.0,0.04967893511141064,13,5,38,160.0
10.1021/je0498863,7,19,20330920,5,VFT,0.95,1.0,0.09709901565315393,13,5,38,160.0
10.1149/1.1344281,8,0,20340901,3,RF_constrained_rate,0.8,0.08333333333333333,0.01850696359184245,13,5,12,
10.1149/1.1344281,8,0,20340901,3,RF_constrained_rate,0.9,0.9166666666666666,0.044862736918436674,13,5,12,
10.1149/1.1344281,8,0,20340901,3,RF_constrained_rate,0.95,1.0,0.06409621163262247,13,5,12,
10.1149/1.1344281,8,0,20340901,4,VFT,0.8,0.6666666666666666,0.014183444562295477,13,5,12,160.0
10.1149/1.1344281,8,0,20340901,4,VFT,0.9,0.8333333333333334,0.022286176104157285,13,5,12,160.0
10.1149/1.1344281,8,0,20340901,4,VFT,0.95,1.0,0.029596777293295684,13,5,12,160.0
10.1149/1.1344281,8,0,20340901,5,VFT,0.8,0.75,0.020031271680172047,13,5,12,160.0
10.1149/1.1344281,8,0,20340901,5,VFT,0.9,1.0,0.03066075653620337,13,5,12,160.0
10.1149/1.1344281,8,0,20340901,5,VFT,0.95,1.0,0.04549111290473151,13,5,12,160.0
10.1149/1.1344281,8,1,20340902,3,RF_constrained_rate,0.8,0.5,0.016950183682362452,13,5,12,
10.1149/1.1344281,8,1,20340902,3,RF_constrained_rate,0.9,0.75,0.02391400873852484,13,5,12,
10.1149/1.1344281,8,1,20340902,3,RF_constrained_rate,0.95,0.9166666666666666,0.03602493052530931,13,5,12,
10.1149/1.1344281,8,1,20340902,4,VFT,0.8,0.6666666666666666,0.013996667394104323,13,5,12,160.0
10.1149/1.1344281,8,1,20340902,4,VFT,0.9,0.75,0.02013219315169601,13,5,12,160.0
10.1149/1.1344281,8,1,20340902,4,VFT,0.95,1.0,0.03835376113667688,13,5,12,160.0
10.1149/1.1344281,8,1,20340902,5,VFT,0.8,0.75,0.01595460692592543,13,5,12,160.0
10.1149/1.1344281,8,1,20340902,5,VFT,0.9,0.9166666666666666,0.029228739193906783,13,5,12,160.0
10.1149/1.1344281,8,1,20340902,5,VFT,0.95,1.0,0.046850227074428874,13,5,12,160.0
10.1149/1.1344281,8,2,20340903,3,RF_constrained_rate,0.8,0.16666666666666666,0.014793502985369189,13,5,12,
10.1149/1.1344281,8,2,20340903,3,RF_constrained_rate,0.9,0.5,0.02832190811171209,13,5,12,
10.1149/1.1344281,8,2,20340903,3,RF_constrained_rate,0.95,1.0,0.0692357229644247,13,5,12,
10.1149/1.1344281,8,2,20340903,4,VFT,0.8,0.6666666666666666,0.013051289727242121,13,5,12,160.0
10.1149/1.1344281,8,2,20340903,4,VFT,0.9,0.75,0.019932060822314135,13,5,12,160.0
10.1149/1.1344281,8,2,20340903,4,VFT,0.95,0.9166666666666666,0.028498997405443927,13,5,12,160.0
10.1149/1.1344281,8,2,20340903,5,VFT,0.8,0.75,0.020389065416302143,13,5,12,160.0
10.1149/1.1344281,8,2,20340903,5,VFT,0.9,1.0,0.03155980118740631,13,5,12,160.0
10.1149/1.1344281,8,2,20340903,5,VFT,0.95,1.0,0.03968219977077858,13,5,12,160.0
10.1149/1.1344281,8,3,20340904,3,RF_constrained_rate,0.8,0.75,0.0351213416906444,13,5,12,
10.1149/1.1344281,8,3,20340904,3,RF_constrained_rate,0.9,1.0,0.05991472630935624,13,5,12,
10.1149/1.1344281,8,3,20340904,3,RF_constrained_rate,0.95,1.0,0.11781275118094081,13,5,12,
10.1149/1.1344281,8,3,20340904,4,VFT,0.8,1.0,0.030681619864770804,13,5,12,160.0
10.1149/1.1344281,8,3,20340904,4,VFT,0.9,1.0,0.04582374607939976,13,5,12,160.0
10.1149/1.1344281,8,3,20340904,4,VFT,0.95,1.0,0.11306692058765133,13,5,12,160.0
10.1149/1.1344281,8,3,20340904,5,VFT,0.8,1.0,0.042798514750826744,13,5,12,160.0
10.1149/1.1344281,8,3,20340904,5,VFT,0.9,1.0,0.08385242579793184,13,5,12,160.0
10.1149/1.1344281,8,3,20340904,5,VFT,0.95,1.0,0.15846235643396067,13,5,12,160.0
10.1149/1.1344281,8,4,20340905,3,RF_constrained_rate,0.8,0.0,0.010630430292125403,13,5,12,
10.1149/1.1344281,8,4,20340905,3,RF_constrained_rate,0.9,0.16666666666666666,0.01819268997562018,13,5,12,
10.1149/1.1344281,8,4,20340905,3,RF_constrained_rate,0.95,0.6666666666666666,0.03360966463478965,13,5,12,
10.1149/1.1344281,8,4,20340905,4,VFT,0.8,0.5833333333333334,0.01051385226780277,13,5,12,160.0
10.1149/1.1344281,8,4,20340905,4,VFT,0.9,0.75,0.018498143823994617,13,5,12,160.0
10.1149/1.1344281,8,4,20340905,4,VFT,0.95,0.9166666666666666,0.028498997405443927,13,5,12,160.0
10.1149/1.1344281,8,4,20340905,5,VFT,0.8,0.75,0.014029444600456076,13,5,12,160.0
10.1149/1.1344281,8,4,20340905,5,VFT,0.9,0.75,0.026040904954132582,13,5,12,160.0
10.1149/1.1344281,8,4,20340905,5,VFT,0.95,1.0,0.033895371628013704,13,5,12,160.0
10.1149/1.1344281,8,5,20340906,3,RF_constrained_rate,0.8,0.75,0.02960570183704969,13,5,12,
10.1149/1.1344281,8,5,20340906,3,RF_constrained_rate,0.9,0.9166666666666666,0.05719360732484491,13,5,12,
10.1149/1.1344281,8,5,20340906,3,RF_constrained_rate,0.95,1.0,0.12195924920884771,13,5,12,
10.1149/1.1344281,8,5,20340906,4,VFT,0.8,0.75,0.02053547446287185,13,5,12,160.0
10.1149/1.1344281,8,5,20340906,4,VFT,0.9,1.0,0.03637732603634014,13,5,12,160.0
10.1149/1.1344281,8,5,20340906,4,VFT,0.95,1.0,0.0493823421583226,13,5,12,160.0
10.1149/1.1344281,8,5,20340906,5,VFT,0.8,1.0,0.030652404039329895,13,5,12,160.0
10.1149/1.1344281,8,5,20340906,5,VFT,0.9,1.0,0.05177770795355263,13,5,12,160.0
10.1149/1.1344281,8,5,20340906,5,VFT,0.95,1.0,0.09709901565315393,13,5,12,160.0
10.1149/1.1344281,8,6,20340907,3,RF_constrained_rate,0.8,0.5,0.014461457924705545,13,5,12,
10.1149/1.1344281,8,6,20340907,3,RF_constrained_rate,0.9,0.6666666666666666,0.02184697470821273,13,5,12,
10.1149/1.1344281,8,6,20340907,3,RF_constrained_rate,0.95,0.9166666666666666,0.04286410774569682,13,5,12,
10.1149/1.1344281,8,6,20340907,4,VFT,0.8,0.5833333333333334,0.011133347802781968,13,5,12,160.0
10.1149/1.1344281,8,6,20340907,4,VFT,0.9,0.75,0.016015818285049166,13,5,12,160.0
10.1149/1.1344281,8,6,20340907,4,VFT,0.95,1.0,0.03191219746019858,13,5,12,160.0
10.1149/1.1344281,8,6,20340907,5,VFT,0.8,0.75,0.013563884618165933,13,5,12,160.0
10.1149/1.1344281,8,6,20340907,5,VFT,0.9,0.75,0.02001640450486275,13,5,12,160.0
10.1149/1.1344281,8,6,20340907,5,VFT,0.95,1.0,0.041691495135310896,13,5,12,160.0
10.1149/1.1344281,8,7,20340908,3,RF_constrained_rate,0.8,0.6666666666666666,0.028923309887762372,13,5,12,
10.1149/1.1344281,8,7,20340908,3,RF_constrained_rate,0.9,1.0,0.04349118879229863,13,5,12,
10.1149/1.1344281,8,7,20340908,3,RF_constrained_rate,0.95,1.0,0.06087369432722489,13,5,12,
10.1149/1.1344281,8,7,20340908,4,VFT,0.8,0.75,0.021438793140023282,13,5,12,160.0
10.1149/1.1344281,8,7,20340908,4,VFT,0.9,1.0,0.03835376113667688,13,5,12,160.0
10.1149/1.1344281,8,7,20340908,4,VFT,0.95,1.0,0.12548363916996264,13,5,12,160.0
10.1149/1.1344281,8,7,20340908,5,VFT,0.8,0.75,0.012403931516196565,13,5,12,160.0
10.1149/1.1344281,8,7,20340908,5,VFT,0.9,1.0,0.035490361681855695,13,5,12,160.0
10.1149/1.1344281,8,7,20340908,5,VFT,0.95,1.0,0.04798219301794804,13,5,12,160.0
10.1149/1.1344281,8,8,20340909,3,RF_constrained_rate,0.8,0.16666666666666666,0.01660094870307427,13,5,12,
10.1149/1.1344281,8,8,20340909,3,RF_constrained_rate,0.9,0.4166666666666667,0.02738030936178948,13,5,12,
10.1149/1.1344281,8,8,20340909,3,RF_constrained_rate,0.95,1.0,0.052302363757246395,13,5,12,
10.1149/1.1344281,8,8,20340909,4,VFT,0.8,0.5833333333333334,0.01122121130120357,13,5,12,160.0
10.1149/1.1344281,8,8,20340909,4,VFT,0.9,0.75,0.01760072234438148,13,5,12,160.0
10.1149/1.1344281,8,8,20340909,4,VFT,0.95,1.0,0.029596777293295684,13,5,12,160.0
10.1149/1.1344281,8,8,20340909,5,VFT,0.8,0.75,0.013514790759380224,13,5,12,160.0
10.1149/1.1344281,8,8,20340909,5,VFT,0.9,0.75,0.022169293366081977,13,5,12,160.0
10.1149/1.1344281,8,8,20340909,5,VFT,0.95,1.0,0.041691495135310896,13,5,12,160.0
10.1149/1.1344281,8,9,20340910,3,RF_constrained_rate,0.8,0.5833333333333334,0.02836815914309687,13,5,12,
10.1149/1.1344281,8,9,20340910,3,RF_constrained_rate,0.9,1.0,0.0750617690288562,13,5,12,
10.1149/1.1344281,8,9,20340910,3,RF_constrained_rate,0.95,1.0,0.09433785069782141,13,5,12,
10.1149/1.1344281,8,9,20340910,4,VFT,0.8,0.75,0.01853487062212343,13,5,12,160.0
10.1149/1.1344281,8,9,20340910,4,VFT,0.9,1.0,0.03191219746019858,13,5,12,160.0
10.1149/1.1344281,8,9,20340910,4,VFT,0.95,1.0,0.10470196762770057,13,5,12,160.0
10.1149/1.1344281,8,9,20340910,5,VFT,0.8,0.75,0.012145410024555714,13,5,12,160.0
10.1149/1.1344281,8,9,20340910,5,VFT,0.9,0.75,0.017687978135128457,13,5,12,160.0
10.1149/1.1344281,8,9,20340910,5,VFT,0.95,1.0,0.035490361681855695,13,5,12,160.0
10.1149/1.1344281,8,10,20340911,3,RF_constrained_rate,0.8,0.08333333333333333,0.01486813152479649,13,5,12,
10.1149/1.1344281,8,10,20340911,3,RF_constrained_rate,0.9,0.9166666666666666,0.04115445536450846,13,5,12,
10.1149/1.1344281,8,10,20340911,3,RF_constrained_rate,0.95,1.0,0.08777166219893884,13,5,12,
10.1149/1.1344281,8,10,20340911,4,VFT,0.8,0.4166666666666667,0.008525783954642652,13,5,12,160.0
10.1149/1.1344281,8,10,20340911,4,VFT,0.9,0.6666666666666666,0.012220241396135645,13,5,12,160.0
10.1149/1.1344281,8,10,20340911,4,VFT,0.95,1.0,0.04356712791779249,13,5,12,160.0
10.1149/1.1344281,8,10,20340911,5,VFT,0.8,0.6666666666666666,0.01120411237797203,13,5,12,160.0
10.1149/1.1344281,8,10,20340911,5,VFT,0.9,0.75,0.015762324242106995,13,5,12,160.0
10.1149/1.1344281,8,10,20340911,5,VFT,0.95,0.75,0.017789624292424255,13,5,12,160.0
10.1149/1.1344281,8,11,20340912,3,RF_constrained_rate,0.8,0.5833333333333334,0.0194273917055654,13,5,12,
10.1149/1.1344281,8,11,20340912,3,RF_constrained_rate,0.9,0.8333333333333334,0.027132691640385342,13,5,12,
10.1149/1.1344281,8,11,20340912,3,RF_constrained_rate,0.95,0.9166666666666666,0.042888741092484084,13,5,12,
10.1149/1.1344281,8,11,20340912,4,VFT,0.8,0.6666666666666666,0.013849840647325529,13,5,12,160.0
10.1149/1.1344281,8,11,20340912,4,VFT,0.9,0.75,0.018536058761896124,13,5,12,160.0
10.1149/1.1344281,8,11,20340912,4,VFT,0.95,0.9166666666666666,0.026521698703257046,13,5,12,160.0
10.1149/1.1344281,8,11,20340912,5,VFT,0.8,0.75,0.01812318141920244,13,5,12,160.0
10.1149/1.1344281,8,11,20340912,5,VFT,0.9,1.0,0.03155980118740631,13,5,12,160.0
10.1149/1.1344281,8,11,20340912,5,VFT,0.95,1.0,0.046388142144178746,13,5,12,160.0
10.1149/1.1344281,8,12,20340913,3,RF_constrained_rate,0.8,0.75,0.025117358100415155,13,5,12,
10.1149/1.1344281,8,12,20340913,3,RF_constrained_rate,0.9,0.8333333333333334,0.037706781465154604,13,5,12,
10.1149/1.1344281,8,12,20340913,3,RF_constrained_rate,0.95,1.0,0.16211826070230684,13,5,12,
10.1149/1.1344281,8,12,20340913,4,VFT,0.8,0.6666666666666666,0.014862787074375383,13,5,12,160.0
10.1149/1.1344281,8,12,20340913,4,VFT,0.9,1.0,0.03637732603634014,13,5,12,160.0
10.1149/1.1344281,8,12,20340913,4,VFT,0.95,1.0,0.06006842302125193,13,5,12,160.0
10.1149/1.1344281,8,12,20340913,5,VFT,0.8,0.75,0.014029444600456076,13,5,12,160.0
10.1149/1.1344281,8,12,20340913,5,VFT,0.9,1.0,0.033473344008164485,13,5,12,160.0
10.1149/1.1344281,8,12,20340913,5,VFT,0.95,1.0,0.0625822775074083,13,5,12,160.0
10.1149/1.1344281,8,13,20340914,3,RF_constrained_rate,0.8,1.0,0.0392590357428082,13,5,12,
10.1149/1.1344281,8,13,20340914,3,RF_constrained_rate,0.9,1.0,0.06343159244328556,13,5,12,
10.1149/1.1344281,8,13,20340914,3,RF_constrained_rate,0.95,1.0,0.12452396808978428,13,5,12,
10.1149/1.1344281,8,13,20340914,4,VFT,0.8,1.0,0.03619613024973578,13,5,12,160.0
10.1149/1.1344281,8,13,20340914,4,VFT,0.9,1.0,0.06006842302125193,13,5,12,160.0
10.1149/1.1344281,8,13,20340914,4,VFT,0.95,1.0,0.14141909069194547,13,5,12,160.0
10.1149/1.1344281,8,13,20340914,5,VFT,0.8,1.0,0.05459433112752898,13,5,12,160.0
10.1149/1.1344281,8,13,20340914,5,VFT,0.9,1.0,0.10399238743327266,13,5,12,160.0
10.1149/1.1344281,8,13,20340914,5,VFT,0.95,1.0,0.18974015331121485,13,5,12,160.0
10.1149/1.1344281,8,14,20340915,3,RF_constrained_rate,0.8,0.6666666666666666,0.0320268800966752,13,5,12,
10.1149/1.1344281,8,14,20340915,3,RF_constrained_rate,0.9,1.0,0.051347055679394904,13,5,12,
10.1149/1.1344281,8,14,20340915,3,RF_constrained_rate,0.95,1.0,0.07708955500568226,13,5,12,
10.1149/1.1344281,8,14,20340915,4,VFT,0.8,0.75,0.01853487062212343,13,5,12,160.0
10.1149/1.1344281,8,14,20340915,4,VFT,0.9,1.0,0.031493847794873187,13,5,12,160.0
10.1149/1.1344281,8,14,20340915,4,VFT,0.95,1.0,0.05077004901954063,13,5,12,160.0
10.1149/1.1344281,8,14,20340915,5,VFT,0.8,0.75,0.012014973745798851,13,5,12,160.0
10.1149/1.1344281,8,14,20340915,5,VFT,0.9,0.75,0.017687978135128457,13,5,12,160.0
10.1149/1.1344281,8,14,20340915,5,VFT,0.95,1.0,0.04549111290473151,13,5,12,160.0
10.1149/1.1344281,8,15,20340916,3,RF_constrained_rate,0.8,0.16666666666666666,0.015993292235543244,13,5,12,
10.1149/1.1344281,8,15,20340916,3,RF_constrained_rate,0.9,0.16666666666666666,0.019861899694898266,13,5,12,
10.1149/1.1344281,8,15,20340916,3,RF_constrained_rate,0.95,0.25,0.026876548012169543,13,5,12,
10.1149/1.1344281,8,15,20340916,4,VFT,0.8,0.5833333333333334,0.010081258976288865,13,5,12,160.0
10.1149/1.1344281,8,15,20340916,4,VFT,0.9,0.75,0.01628006810471261,13,5,12,160.0
10.1149/1.1344281,8,15,20340916,4,VFT,0.95,0.8333333333333334,0.022734309428941835,13,5,12,160.0
10.1149/1.1344281,8,15,20340916,5,VFT,0.8,0.75,0.015214908006528916,13,5,12,160.0
10.1149/1.1344281,8,15,20340916,5,VFT,0.9,0.75,0.026956438200738564,13,5,12,160.0
10.1149/1.1344281,8,15,20340916,5,VFT,0.95,1.0,0.03778746858675941,13,5,12,160.0
10.1149/1.1344281,8,16,20340917,3,RF_constrained_rate,0.8,0.6666666666666666,0.023256438541130464,13,5,12,
10.1149/1.1344281,8,16,20340917,3,RF_constrained_rate,0.9,1.0,0.055525092588812,13,5,12,
10.1149/1.1344281,8,16,20340917,3,RF_constrained_rate,0.95,1.0,0.09770223374241482,13,5,12,
10.1149/1.1344281,8,16,20340917,4,VFT,0.8,0.6666666666666666,0.014862787074375383,13,5,12,160.0
10.1149/1.1344281,8,16,20340917,4,VFT,0.9,1.0,0.03985633345748263,13,5,12,160.0
10.1149/1.1344281,8,16,20340917,4,VFT,0.95,1.0,0.04877040765791185,13,5,12,160.0
10.1149/1.1344281,8,16,20340917,5,VFT,0.8,0.75,0.014029444600456076,13,5,12,160.0
10.1149/1.1344281,8,16,20340917,5,VFT,0.9,1.0,0.033473344008164485,13,5,12,160.0
10.1149/1.1344281,8,16,20340917,5,VFT,0.95,1.0,0.0625822775074083,13,5,12,160.0
10.1149/1.1344281,8,17,20340918,3,RF_constrained_rate,0.8,0.75,0.03913060560809223,13,5,12,
10.1149/1.1344281,8,17,20340918,3,RF_constrained_rate,0.9,1.0,0.06876934331579632,13,5,12,
10.1149/1.1344281,8,17,20340918,3,RF_constrained_rate,0.95,1.0,0.12351783250205739,13,5,12,
10.1149/1.1344281,8,17,20340918,4,VFT,0.8,0.9166666666666666,0.026030010886484156,13,5,12,160.0
10.1149/1.1344281,8,17,20340918,4,VFT,0.9,1.0,0.03933378530489384,13,5,12,160.0
10.1149/1.1344281,8,17,20340918,4,VFT,0.95,1.0,0.09890880867968921,13,5,12,160.0
10.1149/1.1344281,8,17,20340918,5,VFT,0.8,1.0,0.033895371628013704,13,5,12,160.0
10.1149/1.1344281,8,17,20340918,5,VFT,0.9,1.0,0.05459433112752898,13,5,12,160.0
10.1149/1.1344281,8,17,20340918,5,VFT,0.95,1.0,0.11469361143805612,13,5,12,160.0
10.1149/1.1344281,8,18,20340919,3,RF_constrained_rate,0.8,1.0,0.06327414862169611,13,5,12,
10.1149/1.1344281,8,18,20340919,3,RF_constrained_rate,0.9,1.0,0.1315098986410428,13,5,12,
10.1149/1.1344281,8,18,20340919,3,RF_constrained_rate,0.95,1.0,0.16334212922448765,13,5,12,
10.1149/1.1344281,8,18,20340919,4,VFT,0.8,0.75,0.019932060822314135,13,5,12,160.0
10.1149/1.1344281,8,18,20340919,4,VFT,0.9,1.0,0.031493847794873187,13,5,12,160.0
10.1149/1.1344281,8,18,20340919,4,VFT,0.95,1.0,0.05753471262765952,13,5,12,160.0
10.1149/1.1344281,8,18,20340919,5,VFT,0.8,0.75,0.022169293366081977,13,5,12,160.0
10.1149/1.1344281,8,18,20340919,5,VFT,0.9,1.0,0.04549111290473151,13,5,12,160.0
10.1149/1.1344281,8,18,20340919,5,VFT,0.95,1.0,0.0463465458664134,13,5,12,160.0
10.1149/1.1344281,8,19,20340920,3,RF_constrained_rate,0.8,0.4166666666666667,0.02468026716687044,13,5,12,
10.1149/1.1344281,8,19,20340920,3,RF_constrained_rate,0.9,1.0,0.05620840816697603,13,5,12,
10.1149/1.1344281,8,19,20340920,3,RF_constrained_rate,0.95,1.0,0.0902554514814109,13,5,12,
10.1149/1.1344281,8,19,20340920,4,VFT,0.8,0.6666666666666666,0.012220241396135645,13,5,12,160.0
10.1149/1.1344281,8,19,20340920,4,VFT,0.9,1.0,0.029596777293295684,13,5,12,160.0
10.1149/1.1344281,8,19,20340920,4,VFT,0.95,1.0,0.04356712791779249,13,5,12,160.0
10.1149/1.1344281,8,19,20340920,5,VFT,0.8,0.75,0.012436336546733706,13,5,12,160.0
10.1149/1.1344281,8,19,20340920,5,VFT,0.9,0.75,0.016234532416806502,13,5,12,160.0
10.1149/1.1344281,8,19,20340920,5,VFT,0.95,0.75,0.023691607950914406,13,5,12,160.0
10.1149/1.1390879,9,0,20350901,3,RF_constrained_rate,0.8,0.5,0.0268043448295332,13,5,2,
10.1149/1.1390879,9,0,20350901,3,RF_constrained_rate,0.9,1.0,0.046649267936004435,13,5,2,
10.1149/1.1390879,9,0,20350901,3,RF_constrained_rate,0.95,1.0,0.07478274020515407,13,5,2,
10.1149/1.1390879,9,0,20350901,4,VFT,0.8,0.5,0.022531279181722486,13,5,2,160.0
10.1149/1.1390879,9,0,20350901,4,VFT,0.9,0.5,0.037818122994153214,13,5,2,160.0
10.1149/1.1390879,9,0,20350901,4,VFT,0.95,1.0,0.06138933596941154,13,5,2,160.0
10.1149/1.1390879,9,0,20350901,5,VFT,0.8,0.5,0.030591109260954763,13,5,2,160.0
10.1149/1.1390879,9,0,20350901,5,VFT,0.9,0.5,0.04891649154210209,13,5,2,160.0
10.1149/1.1390879,9,0,20350901,5,VFT,0.95,1.0,0.09596449319696343,13,5,2,160.0
10.1149/1.1390879,9,1,20350902,3,RF_constrained_rate,0.8,0.5,0.022103925427793047,13,5,2,
10.1149/1.1390879,9,1,20350902,3,RF_constrained_rate,0.9,1.0,0.035663058359675315,13,5,2,
10.1149/1.1390879,9,1,20350902,3,RF_constrained_rate,0.95,1.0,0.06384219144760417,13,5,2,
10.1149/1.1390879,9,1,20350902,4,VFT,0.8,0.0,0.014035423163237026,13,5,2,160.0
10.1149/1.1390879,9,1,20350902,4,VFT,0.9,0.5,0.021741554007395747,13,5,2,160.0
10.1149/1.1390879,9,1,20350902,4,VFT,0.95,0.5,0.031493847794873187,13,5,2,160.0
10.1149/1.1390879,9,1,20350902,5,VFT,0.8,0.0,0.01595460692592543,13,5,2,160.0
10.1149/1.1390879,9,1,20350902,5,VFT,0.9,0.5,0.029079380188149706,13,5,2,160.0
10.1149/1.1390879,9,1,20350902,5,VFT,0.95,0.5,0.04549111290473151,13,5,2,160.0
10.1149/1.1390879,9,2,20350903,3,RF_constrained_rate,0.8,1.0,0.02576566546208703,13,5,2,
10.1149/1.1390879,9,2,20350903,3,RF_constrained_rate,0.9,1.0,0.03837964425385554,13,5,2,
10.1149/1.1390879,9,2,20350903,3,RF_constrained_rate,0.95,1.0,0.0680025998798417,13,5,2,
10.1149/1.1390879,9,2,20350903,4,VFT,0.8,0.5,0.01853611606701344,13,5,2,160.0
10.1149/1.1390879,9,2,20350903,4,VFT,0.9,0.5,0.032432917591198596,13,5,2,160.0
10.1149/1.1390879,9,2,20350903,4,VFT,0.95,0.5,0.04877040765791185,13,5,2,160.0
10.1149/1.1390879,9,2,20350903,5,VFT,0.8,0.5,0.027581243806950706,13,5,2,160.0
10.1149/1.1390879,9,2,20350903,5,VFT,0.9,0.5,0.0470859805824948,13,5,2,160.0
10.1149/1.1390879,9,2,20350903,5,VFT,0.95,0.5,0.08385242579793184,13,5,2,160.0
10.1149/1.1390879,9,3,20350904,3,RF_constrained_rate,0.8,0.5,0.010588956894296286,13,5,2,
10.1149/1.1390879,9,3,20350904,3,RF_constrained_rate,0.9,0.5,0.017171959767690925,13,5,2,
10.1149/1.1390879,9,3,20350904,3,RF_constrained_rate,0.95,0.5,0.029356693630091024,13,5,2,
10.1149/1.1390879,9,3,20350904,4,VFT,0.8,0.0,0.009963967961625464,13,5,2,160.0
10.1149/1.1390879,9,3,20350904,4,VFT,0.9,0.0,0.015455373406512152,13,5,2,160.0
10.1149/1.1390879,9,3,20350904,4,VFT,0.95,0.5,0.03052269747205072,13,5,2,160.0
10.1149/1.1390879,9,3,20350904,5,VFT,0.8,0.0,0.013514790759380224,13,5,2,160.0
10.1149/1.1390879,9,3,20350904,5,VFT,0.9,0.0,0.021707349453042202,13,5,2,160.0
10.1149/1.1390879,9,3,20350904,5,VFT,0.95,0.5,0.03778746858675941,13,5,2,160.0
10.1149/1.1390879,9,4,20350905,3,RF_constrained_rate,0.8,0.5,0.011368946808658187,13,5,2,
10.1149/1.1390879,9,4,20350905,3,RF_constrained_rate,0.9,0.5,0.024807960010382324,13,5,2,
10.1149/1.1390879,9,4,20350905,3,RF_constrained_rate,0.95,0.5,0.0322492657935296,13,5,2,
10.1149/1.1390879,9,4,20350905,4,VFT,0.8,0.0,0.009546457078434045,13,5,2,160.0
10.1149/1.1390879,9,4,20350905,4,VFT,0.9,0.5,0.017036614060481847,13,5,2,160.0
10.1149/1.1390879,9,4,20350905,4,VFT,0.95,0.5,0.022286176104157285,13,5,2,160.0
10.1149/1.1390879,9,4,20350905,5,VFT,0.8,0.0,0.01591981849089974,13,5,2,160.0
10.1149/1.1390879,9,4,20350905,5,VFT,0.9,0.5,0.02861396007374184,13,5,2,160.0
10.1149/1.1390879,9,4,20350905,5,VFT,0.95,0.5,0.03706070328747835,13,5,2,160.0
10.1149/1.1390879,9,5,20350906,3,RF_constrained_rate,0.8,1.0,0.03416827684435653,13,5,2,
10.1149/1.1390879,9,5,20350906,3,RF_constrained_rate,0.9,1.0,0.06509111651457644,13,5,2,
10.1149/1.1390879,9,5,20350906,3,RF_constrained_rate,0.95,1.0,0.11967191989837289,13,5,2,
10.1149/1.1390879,9,5,20350906,4,VFT,0.8,0.5,0.031493847794873187,13,5,2,160.0
10.1149/1.1390879,9,5,20350906,4,VFT,0.9,0.5,0.04582374607939976,13,5,2,160.0
10.1149/1.1390879,9,5,20350906,4,VFT,0.95,1.0,0.11306692058765133,13,5,2,160.0
10.1149/1.1390879,9,5,20350906,5,VFT,0.8,0.5,0.04549111290473151,13,5,2,160.0
10.1149/1.1390879,9,5,20350906,5,VFT,0.9,0.5,0.08385242579793184,13,5,2,160.0
10.1149/1.1390879,9,5,20350906,5,VFT,0.95,1.0,0.15846235643396067,13,5,2,160.0
10.1149/1.1390879,9,6,20350907,3,RF_constrained_rate,0.8,0.5,0.016568925466179607,13,5,2,
10.1149/1.1390879,9,6,20350907,3,RF_constrained_rate,0.9,0.5,0.025648585910762467,13,5,2,
10.1149/1.1390879,9,6,20350907,3,RF_constrained_rate,0.95,0.5,0.029100395234590737,13,5,2,
10.1149/1.1390879,9,6,20350907,4,VFT,0.8,0.0,0.012156787784478595,13,5,2,160.0
10.1149/1.1390879,9,6,20350907,4,VFT,0.9,0.5,0.018206163200606085,13,5,2,160.0
10.1149/1.1390879,9,6,20350907,4,VFT,0.95,0.5,0.028498997405443927,13,5,2,160.0
10.1149/1.1390879,9,6,20350907,5,VFT,0.8,0.0,0.016485231341353712,13,5,2,160.0
10.1149/1.1390879,9,6,20350907,5,VFT,0.9,0.5,0.029228739193906783,13,5,2,160.0
10.1149/1.1390879,9,6,20350907,5,VFT,0.95,0.5,0.03968219977077858,13,5,2,160.0
10.1149/1.1390879,9,7,20350908,3,RF_constrained_rate,0.8,0.5,0.013816116816322666,13,5,2,
10.1149/1.1390879,9,7,20350908,3,RF_constrained_rate,0.9,0.5,0.025884118422583757,13,5,2,
10.1149/1.1390879,9,7,20350908,3,RF_constrained_rate,0.95,1.0,0.03823974121191198,13,5,2,
10.1149/1.1390879,9,7,20350908,4,VFT,0.8,0.0,0.012283530655167407,13,5,2,160.0
10.1149/1.1390879,9,7,20350908,4,VFT,0.9,0.5,0.018536058761896124,13,5,2,160.0
10.1149/1.1390879,9,7,20350908,4,VFT,0.95,0.5,0.024181994838984977,13,5,2,160.0
10.1149/1.1390879,9,7,20350908,5,VFT,0.8,0.0,0.020031271680172047,13,5,2,160.0
10.1149/1.1390879,9,7,20350908,5,VFT,0.9,0.5,0.030600980004741984,13,5,2,160.0
10.1149/1.1390879,9,7,20350908,5,VFT,0.95,0.5,0.03965528652209471,13,5,2,160.0
10.1149/1.1390879,9,8,20350909,3,RF_constrained_rate,0.8,1.0,0.02605262786553797,13,5,2,
10.1149/1.1390879,9,8,20350909,3,RF_constrained_rate,0.9,1.0,0.045164633107761976,13,5,2,
10.1149/1.1390879,9,8,20350909,3,RF_constrained_rate,0.95,1.0,0.08073877075455704,13,5,2,
10.1149/1.1390879,9,8,20350909,4,VFT,0.8,0.5,0.022551343084469266,13,5,2,160.0
10.1149/1.1390879,9,8,20350909,4,VFT,0.9,0.5,0.03554008238197093,13,5,2,160.0
10.1149/1.1390879,9,8,20350909,4,VFT,0.95,0.5,0.0493823421583226,13,5,2,160.0
10.1149/1.1390879,9,8,20350909,5,VFT,0.8,0.5,0.030591109260954763,13,5,2,160.0
10.1149/1.1390879,9,8,20350909,5,VFT,0.9,0.5,0.04891649154210209,13,5,2,160.0
10.1149/1.1390879,9,8,20350909,5,VFT,0.95,1.0,0.09596449319696343,13,5,2,160.0
10.1149/1.1390879,9,9,20350910,3,RF_constrained_rate,0.8,1.0,0.036166042056866576,13,5,2,
10.1149/1.1390879,9,9,20350910,3,RF_constrained_rate,0.9,1.0,0.06224541926918192,13,5,2,
10.1149/1.1390879,9,9,20350910,3,RF_constrained_rate,0.95,1.0,0.13191689544900043,13,5,2,
10.1149/1.1390879,9,9,20350910,4,VFT,0.8,0.5,0.031910122702544674,13,5,2,160.0
10.1149/1.1390879,9,9,20350910,4,VFT,0.9,0.5,0.04582374607939976,13,5,2,160.0
10.1149/1.1390879,9,9,20350910,4,VFT,0.95,1.0,0.11306692058765133,13,5,2,160.0
10.1149/1.1390879,9,9,20350910,5,VFT,0.8,0.5,0.042798514750826744,13,5,2,160.0
10.1149/1.1390879,9,9,20350910,5,VFT,0.9,1.0,0.09596449319696343,13,5,2,160.0
10.1149/1.1390879,9,9,20350910,5,VFT,0.95,1.0,0.15846235643396067,13,5,2,160.0
10.1149/1.1390879,9,10,20350911,3,RF_constrained_rate,0.8,0.5,0.01790615467944523,13,5,2,
10.1149/1.1390879,9,10,20350911,3,RF_constrained_rate,0.9,0.5,0.02432860993468955,13,5,2,
10.1149/1.1390879,9,10,20350911,3,RF_constrained_rate,0.95,1.0,0.09408610096855641,13,5,2,
10.1149/1.1390879,9,10,20350911,4,VFT,0.8,0.0,0.011331815457434224,13,5,2,160.0
10.1149/1.1390879,9,10,20350911,4,VFT,0.9,0.5,0.03191219746019858,13,5,2,160.0
10.1149/1.1390879,9,10,20350911,4,VFT,0.95,0.5,0.04356712791779249,13,5,2,160.0
10.1149/1.1390879,9,10,20350911,5,VFT,0.8,0.0,0.012436336546733706,13,5,2,160.0
10.1149/1.1390879,9,10,20350911,5,VFT,0.9,0.0,0.016234532416806502,13,5,2,160.0
10.1149/1.1390879,9,10,20350911,5,VFT,0.95,0.5,0.04816415878183067,13,5,2,160.0
10.1149/1.1390879,9,11,20350912,3,RF_constrained_rate,0.8,0.5,0.02354174971628198,13,5,2,
10.1149/1.1390879,9,11,20350912,3,RF_constrained_rate,0.9,1.0,0.04298213538739315,13,5,2,
10.1149/1.1390879,9,11,20350912,3,RF_constrained_rate,0.95,1.0,0.06594370059982468,13,5,2,
10.1149/1.1390879,9,11,20350912,4,VFT,0.8,0.5,0.01853487062212343,13,5,2,160.0
10.1149/1.1390879,9,11,20350912,4,VFT,0.9,0.5,0.03767330979830219,13,5,2,160.0
10.1149/1.1390879,9,11,20350912,4,VFT,0.95,1.0,0.10470196762770057,13,5,2,160.0
10.1149/1.1390879,9,11,20350912,5,VFT,0.8,0.0,0.011869919501094062,13,5,2,160.0
10.1149/1.1390879,9,11,20350912,5,VFT,0.9,0.0,0.016234532416806502,13,5,2,160.0
10.1149/1.1390879,9,11,20350912,5,VFT,0.95,0.5,0.030917611670433276,13,5,2,160.0
10.1149/1.1390879,9,12,20350913,3,RF_constrained_rate,0.8,1.0,0.03368080369289883,13,5,2,
10.1149/1.1390879,9,12,20350913,3,RF_constrained_rate,0.9,1.0,0.04353890113008174,13,5,2,
10.1149/1.1390879,9,12,20350913,3,RF_constrained_rate,0.95,1.0,0.06942620930294963,13,5,2,
10.1149/1.1390879,9,12,20350913,4,VFT,0.8,0.5,0.02380587033360948,13,5,2,160.0
10.1149/1.1390879,9,12,20350913,4,VFT,0.9,0.5,0.03835376113667688,13,5,2,160.0
10.1149/1.1390879,9,12,20350913,4,VFT,0.95,1.0,0.12548363916996264,13,5,2,160.0
10.1149/1.1390879,9,12,20350913,5,VFT,0.8,0.0,0.021707349453042202,13,5,2,160.0
10.1149/1.1390879,9,12,20350913,5,VFT,0.9,0.5,0.030917611670433276,13,5,2,160.0
10.1149/1.1390879,9,12,20350913,5,VFT,0.95,0.5,0.04798219301794804,13,5,2,160.0
10.1149/1.1390879,9,13,20350914,3,RF_constrained_rate,0.8,0.5,0.01394588634532079,13,5,2,
10.1149/1.1390879,9,13,20350914,3,RF_constrained_rate,0.9,0.5,0.022414962051630294,13,5,2,
10.1149/1.1390879,9,13,20350914,3,RF_constrained_rate,0.95,0.5,0.029417521585774598,13,5,2,
10.1149/1.1390879,9,13,20350914,4,VFT,0.8,0.0,0.009963967961625464,13,5,2,160.0
10.1149/1.1390879,9,13,20350914,4,VFT,0.9,0.5,0.016256941115079027,13,5,2,160.0
10.1149/1.1390879,9,13,20350914,4,VFT,0.95,0.5,0.02013219315169601,13,5,2,160.0
10.1149/1.1390879,9,13,20350914,5,VFT,0.8,0.0,0.015762324242106995,13,5,2,160.0
10.1149/1.1390879,9,13,20350914,5,VFT,0.9,0.5,0.026956438200738564,13,5,2,160.0
10.1149/1.1390879,9,13,20350914,5,VFT,0.95,0.5,0.03706070328747835,13,5,2,160.0
10.1149/1.1390879,9,14,20350915,3,RF_constrained_rate,0.8,0.5,0.02320779938686801,13,5,2,
10.1149/1.1390879,9,14,20350915,3,RF_constrained_rate,0.9,1.0,0.04138613288858939,13,5,2,
10.1149/1.1390879,9,14,20350915,3,RF_constrained_rate,0.95,1.0,0.05720241828930972,13,5,2,
10.1149/1.1390879,9,14,20350915,4,VFT,0.8,0.5,0.016283812834659184,13,5,2,160.0
10.1149/1.1390879,9,14,20350915,4,VFT,0.9,0.5,0.024181994838984977,13,5,2,160.0
10.1149/1.1390879,9,14,20350915,4,VFT,0.95,0.5,0.03835376113667688,13,5,2,160.0
10.1149/1.1390879,9,14,20350915,5,VFT,0.8,0.0,0.02318756565325386,13,5,2,160.0
10.1149/1.1390879,9,14,20350915,5,VFT,0.9,0.5,0.033895371628013704,13,5,2,160.0
10.1149/1.1390879,9,14,20350915,5,VFT,0.95,0.5,0.04798219301794804,13,5,2,160.0
10.1149/1.1390879,9,15,20350916,3,RF_constrained_rate,0.8,1.0,0.04772457620513437,13,5,2,
10.1149/1.1390879,9,15,20350916,3,RF_constrained_rate,0.9,1.0,0.06784971205959467,13,5,2,
10.1149/1.1390879,9,15,20350916,3,RF_constrained_rate,0.95,1.0,0.09261870119638083,13,5,2,
10.1149/1.1390879,9,15,20350916,4,VFT,0.8,0.5,0.031910122702544674,13,5,2,160.0
10.1149/1.1390879,9,15,20350916,4,VFT,0.9,0.5,0.048218726250399246,13,5,2,160.0
10.1149/1.1390879,9,15,20350916,4,VFT,0.95,1.0,0.11549155091832874,13,5,2,160.0
10.1149/1.1390879,9,15,20350916,5,VFT,0.8,0.5,0.042798514750826744,13,5,2,160.0
10.1149/1.1390879,9,15,20350916,5,VFT,0.9,0.5,0.08385242579793184,13,5,2,160.0
10.1149/1.1390879,9,15,20350916,5,VFT,0.95,1.0,0.1583218915749165,13,5,2,160.0
10.1149/1.1390879,9,16,20350917,3,RF_constrained_rate,0.8,0.5,0.01725824761013861,13,5,2,
10.1149/1.1390879,9,16,20350917,3,RF_constrained_rate,0.9,1.0,0.03904657077856566,13,5,2,
10.1149/1.1390879,9,16,20350917,3,RF_constrained_rate,0.95,1.0,0.06202731177860299,13,5,2,
10.1149/1.1390879,9,16,20350917,4,VFT,0.8,0.0,0.014828757304767626,13,5,2,160.0
10.1149/1.1390879,9,16,20350917,4,VFT,0.9,0.5,0.023136404789092957,13,5,2,160.0
10.1149/1.1390879,9,16,20350917,4,VFT,0.95,0.5,0.037010623143703736,13,5,2,160.0
10.1149/1.1390879,9,16,20350917,5,VFT,0.8,0.0,0.020389065416302143,13,5,2,160.0
10.1149/1.1390879,9,16,20350917,5,VFT,0.9,0.5,0.03066075653620337,13,5,2,160.0
10.1149/1.1390879,9,16,20350917,5,VFT,0.95,0.5,0.04549111290473151,13,5,2,160.0
10.1149/1.1390879,9,17,20350918,3,RF_constrained_rate,0.8,1.0,0.04309382831545161,13,5,2,
10.1149/1.1390879,9,17,20350918,3,RF_constrained_rate,0.9,1.0,0.07796025704805043,13,5,2,
10.1149/1.1390879,9,17,20350918,3,RF_constrained_rate,0.95,1.0,0.11750972859802733,13,5,2,
10.1149/1.1390879,9,17,20350918,4,VFT,0.8,0.0,0.014183444562295477,13,5,2,160.0
10.1149/1.1390879,9,17,20350918,4,VFT,0.9,0.5,0.03191219746019858,13,5,2,160.0
10.1149/1.1390879,9,17,20350918,4,VFT,0.95,0.5,0.04877040765791185,13,5,2,160.0
10.1149/1.1390879,9,17,20350918,5,VFT,0.8,0.0,0.01120411237797203,13,5,2,160.0
10.1149/1.1390879,9,17,20350918,5,VFT,0.9,0.0,0.016234532416806502,13,5,2,160.0
10.1149/1.1390879,9,17,20350918,5,VFT,0.95,0.5,0.0463465458664134,13,5,2,160.0
10.1149/1.1390879,9,18,20350919,3,RF_constrained_rate,0.8,0.5,0.012252518507061438,13,5,2,
10.1149/1.1390879,9,18,20350919,3,RF_constrained_rate,0.9,0.5,0.024528247658442748,13,5,2,
10.1149/1.1390879,9,18,20350919,3,RF_constrained_rate,0.95,0.5,0.03481418751068999,13,5,2,
10.1149/1.1390879,9,18,20350919,4,VFT,0.8,0.0,0.013051289727242121,13,5,2,160.0
10.1149/1.1390879,9,18,20350919,4,VFT,0.9,0.5,0.018984148113538657,13,5,2,160.0
10.1149/1.1390879,9,18,20350919,4,VFT,0.95,0.5,0.026521698703257046,13,5,2,160.0
10.1149/1.1390879,9,18,20350919,5,VFT,0.8,0.0,0.020389065416302143,13,5,2,160.0
10.1149/1.1390879,9,18,20350919,5,VFT,0.9,0.5,0.03064811286598146,13,5,2,160.0
10.1149/1.1390879,9,18,20350919,5,VFT,0.95,0.5,0.03968219977077858,13,5,2,160.0
10.1149/1.1390879,9,19,20350920,3,RF_constrained_rate,0.8,1.0,0.05644625834892869,13,5,2,
10.1149/1.1390879,9,19,20350920,3,RF_constrained_rate,0.9,1.0,0.07689255994739108,13,5,2,
10.1149/1.1390879,9,19,20350920,3,RF_constrained_rate,0.95,1.0,0.2285674828830735,13,5,2,
10.1149/1.1390879,9,19,20350920,4,VFT,0.8,0.5,0.029596777293295684,13,5,2,160.0
10.1149/1.1390879,9,19,20350920,4,VFT,0.9,0.5,0.0399832074181532,13,5,2,160.0
10.1149/1.1390879,9,19,20350920,4,VFT,0.95,0.5,0.05753471262765952,13,5,2,160.0
10.1149/1.1390879,9,19,20350920,5,VFT,0.8,0.5,0.04549111290473151,13,5,2,160.0
10.1149/1.1390879,9,19,20350920,5,VFT,0.9,0.5,0.05457827347848965,13,5,2,160.0
10.1149/1.1390879,9,19,20350920,5,VFT,0.95,0.5,0.08219109819518255,13,5,2,160.0
10.1149/1.1403730,10,0,20360901,3,RF_constrained_rate,0.8,0.35135135135135137,0.012488232607038796,13,5,37,
10.1149/1.1403730,10,0,20360901,3,RF_constrained_rate,0.9,0.35135135135135137,0.015606816188424188,13,5,37,
10.1149/1.1403730,10,0,20360901,3,RF_constrained_rate,0.95,0.6216216216216216,0.02844024767751352,13,5,37,
10.1149/1.1403730,10,0,20360901,4,VFT,0.8,0.2631578947368421,0.008525783954642652,13,5,19,160.0
10.1149/1.1403730,10,0,20360901,4,VFT,0.9,0.5789473684210527,0.01570044153156247,13,5,19,160.0
10.1149/1.1403730,10,0,20360901,4,VFT,0.95,1.0,0.06006842302125193,13,5,19,160.0
10.1149/1.1403730,10,0,20360901,5,VFT,0.8,0.6666666666666666,0.013493220234892522,13,5,9,160.0
10.1149/1.1403730,10,0,20360901,5,VFT,0.9,0.7777777777777778,0.023691607950914406,13,5,9,160.0
10.1149/1.1403730,10,0,20360901,5,VFT,0.95,1.0,0.09561210192813985,13,5,9,160.0
10.1149/1.1403730,10,1,20360902,3,RF_constrained_rate,0.8,0.4594594594594595,0.015595993297913502,13,5,37,
10.1149/1.1403730,10,1,20360902,3,RF_constrained_rate,0.9,0.4864864864864865,0.020663586995701255,13,5,37,
10.1149/1.1403730,10,1,20360902,3,RF_constrained_rate,0.95,0.6756756756756757,0.0277567475381868,13,5,37,
10.1149/1.1403730,10,1,20360902,4,VFT,0.8,0.3684210526315789,0.009963967961625464,13,5,19,160.0
10.1149/1.1403730,10,1,20360902,4,VFT,0.9,0.631578947368421,0.01628006810471261,13,5,19,160.0
10.1149/1.1403730,10,1,20360902,4,VFT,0.95,0.7368421052631579,0.024269630490778127,13,5,19,160.0
10.1149/1.1403730,10,1,20360902,5,VFT,0.8,0.6666666666666666,0.013514790759380224,13,5,9,160.0
10.1149/1.1403730,10,1,20360902,5,VFT,0.9,0.7777777777777778,0.023292993105568982,13,5,9,160.0
10.1149/1.1403730,10,1,20360902,5,VFT,0.95,0.7777777777777778,0.03440432872936516,13,5,9,160.0
10.1149/1.1403730,10,2,20360903,3,RF_constrained_rate,0.8,0.2972972972972973,0.0109301494981624,13,5,37,
10.1149/1.1403730,10,2,20360903,3,RF_constrained_rate,0.9,0.5675675675675675,0.024190148425366598,13,5,37,
10.1149/1.1403730,10,2,20360903,3,RF_constrained_rate,0.95,0.918918918918919,0.09544306399271385,13,5,37,
10.1149/1.1403730,10,2,20360903,4,VFT,0.8,0.2631578947368421,0.0077949467864297795,13,5,19,160.0
10.1149/1.1403730,10,2,20360903,4,VFT,0.9,0.42105263157894735,0.011133347802781968,13,5,19,160.0
10.1149/1.1403730,10,2,20360903,4,VFT,0.95,0.9473684210526315,0.04356712791779249,13,5,19,160.0
10.1149/1.1403730,10,2,20360903,5,VFT,0.8,0.5555555555555556,0.009852687987558895,13,5,9,160.0
10.1149/1.1403730,10,2,20360903,5,VFT,0.9,0.6666666666666666,0.011772733827595028,13,5,9,160.0
10.1149/1.1403730,10,2,20360903,5,VFT,0.95,0.6666666666666666,0.014029444600456076,13,5,9,160.0
10.1149/1.1403730,10,3,20360904,3,RF_constrained_rate,0.8,0.5945945945945946,0.037858234060728524,13,5,37,
10.1149/1.1403730,10,3,20360904,3,RF_constrained_rate,0.9,0.7567567567567568,0.061269382322284516,13,5,37,
10.1149/1.1403730,10,3,20360904,3,RF_constrained_rate,0.95,0.972972972972973,0.16781234401775924,13,5,37,
10.1149/1.1403730,10,3,20360904,4,VFT,0.8,0.2631578947368421,0.008525783954642652,13,5,19,160.0
10.1149/1.1403730,10,3,20360904,4,VFT,0.9,0.6842105263157895,0.018536058761896124,13,5,19,160.0
10.1149/1.1403730,10,3,20360904,4,VFT,0.95,0.8947368421052632,0.03838393599123502,13,5,19,160.0
10.1149/1.1403730,10,3,20360904,5,VFT,0.8,0.6666666666666666,0.015762324242106995,13,5,9,160.0
10.1149/1.1403730,10,3,20360904,5,VFT,0.9,0.7777777777777778,0.023691607950914406,13,5,9,160.0
10.1149/1.1403730,10,3,20360904,5,VFT,0.95,1.0,0.05457827347848965,13,5,9,160.0
10.1149/1.1403730,10,4,20360905,3,RF_constrained_rate,0.8,0.2972972972972973,0.011076255552443293,13,5,37,
10.1149/1.1403730,10,4,20360905,3,RF_constrained_rate,0.9,0.3783783783783784,0.01523613963185766,13,5,37,
10.1149/1.1403730,10,4,20360905,3,RF_constrained_rate,0.95,0.6486486486486487,0.032780821480832945,13,5,37,
10.1149/1.1403730,10,4,20360905,4,VFT,0.8,0.3684210526315789,0.010081258976288865,13,5,19,160.0
10.1149/1.1403730,10,4,20360905,4,VFT,0.9,0.5789473684210527,0.01553591497232265,13,5,19,160.0
10.1149/1.1403730,10,4,20360905,4,VFT,0.95,0.8421052631578947,0.03052269747205072,13,5,19,160.0
10.1149/1.1403730,10,4,20360905,5,VFT,0.8,0.6666666666666666,0.014371174860492886,13,5,9,160.0
10.1149/1.1403730,10,4,20360905,5,VFT,0.9,0.6666666666666666,0.021707349453042202,13,5,9,160.0
10.1149/1.1403730,10,4,20360905,5,VFT,0.95,0.7777777777777778,0.03778746858675941,13,5,9,160.0
10.1149/1.1403730,10,5,20360906,3,RF_constrained_rate,0.8,0.4864864864864865,0.023693955157572333,13,5,37,
10.1149/1.1403730,10,5,20360906,3,RF_constrained_rate,0.9,0.6756756756756757,0.040480713266635715,13,5,37,
10.1149/1.1403730,10,5,20360906,3,RF_constrained_rate,0.95,0.8378378378378378,0.07119402695490296,13,5,37,
10.1149/1.1403730,10,5,20360906,4,VFT,0.8,0.631578947368421,0.016283812834659184,13,5,19,160.0
10.1149/1.1403730,10,5,20360906,4,VFT,0.9,0.7368421052631579,0.02380587033360948,13,5,19,160.0
10.1149/1.1403730,10,5,20360906,4,VFT,0.95,0.7894736842105263,0.029258485194295414,13,5,19,160.0
10.1149/1.1403730,10,5,20360906,5,VFT,0.8,0.7777777777777778,0.023519489917688485,13,5,9,160.0
10.1149/1.1403730,10,5,20360906,5,VFT,0.9,0.7777777777777778,0.03155980118740631,13,5,9,160.0
10.1149/1.1403730,10,5,20360906,5,VFT,0.95,0.7777777777777778,0.03968219977077858,13,5,9,160.0
10.1149/1.1403730,10,6,20360907,3,RF_constrained_rate,0.8,0.6216216216216216,0.034032487097205966,13,5,37,
10.1149/1.1403730,10,6,20360907,3,RF_constrained_rate,0.9,0.8378378378378378,0.06859929803736464,13,5,37,
10.1149/1.1403730,10,6,20360907,3,RF_constrained_rate,0.95,0.8648648648648649,0.09787144558136474,13,5,37,
10.1149/1.1403730,10,6,20360907,4,VFT,0.8,0.8947368421052632,0.03517497870650255,13,5,19,160.0
10.1149/1.1403730,10,6,20360907,4,VFT,0.9,0.9473684210526315,0.05077004901954063,13,5,19,160.0
10.1149/1.1403730,10,6,20360907,4,VFT,0.95,1.0,0.12548363916996264,13,5,19,160.0
10.1149/1.1403730,10,6,20360907,5,VFT,0.8,1.0,0.04891649154210209,13,5,9,160.0
10.1149/1.1403730,10,6,20360907,5,VFT,0.9,1.0,0.09596449319696343,13,5,9,160.0
10.1149/1.1403730,10,6,20360907,5,VFT,0.95,1.0,0.15846235643396067,13,5,9,160.0
10.1149/1.1403730,10,7,20360908,3,RF_constrained_rate,0.8,0.6756756756756757,0.03809624196026329,13,5,37,
10.1149/1.1403730,10,7,20360908,3,RF_constrained_rate,0.9,0.8378378378378378,0.04934082265976514,13,5,37,
10.1149/1.1403730,10,7,20360908,3,RF_constrained_rate,0.95,0.8648648648648649,0.07002323356445139,13,5,37,
10.1149/1.1403730,10,7,20360908,4,VFT,0.8,0.7894736842105263,0.02667892904308311,13,5,19,160.0
10.1149/1.1403730,10,7,20360908,4,VFT,0.9,0.9473684210526315,0.05077004901954063,13,5,19,160.0
10.1149/1.1403730,10,7,20360908,4,VFT,0.95,1.0,0.12548363916996264,13,5,19,160.0
10.1149/1.1403730,10,7,20360908,5,VFT,0.8,0.7777777777777778,0.03064811286598146,13,5,9,160.0
10.1149/1.1403730,10,7,20360908,5,VFT,0.9,1.0,0.04798219301794804,13,5,9,160.0
10.1149/1.1403730,10,7,20360908,5,VFT,0.95,1.0,0.09561210192813985,13,5,9,160.0
10.1149/1.1403730,10,8,20360909,3,RF_constrained_rate,0.8,0.5135135135135135,0.019745541418191737,13,5,37,
10.1149/1.1403730,10,8,20360909,3,RF_constrained_rate,0.9,0.8648648648648649,0.07209903165114007,13,5,37,
10.1149/1.1403730,10,8,20360909,3,RF_constrained_rate,0.95,0.918918918918919,0.09318527656581121,13,5,37,
10.1149/1.1403730,10,8,20360909,4,VFT,0.8,0.3684210526315789,0.009886633974446113,13,5,19,160.0
10.1149/1.1403730,10,8,20360909,4,VFT,0.9,0.8947368421052632,0.03191219746019858,13,5,19,160.0
10.1149/1.1403730,10,8,20360909,4,VFT,0.95,0.9473684210526315,0.04877040765791185,13,5,19,160.0
10.1149/1.1403730,10,8,20360909,5,VFT,0.8,0.6666666666666666,0.01120411237797203,13,5,9,160.0
10.1149/1.1403730,10,8,20360909,5,VFT,0.9,0.6666666666666666,0.013429178925343122,13,5,9,160.0
10.1149/1.1403730,10,8,20360909,5,VFT,0.95,0.6666666666666666,0.021707349453042202,13,5,9,160.0
10.1149/1.1403730,10,9,20360910,3,RF_constrained_rate,0.8,0.6216216216216216,0.032748523167076105,13,5,37,
10.1149/1.1403730,10,9,20360910,3,RF_constrained_rate,0.9,0.7567567567567568,0.055842495136340764,13,5,37,
10.1149/1.1403730,10,9,20360910,3,RF_constrained_rate,0.95,0.8648648648648649,0.11064886618773162,13,5,37,
10.1149/1.1403730,10,9,20360910,4,VFT,0.8,0.42105263157894735,0.011133347802781968,13,5,19,160.0
10.1149/1.1403730,10,9,20360910,4,VFT,0.9,0.7368421052631579,0.02380587033360948,13,5,19,160.0
10.1149/1.1403730,10,9,20360910,4,VFT,0.95,0.8947368421052632,0.03838393599123502,13,5,19,160.0
10.1149/1.1403730,10,9,20360910,5,VFT,0.8,0.6666666666666666,0.011206263867645117,13,5,9,160.0
10.1149/1.1403730,10,9,20360910,5,VFT,0.9,0.7777777777777778,0.027989603997975898,13,5,9,160.0
10.1149/1.1403730,10,9,20360910,5,VFT,0.95,0.7777777777777778,0.03706070328747835,13,5,9,160.0
10.1149/1.1403730,10,10,20360911,3,RF_constrained_rate,0.8,0.5675675675675675,0.02703774500998879,13,5,37,
10.1149/1.1403730,10,10,20360911,3,RF_constrained_rate,0.9,0.7297297297297297,0.04616832644785096,13,5,37,
10.1149/1.1403730,10,10,20360911,3,RF_constrained_rate,0.95,0.8918918918918919,0.06603978180245562,13,5,37,
10.1149/1.1403730,10,10,20360911,4,VFT,0.8,0.6842105263157895,0.019885186755199125,13,5,19,160.0
10.1149/1.1403730,10,10,20360911,4,VFT,0.9,0.8947368421052632,0.03767330979830219,13,5,19,160.0
10.1149/1.1403730,10,10,20360911,4,VFT,0.95,1.0,0.10470196762770057,13,5,19,160.0
10.1149/1.1403730,10,10,20360911,5,VFT,0.8,0.6666666666666666,0.01591981849089974,13,5,9,160.0
10.1149/1.1403730,10,10,20360911,5,VFT,0.9,0.7777777777777778,0.023691607950914406,13,5,9,160.0
10.1149/1.1403730,10,10,20360911,5,VFT,0.95,0.7777777777777778,0.035490361681855695,13,5,9,160.0
10.1149/1.1403730,10,11,20360912,3,RF_constrained_rate,0.8,0.5675675675675675,0.03535848612925996,13,5,37,
10.1149/1.1403730,10,11,20360912,3,RF_constrained_rate,0.9,0.8108108108108109,0.05903920502119986,13,5,37,
10.1149/1.1403730,10,11,20360912,3,RF_constrained_rate,0.95,0.8918918918918919,0.09461167236467682,13,5,37,
10.1149/1.1403730,10,11,20360912,4,VFT,0.8,0.8421052631578947,0.030681619864770804,13,5,19,160.0
10.1149/1.1403730,10,11,20360912,4,VFT,0.9,0.9473684210526315,0.04452424738576566,13,5,19,160.0
10.1149/1.1403730,10,11,20360912,4,VFT,0.95,1.0,0.11306692058765133,13,5,19,160.0
10.1149/1.1403730,10,11,20360912,5,VFT,0.8,0.7777777777777778,0.041658123601776786,13,5,9,160.0
10.1149/1.1403730,10,11,20360912,5,VFT,0.9,1.0,0.08385242579793184,13,5,9,160.0
10.1149/1.1403730,10,11,20360912,5,VFT,0.95,1.0,0.15846235643396067,13,5,9,160.0
10.1149/1.1403730,10,12,20360913,3,RF_constrained_rate,0.8,0.43243243243243246,0.01967595126342614,13,5,37,
10.1149/1.1403730,10,12,20360913,3,RF_constrained_rate,0.9,0.5945945945945946,0.03450840889936346,13,5,37,
10.1149/1.1403730,10,12,20360913,3,RF_constrained_rate,0.95,0.8648648648648649,0.10600693965474828,13,5,37,
10.1149/1.1403730,10,12,20360913,4,VFT,0.8,0.42105263157894735,0.0113824813763862,13,5,19,160.0
10.1149/1.1403730,10,12,20360913,4,VFT,0.9,0.631578947368421,0.017765682354388357,13,5,19,160.0
10.1149/1.1403730,10,12,20360913,4,VFT,0.95,0.7894736842105263,0.029258485194295414,13,5,19,160.0
10.1149/1.1403730,10,12,20360913,5,VFT,0.8,0.6666666666666666,0.015737973923910076,13,5,9,160.0
10.1149/1.1403730,10,12,20360913,5,VFT,0.9,0.7777777777777778,0.027989603997975898,13,5,9,160.0
10.1149/1.1403730,10,12,20360913,5,VFT,0.95,0.7777777777777778,0.03778746858675941,13,5,9,160.0
10.1149/1.1403730,10,13,20360914,3,RF_constrained_rate,0.8,0.5945945945945946,0.027315498285553796,13,5,37,
10.1149/1.1403730,10,13,20360914,3,RF_constrained_rate,0.9,0.8918918918918919,0.07451685096352523,13,5,37,
10.1149/1.1403730,10,13,20360914,3,RF_constrained_rate,0.95,0.972972972972973,0.2053379185302262,13,5,37,
10.1149/1.1403730,10,13,20360914,4,VFT,0.8,0.8947368421052632,0.03637732603634014,13,5,19,160.0
10.1149/1.1403730,10,13,20360914,4,VFT,0.9,1.0,0.06006842302125193,13,5,19,160.0
10.1149/1.1403730,10,13,20360914,4,VFT,0.95,1.0,0.10458124759694794,13,5,19,160.0
10.1149/1.1403730,10,13,20360914,5,VFT,0.8,0.7777777777777778,0.033473344008164485,13,5,9,160.0
10.1149/1.1403730,10,13,20360914,5,VFT,0.9,1.0,0.09561210192813985,13,5,9,160.0
10.1149/1.1403730,10,13,20360914,5,VFT,0.95,1.0,0.12308743821602615,13,5,9,160.0
10.1149/1.1403730,10,14,20360915,3,RF_constrained_rate,0.8,0.2972972972972973,0.011175000939150248,13,5,37,
10.1149/1.1403730,10,14,20360915,3,RF_constrained_rate,0.9,0.40540540540540543,0.01689744150245065,13,5,37,
10.1149/1.1403730,10,14,20360915,3,RF_constrained_rate,0.95,0.6216216216216216,0.03148656473428413,13,5,37,
10.1149/1.1403730,10,14,20360915,4,VFT,0.8,0.3684210526315789,0.009886633974446113,13,5,19,160.0
10.1149/1.1403730,10,14,20360915,4,VFT,0.9,0.5789473684210527,0.014406839958315265,13,5,19,160.0
10.1149/1.1403730,10,14,20360915,4,VFT,0.95,0.6842105263157895,0.02013219315169601,13,5,19,160.0
10.1149/1.1403730,10,14,20360915,5,VFT,0.8,0.6666666666666666,0.012716172150281979,13,5,9,160.0
10.1149/1.1403730,10,14,20360915,5,VFT,0.9,0.6666666666666666,0.018159485819625676,13,5,9,160.0
10.1149/1.1403730,10,14,20360915,5,VFT,0.95,0.7777777777777778,0.03440432872936516,13,5,9,160.0
10.1149/1.1403730,10,15,20360916,3,RF_constrained_rate,0.8,0.35135135135135137,0.012365686519599572,13,5,37,
10.1149/1.1403730,10,15,20360916,3,RF_constrained_rate,0.9,0.4594594594594595,0.017649330415018927,13,5,37,
10.1149/1.1403730,10,15,20360916,3,RF_constrained_rate,0.95,0.7027027027027027,0.03908270997737717,13,5,37,
10.1149/1.1403730,10,15,20360916,4,VFT,0.8,0.3684210526315789,0.009963967961625464,13,5,19,160.0
10.1149/1.1403730,10,15,20360916,4,VFT,0.9,0.5789473684210527,0.01553591497232265,13,5,19,160.0
10.1149/1.1403730,10,15,20360916,4,VFT,0.95,0.8421052631578947,0.03053396749180659,13,5,19,160.0
10.1149/1.1403730,10,15,20360916,5,VFT,0.8,0.6666666666666666,0.012716172150281979,13,5,9,160.0
10.1149/1.1403730,10,15,20360916,5,VFT,0.9,0.6666666666666666,0.019175270724418825,13,5,9,160.0
10.1149/1.1403730,10,15,20360916,5,VFT,0.95,0.7777777777777778,0.03487732651105224,13,5,9,160.0
10.1149/1.1403730,10,16,20360917,3,RF_constrained_rate,0.8,0.5675675675675675,0.02415035295807333,13,5,37,
10.1149/1.1403730,10,16,20360917,3,RF_constrained_rate,0.9,0.7027027027027027,0.044410165881813235,13,5,37,
10.1149/1.1403730,10,16,20360917,3,RF_constrained_rate,0.95,0.8378378378378378,0.06167986967512551,13,5,37,
10.1149/1.1403730,10,16,20360917,4,VFT,0.8,0.5789473684210527,0.015514815630879308,13,5,19,160.0
10.1149/1.1403730,10,16,20360917,4,VFT,0.9,0.7894736842105263,0.028417604401717256,13,5,19,160.0
10.1149/1.1403730,10,16,20360917,4,VFT,0.95,0.9473684210526315,0.05077004901954063,13,5,19,160.0
10.1149/1.1403730,10,16,20360917,5,VFT,0.8,0.6666666666666666,0.011869919501094062,13,5,9,160.0
10.1149/1.1403730,10,16,20360917,5,VFT,0.9,0.6666666666666666,0.017687978135128457,13,5,9,160.0
10.1149/1.1403730,10,16,20360917,5,VFT,0.95,0.7777777777777778,0.030917611670433276,13,5,9,160.0
10.1149/1.1403730,10,17,20360918,3,RF_constrained_rate,0.8,0.7837837837837838,0.05173802693659724,13,5,37,
10.1149/1.1403730,10,17,20360918,3,RF_constrained_rate,0.9,0.8648648648648649,0.08272601666060764,13,5,37,
10.1149/1.1403730,10,17,20360918,3,RF_constrained_rate,0.95,1.0,0.15105845827089937,13,5,37,
10.1149/1.1403730,10,17,20360918,4,VFT,0.8,0.8421052631578947,0.029975290160623835,13,5,19,160.0
10.1149/1.1403730,10,17,20360918,4,VFT,0.9,0.9473684210526315,0.04452424738576566,13,5,19,160.0
10.1149/1.1403730,10,17,20360918,4,VFT,0.95,1.0,0.10458124759694794,13,5,19,160.0
10.1149/1.1403730,10,17,20360918,5,VFT,0.8,0.7777777777777778,0.041650860387205224,13,5,9,160.0
10.1149/1.1403730,10,17,20360918,5,VFT,0.9,1.0,0.08304005757787158,13,5,9,160.0
10.1149/1.1403730,10,17,20360918,5,VFT,0.95,1.0,0.1583218915749165,13,5,9,160.0
10.1149/1.1403730,10,18,20360919,3,RF_constrained_rate,0.8,0.40540540540540543,0.012413417540674487,13,5,37,
10.1149/1.1403730,10,18,20360919,3,RF_constrained_rate,0.9,0.5135135135135135,0.021260227489570793,13,5,37,
10.1149/1.1403730,10,18,20360919,3,RF_constrained_rate,0.95,0.5675675675675675,0.02850335514851654,13,5,37,
10.1149/1.1403730,10,18,20360919,4,VFT,0.8,0.47368421052631576,0.013996667394104323,13,5,19,160.0
10.1149/1.1403730,10,18,20360919,4,VFT,0.9,0.6842105263157895,0.018984148113538657,13,5,19,160.0
10.1149/1.1403730,10,18,20360919,4,VFT,0.95,0.7894736842105263,0.028498997405443927,13,5,19,160.0
10.1149/1.1403730,10,18,20360919,5,VFT,0.8,0.6666666666666666,0.020031271680172047,13,5,9,160.0
10.1149/1.1403730,10,18,20360919,5,VFT,0.9,0.7777777777777778,0.03155980118740631,13,5,9,160.0
10.1149/1.1403730,10,18,20360919,5,VFT,0.95,1.0,0.046388142144178746,13,5,9,160.0
10.1149/1.1403730,10,19,20360920,3,RF_constrained_rate,0.8,0.5675675675675675,0.02980634132712412,13,5,37,
10.1149/1.1403730,10,19,20360920,3,RF_constrained_rate,0.9,0.8378378378378378,0.06621308062225117,13,5,37,
10.1149/1.1403730,10,19,20360920,3,RF_constrained_rate,0.95,0.918918918918919,0.11639734354787068,13,5,37,
10.1149/1.1403730,10,19,20360920,4,VFT,0.8,0.8947368421052632,0.03619613024973578,13,5,19,160.0
10.1149/1.1403730,10,19,20360920,4,VFT,0.9,0.9473684210526315,0.0493823421583226,13,5,19,160.0
10.1149/1.1403730,10,19,20360920,4,VFT,0.95,1.0,0.11549155091832874,13,5,19,160.0
10.1149/1.1403730,10,19,20360920,5,VFT,0.8,1.0,0.05177770795355263,13,5,9,160.0
10.1149/1.1403730,10,19,20360920,5,VFT,0.9,1.0,0.10399238743327266,13,5,9,160.0
10.1149/1.1403730,10,19,20360920,5,VFT,0.95,1.0,0.18974015331121485,13,5,9,160.0
10.1149/1.1466857,11,0,20370901,3,RF_constrained_rate,0.8,1.0,0.037173828100021566,13,5,1,
10.1149/1.1466857,11,0,20370901,3,RF_constrained_rate,0.9,1.0,0.06163703711870361,13,5,1,
10.1149/1.1466857,11,0,20370901,3,RF_constrained_rate,0.95,1.0,0.09888189626818722,13,5,1,
10.1149/1.1466857,11,0,20370901,4,VFT,0.8,0.0,0.018536058761896124,13,5,1,160.0
10.1149/1.1466857,11,0,20370901,4,VFT,0.9,0.0,0.03767330979830219,13,5,1,160.0
10.1149/1.1466857,11,0,20370901,4,VFT,0.95,1.0,0.05753471262765952,13,5,1,160.0
10.1149/1.1466857,11,0,20370901,5,VFT,0.8,0.0,0.017789624292424255,13,5,1,160.0
10.1149/1.1466857,11,0,20370901,5,VFT,0.9,0.0,0.033473344008164485,13,5,1,160.0
10.1149/1.1466857,11,0,20370901,5,VFT,0.95,0.0,0.04816415878183067,13,5,1,160.0
10.1149/1.1466857,11,1,20370902,3,RF_constrained_rate,0.8,1.0,0.045594326977897115,13,5,1,
10.1149/1.1466857,11,1,20370902,3,RF_constrained_rate,0.9,1.0,0.0695295533942124,13,5,1,
10.1149/1.1466857,11,1,20370902,3,RF_constrained_rate,0.95,1.0,0.10423278153682958,13,5,1,
10.1149/1.1466857,11,1,20370902,4,VFT,0.8,0.0,0.018536058761896124,13,5,1,160.0
10.1149/1.1466857,11,1,20370902,4,VFT,0.9,0.0,0.031493847794873187,13,5,1,160.0
10.1149/1.1466857,11,1,20370902,4,VFT,0.95,1.0,0.05753471262765952,13,5,1,160.0
10.1149/1.1466857,11,1,20370902,5,VFT,0.8,0.0,0.01591981849089974,13,5,1,160.0
10.1149/1.1466857,11,1,20370902,5,VFT,0.9,0.0,0.023691607950914406,13,5,1,160.0
10.1149/1.1466857,11,1,20370902,5,VFT,0.95,0.0,0.0463465458664134,13,5,1,160.0
10.1149/1.1466857,11,2,20370903,3,RF_constrained_rate,0.8,0.0,0.02276776741244646,13,5,1,
10.1149/1.1466857,11,2,20370903,3,RF_constrained_rate,0.9,1.0,0.04310626992538591,13,5,1,
10.1149/1.1466857,11,2,20370903,3,RF_constrained_rate,0.95,1.0,0.07402388687591666,13,5,1,
10.1149/1.1466857,11,2,20370903,4,VFT,0.8,0.0,0.012220241396135645,13,5,1,160.0
10.1149/1.1466857,11,2,20370903,4,VFT,0.9,0.0,0.028417604401717256,13,5,1,160.0
10.1149/1.1466857,11,2,20370903,4,VFT,0.95,1.0,0.06006842302125193,13,5,1,160.0
10.1149/1.1466857,11,2,20370903,5,VFT,0.8,0.0,0.012436336546733706,13,5,1,160.0
10.1149/1.1466857,11,2,20370903,5,VFT,0.9,0.0,0.017789624292424255,13,5,1,160.0
10.1149/1.1466857,11,2,20370903,5,VFT,0.95,0.0,0.035490361681855695,13,5,1,160.0
10.1149/1.1466857,11,3,20370904,3,RF_constrained_rate,0.8,1.0,0.036697019958899624,13,5,1,
10.1149/1.1466857,11,3,20370904,3,RF_constrained_rate,0.9,1.0,0.05372920937070713,13,5,1,
10.1149/1.1466857,11,3,20370904,3,RF_constrained_rate,0.95,1.0,0.10360734873352273,13,5,1,
10.1149/1.1466857,11,3,20370904,4,VFT,0.8,0.0,0.018173339050932658,13,5,1,160.0
10.1149/1.1466857,11,3,20370904,4,VFT,0.9,0.0,0.031493847794873187,13,5,1,160.0
10.1149/1.1466857,11,3,20370904,4,VFT,0.95,1.0,0.05753471262765952,13,5,1,160.0
10.1149/1.1466857,11,3,20370904,5,VFT,0.8,0.0,0.017789624292424255,13,5,1,160.0
10.1149/1.1466857,11,3,20370904,5,VFT,0.9,0.0,0.04549111290473151,13,5,1,160.0
10.1149/1.1466857,11,3,20370904,5,VFT,0.95,1.0,0.09561210192813985,13,5,1,160.0
10.1149/1.1466857,11,4,20370905,3,RF_constrained_rate,0.8,1.0,0.06646199771853833,13,5,1,
10.1149/1.1466857,11,4,20370905,3,RF_constrained_rate,0.9,1.0,0.13846687914256695,13,5,1,
10.1149/1.1466857,11,4,20370905,3,RF_constrained_rate,0.95,1.0,0.2261713998031647,13,5,1,
10.1149/1.1466857,11,4,20370905,4,VFT,0.8,0.0,0.023136404789092957,13,5,1,160.0
10.1149/1.1466857,11,4,20370905,4,VFT,0.9,1.0,0.0399832074181532,13,5,1,160.0
10.1149/1.1466857,11,4,20370905,4,VFT,0.95,1.0,0.05753471262765952,13,5,1,160.0
10.1149/1.1466857,11,4,20370905,5,VFT,0.8,0.0,0.03706070328747835,13,5,1,160.0
10.1149/1.1466857,11,4,20370905,5,VFT,0.9,0.0,0.0463465458664134,13,5,1,160.0
10.1149/1.1466857,11,4,20370905,5,VFT,0.95,1.0,0.08219109819518255,13,5,1,160.0
10.1149/1.1466857,11,5,20370906,3,RF_constrained_rate,0.8,0.0,0.01156170730654793,13,5,1,
10.1149/1.1466857,11,5,20370906,3,RF_constrained_rate,0.9,0.0,0.01598023307442853,13,5,1,
10.1149/1.1466857,11,5,20370906,3,RF_constrained_rate,0.95,1.0,0.024563202638736015,13,5,1,
10.1149/1.1466857,11,5,20370906,4,VFT,0.8,0.0,0.009357043676939236,13,5,1,160.0
10.1149/1.1466857,11,5,20370906,4,VFT,0.9,0.0,0.014406839958315265,13,5,1,160.0
10.1149/1.1466857,11,5,20370906,4,VFT,0.95,0.0,0.02013219315169601,13,5,1,160.0
10.1149/1.1466857,11,5,20370906,5,VFT,0.8,0.0,0.01240406480056322,13,5,1,160.0
10.1149/1.1466857,11,5,20370906,5,VFT,0.9,0.0,0.017613836321724863,13,5,1,160.0
10.1149/1.1466857,11,5,20370906,5,VFT,0.95,0.0,0.030652404039329895,13,5,1,160.0
10.1149/1.1466857,11,6,20370907,3,RF_constrained_rate,0.8,1.0,0.05071888577212835,13,5,1,
10.1149/1.1466857,11,6,20370907,3,RF_constrained_rate,0.9,1.0,0.09879137009414984,13,5,1,
10.1149/1.1466857,11,6,20370907,3,RF_constrained_rate,0.95,1.0,0.1612680294517399,13,5,1,
10.1149/1.1466857,11,6,20370907,4,VFT,0.8,0.0,0.025724672528661285,13,5,1,160.0
10.1149/1.1466857,11,6,20370907,4,VFT,0.9,1.0,0.0399832074181532,13,5,1,160.0
10.1149/1.1466857,11,6,20370907,4,VFT,0.95,1.0,0.06006842302125193,13,5,1,160.0
10.1149/1.1466857,11,6,20370907,5,VFT,0.8,0.0,0.035490361681855695,13,5,1,160.0
10.1149/1.1466857,11,6,20370907,5,VFT,0.9,0.0,0.0463465458664134,13,5,1,160.0
10.1149/1.1466857,11,6,20370907,5,VFT,0.95,1.0,0.09561210192813985,13,5,1,160.0
10.1149/1.1466857,11,7,20370908,3,RF_constrained_rate,0.8,0.0,0.01121795996526842,13,5,1,
10.1149/1.1466857,11,7,20370908,3,RF_constrained_rate,0.9,0.0,0.018340622821792496,13,5,1,
10.1149/1.1466857,11,7,20370908,3,RF_constrained_rate,0.95,1.0,0.04065541786185656,13,5,1,
10.1149/1.1466857,11,7,20370908,4,VFT,0.8,0.0,0.009886633974446113,13,5,1,160.0
10.1149/1.1466857,11,7,20370908,4,VFT,0.9,0.0,0.014477399583022299,13,5,1,160.0
10.1149/1.1466857,11,7,20370908,4,VFT,0.95,0.0,0.024269630490778127,13,5,1,160.0
10.1149/1.1466857,11,7,20370908,5,VFT,0.8,0.0,0.012436336546733706,13,5,1,160.0
10.1149/1.1466857,11,7,20370908,5,VFT,0.9,0.0,0.01828576329068965,13,5,1,160.0
10.1149/1.1466857,11,7,20370908,5,VFT,0.95,0.0,0.03487732651105224,13,5,1,160.0
10.1149/1.1466857,11,8,20370909,3,RF_constrained_rate,0.8,1.0,0.05028742303508649,13,5,1,
10.1149/1.1466857,11,8,20370909,3,RF_constrained_rate,0.9,1.0,0.07077230004449908,13,5,1,
10.1149/1.1466857,11,8,20370909,3,RF_constrained_rate,0.95,1.0,0.20554848673956433,13,5,1,
10.1149/1.1466857,11,8,20370909,4,VFT,0.8,0.0,0.025724672528661285,13,5,1,160.0
10.1149/1.1466857,11,8,20370909,4,VFT,0.9,1.0,0.0399832074181532,13,5,1,160.0
10.1149/1.1466857,11,8,20370909,4,VFT,0.95,1.0,0.05753471262765952,13,5,1,160.0
10.1149/1.1466857,11,8,20370909,5,VFT,0.8,0.0,0.03064811286598146,13,5,1,160.0
10.1149/1.1466857,11,8,20370909,5,VFT,0.9,0.0,0.04816415878183067,13,5,1,160.0
10.1149/1.1466857,11,8,20370909,5,VFT,0.95,1.0,0.08219109819518255,13,5,1,160.0
10.1149/1.1466857,11,9,20370910,3,RF_constrained_rate,0.8,1.0,0.03452957256862277,13,5,1,
10.1149/1.1466857,11,9,20370910,3,RF_constrained_rate,0.9,1.0,0.048426753161503244,13,5,1,
10.1149/1.1466857,11,9,20370910,3,RF_constrained_rate,0.95,1.0,0.06643024565963418,13,5,1,
10.1149/1.1466857,11,9,20370910,4,VFT,0.8,0.0,0.019885186755199125,13,5,1,160.0
10.1149/1.1466857,11,9,20370910,4,VFT,0.9,0.0,0.029258485194295414,13,5,1,160.0
10.1149/1.1466857,11,9,20370910,4,VFT,0.95,1.0,0.05077004901954063,13,5,1,160.0
10.1149/1.1466857,11,9,20370910,5,VFT,0.8,0.0,0.017687978135128457,13,5,1,160.0
10.1149/1.1466857,11,9,20370910,5,VFT,0.9,0.0,0.03064811286598146,13,5,1,160.0
10.1149/1.1466857,11,9,20370910,5,VFT,0.95,0.0,0.04549111290473151,13,5,1,160.0
10.1149/1.1466857,11,10,20370911,3,RF_constrained_rate,0.8,1.0,0.0296267071435401,13,5,1,
10.1149/1.1466857,11,10,20370911,3,RF_constrained_rate,0.9,1.0,0.054878732249348694,13,5,1,
10.1149/1.1466857,11,10,20370911,3,RF_constrained_rate,0.95,1.0,0.09482944464256793,13,5,1,
10.1149/1.1466857,11,10,20370911,4,VFT,0.8,0.0,0.017230148844155746,13,5,1,160.0
10.1149/1.1466857,11,10,20370911,4,VFT,0.9,0.0,0.025724672528661285,13,5,1,160.0
10.1149/1.1466857,11,10,20370911,4,VFT,0.95,0.0,0.037010623143703736,13,5,1,160.0
10.1149/1.1466857,11,10,20370911,5,VFT,0.8,0.0,0.022441682082510184,13,5,1,160.0
10.1149/1.1466857,11,10,20370911,5,VFT,0.9,0.0,0.033895371628013704,13,5,1,160.0
10.1149/1.1466857,11,10,20370911,5,VFT,0.95,0.0,0.0463465458664134,13,5,1,160.0
10.1149/1.1466857,11,11,20370912,3,RF_constrained_rate,0.8,0.0,0.010542940818874413,13,5,1,
10.1149/1.1466857,11,11,20370912,3,RF_constrained_rate,0.9,0.0,0.020111227667252596,13,5,1,
10.1149/1.1466857,11,11,20370912,3,RF_constrained_rate,0.95,0.0,0.02473215578049004,13,5,1,
10.1149/1.1466857,11,11,20370912,4,VFT,0.8,0.0,0.010058653241119098,13,5,1,160.0
10.1149/1.1466857,11,11,20370912,4,VFT,0.9,0.0,0.017230148844155746,13,5,1,160.0
10.1149/1.1466857,11,11,20370912,4,VFT,0.95,0.0,0.026521698703257046,13,5,1,160.0
10.1149/1.1466857,11,11,20370912,5,VFT,0.8,0.0,0.014029444600456076,13,5,1,160.0
10.1149/1.1466857,11,11,20370912,5,VFT,0.9,0.0,0.026956438200738564,13,5,1,160.0
10.1149/1.1466857,11,11,20370912,5,VFT,0.95,0.0,0.033895371628013704,13,5,1,160.0
10.1149/1.1466857,11,12,20370913,3,RF_constrained_rate,0.8,1.0,0.03514897808490669,13,5,1,
10.1149/1.1466857,11,12,20370913,3,RF_constrained_rate,0.9,1.0,0.059643824987391625,13,5,1,
10.1149/1.1466857,11,12,20370913,3,RF_constrained_rate,0.95,1.0,0.09730803847110892,13,5,1,
10.1149/1.1466857,11,12,20370913,4,VFT,0.8,0.0,0.029554759609419,13,5,1,160.0
10.1149/1.1466857,11,12,20370913,4,VFT,0.9,1.0,0.04364707316042882,13,5,1,160.0
10.1149/1.1466857,11,12,20370913,4,VFT,0.95,1.0,0.11138652237799485,13,5,1,160.0
10.1149/1.1466857,11,12,20370913,5,VFT,0.8,0.0,0.037089634335360167,13,5,1,160.0
10.1149/1.1466857,11,12,20370913,5,VFT,0.9,1.0,0.06256013068903465,13,5,1,160.0
10.1149/1.1466857,11,12,20370913,5,VFT,0.95,1.0,0.1583218915749165,13,5,1,160.0
10.1149/1.1466857,11,13,20370914,3,RF_constrained_rate,0.8,1.0,0.03157617986117556,13,5,1,
10.1149/1.1466857,11,13,20370914,3,RF_constrained_rate,0.9,1.0,0.064415696034964,13,5,1,
10.1149/1.1466857,11,13,20370914,3,RF_constrained_rate,0.95,1.0,0.10532545613749544,13,5,1,
10.1149/1.1466857,11,13,20370914,4,VFT,0.8,0.0,0.029554759609419,13,5,1,160.0
10.1149/1.1466857,11,13,20370914,4,VFT,0.9,1.0,0.04452424738576566,13,5,1,160.0
10.1149/1.1466857,11,13,20370914,4,VFT,0.95,1.0,0.11306692058765133,13,5,1,160.0
10.1149/1.1466857,11,13,20370914,5,VFT,0.8,0.0,0.037089634335360167,13,5,1,160.0
10.1149/1.1466857,11,13,20370914,5,VFT,0.9,1.0,0.06256013068903465,13,5,1,160.0
10.1149/1.1466857,11,13,20370914,5,VFT,0.95,1.0,0.1583218915749165,13,5,1,160.0
10.1149/1.1466857,11,14,20370915,3,RF_constrained_rate,0.8,1.0,0.02875089115551077,13,5,1,
10.1149/1.1466857,11,14,20370915,3,RF_constrained_rate,0.9,1.0,0.0838448185894618,13,5,1,
10.1149/1.1466857,11,14,20370915,3,RF_constrained_rate,0.95,1.0,0.18179462958065784,13,5,1,
10.1149/1.1466857,11,14,20370915,4,VFT,0.8,0.0,0.014862787074375383,13,5,1,160.0
10.1149/1.1466857,11,14,20370915,4,VFT,0.9,0.0,0.03767330979830219,13,5,1,160.0
10.1149/1.1466857,11,14,20370915,4,VFT,0.95,1.0,0.04877040765791185,13,5,1,160.0
10.1149/1.1466857,11,14,20370915,5,VFT,0.8,0.0,0.013563884618165933,13,5,1,160.0
10.1149/1.1466857,11,14,20370915,5,VFT,0.9,0.0,0.023754194476726997,13,5,1,160.0
10.1149/1.1466857,11,14,20370915,5,VFT,0.95,1.0,0.0625822775074083,13,5,1,160.0
10.1149/1.1466857,11,15,20370916,3,RF_constrained_rate,0.8,0.0,0.019627554278317083,13,5,1,
10.1149/1.1466857,11,15,20370916,3,RF_constrained_rate,0.9,1.0,0.02817808756620832,13,5,1,
10.1149/1.1466857,11,15,20370916,3,RF_constrained_rate,0.95,1.0,0.06959149882287319,13,5,1,
10.1149/1.1466857,11,15,20370916,4,VFT,0.8,0.0,0.016256941115079027,13,5,1,160.0
10.1149/1.1466857,11,15,20370916,4,VFT,0.9,0.0,0.024181994838984977,13,5,1,160.0
10.1149/1.1466857,11,15,20370916,4,VFT,0.95,1.0,0.03985633345748263,13,5,1,160.0
10.1149/1.1466857,11,15,20370916,5,VFT,0.8,0.0,0.023754194476726997,13,5,1,160.0
10.1149/1.1466857,11,15,20370916,5,VFT,0.9,0.0,0.033895371628013704,13,5,1,160.0
10.1149/1.1466857,11,15,20370916,5,VFT,0.95,0.0,0.05257272628171661,13,5,1,160.0
10.1149/1.1466857,11,16,20370917,3,RF_constrained_rate,0.8,0.0,0.022923061557862834,13,5,1,
10.1149/1.1466857,11,16,20370917,3,RF_constrained_rate,0.9,1.0,0.058691869391376716,13,5,1,
10.1149/1.1466857,11,16,20370917,3,RF_constrained_rate,0.95,1.0,0.06286121589378424,13,5,1,
10.1149/1.1466857,11,16,20370917,4,VFT,0.8,0.0,0.015914353485040333,13,5,1,160.0
10.1149/1.1466857,11,16,20370917,4,VFT,0.9,0.0,0.024181994838984977,13,5,1,160.0
10.1149/1.1466857,11,16,20370917,4,VFT,0.95,0.0,0.037010623143703736,13,5,1,160.0
10.1149/1.1466857,11,16,20370917,5,VFT,0.8,0.0,0.022169293366081977,13,5,1,160.0
10.1149/1.1466857,11,16,20370917,5,VFT,0.9,0.0,0.033670672924512424,13,5,1,160.0
10.1149/1.1466857,11,16,20370917,5,VFT,0.95,0.0,0.0463465458664134,13,5,1,160.0
10.1149/1.1466857,11,17,20370918,3,RF_constrained_rate,0.8,0.0,0.01984013624054959,13,5,1,
10.1149/1.1466857,11,17,20370918,3,RF_constrained_rate,0.9,1.0,0.0310820834695561,13,5,1,
10.1149/1.1466857,11,17,20370918,3,RF_constrained_rate,0.95,1.0,0.07872035281448264,13,5,1,
10.1149/1.1466857,11,17,20370918,4,VFT,0.8,0.0,0.013849840647325529,13,5,1,160.0
10.1149/1.1466857,11,17,20370918,4,VFT,0.9,0.0,0.03637732603634014,13,5,1,160.0
10.1149/1.1466857,11,17,20370918,4,VFT,0.95,1.0,0.06006842302125193,13,5,1,160.0
10.1149/1.1466857,11,17,20370918,5,VFT,0.8,0.0,0.014029444600456076,13,5,1,160.0
10.1149/1.1466857,11,17,20370918,5,VFT,0.9,0.0,0.023691607950914406,13,5,1,160.0
10.1149/1.1466857,11,17,20370918,5,VFT,0.95,0.0,0.04816415878183067,13,5,1,160.0
10.1149/1.1466857,11,18,20370919,3,RF_constrained_rate,0.8,1.0,0.03742242283431363,13,5,1,
10.1149/1.1466857,11,18,20370919,3,RF_constrained_rate,0.9,1.0,0.07487101198139046,13,5,1,
10.1149/1.1466857,11,18,20370919,3,RF_constrained_rate,0.95,1.0,0.14107100308174048,13,5,1,
10.1149/1.1466857,11,18,20370919,4,VFT,0.8,0.0,0.031910122702544674,13,5,1,160.0
10.1149/1.1466857,11,18,20370919,4,VFT,0.9,1.0,0.0493823421583226,13,5,1,160.0
10.1149/1.1466857,11,18,20370919,4,VFT,0.95,1.0,0.12548363916996264,13,5,1,160.0
10.1149/1.1466857,11,18,20370919,5,VFT,0.8,0.0,0.04798219301794804,13,5,1,160.0
10.1149/1.1466857,11,18,20370919,5,VFT,0.9,1.0,0.09596449319696343,13,5,1,160.0
10.1149/1.1466857,11,18,20370919,5,VFT,0.95,1.0,0.15846235643396067,13,5,1,160.0
10.1149/1.1466857,11,19,20370920,3,RF_constrained_rate,0.8,0.0,0.02101551076080234,13,5,1,
10.1149/1.1466857,11,19,20370920,3,RF_constrained_rate,0.9,1.0,0.04292032129982748,13,5,1,
10.1149/1.1466857,11,19,20370920,3,RF_constrained_rate,0.95,1.0,0.06763108151091224,13,5,1,
10.1149/1.1466857,11,19,20370920,4,VFT,0.8,0.0,0.01853487062212343,13,5,1,160.0
10.1149/1.1466857,11,19,20370920,4,VFT,0.9,0.0,0.02667892904308311,13,5,1,160.0
10.1149/1.1466857,11,19,20370920,4,VFT,0.95,1.0,0.05077004901954063,13,5,1,160.0
10.1149/1.1466857,11,19,20370920,5,VFT,0.8,0.0,0.013493220234892522,13,5,1,160.0
10.1149/1.1466857,11,19,20370920,5,VFT,0.9,0.0,0.023691607950914406,13,5,1,160.0
10.1149/1.1466857,11,19,20370920,5,VFT,0.95,0.0,0.035490361681855695,13,5,1,160.0
10.1149/1.1513556,12,0,20380901,3,RF_constrained_rate,0.8,0.6363636363636364,0.016832522979056685,13,5,11,
10.1149/1.1513556,12,0,20380901,3,RF_constrained_rate,0.9,0.7272727272727273,0.03223000617478533,13,5,11,
10.1149/1.1513556,12,0,20380901,3,RF_constrained_rate,0.95,0.9090909090909091,0.07203474806229437,13,5,11,
10.1149/1.1513556,12,0,20380901,4,VFT,0.8,0.625,0.01216016050948876,13,5,8,160.0
10.1149/1.1513556,12,0,20380901,4,VFT,0.9,0.625,0.018984148113538657,13,5,8,160.0
10.1149/1.1513556,12,0,20380901,4,VFT,0.95,0.75,0.028417604401717256,13,5,8,160.0
10.1149/1.1513556,12,0,20380901,5,VFT,0.8,0.75,0.017032658585019345,13,5,4,160.0
10.1149/1.1513556,12,0,20380901,5,VFT,0.9,1.0,0.030600980004741984,13,5,4,160.0
10.1149/1.1513556,12,0,20380901,5,VFT,0.95,1.0,0.03968219977077858,13,5,4,160.0
10.1149/1.1513556,12,1,20380902,3,RF_constrained_rate,0.8,0.7272727272727273,0.02605283733078334,13,5,11,
10.1149/1.1513556,12,1,20380902,3,RF_constrained_rate,0.9,1.0,0.05244035402906322,13,5,11,
10.1149/1.1513556,12,1,20380902,3,RF_constrained_rate,0.95,1.0,0.084674682695983,13,5,11,
10.1149/1.1513556,12,1,20380902,4,VFT,0.8,0.75,0.02643361030362512,13,5,8,160.0
10.1149/1.1513556,12,1,20380902,4,VFT,0.9,0.875,0.03933378530489384,13,5,8,160.0
10.1149/1.1513556,12,1,20380902,4,VFT,0.95,0.875,0.06138933596941154,13,5,8,160.0
10.1149/1.1513556,12,1,20380902,5,VFT,0.8,1.0,0.037089634335360167,13,5,4,160.0
10.1149/1.1513556,12,1,20380902,5,VFT,0.9,1.0,0.05619275624159048,13,5,4,160.0
10.1149/1.1513556,12,1,20380902,5,VFT,0.95,1.0,0.11469361143805612,13,5,4,160.0
10.1149/1.1513556,12,2,20380903,3,RF_constrained_rate,0.8,0.6363636363636364,0.020923936464048554,13,5,11,
10.1149/1.1513556,12,2,20380903,3,RF_constrained_rate,0.9,0.6363636363636364,0.03703684078646019,13,5,11,
10.1149/1.1513556,12,2,20380903,3,RF_constrained_rate,0.95,0.8181818181818182,0.06591467244112437,13,5,11,
10.1149/1.1513556,12,2,20380903,4,VFT,0.8,0.625,0.0109289272553168,13,5,8,160.0
10.1149/1.1513556,12,2,20380903,4,VFT,0.9,0.875,0.03838393599123502,13,5,8,160.0
10.1149/1.1513556,12,2,20380903,4,VFT,0.95,0.875,0.06006842302125193,13,5,8,160.0
10.1149/1.1513556,12,2,20380903,5,VFT,0.8,0.75,0.017789624292424255,13,5,4,160.0
10.1149/1.1513556,12,2,20380903,5,VFT,0.9,1.0,0.05457827347848965,13,5,4,160.0
10.1149/1.1513556,12,2,20380903,5,VFT,0.95,1.0,0.09561210192813985,13,5,4,160.0
10.1149/1.1513556,12,3,20380904,3,RF_constrained_rate,0.8,0.6363636363636364,0.034651169414081195,13,5,11,
10.1149/1.1513556,12,3,20380904,3,RF_constrained_rate,0.9,0.7272727272727273,0.06195694401692897,13,5,11,
10.1149/1.1513556,12,3,20380904,3,RF_constrained_rate,0.95,1.0,0.10485052659725991,13,5,11,
10.1149/1.1513556,12,3,20380904,4,VFT,0.8,0.625,0.014183444562295477,13,5,8,160.0
10.1149/1.1513556,12,3,20380904,4,VFT,0.9,0.75,0.029596777293295684,13,5,8,160.0
10.1149/1.1513556,12,3,20380904,4,VFT,0.95,0.875,0.04356712791779249,13,5,8,160.0
10.1149/1.1513556,12,3,20380904,5,VFT,0.8,0.5,0.011317159025786783,13,5,4,160.0
10.1149/1.1513556,12,3,20380904,5,VFT,0.9,1.0,0.027989603997975898,13,5,4,160.0
10.1149/1.1513556,12,3,20380904,5,VFT,0.95,1.0,0.04549111290473151,13,5,4,160.0
10.1149/1.1513556,12,4,20380905,3,RF_constrained_rate,0.8,0.6363636363636364,0.05201899021808387,13,5,11,
10.1149/1.1513556,12,4,20380905,3,RF_constrained_rate,0.9,0.9090909090909091,0.06805372056633607,13,5,11,
10.1149/1.1513556,12,4,20380905,3,RF_constrained_rate,0.95,1.0,0.15781788978205968,13,5,11,
10.1149/1.1513556,12,4,20380905,4,VFT,0.8,0.75,0.025724672528661285,13,5,8,160.0
10.1149/1.1513556,12,4,20380905,4,VFT,0.9,0.875,0.03838393599123502,13,5,8,160.0
10.1149/1.1513556,12,4,20380905,4,VFT,0.95,0.875,0.05753471262765952,13,5,8,160.0
10.1149/1.1513556,12,4,20380905,5,VFT,0.8,1.0,0.022169293366081977,13,5,4,160.0
10.1149/1.1513556,12,4,20380905,5,VFT,0.9,1.0,0.0463465458664134,13,5,4,160.0
10.1149/1.1513556,12,4,20380905,5,VFT,0.95,1.0,0.05457827347848965,13,5,4,160.0
10.1149/1.1513556,12,5,20380906,3,RF_constrained_rate,0.8,0.6363636363636364,0.018273951123134236,13,5,11,
10.1149/1.1513556,12,5,20380906,3,RF_constrained_rate,0.9,0.8181818181818182,0.06311536817084384,13,5,11,
10.1149/1.1513556,12,5,20380906,3,RF_constrained_rate,0.95,1.0,0.10727330418689074,13,5,11,
10.1149/1.1513556,12,5,20380906,4,VFT,0.8,0.625,0.009886633974446113,13,5,8,160.0
10.1149/1.1513556,12,5,20380906,4,VFT,0.9,0.625,0.014138521115230063,13,5,8,160.0
10.1149/1.1513556,12,5,20380906,4,VFT,0.95,0.875,0.04877040765791185,13,5,8,160.0
10.1149/1.1513556,12,5,20380906,5,VFT,0.8,0.5,0.011092056597729938,13,5,4,160.0
10.1149/1.1513556,12,5,20380906,5,VFT,0.9,0.75,0.013429178925343122,13,5,4,160.0
10.1149/1.1513556,12,5,20380906,5,VFT,0.95,0.75,0.016234532416806502,13,5,4,160.0
10.1149/1.1513556,12,6,20380907,3,RF_constrained_rate,0.8,0.6363636363636364,0.015809824158516506,13,5,11,
10.1149/1.1513556,12,6,20380907,3,RF_constrained_rate,0.9,0.7272727272727273,0.0248639628177878,13,5,11,
10.1149/1.1513556,12,6,20380907,3,RF_constrained_rate,0.95,0.7272727272727273,0.030473773482750932,13,5,11,
10.1149/1.1513556,12,6,20380907,4,VFT,0.8,0.625,0.01122121130120357,13,5,8,160.0
10.1149/1.1513556,12,6,20380907,4,VFT,0.9,0.625,0.017036614060481847,13,5,8,160.0
10.1149/1.1513556,12,6,20380907,4,VFT,0.95,0.75,0.02380587033360948,13,5,8,160.0
10.1149/1.1513556,12,6,20380907,5,VFT,0.8,0.75,0.016442245619342488,13,5,4,160.0
10.1149/1.1513556,12,6,20380907,5,VFT,0.9,1.0,0.029079380188149706,13,5,4,160.0
10.1149/1.1513556,12,6,20380907,5,VFT,0.95,1.0,0.03965528652209471,13,5,4,160.0
10.1149/1.1513556,12,7,20380908,3,RF_constrained_rate,0.8,0.5454545454545454,0.024139151548365323,13,5,11,
10.1149/1.1513556,12,7,20380908,3,RF_constrained_rate,0.9,0.7272727272727273,0.044066637915308945,13,5,11,
10.1149/1.1513556,12,7,20380908,3,RF_constrained_rate,0.95,0.8181818181818182,0.07761820115147922,13,5,11,
10.1149/1.1513556,12,7,20380908,4,VFT,0.8,0.625,0.016283812834659184,13,5,8,160.0
10.1149/1.1513556,12,7,20380908,4,VFT,0.9,0.75,0.025175163415161572,13,5,8,160.0
10.1149/1.1513556,12,7,20380908,4,VFT,0.95,0.875,0.05077004901954063,13,5,8,160.0
10.1149/1.1513556,12,7,20380908,5,VFT,0.8,0.75,0.013493220234892522,13,5,4,160.0
10.1149/1.1513556,12,7,20380908,5,VFT,0.9,1.0,0.023691607950914406,13,5,4,160.0
10.1149/1.1513556,12,7,20380908,5,VFT,0.95,1.0,0.03706070328747835,13,5,4,160.0
10.1149/1.1513556,12,8,20380909,3,RF_constrained_rate,0.8,0.7272727272727273,0.02611088961939112,13,5,11,
10.1149/1.1513556,12,8,20380909,3,RF_constrained_rate,0.9,0.9090909090909091,0.05105740722369134,13,5,11,
10.1149/1.1513556,12,8,20380909,3,RF_constrained_rate,0.95,0.9090909090909091,0.07472811146840597,13,5,11,
10.1149/1.1513556,12,8,20380909,4,VFT,0.8,0.75,0.024003356250963837,13,5,8,160.0
10.1149/1.1513556,12,8,20380909,4,VFT,0.9,0.875,0.038812764928012555,13,5,8,160.0
10.1149/1.1513556,12,8,20380909,4,VFT,0.95,0.875,0.06138933596941154,13,5,8,160.0
10.1149/1.1513556,12,8,20380909,5,VFT,0.8,1.0,0.033473344008164485,13,5,4,160.0
10.1149/1.1513556,12,8,20380909,5,VFT,0.9,1.0,0.05459433112752898,13,5,4,160.0
10.1149/1.1513556,12,8,20380909,5,VFT,0.95,1.0,0.10399238743327266,13,5,4,160.0
10.1149/1.1513556,12,9,20380910,3,RF_constrained_rate,0.8,0.8181818181818182,0.035539951118739754,13,5,11,
10.1149/1.1513556,12,9,20380910,3,RF_constrained_rate,0.9,1.0,0.05566719393825803,13,5,11,
10.1149/1.1513556,12,9,20380910,3,RF_constrained_rate,0.95,1.0,0.09585718763742967,13,5,11,
10.1149/1.1513556,12,9,20380910,4,VFT,0.8,0.75,0.027627724523564545,13,5,8,160.0
10.1149/1.1513556,12,9,20380910,4,VFT,0.9,0.875,0.04284337529094939,13,5,8,160.0
10.1149/1.1513556,12,9,20380910,4,VFT,0.95,0.875,0.10276644942535373,13,5,8,160.0
10.1149/1.1513556,12,9,20380910,5,VFT,0.8,1.0,0.03480339576849234,13,5,4,160.0
10.1149/1.1513556,12,9,20380910,5,VFT,0.9,1.0,0.0574817005492938,13,5,4,160.0
10.1149/1.1513556,12,9,20380910,5,VFT,0.95,1.0,0.15344863377312823,13,5,4,160.0
10.1149/1.1513556,12,10,20380911,3,RF_constrained_rate,0.8,0.6363636363636364,0.02092692562819587,13,5,11,
10.1149/1.1513556,12,10,20380911,3,RF_constrained_rate,0.9,0.6363636363636364,0.031934979363287486,13,5,11,
10.1149/1.1513556,12,10,20380911,3,RF_constrained_rate,0.95,0.6363636363636364,0.04722061455725557,13,5,11,
10.1149/1.1513556,12,10,20380911,4,VFT,0.8,0.625,0.013503883775672021,13,5,8,160.0
10.1149/1.1513556,12,10,20380911,4,VFT,0.9,0.625,0.018984148113538657,13,5,8,160.0
10.1149/1.1513556,12,10,20380911,4,VFT,0.95,0.75,0.024181994838984977,13,5,8,160.0
10.1149/1.1513556,12,10,20380911,5,VFT,0.8,1.0,0.022441682082510184,13,5,4,160.0
10.1149/1.1513556,12,10,20380911,5,VFT,0.9,1.0,0.03066075653620337,13,5,4,160.0
10.1149/1.1513556,12,10,20380911,5,VFT,0.95,1.0,0.03965528652209471,13,5,4,160.0
10.1149/1.1513556,12,11,20380912,3,RF_constrained_rate,0.8,0.6363636363636364,0.017193598555968137,13,5,11,
10.1149/1.1513556,12,11,20380912,3,RF_constrained_rate,0.9,0.6363636363636364,0.02749393506106179,13,5,11,
10.1149/1.1513556,12,11,20380912,3,RF_constrained_rate,0.95,0.6363636363636364,0.03384537638316365,13,5,11,
10.1149/1.1513556,12,11,20380912,4,VFT,0.8,0.625,0.01122121130120357,13,5,8,160.0
10.1149/1.1513556,12,11,20380912,4,VFT,0.9,0.625,0.017230148844155746,13,5,8,160.0
10.1149/1.1513556,12,11,20380912,4,VFT,0.95,0.75,0.026521698703257046,13,5,8,160.0
10.1149/1.1513556,12,11,20380912,5,VFT,0.8,0.75,0.01448927540791023,13,5,4,160.0
10.1149/1.1513556,12,11,20380912,5,VFT,0.9,1.0,0.026956438200738564,13,5,4,160.0
10.1149/1.1513556,12,11,20380912,5,VFT,0.95,1.0,0.03778746858675941,13,5,4,160.0
10.1149/1.1513556,12,12,20380913,3,RF_constrained_rate,0.8,0.8181818181818182,0.04224548472348233,13,5,11,
10.1149/1.1513556,12,12,20380913,3,RF_constrained_rate,0.9,1.0,0.08078272431534383,13,5,11,
10.1149/1.1513556,12,12,20380913,3,RF_constrained_rate,0.95,1.0,0.14083811372014576,13,5,11,
10.1149/1.1513556,12,12,20380913,4,VFT,0.8,0.75,0.031910122702544674,13,5,8,160.0
10.1149/1.1513556,12,12,20380913,4,VFT,0.9,0.875,0.048218726250399246,13,5,8,160.0
10.1149/1.1513556,12,12,20380913,4,VFT,0.95,1.0,0.12548363916996264,13,5,8,160.0
10.1149/1.1513556,12,12,20380913,5,VFT,0.8,1.0,0.04798219301794804,13,5,4,160.0
10.1149/1.1513556,12,12,20380913,5,VFT,0.9,1.0,0.09596449319696343,13,5,4,160.0
10.1149/1.1513556,12,12,20380913,5,VFT,0.95,1.0,0.15846235643396067,13,5,4,160.0
10.1149/1.1513556,12,13,20380914,3,RF_constrained_rate,0.8,0.7272727272727273,0.04332179805939074,13,5,11,
10.1149/1.1513556,12,13,20380914,3,RF_constrained_rate,0.9,1.0,0.0881952595269726,13,5,11,
10.1149/1.1513556,12,13,20380914,3,RF_constrained_rate,0.95,1.0,0.14339976177154323,13,5,11,
10.1149/1.1513556,12,13,20380914,4,VFT,0.8,0.75,0.03517497870650255,13,5,8,160.0
10.1149/1.1513556,12,13,20380914,4,VFT,0.9,0.875,0.0493823421583226,13,5,8,160.0
10.1149/1.1513556,12,13,20380914,4,VFT,0.95,1.0,0.11549155091832874,13,5,8,160.0
10.1149/1.1513556,12,13,20380914,5,VFT,0.8,1.0,0.04891649154210209,13,5,4,160.0
10.1149/1.1513556,12,13,20380914,5,VFT,0.9,1.0,0.09709901565315393,13,5,4,160.0
10.1149/1.1513556,12,13,20380914,5,VFT,0.95,1.0,0.18974015331121485,13,5,4,160.0
10.1149/1.1513556,12,14,20380915,3,RF_constrained_rate,0.8,0.6363636363636364,0.021829050366525715,13,5,11,
10.1149/1.1513556,12,14,20380915,3,RF_constrained_rate,0.9,0.8181818181818182,0.06440542078698974,13,5,11,
10.1149/1.1513556,12,14,20380915,3,RF_constrained_rate,0.95,1.0,0.10673799952285123,13,5,11,
10.1149/1.1513556,12,14,20380915,4,VFT,0.8,0.625,0.01064054116288582,13,5,8,160.0
10.1149/1.1513556,12,14,20380915,4,VFT,0.9,0.75,0.03191219746019858,13,5,8,160.0
10.1149/1.1513556,12,14,20380915,4,VFT,0.95,0.875,0.06006842302125193,13,5,8,160.0
10.1149/1.1513556,12,14,20380915,5,VFT,0.8,0.5,0.011772733827595028,13,5,4,160.0
10.1149/1.1513556,12,14,20380915,5,VFT,0.9,0.75,0.016234532416806502,13,5,4,160.0
10.1149/1.1513556,12,14,20380915,5,VFT,0.95,1.0,0.08219109819518255,13,5,4,160.0
10.1149/1.1513556,12,15,20380916,3,RF_constrained_rate,0.8,0.45454545454545453,0.01517284406920405,13,5,11,
10.1149/1.1513556,12,15,20380916,3,RF_constrained_rate,0.9,0.6363636363636364,0.028183103031819257,13,5,11,
10.1149/1.1513556,12,15,20380916,3,RF_constrained_rate,0.95,0.8181818181818182,0.050790879486370955,13,5,11,
10.1149/1.1513556,12,15,20380916,4,VFT,0.8,0.5,0.01631830569293069,13,5,8,170.0
10.1149/1.1513556,12,15,20380916,4,VFT,0.9,0.75,0.025832487350182842,13,5,8,170.0
10.1149/1.1513556,12,15,20380916,4,VFT,0.95,0.875,0.04987770320201057,13,5,8,170.0
10.1149/1.1513556,12,15,20380916,5,VFT,0.8,0.5,0.018333008559607844,13,5,4,170.0
10.1149/1.1513556,12,15,20380916,5,VFT,0.9,1.0,0.02617461004514432,13,5,4,170.0
10.1149/1.1513556,12,15,20380916,5,VFT,0.95,1.0,0.040876865081000746,13,5,4,170.0
10.1149/1.1513556,12,16,20380917,3,RF_constrained_rate,0.8,0.6363636363636364,0.01965932832286188,13,5,11,
10.1149/1.1513556,12,16,20380917,3,RF_constrained_rate,0.9,0.6363636363636364,0.029127957961362583,13,5,11,
10.1149/1.1513556,12,16,20380917,3,RF_constrained_rate,0.95,0.6363636363636364,0.05693835458260743,13,5,11,
10.1149/1.1513556,12,16,20380917,4,VFT,0.8,0.625,0.014828757304767626,13,5,8,160.0
10.1149/1.1513556,12,16,20380917,4,VFT,0.9,0.625,0.019932060822314135,13,5,8,160.0
10.1149/1.1513556,12,16,20380917,4,VFT,0.95,0.75,0.028498997405443927,13,5,8,160.0
10.1149/1.1513556,12,16,20380917,5,VFT,0.8,1.0,0.022441682082510184,13,5,4,160.0
10.1149/1.1513556,12,16,20380917,5,VFT,0.9,1.0,0.033670672924512424,13,5,4,160.0
10.1149/1.1513556,12,16,20380917,5,VFT,0.95,1.0,0.04812173203720116,13,5,4,160.0
10.1149/1.1513556,12,17,20380918,3,RF_constrained_rate,0.8,0.5454545454545454,0.013104895743047629,13,5,11,
10.1149/1.1513556,12,17,20380918,3,RF_constrained_rate,0.9,0.6363636363636364,0.026351782454837436,13,5,11,
10.1149/1.1513556,12,17,20380918,3,RF_constrained_rate,0.95,0.6363636363636364,0.05696971450790622,13,5,11,
10.1149/1.1513556,12,17,20380918,4,VFT,0.8,0.625,0.01122121130120357,13,5,8,160.0
10.1149/1.1513556,12,17,20380918,4,VFT,0.9,0.625,0.01760072234438148,13,5,8,160.0
10.1149/1.1513556,12,17,20380918,4,VFT,0.95,0.75,0.029596777293295684,13,5,8,160.0
10.1149/1.1513556,12,17,20380918,5,VFT,0.8,0.75,0.013514790759380224,13,5,4,160.0
10.1149/1.1513556,12,17,20380918,5,VFT,0.9,1.0,0.022169293366081977,13,5,4,160.0
10.1149/1.1513556,12,17,20380918,5,VFT,0.95,1.0,0.041691495135310896,13,5,4,160.0
10.1149/1.1513556,12,18,20380919,3,RF_constrained_rate,0.8,0.5454545454545454,0.012214489580909094,13,5,11,
10.1149/1.1513556,12,18,20380919,3,RF_constrained_rate,0.9,0.7272727272727273,0.024463745239279966,13,5,11,
10.1149/1.1513556,12,18,20380919,3,RF_constrained_rate,0.95,0.7272727272727273,0.03702769560372676,13,5,11,
10.1149/1.1513556,12,18,20380919,4,VFT,0.8,0.625,0.009962429987055987,13,5,8,160.0
10.1149/1.1513556,12,18,20380919,4,VFT,0.9,0.625,0.015455373406512152,13,5,8,160.0
10.1149/1.1513556,12,18,20380919,4,VFT,0.95,0.625,0.02013219315169601,13,5,8,160.0
10.1149/1.1513556,12,18,20380919,5,VFT,0.8,0.75,0.014371174860492886,13,5,4,160.0
10.1149/1.1513556,12,18,20380919,5,VFT,0.9,1.0,0.023292993105568982,13,5,4,160.0
10.1149/1.1513556,12,18,20380919,5,VFT,0.95,1.0,0.03778746858675941,13,5,4,160.0
10.1149/1.1513556,12,19,20380920,3,RF_constrained_rate,0.8,0.6363636363636364,0.05480250112027507,13,5,11,
10.1149/1.1513556,12,19,20380920,3,RF_constrained_rate,0.9,0.8181818181818182,0.07353885920938508,13,5,11,
10.1149/1.1513556,12,19,20380920,3,RF_constrained_rate,0.95,1.0,0.15495318933026958,13,5,11,
10.1149/1.1513556,12,19,20380920,4,VFT,0.8,0.75,0.029596777293295684,13,5,8,160.0
10.1149/1.1513556,12,19,20380920,4,VFT,0.9,0.875,0.04347374768689094,13,5,8,160.0
10.1149/1.1513556,12,19,20380920,4,VFT,0.95,0.875,0.06006842302125193,13,5,8,160.0
10.1149/1.1513556,12,19,20380920,5,VFT,0.8,1.0,0.033473344008164485,13,5,4,160.0
10.1149/1.1513556,12,19,20380920,5,VFT,0.9,1.0,0.0625822775074083,13,5,4,160.0
10.1149/1.1513556,12,19,20380920,5,VFT,0.95,1.0,0.12308743821602615,13,5,4,160.0
10.1149/1.1527939,13,0,20390901,3,RF_constrained_rate,0.8,0.85,0.029117547762519846,13,5,20,
10.1149/1.1527939,13,0,20390901,3,RF_constrained_rate,0.9,0.9,0.06356097491531165,13,5,20,
10.1149/1.1527939,13,0,20390901,3,RF_constrained_rate,0.95,0.95,0.10653383725200438,13,5,20,
10.1149/1.1527939,13,0,20390901,4,VFT,0.8,0.65,0.015514815630879308,13,5,20,160.0
10.1149/1.1527939,13,0,20390901,4,VFT,0.9,0.8,0.029258485194295414,13,5,20,160.0
10.1149/1.1527939,13,0,20390901,4,VFT,0.95,0.95,0.04877040765791185,13,5,20,160.0
10.1149/1.1527939,13,0,20390901,5,VFT,0.8,0.65,0.01591981849089974,13,5,20,160.0
10.1149/1.1527939,13,0,20390901,5,VFT,0.9,0.8,0.027989603997975898,13,5,20,160.0
10.1149/1.1527939,13,0,20390901,5,VFT,0.95,0.8,0.03064811286598146,13,5,20,160.0
10.1149/1.1527939,13,1,20390902,3,RF_constrained_rate,0.8,0.6,0.02014508859630959,13,5,20,
10.1149/1.1527939,13,1,20390902,3,RF_constrained_rate,0.9,0.9,0.040313350249338686,13,5,20,
10.1149/1.1527939,13,1,20390902,3,RF_constrained_rate,0.95,0.9,0.06800540397447685,13,5,20,
10.1149/1.1527939,13,1,20390902,4,VFT,0.8,0.75,0.018619292228937878,13,5,20,160.0
10.1149/1.1527939,13,1,20390902,4,VFT,0.9,0.8,0.03517497870650255,13,5,20,160.0
10.1149/1.1527939,13,1,20390902,4,VFT,0.95,0.95,0.0493823421583226,13,5,20,160.0
10.1149/1.1527939,13,1,20390902,5,VFT,0.8,0.8,0.025426555013095875,13,5,20,160.0
10.1149/1.1527939,13,1,20390902,5,VFT,0.9,0.85,0.046850227074428874,13,5,20,160.0
10.1149/1.1527939,13,1,20390902,5,VFT,0.95,0.95,0.09561210192813985,13,5,20,160.0
10.1149/1.1527939,13,2,20390903,3,RF_constrained_rate,0.8,0.9,0.03486035675230381,13,5,20,
10.1149/1.1527939,13,2,20390903,3,RF_constrained_rate,0.9,0.9,0.06698201744184007,13,5,20,
10.1149/1.1527939,13,2,20390903,3,RF_constrained_rate,0.95,0.95,0.13108871984808435,13,5,20,
10.1149/1.1527939,13,2,20390903,4,VFT,0.8,0.8,0.032432917591198596,13,5,20,160.0
10.1149/1.1527939,13,2,20390903,4,VFT,0.9,0.95,0.04877040765791185,13,5,20,160.0
10.1149/1.1527939,13,2,20390903,4,VFT,0.95,1.0,0.11306692058765133,13,5,20,160.0
10.1149/1.1527939,13,2,20390903,5,VFT,0.8,0.9,0.04891649154210209,13,5,20,160.0
10.1149/1.1527939,13,2,20390903,5,VFT,0.9,0.95,0.09596449319696343,13,5,20,160.0
10.1149/1.1527939,13,2,20390903,5,VFT,0.95,1.0,0.15846235643396067,13,5,20,160.0
10.1149/1.1527939,13,3,20390904,3,RF_constrained_rate,0.8,0.9,0.04552728901896219,13,5,20,
10.1149/1.1527939,13,3,20390904,3,RF_constrained_rate,0.9,0.95,0.07714747456210702,13,5,20,
10.1149/1.1527939,13,3,20390904,3,RF_constrained_rate,0.95,0.95,0.12879255355279495,13,5,20,
10.1149/1.1527939,13,3,20390904,4,VFT,0.8,0.8,0.03554008238197093,13,5,20,160.0
10.1149/1.1527939,13,3,20390904,4,VFT,0.9,0.95,0.0493823421583226,13,5,20,160.0
10.1149/1.1527939,13,3,20390904,4,VFT,0.95,1.0,0.11549155091832874,13,5,20,160.0
10.1149/1.1527939,13,3,20390904,5,VFT,0.8,0.9,0.04891649154210209,13,5,20,160.0
10.1149/1.1527939,13,3,20390904,5,VFT,0.9,0.95,0.09709901565315393,13,5,20,160.0
10.1149/1.1527939,13,3,20390904,5,VFT,0.95,1.0,0.18974015331121485,13,5,20,160.0
10.1149/1.1527939,13,4,20390905,3,RF_constrained_rate,0.8,0.35,0.01316649305584372,13,5,20,
10.1149/1.1527939,13,4,20390905,3,RF_constrained_rate,0.9,0.75,0.02359969842452392,13,5,20,
10.1149/1.1527939,13,4,20390905,3,RF_constrained_rate,0.95,0.9,0.06253015290257902,13,5,20,
10.1149/1.1527939,13,4,20390905,4,VFT,0.8,0.45,0.009963967961625464,13,5,20,160.0
10.1149/1.1527939,13,4,20390905,4,VFT,0.9,0.65,0.015420730380440673,13,5,20,160.0
10.1149/1.1527939,13,4,20390905,4,VFT,0.95,0.75,0.02013219315169601,13,5,20,160.0
10.1149/1.1527939,13,4,20390905,5,VFT,0.8,0.6,0.014371174860492886,13,5,20,160.0
10.1149/1.1527939,13,4,20390905,5,VFT,0.9,0.75,0.02249442757717901,13,5,20,160.0
10.1149/1.1527939,13,4,20390905,5,VFT,0.95,0.85,0.03778746858675941,13,5,20,160.0
10.1149/1.1527939,13,5,20390906,3,RF_constrained_rate,0.8,0.85,0.028353117921770643,13,5,20,
10.1149/1.1527939,13,5,20390906,3,RF_constrained_rate,0.9,0.9,0.06563891823983647,13,5,20,
10.1149/1.1527939,13,5,20390906,3,RF_constrained_rate,0.95,0.95,0.1391911843793472,13,5,20,
10.1149/1.1527939,13,5,20390906,4,VFT,0.8,0.7,0.016256941115079027,13,5,20,160.0
10.1149/1.1527939,13,5,20390906,4,VFT,0.9,0.75,0.023136404789092957,13,5,20,160.0
10.1149/1.1527939,13,5,20390906,4,VFT,0.95,0.8,0.031493847794873187,13,5,20,160.0
10.1149/1.1527939,13,5,20390906,5,VFT,0.8,0.75,0.023519489917688485,13,5,20,160.0
10.1149/1.1527939,13,5,20390906,5,VFT,0.9,0.85,0.03706070328747835,13,5,20,160.0
10.1149/1.1527939,13,5,20390906,5,VFT,0.95,0.85,0.046388142144178746,13,5,20,160.0
10.1149/1.1527939,13,6,20390907,3,RF_constrained_rate,0.8,0.35,0.011589107528199749,13,5,20,
10.1149/1.1527939,13,6,20390907,3,RF_constrained_rate,0.9,0.8,0.02519433688670558,13,5,20,
10.1149/1.1527939,13,6,20390907,3,RF_constrained_rate,0.95,0.9,0.06371641219024338,13,5,20,
10.1149/1.1527939,13,6,20390907,4,VFT,0.8,0.6,0.014828757304767626,13,5,20,160.0
10.1149/1.1527939,13,6,20390907,4,VFT,0.9,0.75,0.022286176104157285,13,5,20,160.0
10.1149/1.1527939,13,6,20390907,4,VFT,0.95,0.85,0.037010623143703736,13,5,20,160.0
10.1149/1.1527939,13,6,20390907,5,VFT,0.8,0.75,0.02318756565325386,13,5,20,160.0
10.1149/1.1527939,13,6,20390907,5,VFT,0.9,0.85,0.033670672924512424,13,5,20,160.0
10.1149/1.1527939,13,6,20390907,5,VFT,0.95,0.85,0.04812173203720116,13,5,20,160.0
10.1149/1.1527939,13,7,20390908,3,RF_constrained_rate,0.8,0.65,0.022815658369066405,13,5,20,
10.1149/1.1527939,13,7,20390908,3,RF_constrained_rate,0.9,0.9,0.06390584541923783,13,5,20,
10.1149/1.1527939,13,7,20390908,3,RF_constrained_rate,0.95,0.95,0.12024592513197696,13,5,20,
10.1149/1.1527939,13,7,20390908,4,VFT,0.8,0.6,0.014038098534237875,13,5,20,160.0
10.1149/1.1527939,13,7,20390908,4,VFT,0.9,0.75,0.022286176104157285,13,5,20,160.0
10.1149/1.1527939,13,7,20390908,4,VFT,0.95,0.8,0.031493847794873187,13,5,20,160.0
10.1149/1.1527939,13,7,20390908,5,VFT,0.8,0.6,0.014373292445518215,13,5,20,160.0
10.1149/1.1527939,13,7,20390908,5,VFT,0.9,0.8,0.030600980004741984,13,5,20,160.0
10.1149/1.1527939,13,7,20390908,5,VFT,0.95,0.85,0.03968219977077858,13,5,20,160.0
10.1149/1.1527939,13,8,20390909,3,RF_constrained_rate,0.8,0.5,0.01708204228165444,13,5,20,
10.1149/1.1527939,13,8,20390909,3,RF_constrained_rate,0.9,0.9,0.037500108996011194,13,5,20,
10.1149/1.1527939,13,8,20390909,3,RF_constrained_rate,0.95,0.9,0.057075393574877786,13,5,20,
10.1149/1.1527939,13,8,20390909,4,VFT,0.8,0.5,0.011608463397739577,13,5,20,160.0
10.1149/1.1527939,13,8,20390909,4,VFT,0.9,0.75,0.01931820318852351,13,5,20,160.0
10.1149/1.1527939,13,8,20390909,4,VFT,0.95,0.8,0.03052269747205072,13,5,20,160.0
10.1149/1.1527939,13,8,20390909,5,VFT,0.8,0.65,0.015021094668162593,13,5,20,160.0
10.1149/1.1527939,13,8,20390909,5,VFT,0.9,0.75,0.023292993105568982,13,5,20,160.0
10.1149/1.1527939,13,8,20390909,5,VFT,0.95,0.85,0.03778746858675941,13,5,20,160.0
10.1149/1.1527939,13,9,20390910,3,RF_constrained_rate,0.8,0.75,0.02557625481093906,13,5,20,
10.1149/1.1527939,13,9,20390910,3,RF_constrained_rate,0.9,0.9,0.0544426072765547,13,5,20,
10.1149/1.1527939,13,9,20390910,3,RF_constrained_rate,0.95,0.95,0.07439042550748964,13,5,20,
10.1149/1.1527939,13,9,20390910,4,VFT,0.8,0.75,0.01835687662702412,13,5,20,160.0
10.1149/1.1527939,13,9,20390910,4,VFT,0.9,0.8,0.02667892904308311,13,5,20,160.0
10.1149/1.1527939,13,9,20390910,4,VFT,0.95,0.9,0.0399832074181532,13,5,20,160.0
10.1149/1.1527939,13,9,20390910,5,VFT,0.8,0.75,0.02318756565325386,13,5,20,160.0
10.1149/1.1527939,13,9,20390910,5,VFT,0.9,0.85,0.033895371628013704,13,5,20,160.0
10.1149/1.1527939,13,9,20390910,5,VFT,0.95,0.85,0.046388142144178746,13,5,20,160.0
10.1149/1.1527939,13,10,20390911,3,RF_constrained_rate,0.8,0.85,0.04321396641642261,13,5,20,
10.1149/1.1527939,13,10,20390911,3,RF_constrained_rate,0.9,0.9,0.07648388443991117,13,5,20,
10.1149/1.1527939,13,10,20390911,3,RF_constrained_rate,0.95,0.95,0.1304926421073973,13,5,20,
10.1149/1.1527939,13,10,20390911,4,VFT,0.8,0.8,0.031910122702544674,13,5,20,160.0
10.1149/1.1527939,13,10,20390911,4,VFT,0.9,0.95,0.048218726250399246,13,5,20,160.0
10.1149/1.1527939,13,10,20390911,4,VFT,0.95,1.0,0.11306692058765133,13,5,20,160.0
10.1149/1.1527939,13,10,20390911,5,VFT,0.8,0.85,0.045907209711936625,13,5,20,160.0
10.1149/1.1527939,13,10,20390911,5,VFT,0.9,0.95,0.09596449319696343,13,5,20,160.0
10.1149/1.1527939,13,10,20390911,5,VFT,0.95,1.0,0.15846235643396067,13,5,20,160.0
10.1149/1.1527939,13,11,20390912,3,RF_constrained_rate,0.8,0.55,0.017581511204676437,13,5,20,
10.1149/1.1527939,13,11,20390912,3,RF_constrained_rate,0.9,0.9,0.03742312677611559,13,5,20,
10.1149/1.1527939,13,11,20390912,3,RF_constrained_rate,0.95,0.9,0.05708010621057867,13,5,20,
10.1149/1.1527939,13,11,20390912,4,VFT,0.8,0.5,0.011608463397739577,13,5,20,160.0
10.1149/1.1527939,13,11,20390912,4,VFT,0.9,0.75,0.01931820318852351,13,5,20,160.0
10.1149/1.1527939,13,11,20390912,4,VFT,0.95,0.8,0.03053396749180659,13,5,20,160.0
10.1149/1.1527939,13,11,20390912,5,VFT,0.8,0.65,0.015021094668162593,13,5,20,160.0
10.1149/1.1527939,13,11,20390912,5,VFT,0.9,0.75,0.023292993105568982,13,5,20,160.0
10.1149/1.1527939,13,11,20390912,5,VFT,0.95,0.85,0.041691495135310896,13,5,20,160.0
10.1149/1.1527939,13,12,20390913,3,RF_constrained_rate,0.8,0.9,0.041967310589104745,13,5,20,
10.1149/1.1527939,13,12,20390913,3,RF_constrained_rate,0.9,0.9,0.06232006794553291,13,5,20,
10.1149/1.1527939,13,12,20390913,3,RF_constrained_rate,0.95,0.95,0.09082287629401442,13,5,20,
10.1149/1.1527939,13,12,20390913,4,VFT,0.8,0.7,0.018173339050932658,13,5,20,160.0
10.1149/1.1527939,13,12,20390913,4,VFT,0.9,0.8,0.029258485194295414,13,5,20,160.0
10.1149/1.1527939,13,12,20390913,4,VFT,0.95,0.9,0.0399832074181532,13,5,20,160.0
10.1149/1.1527939,13,12,20390913,5,VFT,0.8,0.65,0.015762324242106995,13,5,20,160.0
10.1149/1.1527939,13,12,20390913,5,VFT,0.9,0.8,0.027989603997975898,13,5,20,160.0
10.1149/1.1527939,13,12,20390913,5,VFT,0.95,0.85,0.04549111290473151,13,5,20,160.0
10.1149/1.1527939,13,13,20390914,3,RF_constrained_rate,0.8,0.9,0.055803192269816115,13,5,20,
10.1149/1.1527939,13,13,20390914,3,RF_constrained_rate,0.9,0.95,0.07326422112897202,13,5,20,
10.1149/1.1527939,13,13,20390914,3,RF_constrained_rate,0.95,0.95,0.1178945581718458,13,5,20,
10.1149/1.1527939,13,13,20390914,4,VFT,0.8,0.8,0.03554008238197093,13,5,20,160.0
10.1149/1.1527939,13,13,20390914,4,VFT,0.9,0.95,0.04877040765791185,13,5,20,160.0
10.1149/1.1527939,13,13,20390914,4,VFT,0.95,1.0,0.11549155091832874,13,5,20,160.0
10.1149/1.1527939,13,13,20390914,5,VFT,0.8,0.9,0.04967893511141064,13,5,20,160.0
10.1149/1.1527939,13,13,20390914,5,VFT,0.9,0.95,0.09709901565315393,13,5,20,160.0
10.1149/1.1527939,13,13,20390914,5,VFT,0.95,1.0,0.18974015331121485,13,5,20,160.0
10.1149/1.1527939,13,14,20390915,3,RF_constrained_rate,0.8,0.3,0.010918467467601944,13,5,20,
10.1149/1.1527939,13,14,20390915,3,RF_constrained_rate,0.9,0.55,0.01694257168486213,13,5,20,
10.1149/1.1527939,13,14,20390915,3,RF_constrained_rate,0.95,0.8,0.025015996614943248,13,5,20,
10.1149/1.1527939,13,14,20390915,4,VFT,0.8,0.45,0.009640839762592668,13,5,20,160.0
10.1149/1.1527939,13,14,20390915,4,VFT,0.9,0.6,0.014406839958315265,13,5,20,160.0
10.1149/1.1527939,13,14,20390915,4,VFT,0.95,0.8,0.024269630490778127,13,5,20,160.0
10.1149/1.1527939,13,14,20390915,5,VFT,0.8,0.5,0.012436336546733706,13,5,20,160.0
10.1149/1.1527939,13,14,20390915,5,VFT,0.9,0.75,0.01828576329068965,13,5,20,160.0
10.1149/1.1527939,13,14,20390915,5,VFT,0.95,0.85,0.03487732651105224,13,5,20,160.0
10.1149/1.1527939,13,15,20390916,3,RF_constrained_rate,0.8,0.8,0.030079453002130996,13,5,20,
10.1149/1.1527939,13,15,20390916,3,RF_constrained_rate,0.9,0.9,0.05454113942752126,13,5,20,
10.1149/1.1527939,13,15,20390916,3,RF_constrained_rate,0.95,0.9,0.06566224368379292,13,5,20,
10.1149/1.1527939,13,15,20390916,4,VFT,0.8,0.75,0.021741554007395747,13,5,20,160.0
10.1149/1.1527939,13,15,20390916,4,VFT,0.9,0.85,0.03835376113667688,13,5,20,160.0
10.1149/1.1527939,13,15,20390916,4,VFT,0.95,1.0,0.12548363916996264,13,5,20,160.0
10.1149/1.1527939,13,15,20390916,5,VFT,0.8,0.8,0.029079380188149706,13,5,20,160.0
10.1149/1.1527939,13,15,20390916,5,VFT,0.9,0.85,0.03706070328747835,13,5,20,160.0
10.1149/1.1527939,13,15,20390916,5,VFT,0.95,0.95,0.09561210192813985,13,5,20,160.0
10.1149/1.1527939,13,16,20390917,3,RF_constrained_rate,0.8,0.65,0.02106365188867021,13,5,20,
10.1149/1.1527939,13,16,20390917,3,RF_constrained_rate,0.9,0.9,0.05548681149485413,13,5,20,
10.1149/1.1527939,13,16,20390917,3,RF_constrained_rate,0.95,0.9,0.06769025394219952,13,5,20,
10.1149/1.1527939,13,16,20390917,4,VFT,0.8,0.7,0.01628006810471261,13,5,20,160.0
10.1149/1.1527939,13,16,20390917,4,VFT,0.9,0.8,0.025724672528661285,13,5,20,160.0
10.1149/1.1527939,13,16,20390917,4,VFT,0.95,0.85,0.03767330979830219,13,5,20,160.0
10.1149/1.1527939,13,16,20390917,5,VFT,0.8,0.75,0.022441682082510184,13,5,20,160.0
10.1149/1.1527939,13,16,20390917,5,VFT,0.9,0.85,0.033670672924512424,13,5,20,160.0
10.1149/1.1527939,13,16,20390917,5,VFT,0.95,0.85,0.0463465458664134,13,5,20,160.0
10.1149/1.1527939,13,17,20390918,3,RF_constrained_rate,0.8,0.9,0.03369708158999618,13,5,20,
10.1149/1.1527939,13,17,20390918,3,RF_constrained_rate,0.9,0.9,0.05431103221578315,13,5,20,
10.1149/1.1527939,13,17,20390918,3,RF_constrained_rate,0.95,0.9,0.07315605122232083,13,5,20,
10.1149/1.1527939,13,17,20390918,4,VFT,0.8,0.75,0.023136404789092957,13,5,20,160.0
10.1149/1.1527939,13,17,20390918,4,VFT,0.9,0.85,0.03835376113667688,13,5,20,160.0
10.1149/1.1527939,13,17,20390918,4,VFT,0.95,0.95,0.05753471262765952,13,5,20,160.0
10.1149/1.1527939,13,17,20390918,5,VFT,0.8,0.7,0.017789624292424255,13,5,20,160.0
10.1149/1.1527939,13,17,20390918,5,VFT,0.9,0.85,0.04549111290473151,13,5,20,160.0
10.1149/1.1527939,13,17,20390918,5,VFT,0.95,0.85,0.04798219301794804,13,5,20,160.0
10.1149/1.1527939,13,18,20390919,3,RF_constrained_rate,0.8,0.9,0.053753853053489786,13,5,20,
10.1149/1.1527939,13,18,20390919,3,RF_constrained_rate,0.9,0.9,0.06680194803433159,13,5,20,
10.1149/1.1527939,13,18,20390919,3,RF_constrained_rate,0.95,0.95,0.10701390917827602,13,5,20,
10.1149/1.1527939,13,18,20390919,4,VFT,0.8,0.8,0.02667892904308311,13,5,20,160.0
10.1149/1.1527939,13,18,20390919,4,VFT,0.9,0.95,0.04877040765791185,13,5,20,160.0
10.1149/1.1527939,13,18,20390919,4,VFT,0.95,1.0,0.12548363916996264,13,5,20,160.0
10.1149/1.1527939,13,18,20390919,5,VFT,0.8,0.85,0.035490361681855695,13,5,20,160.0
10.1149/1.1527939,13,18,20390919,5,VFT,0.9,0.85,0.04798219301794804,13,5,20,160.0
10.1149/1.1527939,13,18,20390919,5,VFT,0.95,0.95,0.08219109819518255,13,5,20,160.0
10.1149/1.1527939,13,19,20390920,3,RF_constrained_rate,0.8,0.6,0.018351112576646678,13,5,20,
10.1149/1.1527939,13,19,20390920,3,RF_constrained_rate,0.9,0.9,0.03269885952559015,13,5,20,
10.1149/1.1527939,13,19,20390920,3,RF_constrained_rate,0.95,0.9,0.053017246012196484,13,5,20,
10.1149/1.1527939,13,19,20390920,4,VFT,0.8,0.6,0.014052854305457552,13,5,20,160.0
10.1149/1.1527939,13,19,20390920,4,VFT,0.9,0.75,0.023136404789092957,13,5,20,160.0
10.1149/1.1527939,13,19,20390920,4,VFT,0.95,0.8,0.031493847794873187,13,5,20,160.0
10.1149/1.1527939,13,19,20390920,5,VFT,0.8,0.65,0.015737973923910076,13,5,20,160.0
10.1149/1.1527939,13,19,20390920,5,VFT,0.9,0.8,0.029228739193906783,13,5,20,160.0
10.1149/1.1527939,13,19,20390920,5,VFT,0.95,0.85,0.04549111290473151,13,5,20,160.0
10.1149/1.1566019,14,0,20400901,3,RF_constrained_rate,0.8,0.6956521739130435,0.0238540728359522,13,5,23,
10.1149/1.1566019,14,0,20400901,3,RF_constrained_rate,0.9,0.8695652173913043,0.044120191319064084,13,5,23,
10.1149/1.1566019,14,0,20400901,3,RF_constrained_rate,0.95,0.9130434782608695,0.06842112889935215,13,5,23,
10.1149/1.1566019,14,0,20400901,4,VFT,0.8,0.9090909090909091,0.01909206144601283,13,5,11,160.0
10.1149/1.1566019,14,0,20400901,4,VFT,0.9,1.0,0.03838393599123502,13,5,11,160.0
10.1149/1.1566019,14,0,20400901,4,VFT,0.95,1.0,0.10458124759694794,13,5,11,160.0
10.1149/1.1566019,14,0,20400901,5,VFT,0.8,0.8333333333333334,0.014029444600456076,13,5,6,160.0
10.1149/1.1566019,14,0,20400901,5,VFT,0.9,0.8333333333333334,0.033473344008164485,13,5,6,160.0
10.1149/1.1566019,14,0,20400901,5,VFT,0.95,1.0,0.05457827347848965,13,5,6,160.0
10.1149/1.1566019,14,1,20400902,3,RF_constrained_rate,0.8,0.7391304347826086,0.05775884928541197,13,5,23,
10.1149/1.1566019,14,1,20400902,3,RF_constrained_rate,0.9,0.8695652173913043,0.1154597560710986,13,5,23,
10.1149/1.1566019,14,1,20400902,3,RF_constrained_rate,0.95,0.9130434782608695,0.14624748877825233,13,5,23,
10.1149/1.1566019,14,1,20400902,4,VFT,0.8,1.0,0.03554008238197093,13,5,11,160.0
10.1149/1.1566019,14,1,20400902,4,VFT,0.9,1.0,0.05753471262765952,13,5,11,160.0
10.1149/1.1566019,14,1,20400902,4,VFT,0.95,1.0,0.11549155091832874,13,5,11,160.0
10.1149/1.1566019,14,1,20400902,5,VFT,0.8,1.0,0.04891649154210209,13,5,6,160.0
10.1149/1.1566019,14,1,20400902,5,VFT,0.9,1.0,0.09709901565315393,13,5,6,160.0
10.1149/1.1566019,14,1,20400902,5,VFT,0.95,1.0,0.18974015331121485,13,5,6,160.0
10.1149/1.1566019,14,2,20400903,3,RF_constrained_rate,0.8,0.5217391304347826,0.015472557982921797,13,5,23,
10.1149/1.1566019,14,2,20400903,3,RF_constrained_rate,0.9,0.5652173913043478,0.023651622894321767,13,5,23,
10.1149/1.1566019,14,2,20400903,3,RF_constrained_rate,0.95,0.8695652173913043,0.04363994205006905,13,5,23,
10.1149/1.1566019,14,2,20400903,4,VFT,0.8,0.8181818181818182,0.010914832807624286,13,5,11,160.0
10.1149/1.1566019,14,2,20400903,4,VFT,0.9,0.9090909090909091,0.018536058761896124,13,5,11,160.0
10.1149/1.1566019,14,2,20400903,4,VFT,0.95,1.0,0.04347374768689094,13,5,11,160.0
10.1149/1.1566019,14,2,20400903,5,VFT,0.8,0.8333333333333334,0.013153183864566653,13,5,6,160.0
10.1149/1.1566019,14,2,20400903,5,VFT,0.9,0.8333333333333334,0.016234532416806502,13,5,6,160.0
10.1149/1.1566019,14,2,20400903,5,VFT,0.95,0.8333333333333334,0.033473344008164485,13,5,6,160.0
10.1149/1.1566019,14,3,20400904,3,RF_constrained_rate,0.8,0.8260869565217391,0.04409228729209369,13,5,23,
10.1149/1.1566019,14,3,20400904,3,RF_constrained_rate,0.9,0.8695652173913043,0.07357870031248859,13,5,23,
10.1149/1.1566019,14,3,20400904,3,RF_constrained_rate,0.95,0.9565217391304348,0.20877833574195603,13,5,23,
10.1149/1.1566019,14,3,20400904,4,VFT,0.8,1.0,0.029258485194295414,13,5,11,160.0
10.1149/1.1566019,14,3,20400904,4,VFT,0.9,1.0,0.04877040765791185,13,5,11,160.0
10.1149/1.1566019,14,3,20400904,4,VFT,0.95,1.0,0.10458124759694794,13,5,11,160.0
10.1149/1.1566019,14,3,20400904,5,VFT,0.8,0.8333333333333334,0.029079380188149706,13,5,6,160.0
10.1149/1.1566019,14,3,20400904,5,VFT,0.9,1.0,0.0625822775074083,13,5,6,160.0
10.1149/1.1566019,14,3,20400904,5,VFT,0.95,1.0,0.09561210192813985,13,5,6,160.0
10.1149/1.1566019,14,4,20400905,3,RF_constrained_rate,0.8,0.8260869565217391,0.036749904499169705,13,5,23,
10.1149/1.1566019,14,4,20400905,3,RF_constrained_rate,0.9,0.9130434782608695,0.07100302661907243,13,5,23,
10.1149/1.1566019,14,4,20400905,3,RF_constrained_rate,0.95,0.9130434782608695,0.12757973846029014,13,5,23,
10.1149/1.1566019,14,4,20400905,4,VFT,0.8,1.0,0.031910122702544674,13,5,11,160.0
10.1149/1.1566019,14,4,20400905,4,VFT,0.9,1.0,0.04452424738576566,13,5,11,160.0
10.1149/1.1566019,14,4,20400905,4,VFT,0.95,1.0,0.11306692058765133,13,5,11,160.0
10.1149/1.1566019,14,4,20400905,5,VFT,0.8,1.0,0.042798514750826744,13,5,6,160.0
10.1149/1.1566019,14,4,20400905,5,VFT,0.9,1.0,0.08385242579793184,13,5,6,160.0
10.1149/1.1566019,14,4,20400905,5,VFT,0.95,1.0,0.1583218915749165,13,5,6,160.0
10.1149/1.1566019,14,5,20400906,3,RF_constrained_rate,0.8,0.30434782608695654,0.013677234213623102,13,5,23,
10.1149/1.1566019,14,5,20400906,3,RF_constrained_rate,0.9,0.6521739130434783,0.037505946989093264,13,5,23,
10.1149/1.1566019,14,5,20400906,3,RF_constrained_rate,0.95,0.782608695652174,0.06850549142339712,13,5,23,
10.1149/1.1566019,14,5,20400906,4,VFT,0.8,0.8181818181818182,0.011105067430398297,13,5,11,160.0
10.1149/1.1566019,14,5,20400906,4,VFT,0.9,0.9090909090909091,0.01760072234438148,13,5,11,160.0
10.1149/1.1566019,14,5,20400906,4,VFT,0.95,1.0,0.029596777293295684,13,5,11,160.0
10.1149/1.1566019,14,5,20400906,5,VFT,0.8,0.8333333333333334,0.015021094668162593,13,5,6,160.0
10.1149/1.1566019,14,5,20400906,5,VFT,0.9,0.8333333333333334,0.02249442757717901,13,5,6,160.0
10.1149/1.1566019,14,5,20400906,5,VFT,0.95,1.0,0.041691495135310896,13,5,6,160.0
10.1149/1.1566019,14,6,20400907,3,RF_constrained_rate,0.8,0.30434782608695654,0.01067627080211997,13,5,23,
10.1149/1.1566019,14,6,20400907,3,RF_constrained_rate,0.9,0.8695652173913043,0.06380739447852224,13,5,23,
10.1149/1.1566019,14,6,20400907,3,RF_constrained_rate,0.95,0.8695652173913043,0.07888162380625774,13,5,23,
10.1149/1.1566019,14,6,20400907,4,VFT,0.8,0.8181818181818182,0.008525783954642652,13,5,11,160.0
10.1149/1.1566019,14,6,20400907,4,VFT,0.9,1.0,0.02147137668353105,13,5,11,160.0
10.1149/1.1566019,14,6,20400907,4,VFT,0.95,1.0,0.03838393599123502,13,5,11,160.0
10.1149/1.1566019,14,6,20400907,5,VFT,0.8,0.8333333333333334,0.013493220234892522,13,5,6,160.0
10.1149/1.1566019,14,6,20400907,5,VFT,0.9,0.8333333333333334,0.021707349453042202,13,5,6,160.0
10.1149/1.1566019,14,6,20400907,5,VFT,0.95,1.0,0.05457827347848965,13,5,6,160.0
10.1149/1.1566019,14,7,20400908,3,RF_constrained_rate,0.8,0.6086956521739131,0.029544098350498427,13,5,23,
10.1149/1.1566019,14,7,20400908,3,RF_constrained_rate,0.9,0.7391304347826086,0.06473657308809777,13,5,23,
10.1149/1.1566019,14,7,20400908,3,RF_constrained_rate,0.95,0.8695652173913043,0.11342034125440659,13,5,23,
10.1149/1.1566019,14,7,20400908,4,VFT,0.8,0.7272727272727273,0.03282231709269423,13,5,11,150.0
10.1149/1.1566019,14,7,20400908,4,VFT,0.9,0.9090909090909091,0.047038716172452144,13,5,11,150.0
10.1149/1.1566019,14,7,20400908,4,VFT,0.95,1.0,0.0815096258746153,13,5,11,150.0
10.1149/1.1566019,14,7,20400908,5,VFT,0.8,0.8333333333333334,0.033895371628013704,13,5,6,160.0
10.1149/1.1566019,14,7,20400908,5,VFT,0.9,1.0,0.05257272628171661,13,5,6,160.0
10.1149/1.1566019,14,7,20400908,5,VFT,0.95,1.0,0.10399238743327266,13,5,6,160.0
10.1149/1.1566019,14,8,20400909,3,RF_constrained_rate,0.8,0.6956521739130435,0.028158139571657692,13,5,23,
10.1149/1.1566019,14,8,20400909,3,RF_constrained_rate,0.9,0.8260869565217391,0.060562594276255766,13,5,23,
10.1149/1.1566019,14,8,20400909,3,RF_constrained_rate,0.95,0.9130434782608695,0.11749300556711262,13,5,23,
10.1149/1.1566019,14,8,20400909,4,VFT,0.8,1.0,0.026030010886484156,13,5,11,160.0
10.1149/1.1566019,14,8,20400909,4,VFT,0.9,1.0,0.03933378530489384,13,5,11,160.0
10.1149/1.1566019,14,8,20400909,4,VFT,0.95,1.0,0.09890880867968921,13,5,11,160.0
10.1149/1.1566019,14,8,20400909,5,VFT,0.8,0.8333333333333334,0.033895371628013704,13,5,6,160.0
10.1149/1.1566019,14,8,20400909,5,VFT,0.9,1.0,0.05459433112752898,13,5,6,160.0
10.1149/1.1566019,14,8,20400909,5,VFT,0.95,1.0,0.11469361143805612,13,5,6,160.0
10.1149/1.1566019,14,9,20400910,3,RF_constrained_rate,0.8,0.6521739130434783,0.032710723149564025,13,5,23,
10.1149/1.1566019,14,9,20400910,3,RF_constrained_rate,0.9,0.8260869565217391,0.07458416771924647,13,5,23,
10.1149/1.1566019,14,9,20400910,3,RF_constrained_rate,0.95,0.9130434782608695,0.14847543953936482,13,5,23,
10.1149/1.1566019,14,9,20400910,4,VFT,0.8,0.8181818181818182,0.016015818285049166,13,5,11,160.0
10.1149/1.1566019,14,9,20400910,4,VFT,0.9,1.0,0.03637732603634014,13,5,11,160.0
10.1149/1.1566019,14,9,20400910,4,VFT,0.95,1.0,0.04356712791779249,13,5,11,160.0
10.1149/1.1566019,14,9,20400910,5,VFT,0.8,0.8333333333333334,0.013563884618165933,13,5,6,160.0
10.1149/1.1566019,14,9,20400910,5,VFT,0.9,0.8333333333333334,0.023754194476726997,13,5,6,160.0
10.1149/1.1566019,14,9,20400910,5,VFT,0.95,1.0,0.04816415878183067,13,5,6,160.0
10.1149/1.1566019,14,10,20400911,3,RF_constrained_rate,0.8,0.6956521739130435,0.026607107919127793,13,5,23,
10.1149/1.1566019,14,10,20400911,3,RF_constrained_rate,0.9,0.8260869565217391,0.0432179366336356,13,5,23,
10.1149/1.1566019,14,10,20400911,3,RF_constrained_rate,0.95,0.8695652173913043,0.07341962223826914,13,5,23,
10.1149/1.1566019,14,10,20400911,4,VFT,0.8,0.9090909090909091,0.01909206144601283,13,5,11,160.0
10.1149/1.1566019,14,10,20400911,4,VFT,0.9,1.0,0.03767330979830219,13,5,11,160.0
10.1149/1.1566019,14,10,20400911,4,VFT,0.95,1.0,0.10470196762770057,13,5,11,160.0
10.1149/1.1566019,14,10,20400911,5,VFT,0.8,0.8333333333333334,0.017687978135128457,13,5,6,160.0
10.1149/1.1566019,14,10,20400911,5,VFT,0.9,0.8333333333333334,0.030917611670433276,13,5,6,160.0
10.1149/1.1566019,14,10,20400911,5,VFT,0.95,1.0,0.04798219301794804,13,5,6,160.0
10.1149/1.1566019,14,11,20400912,3,RF_constrained_rate,0.8,0.43478260869565216,0.02819073705836539,13,5,23,
10.1149/1.1566019,14,11,20400912,3,RF_constrained_rate,0.9,0.6086956521739131,0.04841390102776577,13,5,23,
10.1149/1.1566019,14,11,20400912,3,RF_constrained_rate,0.95,0.7391304347826086,0.08421297212872281,13,5,23,
10.1149/1.1566019,14,11,20400912,4,VFT,0.8,0.8181818181818182,0.01216016050948876,13,5,11,160.0
10.1149/1.1566019,14,11,20400912,4,VFT,0.9,1.0,0.02013219315169601,13,5,11,160.0
10.1149/1.1566019,14,11,20400912,4,VFT,0.95,1.0,0.03053396749180659,13,5,11,160.0
10.1149/1.1566019,14,11,20400912,5,VFT,0.8,0.8333333333333334,0.015762324242106995,13,5,6,160.0
10.1149/1.1566019,14,11,20400912,5,VFT,0.9,0.8333333333333334,0.023292993105568982,13,5,6,160.0
10.1149/1.1566019,14,11,20400912,5,VFT,0.95,1.0,0.041691495135310896,13,5,6,160.0
10.1149/1.1566019,14,12,20400913,3,RF_constrained_rate,0.8,0.8260869565217391,0.030868937307212185,13,5,23,
10.1149/1.1566019,14,12,20400913,3,RF_constrained_rate,0.9,0.8695652173913043,0.06204917495184992,13,5,23,
10.1149/1.1566019,14,12,20400913,3,RF_constrained_rate,0.95,0.9130434782608695,0.1120328043961456,13,5,23,
10.1149/1.1566019,14,12,20400913,4,VFT,0.8,1.0,0.03175732477140514,13,5,11,160.0
10.1149/1.1566019,14,12,20400913,4,VFT,0.9,1.0,0.04582374607939976,13,5,11,160.0
10.1149/1.1566019,14,12,20400913,4,VFT,0.95,1.0,0.11306692058765133,13,5,11,160.0
10.1149/1.1566019,14,12,20400913,5,VFT,0.8,1.0,0.041658123601776786,13,5,6,160.0
10.1149/1.1566019,14,12,20400913,5,VFT,0.9,1.0,0.08385242579793184,13,5,6,160.0
10.1149/1.1566019,14,12,20400913,5,VFT,0.95,1.0,0.1583218915749165,13,5,6,160.0
10.1149/1.1566019,14,13,20400914,3,RF_constrained_rate,0.8,0.5217391304347826,0.020263673696854667,13,5,23,
10.1149/1.1566019,14,13,20400914,3,RF_constrained_rate,0.9,0.782608695652174,0.0357357029103722,13,5,23,
10.1149/1.1566019,14,13,20400914,3,RF_constrained_rate,0.95,0.9130434782608695,0.10791972942728911,13,5,23,
10.1149/1.1566019,14,13,20400914,4,VFT,0.8,0.8181818181818182,0.01064054116288582,13,5,11,160.0
10.1149/1.1566019,14,13,20400914,4,VFT,0.9,1.0,0.02380587033360948,13,5,11,160.0
10.1149/1.1566019,14,13,20400914,4,VFT,0.95,1.0,0.04356712791779249,13,5,11,160.0
10.1149/1.1566019,14,13,20400914,5,VFT,0.8,0.8333333333333334,0.01120411237797203,13,5,6,160.0
10.1149/1.1566019,14,13,20400914,5,VFT,0.9,0.8333333333333334,0.014029444600456076,13,5,6,160.0
10.1149/1.1566019,14,13,20400914,5,VFT,0.95,0.8333333333333334,0.029079380188149706,13,5,6,160.0
10.1149/1.1566019,14,14,20400915,3,RF_constrained_rate,0.8,0.8695652173913043,0.0595675508639979,13,5,23,
10.1149/1.1566019,14,14,20400915,3,RF_constrained_rate,0.9,0.8695652173913043,0.07476699612673032,13,5,23,
10.1149/1.1566019,14,14,20400915,3,RF_constrained_rate,0.95,0.9565217391304348,0.22832456820873404,13,5,23,
10.1149/1.1566019,14,14,20400915,4,VFT,0.8,1.0,0.02380587033360948,13,5,11,160.0
10.1149/1.1566019,14,14,20400915,4,VFT,0.9,1.0,0.04877040765791185,13,5,11,160.0
10.1149/1.1566019,14,14,20400915,4,VFT,0.95,1.0,0.10470196762770057,13,5,11,160.0
10.1149/1.1566019,14,14,20400915,5,VFT,0.8,0.8333333333333334,0.027989603997975898,13,5,6,160.0
10.1149/1.1566019,14,14,20400915,5,VFT,0.9,0.8333333333333334,0.03064811286598146,13,5,6,160.0
10.1149/1.1566019,14,14,20400915,5,VFT,0.95,1.0,0.08219109819518255,13,5,6,160.0
10.1149/1.1566019,14,15,20400916,3,RF_constrained_rate,0.8,0.43478260869565216,0.018136224318370253,13,5,23,
10.1149/1.1566019,14,15,20400916,3,RF_constrained_rate,0.9,0.8695652173913043,0.06368109910609587,13,5,23,
10.1149/1.1566019,14,15,20400916,3,RF_constrained_rate,0.95,0.8695652173913043,0.08255062313752837,13,5,23,
10.1149/1.1566019,14,15,20400916,4,VFT,0.8,0.8181818181818182,0.01064054116288582,13,5,11,160.0
10.1149/1.1566019,14,15,20400916,4,VFT,0.9,1.0,0.03191219746019858,13,5,11,160.0
10.1149/1.1566019,14,15,20400916,4,VFT,0.95,1.0,0.06006842302125193,13,5,11,160.0
10.1149/1.1566019,14,15,20400916,5,VFT,0.8,0.8333333333333334,0.012569740325796941,13,5,6,160.0
10.1149/1.1566019,14,15,20400916,5,VFT,0.9,0.8333333333333334,0.017789624292424255,13,5,6,160.0
10.1149/1.1566019,14,15,20400916,5,VFT,0.95,0.8333333333333334,0.026367007083306415,13,5,6,160.0
10.1149/1.1566019,14,16,20400917,3,RF_constrained_rate,0.8,0.43478260869565216,0.010125881655990376,13,5,23,
10.1149/1.1566019,14,16,20400917,3,RF_constrained_rate,0.9,0.5217391304347826,0.01661236863995119,13,5,23,
10.1149/1.1566019,14,16,20400917,3,RF_constrained_rate,0.95,0.6956521739130435,0.024801189388689027,13,5,23,
10.1149/1.1566019,14,16,20400917,4,VFT,0.8,0.8181818181818182,0.009886633974446113,13,5,11,160.0
10.1149/1.1566019,14,16,20400917,4,VFT,0.9,0.9090909090909091,0.017230148844155746,13,5,11,160.0
10.1149/1.1566019,14,16,20400917,4,VFT,0.95,1.0,0.026521698703257046,13,5,11,160.0
10.1149/1.1566019,14,16,20400917,5,VFT,0.8,0.8333333333333334,0.013286023040995687,13,5,6,160.0
10.1149/1.1566019,14,16,20400917,5,VFT,0.9,0.8333333333333334,0.026956438200738564,13,5,6,160.0
10.1149/1.1566019,14,16,20400917,5,VFT,0.95,0.8333333333333334,0.033895371628013704,13,5,6,160.0
10.1149/1.1566019,14,17,20400918,3,RF_constrained_rate,0.8,0.5217391304347826,0.01549581890296503,13,5,23,
10.1149/1.1566019,14,17,20400918,3,RF_constrained_rate,0.9,0.782608695652174,0.02751612594110875,13,5,23,
10.1149/1.1566019,14,17,20400918,3,RF_constrained_rate,0.95,0.8260869565217391,0.042352898547356466,13,5,23,
10.1149/1.1566019,14,17,20400918,4,VFT,0.8,0.8181818181818182,0.012012409620019149,13,5,11,160.0
10.1149/1.1566019,14,17,20400918,4,VFT,0.9,0.9090909090909091,0.01853487062212343,13,5,11,160.0
10.1149/1.1566019,14,17,20400918,4,VFT,0.95,1.0,0.02667892904308311,13,5,11,160.0
10.1149/1.1566019,14,17,20400918,5,VFT,0.8,0.8333333333333334,0.016485231341353712,13,5,6,160.0
10.1149/1.1566019,14,17,20400918,5,VFT,0.9,0.8333333333333334,0.030600980004741984,13,5,6,160.0
10.1149/1.1566019,14,17,20400918,5,VFT,0.95,1.0,0.03968219977077858,13,5,6,160.0
10.1149/1.1566019,14,18,20400919,3,RF_constrained_rate,0.8,0.30434782608695654,0.013895112247386265,13,5,23,
10.1149/1.1566019,14,18,20400919,3,RF_constrained_rate,0.9,0.5217391304347826,0.02954822772536092,13,5,23,
10.1149/1.1566019,14,18,20400919,3,RF_constrained_rate,0.95,0.782608695652174,0.06723370138855067,13,5,23,
10.1149/1.1566019,14,18,20400919,4,VFT,0.8,0.8181818181818182,0.010917529467724396,13,5,11,160.0
10.1149/1.1566019,14,18,20400919,4,VFT,0.9,0.8181818181818182,0.015914353485040333,13,5,11,160.0
10.1149/1.1566019,14,18,20400919,4,VFT,0.95,1.0,0.03052269747205072,13,5,11,160.0
10.1149/1.1566019,14,18,20400919,5,VFT,0.8,0.8333333333333334,0.012445488914688996,13,5,6,160.0
10.1149/1.1566019,14,18,20400919,5,VFT,0.9,0.8333333333333334,0.01831274621231782,13,5,6,160.0
10.1149/1.1566019,14,18,20400919,5,VFT,0.95,0.8333333333333334,0.03487732651105224,13,5,6,160.0
10.1149/1.1566019,14,19,20400920,3,RF_constrained_rate,0.8,0.8260869565217391,0.036749904499169705,13,5,23,
10.1149/1.1566019,14,19,20400920,3,RF_constrained_rate,0.9,0.9130434782608695,0.07100302661907243,13,5,23,
10.1149/1.1566019,14,19,20400920,3,RF_constrained_rate,0.95,0.9130434782608695,0.12757973846029014,13,5,23,
10.1149/1.1566019,14,19,20400920,4,VFT,0.8,1.0,0.031910122702544674,13,5,11,160.0
10.1149/1.1566019,14,19,20400920,4,VFT,0.9,1.0,0.04452424738576566,13,5,11,160.0
10.1149/1.1566019,14,19,20400920,4,VFT,0.95,1.0,0.11306692058765133,13,5,11,160.0
10.1149/1.1566019,14,19,20400920,5,VFT,0.8,1.0,0.042798514750826744,13,5,6,160.0
10.1149/1.1566019,14,19,20400920,5,VFT,0.9,1.0,0.08385242579793184,13,5,6,160.0
10.1149/1.1566019,14,19,20400920,5,VFT,0.95,1.0,0.1583218915749165,13,5,6,160.0
10.1149/1.1630593,15,0,20410901,3,RF_constrained_rate,0.8,0.4897959183673469,0.011825221398394259,13,5,49,
10.1149/1.1630593,15,0,20410901,3,RF_constrained_rate,0.9,0.6530612244897959,0.01958838185323042,13,5,49,
10.1149/1.1630593,15,0,20410901,3,RF_constrained_rate,0.95,0.7551020408163265,0.026453680942729485,13,5,49,
10.1149/1.1630593,15,0,20410901,4,VFT,0.8,0.5517241379310345,0.0109289272553168,13,5,29,160.0
10.1149/1.1630593,15,0,20410901,4,VFT,0.9,0.6206896551724138,0.01553591497232265,13,5,29,160.0
10.1149/1.1630593,15,0,20410901,4,VFT,0.95,0.7586206896551724,0.024269630490778127,13,5,29,160.0
10.1149/1.1630593,15,0,20410901,5,VFT,0.8,0.6923076923076923,0.015737973923910076,13,5,13,160.0
10.1149/1.1630593,15,0,20410901,5,VFT,0.9,0.7692307692307693,0.023292993105568982,13,5,13,160.0
10.1149/1.1630593,15,0,20410901,5,VFT,0.95,0.9230769230769231,0.041691495135310896,13,5,13,160.0
10.1149/1.1630593,15,1,20410902,3,RF_constrained_rate,0.8,0.7755102040816326,0.03423395972280607,13,5,49,
10.1149/1.1630593,15,1,20410902,3,RF_constrained_rate,0.9,0.9387755102040817,0.06436913439524017,13,5,49,
10.1149/1.1630593,15,1,20410902,3,RF_constrained_rate,0.95,0.9795918367346939,0.10029503425159425,13,5,49,
10.1149/1.1630593,15,1,20410902,4,VFT,0.8,0.7586206896551724,0.021741554007395747,13,5,29,160.0
10.1149/1.1630593,15,1,20410902,4,VFT,0.9,0.8620689655172413,0.03767330979830219,13,5,29,160.0
10.1149/1.1630593,15,1,20410902,4,VFT,0.95,0.9310344827586207,0.10470196762770057,13,5,29,160.0
10.1149/1.1630593,15,1,20410902,5,VFT,0.8,0.7692307692307693,0.021707349453042202,13,5,13,160.0
10.1149/1.1630593,15,1,20410902,5,VFT,0.9,0.7692307692307693,0.029079380188149706,13,5,13,160.0
10.1149/1.1630593,15,1,20410902,5,VFT,0.95,0.7692307692307693,0.03064811286598146,13,5,13,160.0
10.1149/1.1630593,15,2,20410903,3,RF_constrained_rate,0.8,0.7551020408163265,0.026786764688526477,13,5,49,
10.1149/1.1630593,15,2,20410903,3,RF_constrained_rate,0.9,0.9387755102040817,0.05688170320599273,13,5,49,
10.1149/1.1630593,15,2,20410903,3,RF_constrained_rate,0.95,1.0,0.10596408884259079,13,5,49,
10.1149/1.1630593,15,2,20410903,4,VFT,0.8,0.6206896551724138,0.014183444562295477,13,5,29,160.0
10.1149/1.1630593,15,2,20410903,4,VFT,0.9,0.8620689655172413,0.031493847794873187,13,5,29,160.0
10.1149/1.1630593,15,2,20410903,4,VFT,0.95,0.896551724137931,0.04347374768689094,13,5,29,160.0
10.1149/1.1630593,15,2,20410903,5,VFT,0.8,0.38461538461538464,0.02057754860679295,13,5,13,170.0
10.1149/1.1630593,15,2,20410903,5,VFT,0.9,0.6153846153846154,0.03245924343397344,13,5,13,170.0
10.1149/1.1630593,15,2,20410903,5,VFT,0.95,0.9230769230769231,0.057574000159819505,13,5,13,170.0
10.1149/1.1630593,15,3,20410904,3,RF_constrained_rate,0.8,0.8571428571428571,0.05671699581921574,13,5,49,
10.1149/1.1630593,15,3,20410904,3,RF_constrained_rate,0.9,0.9183673469387755,0.10373561146510402,13,5,49,
10.1149/1.1630593,15,3,20410904,3,RF_constrained_rate,0.95,0.9591836734693877,0.160551515143601,13,5,49,
10.1149/1.1630593,15,3,20410904,4,VFT,0.8,0.8620689655172413,0.031910122702544674,13,5,29,160.0
10.1149/1.1630593,15,3,20410904,4,VFT,0.9,0.896551724137931,0.04582374607939976,13,5,29,160.0
10.1149/1.1630593,15,3,20410904,4,VFT,0.95,0.9310344827586207,0.11306692058765133,13,5,29,160.0
10.1149/1.1630593,15,3,20410904,5,VFT,0.8,0.9230769230769231,0.0463465458664134,13,5,13,160.0
10.1149/1.1630593,15,3,20410904,5,VFT,0.9,1.0,0.09596449319696343,13,5,13,160.0
10.1149/1.1630593,15,3,20410904,5,VFT,0.95,1.0,0.15846235643396067,13,5,13,160.0
10.1149/1.1630593,15,4,20410905,3,RF_constrained_rate,0.8,0.5306122448979592,0.01870998752746078,13,5,49,
10.1149/1.1630593,15,4,20410905,3,RF_constrained_rate,0.9,0.673469387755102,0.0262952353797119,13,5,49,
10.1149/1.1630593,15,4,20410905,3,RF_constrained_rate,0.95,0.8367346938775511,0.035414567890426296,13,5,49,
10.1149/1.1630593,15,4,20410905,4,VFT,0.8,0.5517241379310345,0.011331815457434224,13,5,29,160.0
10.1149/1.1630593,15,4,20410905,4,VFT,0.9,0.6206896551724138,0.017765682354388357,13,5,29,160.0
10.1149/1.1630593,15,4,20410905,4,VFT,0.95,0.8620689655172413,0.03052269747205072,13,5,29,160.0
10.1149/1.1630593,15,4,20410905,5,VFT,0.8,0.6923076923076923,0.015021094668162593,13,5,13,160.0
10.1149/1.1630593,15,4,20410905,5,VFT,0.9,0.7692307692307693,0.026956438200738564,13,5,13,160.0
10.1149/1.1630593,15,4,20410905,5,VFT,0.95,0.9230769230769231,0.03965528652209471,13,5,13,160.0
10.1149/1.1630593,15,5,20410906,3,RF_constrained_rate,0.8,0.5306122448979592,0.01826176651069622,13,5,49,
10.1149/1.1630593,15,5,20410906,3,RF_constrained_rate,0.9,0.6938775510204082,0.034417968616414996,13,5,49,
10.1149/1.1630593,15,5,20410906,3,RF_constrained_rate,0.95,0.8367346938775511,0.0527352820284529,13,5,49,
10.1149/1.1630593,15,5,20410906,4,VFT,0.8,0.5517241379310345,0.011410106429717626,13,5,29,160.0
10.1149/1.1630593,15,5,20410906,4,VFT,0.9,0.6206896551724138,0.017765682354388357,13,5,29,160.0
10.1149/1.1630593,15,5,20410906,4,VFT,0.95,0.8620689655172413,0.03052269747205072,13,5,29,160.0
10.1149/1.1630593,15,5,20410906,5,VFT,0.8,0.6923076923076923,0.016442245619342488,13,5,13,160.0
10.1149/1.1630593,15,5,20410906,5,VFT,0.9,0.7692307692307693,0.029079380188149706,13,5,13,160.0
10.1149/1.1630593,15,5,20410906,5,VFT,0.95,0.9230769230769231,0.041691495135310896,13,5,13,160.0
10.1149/1.1630593,15,6,20410907,3,RF_constrained_rate,0.8,0.46938775510204084,0.017864166864983266,13,5,49,
10.1149/1.1630593,15,6,20410907,3,RF_constrained_rate,0.9,0.5306122448979592,0.023802474051007882,13,5,49,
10.1149/1.1630593,15,6,20410907,3,RF_constrained_rate,0.95,0.7142857142857143,0.04251788340446405,13,5,49,
10.1149/1.1630593,15,6,20410907,4,VFT,0.8,0.5517241379310345,0.010000704151909234,13,5,29,160.0
10.1149/1.1630593,15,6,20410907,4,VFT,0.9,0.6206896551724138,0.01628006810471261,13,5,29,160.0
10.1149/1.1630593,15,6,20410907,4,VFT,0.95,0.7586206896551724,0.024269630490778127,13,5,29,160.0
10.1149/1.1630593,15,6,20410907,5,VFT,0.8,0.6923076923076923,0.014029444600456076,13,5,13,160.0
10.1149/1.1630593,15,6,20410907,5,VFT,0.9,0.7692307692307693,0.023519489917688485,13,5,13,160.0
10.1149/1.1630593,15,6,20410907,5,VFT,0.95,0.8461538461538461,0.03487732651105224,13,5,13,160.0
10.1149/1.1630593,15,7,20410908,3,RF_constrained_rate,0.8,0.7755102040816326,0.02358929836085011,13,5,49,
10.1149/1.1630593,15,7,20410908,3,RF_constrained_rate,0.9,0.8163265306122449,0.029636169113264943,13,5,49,
10.1149/1.1630593,15,7,20410908,3,RF_constrained_rate,0.95,1.0,0.20599841701250615,13,5,49,
10.1149/1.1630593,15,7,20410908,4,VFT,0.8,0.7586206896551724,0.024003356250963837,13,5,29,160.0
10.1149/1.1630593,15,7,20410908,4,VFT,0.9,0.896551724137931,0.03985633345748263,13,5,29,160.0
10.1149/1.1630593,15,7,20410908,4,VFT,0.95,0.9310344827586207,0.10458124759694794,13,5,29,160.0
10.1149/1.1630593,15,7,20410908,5,VFT,0.8,0.7692307692307693,0.023754194476726997,13,5,13,160.0
10.1149/1.1630593,15,7,20410908,5,VFT,0.9,1.0,0.05457827347848965,13,5,13,160.0
10.1149/1.1630593,15,7,20410908,5,VFT,0.95,1.0,0.12308743821602615,13,5,13,160.0
10.1149/1.1630593,15,8,20410909,3,RF_constrained_rate,0.8,0.7959183673469388,0.03891354949094872,13,5,49,
10.1149/1.1630593,15,8,20410909,3,RF_constrained_rate,0.9,0.9591836734693877,0.06934487965889868,13,5,49,
10.1149/1.1630593,15,8,20410909,3,RF_constrained_rate,0.95,1.0,0.1261510174485827,13,5,49,
10.1149/1.1630593,15,8,20410909,4,VFT,0.8,0.8620689655172413,0.03619613024973578,13,5,29,160.0
10.1149/1.1630593,15,8,20410909,4,VFT,0.9,0.896551724137931,0.048218726250399246,13,5,29,160.0
10.1149/1.1630593,15,8,20410909,4,VFT,0.95,0.9310344827586207,0.11549155091832874,13,5,29,160.0
10.1149/1.1630593,15,8,20410909,5,VFT,0.8,1.0,0.04891649154210209,13,5,13,160.0
10.1149/1.1630593,15,8,20410909,5,VFT,0.9,1.0,0.09709901565315393,13,5,13,160.0
10.1149/1.1630593,15,8,20410909,5,VFT,0.95,1.0,0.15846235643396067,13,5,13,160.0
10.1149/1.1630593,15,9,20410910,3,RF_constrained_rate,0.8,0.7346938775510204,0.025084952828758666,13,5,49,
10.1149/1.1630593,15,9,20410910,3,RF_constrained_rate,0.9,0.7959183673469388,0.03356498665006313,13,5,49,
10.1149/1.1630593,15,9,20410910,3,RF_constrained_rate,0.95,0.8979591836734694,0.04440830628329606,13,5,49,
10.1149/1.1630593,15,9,20410910,4,VFT,0.8,0.5862068965517241,0.012220241396135645,13,5,29,160.0
10.1149/1.1630593,15,9,20410910,4,VFT,0.9,0.8620689655172413,0.03191219746019858,13,5,29,160.0
10.1149/1.1630593,15,9,20410910,4,VFT,0.95,0.9310344827586207,0.06006842302125193,13,5,29,160.0
10.1149/1.1630593,15,9,20410910,5,VFT,0.8,0.46153846153846156,0.011772733827595028,13,5,13,160.0
10.1149/1.1630593,15,9,20410910,5,VFT,0.9,0.7692307692307693,0.027989603997975898,13,5,13,160.0
10.1149/1.1630593,15,9,20410910,5,VFT,0.95,1.0,0.05457827347848965,13,5,13,160.0
10.1149/1.1630593,15,10,20410911,3,RF_constrained_rate,0.8,0.5102040816326531,0.012795758966554827,13,5,49,
10.1149/1.1630593,15,10,20410911,3,RF_constrained_rate,0.9,0.7142857142857143,0.025514379431509582,13,5,49,
10.1149/1.1630593,15,10,20410911,3,RF_constrained_rate,0.95,0.7959183673469388,0.03765135001104625,13,5,49,
10.1149/1.1630593,15,10,20410911,4,VFT,0.8,0.5517241379310345,0.010058653241119098,13,5,29,160.0
10.1149/1.1630593,15,10,20410911,4,VFT,0.9,0.6206896551724138,0.015514815630879308,13,5,29,160.0
10.1149/1.1630593,15,10,20410911,4,VFT,0.95,0.7586206896551724,0.02380587033360948,13,5,29,160.0
10.1149/1.1630593,15,10,20410911,5,VFT,0.8,0.6923076923076923,0.014371174860492886,13,5,13,160.0
10.1149/1.1630593,15,10,20410911,5,VFT,0.9,0.7692307692307693,0.021707349453042202,13,5,13,160.0
10.1149/1.1630593,15,10,20410911,5,VFT,0.95,0.8461538461538461,0.03440432872936516,13,5,13,160.0
10.1149/1.1630593,15,11,20410912,3,RF_constrained_rate,0.8,0.6938775510204082,0.027159551761937628,13,5,49,
10.1149/1.1630593,15,11,20410912,3,RF_constrained_rate,0.9,0.8163265306122449,0.04197827174989888,13,5,49,
10.1149/1.1630593,15,11,20410912,3,RF_constrained_rate,0.95,0.9183673469387755,0.0753434376906581,13,5,49,
10.1149/1.1630593,15,11,20410912,4,VFT,0.8,0.6551724137931034,0.019041292223415107,13,5,29,160.0
10.1149/1.1630593,15,11,20410912,4,VFT,0.9,0.8620689655172413,0.03517497870650255,13,5,29,160.0
10.1149/1.1630593,15,11,20410912,4,VFT,0.95,0.896551724137931,0.0493823421583226,13,5,29,160.0
10.1149/1.1630593,15,11,20410912,5,VFT,0.8,0.7692307692307693,0.027581243806950706,13,5,13,160.0
10.1149/1.1630593,15,11,20410912,5,VFT,0.9,0.9230769230769231,0.0470859805824948,13,5,13,160.0
10.1149/1.1630593,15,11,20410912,5,VFT,0.95,1.0,0.09596449319696343,13,5,13,160.0
10.1149/1.1630593,15,12,20410913,3,RF_constrained_rate,0.8,0.7959183673469388,0.03436161206589938,13,5,49,
10.1149/1.1630593,15,12,20410913,3,RF_constrained_rate,0.9,0.8979591836734694,0.06616688079629185,13,5,49,
10.1149/1.1630593,15,12,20410913,3,RF_constrained_rate,0.95,0.9591836734693877,0.13175607500212072,13,5,49,
10.1149/1.1630593,15,12,20410913,4,VFT,0.8,0.8620689655172413,0.030681619864770804,13,5,29,160.0
10.1149/1.1630593,15,12,20410913,4,VFT,0.9,0.896551724137931,0.04582374607939976,13,5,29,160.0
10.1149/1.1630593,15,12,20410913,4,VFT,0.95,0.9310344827586207,0.11549155091832874,13,5,29,160.0
10.1149/1.1630593,15,12,20410913,5,VFT,0.8,0.9230769230769231,0.042378310815379905,13,5,13,160.0
10.1149/1.1630593,15,12,20410913,5,VFT,0.9,1.0,0.09596449319696343,13,5,13,160.0
10.1149/1.1630593,15,12,20410913,5,VFT,0.95,1.0,0.15846235643396067,13,5,13,160.0
10.1149/1.1630593,15,13,20410914,3,RF_constrained_rate,0.8,0.6326530612244898,0.017722021678453936,13,5,49,
10.1149/1.1630593,15,13,20410914,3,RF_constrained_rate,0.9,0.7959183673469388,0.03334166648740444,13,5,49,
10.1149/1.1630593,15,13,20410914,3,RF_constrained_rate,0.95,0.9795918367346939,0.06614207859725796,13,5,49,
10.1149/1.1630593,15,13,20410914,4,VFT,0.8,0.5862068965517241,0.013996667394104323,13,5,29,160.0
10.1149/1.1630593,15,13,20410914,4,VFT,0.9,0.7241379310344828,0.02013219315169601,13,5,29,160.0
10.1149/1.1630593,15,13,20410914,4,VFT,0.95,0.8620689655172413,0.03637732603634014,13,5,29,160.0
10.1149/1.1630593,15,13,20410914,5,VFT,0.8,0.6923076923076923,0.01595460692592543,13,5,13,160.0
10.1149/1.1630593,15,13,20410914,5,VFT,0.9,0.7692307692307693,0.023691607950914406,13,5,13,160.0
10.1149/1.1630593,15,13,20410914,5,VFT,0.95,0.9230769230769231,0.04549111290473151,13,5,13,160.0
10.1149/1.1630593,15,14,20410915,3,RF_constrained_rate,0.8,0.7959183673469388,0.033988743737119353,13,5,49,
10.1149/1.1630593,15,14,20410915,3,RF_constrained_rate,0.9,0.9387755102040817,0.06373716263713414,13,5,49,
10.1149/1.1630593,15,14,20410915,3,RF_constrained_rate,0.95,1.0,0.13013821674211346,13,5,49,
10.1149/1.1630593,15,14,20410915,4,VFT,0.8,0.8620689655172413,0.031910122702544674,13,5,29,160.0
10.1149/1.1630593,15,14,20410915,4,VFT,0.9,0.896551724137931,0.04582374607939976,13,5,29,160.0
10.1149/1.1630593,15,14,20410915,4,VFT,0.95,0.9310344827586207,0.11306692058765133,13,5,29,160.0
10.1149/1.1630593,15,14,20410915,5,VFT,0.8,0.9230769230769231,0.042378310815379905,13,5,13,160.0
10.1149/1.1630593,15,14,20410915,5,VFT,0.9,1.0,0.09561210192813985,13,5,13,160.0
10.1149/1.1630593,15,14,20410915,5,VFT,0.95,1.0,0.1583218915749165,13,5,13,160.0
10.1149/1.1630593,15,15,20410916,3,RF_constrained_rate,0.8,0.5102040816326531,0.009870118315296494,13,5,49,
10.1149/1.1630593,15,15,20410916,3,RF_constrained_rate,0.9,0.6122448979591837,0.01239849190718667,13,5,49,
10.1149/1.1630593,15,15,20410916,3,RF_constrained_rate,0.95,0.7346938775510204,0.023062534341520058,13,5,49,
10.1149/1.1630593,15,15,20410916,4,VFT,0.8,0.5862068965517241,0.013051289727242121,13,5,29,160.0
10.1149/1.1630593,15,15,20410916,4,VFT,0.9,0.6206896551724138,0.018498143823994617,13,5,29,160.0
10.1149/1.1630593,15,15,20410916,4,VFT,0.95,0.7931034482758621,0.026521698703257046,13,5,29,160.0
10.1149/1.1630593,15,15,20410916,5,VFT,0.8,0.7692307692307693,0.022441682082510184,13,5,13,160.0
10.1149/1.1630593,15,15,20410916,5,VFT,0.9,0.8461538461538461,0.03155980118740631,13,5,13,160.0
10.1149/1.1630593,15,15,20410916,5,VFT,0.95,0.9230769230769231,0.046388142144178746,13,5,13,160.0
10.1149/1.1630593,15,16,20410917,3,RF_constrained_rate,0.8,0.5714285714285714,0.013951796990744447,13,5,49,
10.1149/1.1630593,15,16,20410917,3,RF_constrained_rate,0.9,0.673469387755102,0.021395920676338775,13,5,49,
10.1149/1.1630593,15,16,20410917,3,RF_constrained_rate,0.95,0.6938775510204082,0.028850277086046816,13,5,49,
10.1149/1.1630593,15,16,20410917,4,VFT,0.8,0.5517241379310345,0.0113824813763862,13,5,29,160.0
10.1149/1.1630593,15,16,20410917,4,VFT,0.9,0.6206896551724138,0.01760072234438148,13,5,29,160.0
10.1149/1.1630593,15,16,20410917,4,VFT,0.95,0.7586206896551724,0.024269630490778127,13,5,29,160.0
10.1149/1.1630593,15,16,20410917,5,VFT,0.8,0.6923076923076923,0.016485231341353712,13,5,13,160.0
10.1149/1.1630593,15,16,20410917,5,VFT,0.9,0.7692307692307693,0.029228739193906783,13,5,13,160.0
10.1149/1.1630593,15,16,20410917,5,VFT,0.95,0.9230769230769231,0.041691495135310896,13,5,13,160.0
10.1149/1.1630593,15,17,20410918,3,RF_constrained_rate,0.8,0.5918367346938775,0.01443420259681849,13,5,49,
10.1149/1.1630593,15,17,20410918,3,RF_constrained_rate,0.9,0.673469387755102,0.023444686552721805,13,5,49,
10.1149/1.1630593,15,17,20410918,3,RF_constrained_rate,0.95,0.7755102040816326,0.03599733293478291,13,5,49,
10.1149/1.1630593,15,17,20410918,4,VFT,0.8,0.5517241379310345,0.0113824813763862,13,5,29,160.0
10.1149/1.1630593,15,17,20410918,4,VFT,0.9,0.6206896551724138,0.01760072234438148,13,5,29,160.0
10.1149/1.1630593,15,17,20410918,4,VFT,0.95,0.7586206896551724,0.024181994838984977,13,5,29,160.0
10.1149/1.1630593,15,17,20410918,5,VFT,0.8,0.6923076923076923,0.01595460692592543,13,5,13,160.0
10.1149/1.1630593,15,17,20410918,5,VFT,0.9,0.7692307692307693,0.02861396007374184,13,5,13,160.0
10.1149/1.1630593,15,17,20410918,5,VFT,0.95,0.9230769230769231,0.03778746858675941,13,5,13,160.0
10.1149/1.1630593,15,18,20410919,3,RF_constrained_rate,0.8,0.8163265306122449,0.03599262950817472,13,5,49,
10.1149/1.1630593,15,18,20410919,3,RF_constrained_rate,0.9,0.9387755102040817,0.062127147412085915,13,5,49,
10.1149/1.1630593,15,18,20410919,3,RF_constrained_rate,0.95,1.0,0.12611460350922532,13,5,49,
10.1149/1.1630593,15,18,20410919,4,VFT,0.8,0.8620689655172413,0.031910122702544674,13,5,29,160.0
10.1149/1.1630593,15,18,20410919,4,VFT,0.9,0.896551724137931,0.04452424738576566,13,5,29,160.0
10.1149/1.1630593,15,18,20410919,4,VFT,0.95,0.9310344827586207,0.11306692058765133,13,5,29,160.0
10.1149/1.1630593,15,18,20410919,5,VFT,0.8,0.9230769230769231,0.042378310815379905,13,5,13,160.0
10.1149/1.1630593,15,18,20410919,5,VFT,0.9,1.0,0.08385242579793184,13,5,13,160.0
10.1149/1.1630593,15,18,20410919,5,VFT,0.95,1.0,0.1583218915749165,13,5,13,160.0
10.1149/1.1630593,15,19,20410920,3,RF_constrained_rate,0.8,0.7959183673469388,0.02444955580970798,13,5,49,
10.1149/1.1630593,15,19,20410920,3,RF_constrained_rate,0.9,0.9795918367346939,0.06438671669725138,13,5,49,
10.1149/1.1630593,15,19,20410920,3,RF_constrained_rate,0.95,1.0,0.20584578608595422,13,5,49,
10.1149/1.1630593,15,19,20410920,4,VFT,0.8,0.6206896551724138,0.018206163200606085,13,5,29,160.0
10.1149/1.1630593,15,19,20410920,4,VFT,0.9,0.896551724137931,0.03985633345748263,13,5,29,160.0
10.1149/1.1630593,15,19,20410920,4,VFT,0.95,0.896551724137931,0.04877040765791185,13,5,29,160.0
10.1149/1.1630593,15,19,20410920,5,VFT,0.8,0.7692307692307693,0.01812318141920244,13,5,13,160.0
10.1149/1.1630593,15,19,20410920,5,VFT,0.9,1.0,0.05457827347848965,13,5,13,160.0
10.1149/1.1630593,15,19,20410920,5,VFT,0.95,1.0,0.08219109819518255,13,5,13,160.0
10.1149/1.1833611,16,0,20420901,3,RF_constrained_rate,0.8,0.9785714285714285,0.039897991570022384,13,5,140,
10.1149/1.1833611,16,0,20420901,3,RF_constrained_rate,0.9,0.9928571428571429,0.08995634488126387,13,5,140,
10.1149/1.1833611,16,0,20420901,3,RF_constrained_rate,0.95,0.9928571428571429,0.14050576712983887,13,5,140,
10.1149/1.1833611,16,0,20420901,4,VFT,0.8,0.9701492537313433,0.029975290160623835,13,5,134,160.0
10.1149/1.1833611,16,0,20420901,4,VFT,0.9,0.9850746268656716,0.04582374607939976,13,5,134,160.0
10.1149/1.1833611,16,0,20420901,4,VFT,0.95,1.0,0.11549155091832874,13,5,134,160.0
10.1149/1.1833611,16,0,20420901,5,VFT,0.8,0.9612403100775194,0.041658123601776786,13,5,129,160.0
10.1149/1.1833611,16,0,20420901,5,VFT,0.9,1.0,0.08304005757787158,13,5,129,160.0
10.1149/1.1833611,16,0,20420901,5,VFT,0.95,1.0,0.1583218915749165,13,5,129,160.0
10.1149/1.1833611,16,1,20420902,3,RF_constrained_rate,0.8,0.9285714285714286,0.02188720062932248,13,5,140,
10.1149/1.1833611,16,1,20420902,3,RF_constrained_rate,0.9,0.9928571428571429,0.03384244182913276,13,5,140,
10.1149/1.1833611,16,1,20420902,3,RF_constrained_rate,0.95,0.9928571428571429,0.04259353446740377,13,5,140,
10.1149/1.1833611,16,1,20420902,4,VFT,0.8,0.8731343283582089,0.013051289727242121,13,5,134,160.0
10.1149/1.1833611,16,1,20420902,4,VFT,0.9,0.9477611940298507,0.018536058761896124,13,5,134,160.0
10.1149/1.1833611,16,1,20420902,4,VFT,0.95,0.9626865671641791,0.024181994838984977,13,5,134,160.0
10.1149/1.1833611,16,1,20420902,5,VFT,0.8,0.9069767441860465,0.020389065416302143,13,5,129,160.0
10.1149/1.1833611,16,1,20420902,5,VFT,0.9,0.9302325581395349,0.03064811286598146,13,5,129,160.0
10.1149/1.1833611,16,1,20420902,5,VFT,0.95,0.9612403100775194,0.03965528652209471,13,5,129,160.0
10.1149/1.1833611,16,2,20420903,3,RF_constrained_rate,0.8,0.9714285714285714,0.025274679167244463,13,5,140,
10.1149/1.1833611,16,2,20420903,3,RF_constrained_rate,0.9,0.9857142857142858,0.04034720972807658,13,5,140,
10.1149/1.1833611,16,2,20420903,3,RF_constrained_rate,0.95,0.9928571428571429,0.06628107565630836,13,5,140,
10.1149/1.1833611,16,2,20420903,4,VFT,0.8,0.9626865671641791,0.021438793140023282,13,5,134,160.0
10.1149/1.1833611,16,2,20420903,4,VFT,0.9,0.9850746268656716,0.03835376113667688,13,5,134,160.0
10.1149/1.1833611,16,2,20420903,4,VFT,0.95,1.0,0.10458124759694794,13,5,134,160.0
10.1149/1.1833611,16,2,20420903,5,VFT,0.8,0.8682170542635659,0.017789624292424255,13,5,129,160.0
10.1149/1.1833611,16,2,20420903,5,VFT,0.9,0.937984496124031,0.033473344008164485,13,5,129,160.0
10.1149/1.1833611,16,2,20420903,5,VFT,0.95,0.9844961240310077,0.04816415878183067,13,5,129,160.0
10.1149/1.1833611,16,3,20420904,3,RF_constrained_rate,0.8,0.9285714285714286,0.022760487762875314,13,5,140,
10.1149/1.1833611,16,3,20420904,3,RF_constrained_rate,0.9,0.9857142857142858,0.03603236256357434,13,5,140,
10.1149/1.1833611,16,3,20420904,3,RF_constrained_rate,0.95,0.9928571428571429,0.061098239569135515,13,5,140,
10.1149/1.1833611,16,3,20420904,4,VFT,0.8,0.9029850746268657,0.014828757304767626,13,5,134,160.0
10.1149/1.1833611,16,3,20420904,4,VFT,0.9,0.9626865671641791,0.022286176104157285,13,5,134,160.0
10.1149/1.1833611,16,3,20420904,4,VFT,0.95,0.9701492537313433,0.029258485194295414,13,5,134,160.0
10.1149/1.1833611,16,3,20420904,5,VFT,0.8,0.9069767441860465,0.022441682082510184,13,5,129,160.0
10.1149/1.1833611,16,3,20420904,5,VFT,0.9,0.937984496124031,0.03066075653620337,13,5,129,160.0
10.1149/1.1833611,16,3,20420904,5,VFT,0.95,0.9612403100775194,0.03968219977077858,13,5,129,160.0
10.1149/1.1833611,16,4,20420905,3,RF_constrained_rate,0.8,0.9928571428571429,0.04494367465402749,13,5,140,
10.1149/1.1833611,16,4,20420905,3,RF_constrained_rate,0.9,0.9928571428571429,0.07600813145989394,13,5,140,
10.1149/1.1833611,16,4,20420905,3,RF_constrained_rate,0.95,0.9928571428571429,0.13384038079267113,13,5,140,
10.1149/1.1833611,16,4,20420905,4,VFT,0.8,0.9850746268656716,0.03619613024973578,13,5,134,160.0
10.1149/1.1833611,16,4,20420905,4,VFT,0.9,0.9925373134328358,0.0493823421583226,13,5,134,160.0
10.1149/1.1833611,16,4,20420905,4,VFT,0.95,1.0,0.11306692058765133,13,5,134,160.0
10.1149/1.1833611,16,4,20420905,5,VFT,0.8,0.9844961240310077,0.04891649154210209,13,5,129,160.0
10.1149/1.1833611,16,4,20420905,5,VFT,0.9,1.0,0.09709901565315393,13,5,129,160.0
10.1149/1.1833611,16,4,20420905,5,VFT,0.95,1.0,0.15846235643396067,13,5,129,160.0
10.1149/1.1833611,16,5,20420906,3,RF_constrained_rate,0.8,0.9928571428571429,0.04129783818962807,13,5,140,
10.1149/1.1833611,16,5,20420906,3,RF_constrained_rate,0.9,0.9928571428571429,0.07324461222156042,13,5,140,
10.1149/1.1833611,16,5,20420906,3,RF_constrained_rate,0.95,0.9928571428571429,0.13628297265141098,13,5,140,
10.1149/1.1833611,16,5,20420906,4,VFT,0.8,0.9701492537313433,0.029258485194295414,13,5,134,160.0
10.1149/1.1833611,16,5,20420906,4,VFT,0.9,0.9850746268656716,0.03985633345748263,13,5,134,160.0
10.1149/1.1833611,16,5,20420906,4,VFT,0.95,0.9925373134328358,0.05753471262765952,13,5,134,160.0
10.1149/1.1833611,16,5,20420906,5,VFT,0.8,0.9302325581395349,0.03064811286598146,13,5,129,160.0
10.1149/1.1833611,16,5,20420906,5,VFT,0.9,0.9844961240310077,0.04816415878183067,13,5,129,160.0
10.1149/1.1833611,16,5,20420906,5,VFT,0.95,0.9922480620155039,0.0625822775074083,13,5,129,160.0
10.1149/1.1833611,16,6,20420907,3,RF_constrained_rate,0.8,0.95,0.024597718043752215,13,5,140,
10.1149/1.1833611,16,6,20420907,3,RF_constrained_rate,0.9,0.9928571428571429,0.03712315012000711,13,5,140,
10.1149/1.1833611,16,6,20420907,3,RF_constrained_rate,0.95,0.9928571428571429,0.07401053047795836,13,5,140,
10.1149/1.1833611,16,6,20420907,4,VFT,0.8,0.9029850746268657,0.014862787074375383,13,5,134,160.0
10.1149/1.1833611,16,6,20420907,4,VFT,0.9,0.9626865671641791,0.022286176104157285,13,5,134,160.0
10.1149/1.1833611,16,6,20420907,4,VFT,0.95,0.9850746268656716,0.037010623143703736,13,5,134,160.0
10.1149/1.1833611,16,6,20420907,5,VFT,0.8,0.9069767441860465,0.020389065416302143,13,5,129,160.0
10.1149/1.1833611,16,6,20420907,5,VFT,0.9,0.937984496124031,0.033473344008164485,13,5,129,160.0
10.1149/1.1833611,16,6,20420907,5,VFT,0.95,0.9689922480620154,0.046388142144178746,13,5,129,160.0
10.1149/1.1833611,16,7,20420908,3,RF_constrained_rate,0.8,0.9714285714285714,0.02446926272503447,13,5,140,
10.1149/1.1833611,16,7,20420908,3,RF_constrained_rate,0.9,0.9928571428571429,0.06023842672453883,13,5,140,
10.1149/1.1833611,16,7,20420908,3,RF_constrained_rate,0.95,0.9928571428571429,0.11471562173415784,13,5,140,
10.1149/1.1833611,16,7,20420908,4,VFT,0.8,0.9328358208955224,0.015914353485040333,13,5,134,160.0
10.1149/1.1833611,16,7,20420908,4,VFT,0.9,0.9626865671641791,0.022734309428941835,13,5,134,160.0
10.1149/1.1833611,16,7,20420908,4,VFT,0.95,0.9701492537313433,0.029596777293295684,13,5,134,160.0
10.1149/1.1833611,16,7,20420908,5,VFT,0.8,0.9147286821705426,0.02318756565325386,13,5,129,160.0
10.1149/1.1833611,16,7,20420908,5,VFT,0.9,0.937984496124031,0.033895371628013704,13,5,129,160.0
10.1149/1.1833611,16,7,20420908,5,VFT,0.95,0.9689922480620154,0.0463465458664134,13,5,129,160.0
10.1149/1.1833611,16,8,20420909,3,RF_constrained_rate,0.8,0.95,0.027792222834944535,13,5,140,
10.1149/1.1833611,16,8,20420909,3,RF_constrained_rate,0.9,0.9857142857142858,0.0503435441925415,13,5,140,
10.1149/1.1833611,16,8,20420909,3,RF_constrained_rate,0.95,0.9928571428571429,0.0612525862194514,13,5,140,
10.1149/1.1833611,16,8,20420909,4,VFT,0.8,0.9477611940298507,0.018536058761896124,13,5,134,160.0
10.1149/1.1833611,16,8,20420909,4,VFT,0.9,0.9701492537313433,0.028417604401717256,13,5,134,160.0
10.1149/1.1833611,16,8,20420909,4,VFT,0.95,0.9925373134328358,0.06006842302125193,13,5,134,160.0
10.1149/1.1833611,16,8,20420909,5,VFT,0.8,0.8217054263565892,0.01591981849089974,13,5,129,160.0
10.1149/1.1833611,16,8,20420909,5,VFT,0.9,0.937984496124031,0.030917611670433276,13,5,129,160.0
10.1149/1.1833611,16,8,20420909,5,VFT,0.95,0.9844961240310077,0.04798219301794804,13,5,129,160.0
10.1149/1.1833611,16,9,20420910,3,RF_constrained_rate,0.8,0.9428571428571428,0.033314201684252254,13,5,140,
10.1149/1.1833611,16,9,20420910,3,RF_constrained_rate,0.9,0.9785714285714285,0.04676807876118971,13,5,140,
10.1149/1.1833611,16,9,20420910,3,RF_constrained_rate,0.95,0.9928571428571429,0.07444154631027411,13,5,140,
10.1149/1.1833611,16,9,20420910,4,VFT,0.8,0.9626865671641791,0.023608387082705518,13,5,134,160.0
10.1149/1.1833611,16,9,20420910,4,VFT,0.9,0.9850746268656716,0.03835376113667688,13,5,134,160.0
10.1149/1.1833611,16,9,20420910,4,VFT,0.95,0.9925373134328358,0.06138933596941154,13,5,134,160.0
10.1149/1.1833611,16,9,20420910,5,VFT,0.8,0.937984496124031,0.030959565971627967,13,5,129,160.0
10.1149/1.1833611,16,9,20420910,5,VFT,0.9,0.9844961240310077,0.04967893511141064,13,5,129,160.0
10.1149/1.1833611,16,9,20420910,5,VFT,0.95,1.0,0.09709901565315393,13,5,129,160.0
10.1149/1.1833611,16,10,20420911,3,RF_constrained_rate,0.8,0.8857142857142857,0.013477400027956943,13,5,140,
10.1149/1.1833611,16,10,20420911,3,RF_constrained_rate,0.9,0.9642857142857143,0.025310901783796025,13,5,140,
10.1149/1.1833611,16,10,20420911,3,RF_constrained_rate,0.95,0.9928571428571429,0.08809617490174637,13,5,140,
10.1149/1.1833611,16,10,20420911,4,VFT,0.8,0.7388059701492538,0.008234420372241757,13,5,134,160.0
10.1149/1.1833611,16,10,20420911,4,VFT,0.9,0.8880597014925373,0.014138521115230063,13,5,134,160.0
10.1149/1.1833611,16,10,20420911,4,VFT,0.95,0.9925373134328358,0.04877040765791185,13,5,134,160.0
10.1149/1.1833611,16,10,20420911,5,VFT,0.8,0.7209302325581395,0.010924774519519787,13,5,129,160.0
10.1149/1.1833611,16,10,20420911,5,VFT,0.9,0.7674418604651163,0.012436336546733706,13,5,129,160.0
10.1149/1.1833611,16,10,20420911,5,VFT,0.95,0.8294573643410853,0.016234532416806502,13,5,129,160.0
10.1149/1.1833611,16,11,20420912,3,RF_constrained_rate,0.8,0.9714285714285714,0.02716742998980004,13,5,140,
10.1149/1.1833611,16,11,20420912,3,RF_constrained_rate,0.9,0.9928571428571429,0.06680751637347715,13,5,140,
10.1149/1.1833611,16,11,20420912,3,RF_constrained_rate,0.95,0.9928571428571429,0.11249908602925363,13,5,140,
10.1149/1.1833611,16,11,20420912,4,VFT,0.8,0.9626865671641791,0.024003356250963837,13,5,134,160.0
10.1149/1.1833611,16,11,20420912,4,VFT,0.9,0.9850746268656716,0.03985633345748263,13,5,134,160.0
10.1149/1.1833611,16,11,20420912,4,VFT,0.95,1.0,0.10458124759694794,13,5,134,160.0
10.1149/1.1833611,16,11,20420912,5,VFT,0.8,0.9069767441860465,0.021707349453042202,13,5,129,160.0
10.1149/1.1833611,16,11,20420912,5,VFT,0.9,0.9922480620155039,0.05457827347848965,13,5,129,160.0
10.1149/1.1833611,16,11,20420912,5,VFT,0.95,1.0,0.12308743821602615,13,5,129,160.0
10.1149/1.1833611,16,12,20420913,3,RF_constrained_rate,0.8,0.9928571428571429,0.04892466257337191,13,5,140,
10.1149/1.1833611,16,12,20420913,3,RF_constrained_rate,0.9,1.0,0.09286346754646324,13,5,140,
10.1149/1.1833611,16,12,20420913,3,RF_constrained_rate,0.95,1.0,0.11143962105819116,13,5,140,
10.1149/1.1833611,16,12,20420913,4,VFT,0.8,0.9701492537313433,0.029258485194295414,13,5,134,160.0
10.1149/1.1833611,16,12,20420913,4,VFT,0.9,0.9850746268656716,0.03838393599123502,13,5,134,160.0
10.1149/1.1833611,16,12,20420913,4,VFT,0.95,1.0,0.10470196762770057,13,5,134,160.0
10.1149/1.1833611,16,12,20420913,5,VFT,0.8,0.9224806201550387,0.027989603997975898,13,5,129,160.0
10.1149/1.1833611,16,12,20420913,5,VFT,0.9,0.9302325581395349,0.03064811286598146,13,5,129,160.0
10.1149/1.1833611,16,12,20420913,5,VFT,0.95,0.9922480620155039,0.05457827347848965,13,5,129,160.0
10.1149/1.1833611,16,13,20420914,3,RF_constrained_rate,0.8,0.9785714285714285,0.028654192672598833,13,5,140,
10.1149/1.1833611,16,13,20420914,3,RF_constrained_rate,0.9,0.9928571428571429,0.06609747104029573,13,5,140,
10.1149/1.1833611,16,13,20420914,3,RF_constrained_rate,0.95,0.9928571428571429,0.11411770643825969,13,5,140,
10.1149/1.1833611,16,13,20420914,4,VFT,0.8,0.9626865671641791,0.024003356250963837,13,5,134,160.0
10.1149/1.1833611,16,13,20420914,4,VFT,0.9,0.9850746268656716,0.04347374768689094,13,5,134,160.0
10.1149/1.1833611,16,13,20420914,4,VFT,0.95,1.0,0.10458124759694794,13,5,134,160.0
10.1149/1.1833611,16,13,20420914,5,VFT,0.8,0.9224806201550387,0.023754194476726997,13,5,129,160.0
10.1149/1.1833611,16,13,20420914,5,VFT,0.9,0.9922480620155039,0.0625822775074083,13,5,129,160.0
10.1149/1.1833611,16,13,20420914,5,VFT,0.95,1.0,0.12308743821602615,13,5,129,160.0
10.1149/1.1833611,16,14,20420915,3,RF_constrained_rate,0.8,0.9928571428571429,0.06020425508149785,13,5,140,
10.1149/1.1833611,16,14,20420915,3,RF_constrained_rate,0.9,0.9928571428571429,0.08477074497379,13,5,140,
10.1149/1.1833611,16,14,20420915,3,RF_constrained_rate,0.95,0.9928571428571429,0.1564976196602048,13,5,140,
10.1149/1.1833611,16,14,20420915,4,VFT,0.8,0.9701492537313433,0.025724672528661285,13,5,134,160.0
10.1149/1.1833611,16,14,20420915,4,VFT,0.9,0.9850746268656716,0.0399832074181532,13,5,134,160.0
10.1149/1.1833611,16,14,20420915,4,VFT,0.95,0.9925373134328358,0.05753471262765952,13,5,134,160.0
10.1149/1.1833611,16,14,20420915,5,VFT,0.8,0.9069767441860465,0.021707349453042202,13,5,129,160.0
10.1149/1.1833611,16,14,20420915,5,VFT,0.9,0.9689922480620154,0.0463465458664134,13,5,129,160.0
10.1149/1.1833611,16,14,20420915,5,VFT,0.95,1.0,0.08219109819518255,13,5,129,160.0
10.1149/1.1833611,16,15,20420916,3,RF_constrained_rate,0.8,0.9785714285714285,0.06074242201581748,13,5,140,
10.1149/1.1833611,16,15,20420916,3,RF_constrained_rate,0.9,0.9928571428571429,0.09287554831004535,13,5,140,
10.1149/1.1833611,16,15,20420916,3,RF_constrained_rate,0.95,1.0,0.10817289723784818,13,5,140,
10.1149/1.1833611,16,15,20420916,4,VFT,0.8,0.9701492537313433,0.028417604401717256,13,5,134,160.0
10.1149/1.1833611,16,15,20420916,4,VFT,0.9,0.9925373134328358,0.06006842302125193,13,5,134,160.0
10.1149/1.1833611,16,15,20420916,4,VFT,0.95,1.0,0.12548363916996264,13,5,134,160.0
10.1149/1.1833611,16,15,20420916,5,VFT,0.8,0.9534883720930233,0.035490361681855695,13,5,129,160.0
10.1149/1.1833611,16,15,20420916,5,VFT,0.9,1.0,0.08219109819518255,13,5,129,160.0
10.1149/1.1833611,16,15,20420916,5,VFT,0.95,1.0,0.09561210192813985,13,5,129,160.0
10.1149/1.1833611,16,16,20420917,3,RF_constrained_rate,0.8,0.9785714285714285,0.026171706324533583,13,5,140,
10.1149/1.1833611,16,16,20420917,3,RF_constrained_rate,0.9,0.9928571428571429,0.04028893535729357,13,5,140,
10.1149/1.1833611,16,16,20420917,3,RF_constrained_rate,0.95,0.9928571428571429,0.05563088371833569,13,5,140,
10.1149/1.1833611,16,16,20420917,4,VFT,0.8,0.9626865671641791,0.024003356250963837,13,5,134,160.0
10.1149/1.1833611,16,16,20420917,4,VFT,0.9,0.9850746268656716,0.03985633345748263,13,5,134,160.0
10.1149/1.1833611,16,16,20420917,4,VFT,0.95,1.0,0.10458124759694794,13,5,134,160.0
10.1149/1.1833611,16,16,20420917,5,VFT,0.8,0.8682170542635659,0.01812318141920244,13,5,129,160.0
10.1149/1.1833611,16,16,20420917,5,VFT,0.9,0.9844961240310077,0.04798219301794804,13,5,129,160.0
10.1149/1.1833611,16,16,20420917,5,VFT,0.95,0.9922480620155039,0.0625822775074083,13,5,129,160.0
10.1149/1.1833611,16,17,20420918,3,RF_constrained_rate,0.8,0.9214285714285714,0.02358437362799992,13,5,140,
10.1149/1.1833611,16,17,20420918,3,RF_constrained_rate,0.9,0.9642857142857143,0.036024291355730265,13,5,140,
10.1149/1.1833611,16,17,20420918,3,RF_constrained_rate,0.95,0.9785714285714285,0.05427152795243234,13,5,140,
10.1149/1.1833611,16,17,20420918,4,VFT,0.8,0.9029850746268657,0.014828757304767626,13,5,134,160.0
10.1149/1.1833611,16,17,20420918,4,VFT,0.9,0.9626865671641791,0.024181994838984977,13,5,134,160.0
10.1149/1.1833611,16,17,20420918,4,VFT,0.95,0.9850746268656716,0.03767330979830219,13,5,134,160.0
10.1149/1.1833611,16,17,20420918,5,VFT,0.8,0.813953488372093,0.015214908006528916,13,5,129,160.0
10.1149/1.1833611,16,17,20420918,5,VFT,0.9,0.9224806201550387,0.029079380188149706,13,5,129,160.0
10.1149/1.1833611,16,17,20420918,5,VFT,0.95,0.9534883720930233,0.035490361681855695,13,5,129,160.0
10.1149/1.1833611,16,18,20420919,3,RF_constrained_rate,0.8,0.9714285714285714,0.06581868976105554,13,5,140,
10.1149/1.1833611,16,18,20420919,3,RF_constrained_rate,0.9,0.9857142857142858,0.12115161436026689,13,5,140,
10.1149/1.1833611,16,18,20420919,3,RF_constrained_rate,0.95,0.9928571428571429,0.15465417190740732,13,5,140,
10.1149/1.1833611,16,18,20420919,4,VFT,0.8,0.9626865671641791,0.021438793140023282,13,5,134,160.0
10.1149/1.1833611,16,18,20420919,4,VFT,0.9,0.9701492537313433,0.029258485194295414,13,5,134,160.0
10.1149/1.1833611,16,18,20420919,4,VFT,0.95,1.0,0.12548363916996264,13,5,134,160.0
10.1149/1.1833611,16,18,20420919,5,VFT,0.8,0.9224806201550387,0.027989603997975898,13,5,129,160.0
10.1149/1.1833611,16,18,20420919,5,VFT,0.9,0.9534883720930233,0.035490361681855695,13,5,129,160.0
10.1149/1.1833611,16,18,20420919,5,VFT,0.95,0.9844961240310077,0.04798219301794804,13,5,129,160.0
10.1149/1.1833611,16,19,20420920,3,RF_constrained_rate,0.8,0.8571428571428571,0.01954862869834706,13,5,140,
10.1149/1.1833611,16,19,20420920,3,RF_constrained_rate,0.9,0.9642857142857143,0.02852889461517716,13,5,140,
10.1149/1.1833611,16,19,20420920,3,RF_constrained_rate,0.95,0.9857142857142858,0.03512164153558117,13,5,140,
10.1149/1.1833611,16,19,20420920,4,VFT,0.8,0.8731343283582089,0.013849840647325529,13,5,134,160.0
10.1149/1.1833611,16,19,20420920,4,VFT,0.9,0.9626865671641791,0.022286176104157285,13,5,134,160.0
10.1149/1.1833611,16,19,20420920,4,VFT,0.95,0.9850746268656716,0.037010623143703736,13,5,134,160.0
10.1149/1.1833611,16,19,20420920,5,VFT,0.8,0.8294573643410853,0.016234532416806502,13,5,129,160.0
10.1149/1.1833611,16,19,20420920,5,VFT,0.9,0.937984496124031,0.03066075653620337,13,5,129,160.0
10.1149/1.1833611,16,19,20420920,5,VFT,0.95,0.9689922480620154,0.046388142144178746,13,5,129,160.0
10.1149/1.1914757,17,0,20430901,3,RF_constrained_rate,0.8,0.8846153846153846,0.014393103173715005,13,5,26,
10.1149/1.1914757,17,0,20430901,3,RF_constrained_rate,0.9,0.9615384615384616,0.021357306571877288,13,5,26,
10.1149/1.1914757,17,0,20430901,3,RF_constrained_rate,0.95,0.9615384615384616,0.027590094022227785,13,5,26,
10.1149/1.1914757,17,0,20430901,4,VFT,0.8,0.9545454545454546,0.01122121130120357,13,5,22,160.0
10.1149/1.1914757,17,0,20430901,4,VFT,0.9,0.9545454545454546,0.017230148844155746,13,5,22,160.0
10.1149/1.1914757,17,0,20430901,4,VFT,0.95,1.0,0.024269630490778127,13,5,22,160.0
10.1149/1.1914757,17,0,20430901,5,VFT,0.8,0.9047619047619048,0.016442245619342488,13,5,21,160.0
10.1149/1.1914757,17,0,20430901,5,VFT,0.9,1.0,0.02861396007374184,13,5,21,160.0
10.1149/1.1914757,17,0,20430901,5,VFT,0.95,1.0,0.03965528652209471,13,5,21,160.0
10.1149/1.1914757,17,1,20430902,3,RF_constrained_rate,0.8,1.0,0.053304662998107766,13,5,26,
10.1149/1.1914757,17,1,20430902,3,RF_constrained_rate,0.9,1.0,0.0701001932898726,13,5,26,
10.1149/1.1914757,17,1,20430902,3,RF_constrained_rate,0.95,1.0,0.0880352005228141,13,5,26,
10.1149/1.1914757,17,1,20430902,4,VFT,0.8,1.0,0.025175163415161572,13,5,22,160.0
10.1149/1.1914757,17,1,20430902,4,VFT,0.9,1.0,0.04877040765791185,13,5,22,160.0
10.1149/1.1914757,17,1,20430902,4,VFT,0.95,1.0,0.12548363916996264,13,5,22,160.0
10.1149/1.1914757,17,1,20430902,5,VFT,0.8,0.9047619047619048,0.017687978135128457,13,5,21,160.0
10.1149/1.1914757,17,1,20430902,5,VFT,0.9,1.0,0.04798219301794804,13,5,21,160.0
10.1149/1.1914757,17,1,20430902,5,VFT,0.95,1.0,0.08219109819518255,13,5,21,160.0
10.1149/1.1914757,17,2,20430903,3,RF_constrained_rate,0.8,0.9615384615384616,0.03479465777789015,13,5,26,
10.1149/1.1914757,17,2,20430903,3,RF_constrained_rate,0.9,1.0,0.06782201017281464,13,5,26,
10.1149/1.1914757,17,2,20430903,3,RF_constrained_rate,0.95,1.0,0.10465122624450673,13,5,26,
10.1149/1.1914757,17,2,20430903,4,VFT,0.8,0.9545454545454546,0.01570044153156247,13,5,22,160.0
10.1149/1.1914757,17,2,20430903,4,VFT,0.9,1.0,0.03191219746019858,13,5,22,160.0
10.1149/1.1914757,17,2,20430903,4,VFT,0.95,1.0,0.05753471262765952,13,5,22,160.0
10.1149/1.1914757,17,2,20430903,5,VFT,0.8,0.7619047619047619,0.011772733827595028,13,5,21,160.0
10.1149/1.1914757,17,2,20430903,5,VFT,0.9,0.9523809523809523,0.022169293366081977,13,5,21,160.0
10.1149/1.1914757,17,2,20430903,5,VFT,0.95,1.0,0.0463465458664134,13,5,21,160.0
10.1149/1.1914757,17,3,20430904,3,RF_constrained_rate,0.8,1.0,0.02763041577045544,13,5,26,
10.1149/1.1914757,17,3,20430904,3,RF_constrained_rate,0.9,1.0,0.035689581407767346,13,5,26,
10.1149/1.1914757,17,3,20430904,3,RF_constrained_rate,0.95,1.0,0.10787023213569913,13,5,26,
10.1149/1.1914757,17,3,20430904,4,VFT,0.8,0.8636363636363636,0.009886633974446113,13,5,22,160.0
10.1149/1.1914757,17,3,20430904,4,VFT,0.9,1.0,0.019932060822314135,13,5,22,160.0
10.1149/1.1914757,17,3,20430904,4,VFT,0.95,1.0,0.03191219746019858,13,5,22,160.0
10.1149/1.1914757,17,3,20430904,5,VFT,0.8,0.7619047619047619,0.01120411237797203,13,5,21,160.0
10.1149/1.1914757,17,3,20430904,5,VFT,0.9,0.8095238095238095,0.014029444600456076,13,5,21,160.0
10.1149/1.1914757,17,3,20430904,5,VFT,0.95,1.0,0.029079380188149706,13,5,21,160.0
10.1149/1.1914757,17,4,20430905,3,RF_constrained_rate,0.8,0.8846153846153846,0.012561908192544102,13,5,26,
10.1149/1.1914757,17,4,20430905,3,RF_constrained_rate,0.9,0.9230769230769231,0.024747483847058938,13,5,26,
10.1149/1.1914757,17,4,20430905,3,RF_constrained_rate,0.95,1.0,0.058129572438706756,13,5,26,
10.1149/1.1914757,17,4,20430905,4,VFT,0.8,0.9090909090909091,0.01051385226780277,13,5,22,160.0
10.1149/1.1914757,17,4,20430905,4,VFT,0.9,0.9545454545454546,0.017230148844155746,13,5,22,160.0
10.1149/1.1914757,17,4,20430905,4,VFT,0.95,1.0,0.024181994838984977,13,5,22,160.0
10.1149/1.1914757,17,4,20430905,5,VFT,0.8,0.8095238095238095,0.013932510181565494,13,5,21,160.0
10.1149/1.1914757,17,4,20430905,5,VFT,0.9,1.0,0.027678767911314628,13,5,21,160.0
10.1149/1.1914757,17,4,20430905,5,VFT,0.95,1.0,0.03706070328747835,13,5,21,160.0
10.1149/1.1914757,17,5,20430906,3,RF_constrained_rate,0.8,1.0,0.05001103854444504,13,5,26,
10.1149/1.1914757,17,5,20430906,3,RF_constrained_rate,0.9,1.0,0.06629735513402935,13,5,26,
10.1149/1.1914757,17,5,20430906,3,RF_constrained_rate,0.95,1.0,0.08205979208040004,13,5,26,
10.1149/1.1914757,17,5,20430906,4,VFT,0.8,1.0,0.028417604401717256,13,5,22,160.0
10.1149/1.1914757,17,5,20430906,4,VFT,0.9,1.0,0.04877040765791185,13,5,22,160.0
10.1149/1.1914757,17,5,20430906,4,VFT,0.95,1.0,0.10470196762770057,13,5,22,160.0
10.1149/1.1914757,17,5,20430906,5,VFT,0.8,1.0,0.030917611670433276,13,5,21,160.0
10.1149/1.1914757,17,5,20430906,5,VFT,0.9,1.0,0.0463465458664134,13,5,21,160.0
10.1149/1.1914757,17,5,20430906,5,VFT,0.95,1.0,0.08219109819518255,13,5,21,160.0
10.1149/1.1914757,17,6,20430907,3,RF_constrained_rate,0.8,1.0,0.05116263593625847,13,5,26,
10.1149/1.1914757,17,6,20430907,3,RF_constrained_rate,0.9,1.0,0.13612731754860752,13,5,26,
10.1149/1.1914757,17,6,20430907,3,RF_constrained_rate,0.95,1.0,0.24086430707538176,13,5,26,
10.1149/1.1914757,17,6,20430907,4,VFT,0.8,0.9545454545454546,0.016283812834659184,13,5,22,160.0
10.1149/1.1914757,17,6,20430907,4,VFT,0.9,1.0,0.04877040765791185,13,5,22,160.0
10.1149/1.1914757,17,6,20430907,4,VFT,0.95,1.0,0.06006842302125193,13,5,22,160.0
10.1149/1.1914757,17,6,20430907,5,VFT,0.8,1.0,0.05457827347848965,13,5,21,160.0
10.1149/1.1914757,17,6,20430907,5,VFT,0.9,1.0,0.09561210192813985,13,5,21,160.0
10.1149/1.1914757,17,6,20430907,5,VFT,0.95,1.0,0.09561210192813985,13,5,21,160.0
10.1149/1.1914757,17,7,20430908,3,RF_constrained_rate,0.8,0.9615384615384616,0.02626978699094673,13,5,26,
10.1149/1.1914757,17,7,20430908,3,RF_constrained_rate,0.9,1.0,0.043250775096055794,13,5,26,
10.1149/1.1914757,17,7,20430908,3,RF_constrained_rate,0.95,1.0,0.09780057760352845,13,5,26,
10.1149/1.1914757,17,7,20430908,4,VFT,0.8,1.0,0.019965666141588456,13,5,22,160.0
10.1149/1.1914757,17,7,20430908,4,VFT,0.9,1.0,0.03554008238197093,13,5,22,160.0
10.1149/1.1914757,17,7,20430908,4,VFT,0.95,1.0,0.06006842302125193,13,5,22,160.0
10.1149/1.1914757,17,7,20430908,5,VFT,0.8,1.0,0.030652404039329895,13,5,21,160.0
10.1149/1.1914757,17,7,20430908,5,VFT,0.9,1.0,0.05177770795355263,13,5,21,160.0
10.1149/1.1914757,17,7,20430908,5,VFT,0.95,1.0,0.09709901565315393,13,5,21,160.0
10.1149/1.1914757,17,8,20430909,3,RF_constrained_rate,0.8,1.0,0.04720206638806257,13,5,26,
10.1149/1.1914757,17,8,20430909,3,RF_constrained_rate,0.9,1.0,0.0719511000759201,13,5,26,
10.1149/1.1914757,17,8,20430909,3,RF_constrained_rate,0.95,1.0,0.16869441706124455,13,5,26,
10.1149/1.1914757,17,8,20430909,4,VFT,0.8,1.0,0.031910122702544674,13,5,22,160.0
10.1149/1.1914757,17,8,20430909,4,VFT,0.9,1.0,0.04582374607939976,13,5,22,160.0
10.1149/1.1914757,17,8,20430909,4,VFT,0.95,1.0,0.11306692058765133,13,5,22,160.0
10.1149/1.1914757,17,8,20430909,5,VFT,0.8,1.0,0.042798514750826744,13,5,21,160.0
10.1149/1.1914757,17,8,20430909,5,VFT,0.9,1.0,0.09596449319696343,13,5,21,160.0
10.1149/1.1914757,17,8,20430909,5,VFT,0.95,1.0,0.15846235643396067,13,5,21,160.0
10.1149/1.1914757,17,9,20430910,3,RF_constrained_rate,0.8,0.8846153846153846,0.012575697353396809,13,5,26,
10.1149/1.1914757,17,9,20430910,3,RF_constrained_rate,0.9,0.9230769230769231,0.01672633104786936,13,5,26,
10.1149/1.1914757,17,9,20430910,3,RF_constrained_rate,0.95,0.9230769230769231,0.020730940342899462,13,5,26,
10.1149/1.1914757,17,9,20430910,4,VFT,0.8,0.9090909090909091,0.01051385226780277,13,5,22,160.0
10.1149/1.1914757,17,9,20430910,4,VFT,0.9,0.9545454545454546,0.017230148844155746,13,5,22,160.0
10.1149/1.1914757,17,9,20430910,4,VFT,0.95,1.0,0.026521698703257046,13,5,22,160.0
10.1149/1.1914757,17,9,20430910,5,VFT,0.8,0.7619047619047619,0.013429178925343122,13,5,21,160.0
10.1149/1.1914757,17,9,20430910,5,VFT,0.9,1.0,0.027678767911314628,13,5,21,160.0
10.1149/1.1914757,17,9,20430910,5,VFT,0.95,1.0,0.03965528652209471,13,5,21,160.0
10.1149/1.1914757,17,10,20430911,3,RF_constrained_rate,0.8,0.8846153846153846,0.011549502194178496,13,5,26,
10.1149/1.1914757,17,10,20430911,3,RF_constrained_rate,0.9,0.9615384615384616,0.021275096287360462,13,5,26,
10.1149/1.1914757,17,10,20430911,3,RF_constrained_rate,0.95,1.0,0.060210640386490155,13,5,26,
10.1149/1.1914757,17,10,20430911,4,VFT,0.8,0.9545454545454546,0.014494169192178052,13,5,22,160.0
10.1149/1.1914757,17,10,20430911,4,VFT,0.9,1.0,0.022286176104157285,13,5,22,160.0
10.1149/1.1914757,17,10,20430911,4,VFT,0.95,1.0,0.037010623143703736,13,5,22,160.0
10.1149/1.1914757,17,10,20430911,5,VFT,0.8,0.9523809523809523,0.022441682082510184,13,5,21,160.0
10.1149/1.1914757,17,10,20430911,5,VFT,0.9,1.0,0.03155980118740631,13,5,21,160.0
10.1149/1.1914757,17,10,20430911,5,VFT,0.95,1.0,0.046388142144178746,13,5,21,160.0
10.1149/1.1914757,17,11,20430912,3,RF_constrained_rate,0.8,0.9230769230769231,0.01227114347152014,13,5,26,
10.1149/1.1914757,17,11,20430912,3,RF_constrained_rate,0.9,0.9615384615384616,0.02405462691373872,13,5,26,
10.1149/1.1914757,17,11,20430912,3,RF_constrained_rate,0.95,1.0,0.043119830390535754,13,5,26,
10.1149/1.1914757,17,11,20430912,4,VFT,0.8,0.9545454545454546,0.01628006810471261,13,5,22,160.0
10.1149/1.1914757,17,11,20430912,4,VFT,0.9,1.0,0.024181994838984977,13,5,22,160.0
10.1149/1.1914757,17,11,20430912,4,VFT,0.95,1.0,0.037010623143703736,13,5,22,160.0
10.1149/1.1914757,17,11,20430912,5,VFT,0.8,0.9523809523809523,0.022441682082510184,13,5,21,160.0
10.1149/1.1914757,17,11,20430912,5,VFT,0.9,1.0,0.033670672924512424,13,5,21,160.0
10.1149/1.1914757,17,11,20430912,5,VFT,0.95,1.0,0.046388142144178746,13,5,21,160.0
10.1149/1.1914757,17,12,20430913,3,RF_constrained_rate,0.8,1.0,0.035614249663406206,13,5,26,
10.1149/1.1914757,17,12,20430913,3,RF_constrained_rate,0.9,1.0,0.05189317285977957,13,5,26,
10.1149/1.1914757,17,12,20430913,3,RF_constrained_rate,0.95,1.0,0.09246935041594373,13,5,26,
10.1149/1.1914757,17,12,20430913,4,VFT,0.8,1.0,0.026030010886484156,13,5,22,160.0
10.1149/1.1914757,17,12,20430913,4,VFT,0.9,1.0,0.038812764928012555,13,5,22,160.0
10.1149/1.1914757,17,12,20430913,4,VFT,0.95,1.0,0.06138933596941154,13,5,22,160.0
10.1149/1.1914757,17,12,20430913,5,VFT,0.8,1.0,0.03480339576849234,13,5,21,160.0
10.1149/1.1914757,17,12,20430913,5,VFT,0.9,1.0,0.05459433112752898,13,5,21,160.0
10.1149/1.1914757,17,12,20430913,5,VFT,0.95,1.0,0.10399238743327266,13,5,21,160.0
10.1149/1.1914757,17,13,20430914,3,RF_constrained_rate,0.8,0.9615384615384616,0.03278587755425666,13,5,26,
10.1149/1.1914757,17,13,20430914,3,RF_constrained_rate,0.9,1.0,0.05578296602510635,13,5,26,
10.1149/1.1914757,17,13,20430914,3,RF_constrained_rate,0.95,1.0,0.10654459795832771,13,5,26,
10.1149/1.1914757,17,13,20430914,4,VFT,0.8,0.9545454545454546,0.015914353485040333,13,5,22,160.0
10.1149/1.1914757,17,13,20430914,4,VFT,0.9,1.0,0.031493847794873187,13,5,22,160.0
10.1149/1.1914757,17,13,20430914,4,VFT,0.95,1.0,0.05753471262765952,13,5,22,160.0
10.1149/1.1914757,17,13,20430914,5,VFT,0.8,0.7619047619047619,0.012403931516196565,13,5,21,160.0
10.1149/1.1914757,17,13,20430914,5,VFT,0.9,1.0,0.027989603997975898,13,5,21,160.0
10.1149/1.1914757,17,13,20430914,5,VFT,0.95,1.0,0.04549111290473151,13,5,21,160.0
10.1149/1.1914757,17,14,20430915,3,RF_constrained_rate,0.8,0.8846153846153846,0.011261399912415926,13,5,26,
10.1149/1.1914757,17,14,20430915,3,RF_constrained_rate,0.9,0.9230769230769231,0.020589418019793526,13,5,26,
10.1149/1.1914757,17,14,20430915,3,RF_constrained_rate,0.95,1.0,0.03918808578439936,13,5,26,
10.1149/1.1914757,17,14,20430915,4,VFT,0.8,0.9090909090909091,0.010081258976288865,13,5,22,160.0
10.1149/1.1914757,17,14,20430915,4,VFT,0.9,0.9545454545454546,0.01570044153156247,13,5,22,160.0
10.1149/1.1914757,17,14,20430915,4,VFT,0.95,1.0,0.03053396749180659,13,5,22,160.0
10.1149/1.1914757,17,14,20430915,5,VFT,0.8,0.8095238095238095,0.015021094668162593,13,5,21,160.0
10.1149/1.1914757,17,14,20430915,5,VFT,0.9,0.9523809523809523,0.023292993105568982,13,5,21,160.0
10.1149/1.1914757,17,14,20430915,5,VFT,0.95,1.0,0.041691495135310896,13,5,21,160.0
10.1149/1.1914757,17,15,20430916,3,RF_constrained_rate,0.8,0.8846153846153846,0.015782835101715298,13,5,26,
10.1149/1.1914757,17,15,20430916,3,RF_constrained_rate,0.9,0.9230769230769231,0.022937997789955755,13,5,26,
10.1149/1.1914757,17,15,20430916,3,RF_constrained_rate,0.95,0.9615384615384616,0.02849126693655557,13,5,26,
10.1149/1.1914757,17,15,20430916,4,VFT,0.8,0.8636363636363636,0.010000704151909234,13,5,22,160.0
10.1149/1.1914757,17,15,20430916,4,VFT,0.9,0.9545454545454546,0.016256941115079027,13,5,22,160.0
10.1149/1.1914757,17,15,20430916,4,VFT,0.95,1.0,0.024181994838984977,13,5,22,160.0
10.1149/1.1914757,17,15,20430916,5,VFT,0.8,0.8095238095238095,0.014029444600456076,13,5,21,160.0
10.1149/1.1914757,17,15,20430916,5,VFT,0.9,1.0,0.026040904954132582,13,5,21,160.0
10.1149/1.1914757,17,15,20430916,5,VFT,0.95,1.0,0.03778746858675941,13,5,21,160.0
10.1149/1.1914757,17,16,20430917,3,RF_constrained_rate,0.8,1.0,0.0706337345428596,13,5,26,
10.1149/1.1914757,17,16,20430917,3,RF_constrained_rate,0.9,1.0,0.12474419252190971,13,5,26,
10.1149/1.1914757,17,16,20430917,3,RF_constrained_rate,0.95,1.0,0.21321244782421145,13,5,26,
10.1149/1.1914757,17,16,20430917,4,VFT,0.8,1.0,0.02147137668353105,13,5,22,160.0
10.1149/1.1914757,17,16,20430917,4,VFT,0.9,1.0,0.03767330979830219,13,5,22,160.0
10.1149/1.1914757,17,16,20430917,4,VFT,0.95,1.0,0.05753471262765952,13,5,22,160.0
10.1149/1.1914757,17,16,20430917,5,VFT,0.8,0.9523809523809523,0.021707349453042202,13,5,21,160.0
10.1149/1.1914757,17,16,20430917,5,VFT,0.9,1.0,0.04549111290473151,13,5,21,160.0
10.1149/1.1914757,17,16,20430917,5,VFT,0.95,1.0,0.0463465458664134,13,5,21,160.0
10.1149/1.1914757,17,17,20430918,3,RF_constrained_rate,0.8,0.9615384615384616,0.03154604704079045,13,5,26,
10.1149/1.1914757,17,17,20430918,3,RF_constrained_rate,0.9,1.0,0.06458655458884349,13,5,26,
10.1149/1.1914757,17,17,20430918,3,RF_constrained_rate,0.95,1.0,0.12899849352410153,13,5,26,
10.1149/1.1914757,17,17,20430918,4,VFT,0.8,0.9090909090909091,0.017366655663037966,13,5,22,170.0
10.1149/1.1914757,17,17,20430918,4,VFT,0.9,0.9090909090909091,0.027940618260741346,13,5,22,170.0
10.1149/1.1914757,17,17,20430918,4,VFT,0.95,1.0,0.05021017368204839,13,5,22,170.0
10.1149/1.1914757,17,17,20430918,5,VFT,0.8,0.8571428571428571,0.019355415998313585,13,5,21,170.0
10.1149/1.1914757,17,17,20430918,5,VFT,0.9,0.9047619047619048,0.028787679374313924,13,5,21,170.0
10.1149/1.1914757,17,17,20430918,5,VFT,0.95,0.9047619047619048,0.04174592935355714,13,5,21,170.0
10.1149/1.1914757,17,18,20430919,3,RF_constrained_rate,0.8,1.0,0.060796158275223666,13,5,26,
10.1149/1.1914757,17,18,20430919,3,RF_constrained_rate,0.9,1.0,0.11453892413903644,13,5,26,
10.1149/1.1914757,17,18,20430919,3,RF_constrained_rate,0.95,1.0,0.16938286940244396,13,5,26,
10.1149/1.1914757,17,18,20430919,4,VFT,0.8,1.0,0.03175732477140514,13,5,22,160.0
10.1149/1.1914757,17,18,20430919,4,VFT,0.9,1.0,0.04452424738576566,13,5,22,160.0
10.1149/1.1914757,17,18,20430919,4,VFT,0.95,1.0,0.10458124759694794,13,5,22,160.0
10.1149/1.1914757,17,18,20430919,5,VFT,0.8,1.0,0.042798514750826744,13,5,21,160.0
10.1149/1.1914757,17,18,20430919,5,VFT,0.9,1.0,0.08385242579793184,13,5,21,160.0
10.1149/1.1914757,17,18,20430919,5,VFT,0.95,1.0,0.1583218915749165,13,5,21,160.0
10.1149/1.1914757,17,19,20430920,3,RF_constrained_rate,0.8,1.0,0.03456146869841037,13,5,26,
10.1149/1.1914757,17,19,20430920,3,RF_constrained_rate,0.9,1.0,0.06559919712960083,13,5,26,
10.1149/1.1914757,17,19,20430920,3,RF_constrained_rate,0.95,1.0,0.10335020301033215,13,5,26,
10.1149/1.1914757,17,19,20430920,4,VFT,0.8,1.0,0.02147137668353105,13,5,22,160.0
10.1149/1.1914757,17,19,20430920,4,VFT,0.9,1.0,0.029258485194295414,13,5,22,160.0
10.1149/1.1914757,17,19,20430920,4,VFT,0.95,1.0,0.10470196762770057,13,5,22,160.0
10.1149/1.1914757,17,19,20430920,5,VFT,0.8,0.7619047619047619,0.012569740325796941,13,5,21,160.0
10.1149/1.1914757,17,19,20430920,5,VFT,0.9,1.0,0.029079380188149706,13,5,21,160.0
10.1149/1.1914757,17,19,20430920,5,VFT,0.95,1.0,0.03064811286598146,13,5,21,160.0
10.1149/2.0571912jes,18,0,20440901,3,RF_constrained_rate,0.8,0.0,0.015592756451120016,13,5,4,
10.1149/2.0571912jes,18,0,20440901,3,RF_constrained_rate,0.9,0.25,0.026579968045242097,13,5,4,
10.1149/2.0571912jes,18,0,20440901,3,RF_constrained_rate,0.95,0.5,0.0456494367534237,13,5,4,
10.1149/2.0571912jes,18,0,20440901,4,VFT,0.8,0.3333333333333333,0.013503883775672021,13,5,3,160.0
10.1149/2.0571912jes,18,0,20440901,4,VFT,0.9,0.6666666666666666,0.021741554007395747,13,5,3,160.0
10.1149/2.0571912jes,18,0,20440901,4,VFT,0.95,0.6666666666666666,0.028498997405443927,13,5,3,160.0
10.1149/2.0571912jes,18,0,20440901,5,VFT,0.8,0.0,0.020389065416302143,13,5,1,160.0
10.1149/2.0571912jes,18,0,20440901,5,VFT,0.9,0.0,0.030600980004741984,13,5,1,160.0
10.1149/2.0571912jes,18,0,20440901,5,VFT,0.95,0.0,0.03965528652209471,13,5,1,160.0
10.1149/2.0571912jes,18,1,20440902,3,RF_constrained_rate,0.8,0.25,0.0239670639279308,13,5,4,
10.1149/2.0571912jes,18,1,20440902,3,RF_constrained_rate,0.9,0.25,0.05442095310275841,13,5,4,
10.1149/2.0571912jes,18,1,20440902,3,RF_constrained_rate,0.95,0.75,0.09495463238379431,13,5,4,
10.1149/2.0571912jes,18,1,20440902,4,VFT,0.8,0.3333333333333333,0.011676737682442706,13,5,3,160.0
10.1149/2.0571912jes,18,1,20440902,4,VFT,0.9,0.6666666666666666,0.029596777293295684,13,5,3,160.0
10.1149/2.0571912jes,18,1,20440902,4,VFT,0.95,0.6666666666666666,0.0399832074181532,13,5,3,160.0
10.1149/2.0571912jes,18,1,20440902,5,VFT,0.8,0.0,0.011772733827595028,13,5,1,160.0
10.1149/2.0571912jes,18,1,20440902,5,VFT,0.9,0.0,0.016234532416806502,13,5,1,160.0
10.1149/2.0571912jes,18,1,20440902,5,VFT,0.95,0.0,0.04549111290473151,13,5,1,160.0
10.1149/2.0571912jes,18,2,20440903,3,RF_constrained_rate,0.8,0.25,0.03238515938801623,13,5,4,
10.1149/2.0571912jes,18,2,20440903,3,RF_constrained_rate,0.9,0.25,0.057375769837942237,13,5,4,
10.1149/2.0571912jes,18,2,20440903,3,RF_constrained_rate,0.95,0.75,0.10539396602224949,13,5,4,
10.1149/2.0571912jes,18,2,20440903,4,VFT,0.8,0.6666666666666666,0.032432917591198596,13,5,3,160.0
10.1149/2.0571912jes,18,2,20440903,4,VFT,0.9,0.6666666666666666,0.048218726250399246,13,5,3,160.0
10.1149/2.0571912jes,18,2,20440903,4,VFT,0.95,1.0,0.11549155091832874,13,5,3,160.0
10.1149/2.0571912jes,18,2,20440903,5,VFT,0.8,0.0,0.045907209711936625,13,5,1,160.0
10.1149/2.0571912jes,18,2,20440903,5,VFT,0.9,1.0,0.08385242579793184,13,5,1,160.0
10.1149/2.0571912jes,18,2,20440903,5,VFT,0.95,1.0,0.1583218915749165,13,5,1,160.0
10.1149/2.0571912jes,18,3,20440904,3,RF_constrained_rate,0.8,0.25,0.026140904248883157,13,5,4,
10.1149/2.0571912jes,18,3,20440904,3,RF_constrained_rate,0.9,0.25,0.04885454708875714,13,5,4,
10.1149/2.0571912jes,18,3,20440904,3,RF_constrained_rate,0.95,0.5,0.07327243016218193,13,5,4,
10.1149/2.0571912jes,18,3,20440904,4,VFT,0.8,0.6666666666666666,0.014862787074375383,13,5,3,160.0
10.1149/2.0571912jes,18,3,20440904,4,VFT,0.9,0.6666666666666666,0.025175163415161572,13,5,3,160.0
10.1149/2.0571912jes,18,3,20440904,4,VFT,0.95,0.6666666666666666,0.03985633345748263,13,5,3,160.0
10.1149/2.0571912jes,18,3,20440904,5,VFT,0.8,0.0,0.016485231341353712,13,5,1,160.0
10.1149/2.0571912jes,18,3,20440904,5,VFT,0.9,0.0,0.030917611670433276,13,5,1,160.0
10.1149/2.0571912jes,18,3,20440904,5,VFT,0.95,0.0,0.046850227074428874,13,5,1,160.0
10.1149/2.0571912jes,18,4,20440905,3,RF_constrained_rate,0.8,0.25,0.023932515991371694,13,5,4,
10.1149/2.0571912jes,18,4,20440905,3,RF_constrained_rate,0.9,0.25,0.044442066071639696,13,5,4,
10.1149/2.0571912jes,18,4,20440905,3,RF_constrained_rate,0.95,0.25,0.059909955842926355,13,5,4,
10.1149/2.0571912jes,18,4,20440905,4,VFT,0.8,0.6666666666666666,0.018536058761896124,13,5,3,160.0
10.1149/2.0571912jes,18,4,20440905,4,VFT,0.9,0.6666666666666666,0.028417604401717256,13,5,3,160.0
10.1149/2.0571912jes,18,4,20440905,4,VFT,0.95,1.0,0.05077004901954063,13,5,3,160.0
10.1149/2.0571912jes,18,4,20440905,5,VFT,0.8,0.0,0.015762324242106995,13,5,1,160.0
10.1149/2.0571912jes,18,4,20440905,5,VFT,0.9,0.0,0.030917611670433276,13,5,1,160.0
10.1149/2.0571912jes,18,4,20440905,5,VFT,0.95,0.0,0.04798219301794804,13,5,1,160.0
10.1149/2.0571912jes,18,5,20440906,3,RF_constrained_rate,0.8,0.0,0.021030560843636747,13,5,4,
10.1149/2.0571912jes,18,5,20440906,3,RF_constrained_rate,0.9,0.25,0.04251514059134065,13,5,4,
10.1149/2.0571912jes,18,5,20440906,3,RF_constrained_rate,0.95,0.25,0.059393302610782794,13,5,4,
10.1149/2.0571912jes,18,5,20440906,4,VFT,0.8,0.6666666666666666,0.022531279181722486,13,5,3,160.0
10.1149/2.0571912jes,18,5,20440906,4,VFT,0.9,0.6666666666666666,0.037818122994153214,13,5,3,160.0
10.1149/2.0571912jes,18,5,20440906,4,VFT,0.95,1.0,0.06138933596941154,13,5,3,160.0
10.1149/2.0571912jes,18,5,20440906,5,VFT,0.8,0.0,0.030652404039329895,13,5,1,160.0
10.1149/2.0571912jes,18,5,20440906,5,VFT,0.9,0.0,0.04891649154210209,13,5,1,160.0
10.1149/2.0571912jes,18,5,20440906,5,VFT,0.95,1.0,0.09596449319696343,13,5,1,160.0
10.1149/2.0571912jes,18,6,20440907,3,RF_constrained_rate,0.8,0.0,0.02382946976146627,13,5,4,
10.1149/2.0571912jes,18,6,20440907,3,RF_constrained_rate,0.9,0.5,0.04728297353910116,13,5,4,
10.1149/2.0571912jes,18,6,20440907,3,RF_constrained_rate,0.95,0.75,0.08437116506209286,13,5,4,
10.1149/2.0571912jes,18,6,20440907,4,VFT,0.8,0.6666666666666666,0.026030010886484156,13,5,3,160.0
10.1149/2.0571912jes,18,6,20440907,4,VFT,0.9,0.6666666666666666,0.03933378530489384,13,5,3,160.0
10.1149/2.0571912jes,18,6,20440907,4,VFT,0.95,1.0,0.06138933596941154,13,5,3,160.0
10.1149/2.0571912jes,18,6,20440907,5,VFT,0.8,0.0,0.036894813907478174,13,5,1,160.0
10.1149/2.0571912jes,18,6,20440907,5,VFT,0.9,0.0,0.05619275624159048,13,5,1,160.0
10.1149/2.0571912jes,18,6,20440907,5,VFT,0.95,1.0,0.11469361143805612,13,5,1,160.0
10.1149/2.0571912jes,18,7,20440908,3,RF_constrained_rate,0.8,0.25,0.031032947867360328,13,5,4,
10.1149/2.0571912jes,18,7,20440908,3,RF_constrained_rate,0.9,0.5,0.052892513801527874,13,5,4,
10.1149/2.0571912jes,18,7,20440908,3,RF_constrained_rate,0.95,0.75,0.07016523129331187,13,5,4,
10.1149/2.0571912jes,18,7,20440908,4,VFT,0.8,0.6666666666666666,0.021741554007395747,13,5,3,160.0
10.1149/2.0571912jes,18,7,20440908,4,VFT,0.9,0.6666666666666666,0.03835376113667688,13,5,3,160.0
10.1149/2.0571912jes,18,7,20440908,4,VFT,0.95,1.0,0.10458124759694794,13,5,3,160.0
10.1149/2.0571912jes,18,7,20440908,5,VFT,0.8,0.0,0.029079380188149706,13,5,1,160.0
10.1149/2.0571912jes,18,7,20440908,5,VFT,0.9,0.0,0.03706070328747835,13,5,1,160.0
10.1149/2.0571912jes,18,7,20440908,5,VFT,0.95,0.0,0.0625822775074083,13,5,1,160.0
10.1149/2.0571912jes,18,8,20440909,3,RF_constrained_rate,0.8,0.25,0.03908215131485515,13,5,4,
10.1149/2.0571912jes,18,8,20440909,3,RF_constrained_rate,0.9,0.25,0.06205077902373035,13,5,4,
10.1149/2.0571912jes,18,8,20440909,3,RF_constrained_rate,0.95,0.75,0.0976794087617936,13,5,4,
10.1149/2.0571912jes,18,8,20440909,4,VFT,0.8,0.6666666666666666,0.025175163415161572,13,5,3,160.0
10.1149/2.0571912jes,18,8,20440909,4,VFT,0.9,1.0,0.05077004901954063,13,5,3,160.0
10.1149/2.0571912jes,18,8,20440909,4,VFT,0.95,1.0,0.12548363916996264,13,5,3,160.0
10.1149/2.0571912jes,18,8,20440909,5,VFT,0.8,0.0,0.026367007083306415,13,5,1,160.0
10.1149/2.0571912jes,18,8,20440909,5,VFT,0.9,0.0,0.04798219301794804,13,5,1,160.0
10.1149/2.0571912jes,18,8,20440909,5,VFT,0.95,1.0,0.09561210192813985,13,5,1,160.0
10.1149/2.0571912jes,18,9,20440910,3,RF_constrained_rate,0.8,0.25,0.023290961326427162,13,5,4,
10.1149/2.0571912jes,18,9,20440910,3,RF_constrained_rate,0.9,0.25,0.03137583937275501,13,5,4,
10.1149/2.0571912jes,18,9,20440910,3,RF_constrained_rate,0.95,0.75,0.1678402877677161,13,5,4,
10.1149/2.0571912jes,18,9,20440910,4,VFT,0.8,0.3333333333333333,0.012220241396135645,13,5,3,160.0
10.1149/2.0571912jes,18,9,20440910,4,VFT,0.9,0.6666666666666666,0.024003356250963837,13,5,3,160.0
10.1149/2.0571912jes,18,9,20440910,4,VFT,0.95,0.6666666666666666,0.04347374768689094,13,5,3,160.0
10.1149/2.0571912jes,18,9,20440910,5,VFT,0.8,0.0,0.013153183864566653,13,5,1,160.0
10.1149/2.0571912jes,18,9,20440910,5,VFT,0.9,0.0,0.01812318141920244,13,5,1,160.0
10.1149/2.0571912jes,18,9,20440910,5,VFT,0.95,0.0,0.04816415878183067,13,5,1,160.0
10.1149/2.0571912jes,18,10,20440911,3,RF_constrained_rate,0.8,0.0,0.011171213281922165,13,5,4,
10.1149/2.0571912jes,18,10,20440911,3,RF_constrained_rate,0.9,0.0,0.017861874176182457,13,5,4,
10.1149/2.0571912jes,18,10,20440911,3,RF_constrained_rate,0.95,0.25,0.05178702811128333,13,5,4,
10.1149/2.0571912jes,18,10,20440911,4,VFT,0.8,0.3333333333333333,0.011133347802781968,13,5,3,160.0
10.1149/2.0571912jes,18,10,20440911,4,VFT,0.9,0.6666666666666666,0.018984148113538657,13,5,3,160.0
10.1149/2.0571912jes,18,10,20440911,4,VFT,0.95,0.6666666666666666,0.03191219746019858,13,5,3,160.0
10.1149/2.0571912jes,18,10,20440911,5,VFT,0.8,0.0,0.013932510181565494,13,5,1,160.0
10.1149/2.0571912jes,18,10,20440911,5,VFT,0.9,0.0,0.026956438200738564,13,5,1,160.0
10.1149/2.0571912jes,18,10,20440911,5,VFT,0.95,0.0,0.033895371628013704,13,5,1,160.0
10.1149/2.0571912jes,18,11,20440912,3,RF_constrained_rate,0.8,0.25,0.025151041978544786,13,5,4,
10.1149/2.0571912jes,18,11,20440912,3,RF_constrained_rate,0.9,0.25,0.035403842958136256,13,5,4,
10.1149/2.0571912jes,18,11,20440912,3,RF_constrained_rate,0.95,0.75,0.14996997158652636,13,5,4,
10.1149/2.0571912jes,18,11,20440912,4,VFT,0.8,0.6666666666666666,0.016015818285049166,13,5,3,160.0
10.1149/2.0571912jes,18,11,20440912,4,VFT,0.9,0.6666666666666666,0.03637732603634014,13,5,3,160.0
10.1149/2.0571912jes,18,11,20440912,4,VFT,0.95,1.0,0.06006842302125193,13,5,3,160.0
10.1149/2.0571912jes,18,11,20440912,5,VFT,0.8,0.0,0.01812318141920244,13,5,1,160.0
10.1149/2.0571912jes,18,11,20440912,5,VFT,0.9,0.0,0.03706070328747835,13,5,1,160.0
10.1149/2.0571912jes,18,11,20440912,5,VFT,0.95,1.0,0.09561210192813985,13,5,1,160.0
10.1149/2.0571912jes,18,12,20440913,3,RF_constrained_rate,0.8,0.0,0.012054156285283613,13,5,4,
10.1149/2.0571912jes,18,12,20440913,3,RF_constrained_rate,0.9,0.25,0.025522425769447743,13,5,4,
10.1149/2.0571912jes,18,12,20440913,3,RF_constrained_rate,0.95,0.25,0.034027393680695406,13,5,4,
10.1149/2.0571912jes,18,12,20440913,4,VFT,0.8,0.3333333333333333,0.012283530655167407,13,5,3,160.0
10.1149/2.0571912jes,18,12,20440913,4,VFT,0.9,0.6666666666666666,0.01835687662702412,13,5,3,160.0
10.1149/2.0571912jes,18,12,20440913,4,VFT,0.95,0.6666666666666666,0.024181994838984977,13,5,3,160.0
10.1149/2.0571912jes,18,12,20440913,5,VFT,0.8,0.0,0.020389065416302143,13,5,1,160.0
10.1149/2.0571912jes,18,12,20440913,5,VFT,0.9,0.0,0.03155980118740631,13,5,1,160.0
10.1149/2.0571912jes,18,12,20440913,5,VFT,0.95,0.0,0.03968219977077858,13,5,1,160.0
10.1149/2.0571912jes,18,13,20440914,3,RF_constrained_rate,0.8,0.25,0.02613855128217457,13,5,4,
10.1149/2.0571912jes,18,13,20440914,3,RF_constrained_rate,0.9,0.25,0.04960220368833494,13,5,4,
10.1149/2.0571912jes,18,13,20440914,3,RF_constrained_rate,0.95,0.5,0.0682760384647414,13,5,4,
10.1149/2.0571912jes,18,13,20440914,4,VFT,0.8,0.6666666666666666,0.02667892904308311,13,5,3,160.0
10.1149/2.0571912jes,18,13,20440914,4,VFT,0.9,0.6666666666666666,0.04347374768689094,13,5,3,160.0
10.1149/2.0571912jes,18,13,20440914,4,VFT,0.95,1.0,0.12548363916996264,13,5,3,160.0
10.1149/2.0571912jes,18,13,20440914,5,VFT,0.8,0.0,0.030917611670433276,13,5,1,160.0
10.1149/2.0571912jes,18,13,20440914,5,VFT,0.9,0.0,0.04816415878183067,13,5,1,160.0
10.1149/2.0571912jes,18,13,20440914,5,VFT,0.95,0.0,0.0625822775074083,13,5,1,160.0
10.1149/2.0571912jes,18,14,20440915,3,RF_constrained_rate,0.8,0.25,0.029352968437532656,13,5,4,
10.1149/2.0571912jes,18,14,20440915,3,RF_constrained_rate,0.9,0.5,0.05010237308185417,13,5,4,
10.1149/2.0571912jes,18,14,20440915,3,RF_constrained_rate,0.95,0.75,0.07703526863461518,13,5,4,
10.1149/2.0571912jes,18,14,20440915,4,VFT,0.8,0.6666666666666666,0.030681619864770804,13,5,3,160.0
10.1149/2.0571912jes,18,14,20440915,4,VFT,0.9,0.6666666666666666,0.04582374607939976,13,5,3,160.0
10.1149/2.0571912jes,18,14,20440915,4,VFT,0.95,1.0,0.11138652237799485,13,5,3,160.0
10.1149/2.0571912jes,18,14,20440915,5,VFT,0.8,0.0,0.03914425879006789,13,5,1,160.0
10.1149/2.0571912jes,18,14,20440915,5,VFT,0.9,1.0,0.08304005757787158,13,5,1,160.0
10.1149/2.0571912jes,18,14,20440915,5,VFT,0.95,1.0,0.1583218915749165,13,5,1,160.0
10.1149/2.0571912jes,18,15,20440916,3,RF_constrained_rate,0.8,0.0,0.016600187011433676,13,5,4,
10.1149/2.0571912jes,18,15,20440916,3,RF_constrained_rate,0.9,0.25,0.031621518181677466,13,5,4,
10.1149/2.0571912jes,18,15,20440916,3,RF_constrained_rate,0.95,0.5,0.05185837009768646,13,5,4,
10.1149/2.0571912jes,18,15,20440916,4,VFT,0.8,0.3333333333333333,0.011133347802781968,13,5,3,160.0
10.1149/2.0571912jes,18,15,20440916,4,VFT,0.9,0.6666666666666666,0.017765682354388357,13,5,3,160.0
10.1149/2.0571912jes,18,15,20440916,4,VFT,0.95,0.6666666666666666,0.03052269747205072,13,5,3,160.0
10.1149/2.0571912jes,18,15,20440916,5,VFT,0.8,0.0,0.012445488914688996,13,5,1,160.0
10.1149/2.0571912jes,18,15,20440916,5,VFT,0.9,0.0,0.02001640450486275,13,5,1,160.0
10.1149/2.0571912jes,18,15,20440916,5,VFT,0.95,0.0,0.03487732651105224,13,5,1,160.0
10.1149/2.0571912jes,18,16,20440917,3,RF_constrained_rate,0.8,0.25,0.02350087152414404,13,5,4,
10.1149/2.0571912jes,18,16,20440917,3,RF_constrained_rate,0.9,0.25,0.045442891739341296,13,5,4,
10.1149/2.0571912jes,18,16,20440917,3,RF_constrained_rate,0.95,0.25,0.05746965991597075,13,5,4,
10.1149/2.0571912jes,18,16,20440917,4,VFT,0.8,0.6666666666666666,0.014828757304767626,13,5,3,160.0
10.1149/2.0571912jes,18,16,20440917,4,VFT,0.9,0.6666666666666666,0.025175163415161572,13,5,3,160.0
10.1149/2.0571912jes,18,16,20440917,4,VFT,0.95,0.6666666666666666,0.037010623143703736,13,5,3,160.0
10.1149/2.0571912jes,18,16,20440917,5,VFT,0.8,0.0,0.014373292445518215,13,5,1,160.0
10.1149/2.0571912jes,18,16,20440917,5,VFT,0.9,0.0,0.030600980004741984,13,5,1,160.0
10.1149/2.0571912jes,18,16,20440917,5,VFT,0.95,0.0,0.03968219977077858,13,5,1,160.0
10.1149/2.0571912jes,18,17,20440918,3,RF_constrained_rate,0.8,0.0,0.026161925258159524,13,5,4,
10.1149/2.0571912jes,18,17,20440918,3,RF_constrained_rate,0.9,0.25,0.03533664133419845,13,5,4,
10.1149/2.0571912jes,18,17,20440918,3,RF_constrained_rate,0.95,0.5,0.04789797039321253,13,5,4,
10.1149/2.0571912jes,18,17,20440918,4,VFT,0.8,0.6666666666666666,0.01853611606701344,13,5,3,160.0
10.1149/2.0571912jes,18,17,20440918,4,VFT,0.9,0.6666666666666666,0.03053396749180659,13,5,3,160.0
10.1149/2.0571912jes,18,17,20440918,4,VFT,0.95,0.6666666666666666,0.04735315962156905,13,5,3,160.0
10.1149/2.0571912jes,18,17,20440918,5,VFT,0.8,0.0,0.027581243806950706,13,5,1,160.0
10.1149/2.0571912jes,18,17,20440918,5,VFT,0.9,0.0,0.042378310815379905,13,5,1,160.0
10.1149/2.0571912jes,18,17,20440918,5,VFT,0.95,0.0,0.06256013068903465,13,5,1,160.0
10.1149/2.0571912jes,18,18,20440919,3,RF_constrained_rate,0.8,0.25,0.021023303600842036,13,5,4,
10.1149/2.0571912jes,18,18,20440919,3,RF_constrained_rate,0.9,0.25,0.03884846943532816,13,5,4,
10.1149/2.0571912jes,18,18,20440919,3,RF_constrained_rate,0.95,0.75,0.0785059377495756,13,5,4,
10.1149/2.0571912jes,18,18,20440919,4,VFT,0.8,0.3333333333333333,0.013849840647325529,13,5,3,160.0
10.1149/2.0571912jes,18,18,20440919,4,VFT,0.9,0.6666666666666666,0.029258485194295414,13,5,3,160.0
10.1149/2.0571912jes,18,18,20440919,4,VFT,0.95,0.6666666666666666,0.04347374768689094,13,5,3,160.0
10.1149/2.0571912jes,18,18,20440919,5,VFT,0.8,0.0,0.013563884618165933,13,5,1,160.0
10.1149/2.0571912jes,18,18,20440919,5,VFT,0.9,0.0,0.023691607950914406,13,5,1,160.0
10.1149/2.0571912jes,18,18,20440919,5,VFT,0.95,0.0,0.033473344008164485,13,5,1,160.0
10.1149/2.0571912jes,18,19,20440920,3,RF_constrained_rate,0.8,0.0,0.011951644646374104,13,5,4,
10.1149/2.0571912jes,18,19,20440920,3,RF_constrained_rate,0.9,0.25,0.02444813926950906,13,5,4,
10.1149/2.0571912jes,18,19,20440920,3,RF_constrained_rate,0.95,0.25,0.03335952593877778,13,5,4,
10.1149/2.0571912jes,18,19,20440920,4,VFT,0.8,0.3333333333333333,0.0109289272553168,13,5,3,160.0
10.1149/2.0571912jes,18,19,20440920,4,VFT,0.9,0.6666666666666666,0.01835687662702412,13,5,3,160.0
10.1149/2.0571912jes,18,19,20440920,4,VFT,0.95,0.6666666666666666,0.022734309428941835,13,5,3,160.0
10.1149/2.0571912jes,18,19,20440920,5,VFT,0.8,0.0,0.020031271680172047,13,5,1,160.0
10.1149/2.0571912jes,18,19,20440920,5,VFT,0.9,0.0,0.03066075653620337,13,5,1,160.0
10.1149/2.0571912jes,18,19,20440920,5,VFT,0.95,0.0,0.03968219977077858,13,5,1,160.0
