doi,group,K,model,target,prediction,abs_error,query_T,selected_p,vft_t0,measurement_cost
10.1007/s10008-002-0300-9,"10.1007/s10008-002-0300-9|LiPF6|1|mol/kg|w|0.33,0,0.33,0,0.33,0,0,0,0,0,0,0,0,0,0,0,0,0,0,0,0,0,0,0,0,0,0,0,0,0,0,0,0,0,0,0,0,0",3,fixed_target_router,-0.7941384806001305,-0.8253574933530434,0.031219012752912945,333.2350339,4,160.0,
10.1007/s10008-002-0300-9,"10.1007/s10008-002-0300-9|LiPF6|1|mol/kg|w|0.33,0,0.33,0,0.33,0,0,0,0,0,0,0,0,0,0,0,0,0,0,0,0,0,0,0,0,0,0,0,0,0,0,0,0,0,0,0,0,0",4,fixed_target_router,-0.7941384806001305,-0.7978944447148151,0.0037559641146845957,333.2350339,4,160.0,
10.1007/s10008-002-0300-9,"10.1007/s10008-002-0300-9|LiPF6|1|mol/kg|w|0.33,0,0.33,0,0.33,0,0,0,0,0,0,0,0,0,0,0,0,0,0,0,0,0,0,0,0,0,0,0,0,0,0,0,0,0,0,0,0,0",5,fixed_target_router,-0.7941384806001305,-0.7963479736545312,0.0022094930544007685,333.2350339,4,160.0,
10.1007/s10008-002-0300-9,"10.1007/s10008-002-0300-9|LiPF6|1|mol/kg|w|0.33,0,0.33,0,0.33,0,0,0,0,0,0,0,0,0,0,0,0,0,0,0,0,0,0,0,0,0,0,0,0,0,0,0,0,0,0,0,0,0",5,cost_sensitive_budget_policy,-0.7941384806001305,-0.7963479736545312,0.0022094930544007685,333.2350339,4,160.0,0.0
10.1007/s10008-002-0300-9,"10.1007/s10008-002-0300-9|LiPF6|1|mol/kg|w|0.33,0,0.33,0,0.33,0,0,0,0,0,0,0,0,0,0,0,0,0,0,0,0,0,0,0,0,0,0,0,0,0,0,0,0,0,0,0,0,0",5,cost_sensitive_budget_policy,-0.7941384806001305,-0.7963479736545312,0.0022094930544007685,333.2350339,4,160.0,0.0025
10.1007/s10008-002-0300-9,"10.1007/s10008-002-0300-9|LiPF6|1|mol/kg|w|0.33,0,0.33,0,0.33,0,0,0,0,0,0,0,0,0,0,0,0,0,0,0,0,0,0,0,0,0,0,0,0,0,0,0,0,0,0,0,0,0",4,cost_sensitive_budget_policy,-0.7941384806001305,-0.7978944447148151,0.0037559641146845957,333.2350339,4,160.0,0.005
10.1007/s10008-002-0300-9,"10.1007/s10008-002-0300-9|LiPF6|1|mol/kg|w|0.33,0,0.33,0,0.33,0,0,0,0,0,0,0,0,0,0,0,0,0,0,0,0,0,0,0,0,0,0,0,0,0,0,0,0,0,0,0,0,0",4,cost_sensitive_budget_policy,-0.7941384806001305,-0.7978944447148151,0.0037559641146845957,333.2350339,4,160.0,0.01
10.1007/s10008-002-0300-9,"10.1007/s10008-002-0300-9|LiPF6|1|mol/kg|w|0.33,0,0.33,0,0.33,0,0,0,0,0,0,0,0,0,0,0,0,0,0,0,0,0,0,0,0,0,0,0,0,0,0,0,0,0,0,0,0,0",3,cost_sensitive_budget_policy,-0.7941384806001305,-0.8253574933530434,0.031219012752912945,333.2350339,4,160.0,0.02
10.1016/0378-7753(91)80004-H,"10.1016/0378-7753(91)80004-H|LiAsF6|1|mol/l|v|0,0,0,0,0,0,0,0,0,0,0,0,0,0,1,0,0,0,0,0,0,0,0,0,0,0,0,0,0,0,0,0,0,0,0,0,0,0",3,fixed_target_router,0.436162647040756,0.4476697845930962,0.011507137552340174,293.15,4,160.0,
10.1016/0378-7753(91)80004-H,"10.1016/0378-7753(91)80004-H|LiAsF6|1|mol/l|v|0.15,0.15,0,0,0,0.35,0,0,0,0,0,0,0,0,0.35,0,0,0,0,0,0,0,0,0,0,0,0,0,0,0,0,0,0,0,0,0,0,0",3,fixed_target_router,1.4940153747571439,1.5221700087728725,0.028154634015728597,353.15,4,160.0,
10.1016/0378-7753(91)80004-H,"10.1016/0378-7753(91)80004-H|LiAsF6|1|mol/l|v|0.125,0.125,0,0,0,0.25,0,0,0,0,0,0,0,0,0.5,0,0,0,0,0,0,0,0,0,0,0,0,0,0,0,0,0,0,0,0,0,0,0",3,fixed_target_router,1.4379090355394983,1.452140557087355,0.014231521547856563,353.15,4,160.0,
10.1016/0378-7753(91)80004-H,"10.1016/0378-7753(91)80004-H|LiAsF6|1|mol/l|v|0.25,0.25,0,0,0,0.25,0,0,0,0,0,0,0,0,0.25,0,0,0,0,0,0,0,0,0,0,0,0,0,0,0,0,0,0,0,0,0,0,0",3,fixed_target_router,1.4679039465228003,1.4704383064647644,0.0025343599419640483,353.15,4,160.0,
10.1016/0378-7753(91)80004-H,"10.1016/0378-7753(91)80004-H|LiAsF6|1|mol/l|v|0.125,0.125,0,0,0,0,0,0,0,0,0,0,0,0,0.25,0.5,0,0,0,0,0,0,0,0,0,0,0,0,0,0,0,0,0,0,0,0,0,0",3,fixed_target_router,1.1085650237328344,1.114677593374052,0.006112569641217647,313.15,4,160.0,
10.1016/0378-7753(91)80004-H,"10.1016/0378-7753(91)80004-H|LiAsF6|1|mol/l|v|0.075,0.075,0,0,0,0,0,0,0,0,0,0,0,0,0.15,0,0,0.7,0,0,0,0,0,0,0,0,0,0,0,0,0,0,0,0,0,0,0,0",3,fixed_target_router,0.8785217955012065,0.9143361611426243,0.03581436564141782,293.15,4,160.0,
10.1016/0378-7753(91)80004-H,"10.1016/0378-7753(91)80004-H|LiAsF6|1|mol/l|v|0.125,0.125,0,0,0,0,0,0,0,0,0,0,0,0,0.25,0,0,0.5,0,0,0,0,0,0,0,0,0,0,0,0,0,0,0,0,0,0,0,0",3,fixed_target_router,1.0622058088197126,1.1074306264710208,0.04522481765130815,293.15,4,160.0,
10.1016/0378-7753(91)80004-H,"10.1016/0378-7753(91)80004-H|LiAsF6|1|mol/l|v|0.175,0.175,0,0,0,0,0,0,0,0,0,0,0,0,0.35,0,0,0.3,0,0,0,0,0,0,0,0,0,0,0,0,0,0,0,0,0,0,0,0",3,fixed_target_router,1.0499928569201427,1.0272766307301493,0.02271622618999336,293.15,4,160.0,
10.1016/0378-7753(91)80004-H,"10.1016/0378-7753(91)80004-H|LiAsF6|0.5|mol/l|v|0.125,0.125,0,0,0,0,0,0,0,0,0,0,0,0,0.75,0,0,0,0,0,0,0,0,0,0,0,0,0,0,0,0,0,0,0,0,0,0,0",3,fixed_target_router,1.224014811372864,1.1760708262135573,0.047943985159306646,353.15,4,160.0,
10.1016/0378-7753(91)80004-H,"10.1016/0378-7753(91)80004-H|LiAsF6|2|mol/l|v|0.125,0.125,0,0,0,0,0,0,0,0,0,0,0,0,0.75,0,0,0,0,0,0,0,0,0,0,0,0,0,0,0,0,0,0,0,0,0,0,0",3,fixed_target_router,0.7307822756663892,1.203353047228569,0.47257077156217975,353.15,4,160.0,
10.1016/0378-7753(91)80004-H,"10.1016/0378-7753(91)80004-H|LiAsF6|1|mol/l|v|0.175,0.175,0,0,0,0,0,0,0,0,0,0,0,0,0.35,0,0,0,0.3,0,0,0,0,0,0,0,0,0,0,0,0,0,0,0,0,0,0,0",3,fixed_target_router,1.3911116137028026,1.4296816997477142,0.03857008604491163,353.15,4,160.0,
10.1016/0378-7753(91)80004-H,"10.1016/0378-7753(91)80004-H|LiAsF6|1|mol/l|v|0.075,0.075,0,0,0,0,0,0,0,0,0,0,0,0,0.15,0,0,0,0.7,0,0,0,0,0,0,0,0,0,0,0,0,0,0,0,0,0,0,0",3,fixed_target_router,1.376576957056512,1.403421712085787,0.02684475502927497,353.15,4,160.0,
10.1016/0378-7753(91)80004-H,"10.1016/0378-7753(91)80004-H|LiAsF6|1|mol/l|v|0.175,0.175,0,0,0,0,0,0,0,0,0,0,0,0,0.35,0,0,0,0,0.3,0,0,0,0,0,0,0,0,0,0,0,0,0,0,0,0,0,0",3,fixed_target_router,0.8976270912904415,0.9218102405623879,0.024183149271946425,293.15,4,160.0,
10.1016/0378-7753(91)80004-H,"10.1016/0378-7753(91)80004-H|LiAsF6|3|mol/l|v|0.125,0.125,0,0,0,0,0,0,0,0,0,0,0,0,0.75,0,0,0,0,0,0,0,0,0,0,0,0,0,0,0,0,0,0,0,0,0,0,0",3,fixed_target_router,0.9804578922761001,1.0533451748454863,0.07288728256938615,353.15,4,160.0,
10.1016/0378-7753(91)80004-H,"10.1016/0378-7753(91)80004-H|LiAsF6|1|mol/l|v|0,0,0,0,0,0,0,0,0,0,0,0,0,0,0.5,0,0.5,0,0,0,0,0,0,0,0,0,0,0,0,0,0,0,0,0,0,0,0,0",3,fixed_target_router,1.1559430179718369,0.9748360989015978,0.18110691907023901,293.15,4,160.0,
10.1016/0378-7753(91)80004-H,"10.1016/0378-7753(91)80004-H|LiAsF6|1|mol/l|v|0.375,0.375,0,0,0,0,0,0,0,0,0,0,0,0,0.25,0,0,0,0,0,0,0,0,0,0,0,0,0,0,0,0,0,0,0,0,0,0,0",3,fixed_target_router,1.3031960574204888,1.304884064291614,0.0016880068711251361,353.15,4,160.0,
10.1016/0378-7753(91)80004-H,"10.1016/0378-7753(91)80004-H|LiAsF6|1|mol/l|v|0,0,0,0,0,0,0,0,0,0,0,0,0,0,0.7,0,0,0.3,0,0,0,0,0,0,0,0,0,0,0,0,0,0,0,0,0,0,0,0",3,fixed_target_router,0.6473829701146199,0.631940685823335,0.015442284291284913,293.15,4,160.0,
10.1016/0378-7753(91)80004-H,"10.1016/0378-7753(91)80004-H|LiAsF6|1|mol/l|v|0,0,0,0,0,0,0,0,0,0,0,0,0,0,0.5,0,0,0,0,0,0.5,0,0,0,0,0,0,0,0,0,0,0,0,0,0,0,0,0",3,fixed_target_router,1.0666985504229953,1.0506539765858578,0.016044573837137532,353.15,4,160.0,
10.1016/0378-7753(91)80004-H,"10.1016/0378-7753(91)80004-H|LiAsF6|1|mol/l|v|0,0,0,0,0,0,0,0,0,0,0,0,0,0,0,0,0,0,0,0.4,0,0,0,0,0,0.6,0,0,0,0,0,0,0,0,0,0,0,0",3,fixed_target_router,0.8394780473741984,0.8443495282999514,0.004871480925752958,353.15,4,160.0,
10.1016/0378-7753(91)80004-H,"10.1016/0378-7753(91)80004-H|LiAsF6|1|mol/l|v|0.25,0.25,0,0,0,0.5,0,0,0,0,0,0,0,0,0,0,0,0,0,0,0,0,0,0,0,0,0,0,0,0,0,0,0,0,0,0,0,0",3,fixed_target_router,1.4974825373673704,1.4961748713223109,0.0013076660450594968,353.15,4,160.0,
10.1016/0378-7753(91)80004-H,"10.1016/0378-7753(91)80004-H|LiAsF6|1|mol/l|v|0,0,0,0,0,0.15,0,0,0,0,0,0,0,0,0,0,0,0,0,0,0.5,0,0.35,0,0,0,0,0,0,0,0,0,0,0,0,0,0,0",3,fixed_target_router,1.0913151596972228,1.0743909092618646,0.016924250435358168,353.15,4,160.0,
10.1016/0378-7753(91)80004-H,"10.1016/0378-7753(91)80004-H|LiAsF6|1|mol/l|v|0,0,0,0,0,0.25,0,0,0,0,0,0,0,0,0,0,0,0,0,0,0.5,0,0.25,0,0,0,0,0,0,0,0,0,0,0,0,0,0,0",3,fixed_target_router,1.1583624920952498,1.1344110722605096,0.02395141983474014,353.15,4,160.0,
10.1016/0378-7753(91)80004-H,"10.1016/0378-7753(91)80004-H|LiAsF6|1|mol/l|v|0,0,0,0,0,0,0,0,0,0,0,0,0,0,0,0,0,0,0,0,0,0,0,0,0,0,0,0,0,0,0,1,0,0,0,0,0,0",3,fixed_target_router,1.371806458507416,1.3642822002059611,0.007524258301454756,353.15,4,160.0,
10.1016/0378-7753(91)80004-H,"10.1016/0378-7753(91)80004-H|LiAsF6|1|mol/l|v|0,0,0,0,0,0.5,0,0,0,0,0,0,0,0,0,0,0,0,0,0,0,0,0,0,0,0,0,0,0,0,0,0.5,0,0,0,0,0,0",3,fixed_target_router,1.5092025223311027,1.5450527846964541,0.03585026236535138,353.15,4,160.0,
10.1016/0378-7753(91)80004-H,"10.1016/0378-7753(91)80004-H|LiAsF6|1|mol/l|v|0,0,0,0,0,0,0,0,0,0,0,0,0,0,0,0,0,0,0,0,0,0,0,0,0,0,0,0,0,0.5,0,0.5,0,0,0,0,0,0",3,fixed_target_router,1.3725438007590702,1.3819459870429922,0.009402186283921976,353.15,4,160.0,
10.1016/0378-7753(91)80004-H,"10.1016/0378-7753(91)80004-H|LiAsF6|0.75|mol/l|v|0,0,0,0,0,0,0,0,0,0,0,0,0,0,0,0,0,0,0,0,0.5,0,0.25,0,0,0,0,0,0,0,0,0,0.25,0,0,0,0,0",3,fixed_target_router,0.9694159123539814,0.9488974768041534,0.020518435549828018,353.15,4,160.0,
10.1016/0378-7753(91)80004-H,"10.1016/0378-7753(91)80004-H|LiAsF6|1|mol/l|v|0,0,0,0,0,0.25,0,0,0,0,0,0,0,0,0,0,0,0,0,0,0.5,0.25,0,0,0,0,0,0,0,0,0,0,0,0,0,0,0,0",3,fixed_target_router,1.199480914862356,1.1767509889804542,0.022729925881901814,353.15,4,160.0,
10.1016/0378-7753(91)80004-H,"10.1016/0378-7753(91)80004-H|LiAsF6|4|mol/l|v|0.25,0.25,0,0,0,0.5,0,0,0,0,0,0,0,0,0,0,0,0,0,0,0,0,0,0,0,0,0,0,0,0,0,0,0,0,0,0,0,0",3,fixed_target_router,1.318897714627487,1.896968760420019,0.578071045792532,353.15,4,160.0,
10.1016/0378-7753(91)80004-H,"10.1016/0378-7753(91)80004-H|LiAsF6|1|mol/l|v|0,0.5,0,0,0,0.5,0,0,0,0,0,0,0,0,0,0,0,0,0,0,0,0,0,0,0,0,0,0,0,0,0,0,0,0,0,0,0,0",3,fixed_target_router,1.4499409887733377,1.46957398813367,0.01963299936033236,353.15,4,160.0,
10.1016/0378-7753(91)80004-H,"10.1016/0378-7753(91)80004-H|LiAsF6|4|mol/l|v|0,0.5,0,0,0,0.5,0,0,0,0,0,0,0,0,0,0,0,0,0,0,0,0,0,0,0,0,0,0,0,0,0,0,0,0,0,0,0,0",3,fixed_target_router,1.2898118391176214,1.8938102411751891,0.6039984020575677,353.15,4,160.0,
10.1016/0378-7753(91)80004-H,"10.1016/0378-7753(91)80004-H|LiAsF6|1|mol/l|v|0,0,0,0,0,0,0,0,0,0,0,0,0,0,0,0,0,0,0,0,0,0,0,0,0,1,0,0,0,0,0,0,0,0,0,0,0,0",3,fixed_target_router,0.8142475957319202,0.90184684564149,0.0875992499095698,353.15,4,160.0,
10.1016/0378-7753(91)80004-H,"10.1016/0378-7753(91)80004-H|LiAsF6|1|mol/l|v|0,0,0,0,0,0,0,0,0,0,0,0,0,0,0,0,0,0,0,0,0.5,0.25,0,0,0,0,0.25,0,0,0,0,0,0,0,0,0,0,0",3,fixed_target_router,1.0546130545568877,1.0580286445206428,0.003415589963755128,353.15,4,160.0,
10.1016/0378-7753(91)80004-H,"10.1016/0378-7753(91)80004-H|LiAsF6|1|mol/l|v|0.5,0,0,0,0,0.5,0,0,0,0,0,0,0,0,0,0,0,0,0,0,0,0,0,0,0,0,0,0,0,0,0,0,0,0,0,0,0,0",3,fixed_target_router,1.5128177585648732,1.5000137880104814,0.012803970554391864,353.15,4,160.0,
10.1016/0378-7753(91)80004-H,"10.1016/0378-7753(91)80004-H|LiAsF6|1|mol/l|v|0,0,0,0,0,0.5,0,0,0,0,0,0,0,0,0,0,0,0,0,0,0.5,0,0,0,0,0,0,0,0,0,0,0,0,0,0,0,0,0",3,fixed_target_router,1.2778383330020475,1.2873622570470806,0.009523924045033105,353.15,4,160.0,
10.1016/0378-7753(91)80004-H,"10.1016/0378-7753(91)80004-H|LiAsF6|1|mol/l|v|0,0,0,0,0,0.6,0,0,0,0,0,0,0,0,0,0,0,0,0,0,0.4,0,0,0,0,0,0,0,0,0,0,0,0,0,0,0,0,0",3,fixed_target_router,1.2301933788690456,1.3401420086155258,0.10994862974648023,353.15,4,160.0,
10.1016/0378-7753(91)80004-H,"10.1016/0378-7753(91)80004-H|LiAsF6|1|mol/l|v|0,0,0,0,0,0,0,0,0,0,0,0,0,0,0,0,0,0,0,0,0,0,0,0,0,0,0,1,0,0,0,0,0,0,0,0,0,0",3,fixed_target_router,1.5809249756756194,1.6035587527726758,0.022633777097056385,353.15,4,160.0,
10.1016/0378-7753(91)80004-H,"10.1016/0378-7753(91)80004-H|LiAsF6|1|mol/l|v|0.25,0.25,0,0,0,0,0,0,0,0,0,0,0,0,0,0,0,0,0,0,0,0.5,0,0,0,0,0,0,0,0,0,0,0,0,0,0,0,0",3,fixed_target_router,1.3412366232386923,1.346846765907332,0.005610142668639684,353.15,4,160.0,
10.1016/0378-7753(91)80004-H,"10.1016/0378-7753(91)80004-H|LiAsF6|1|mol/l|v|0.175,0.175,0,0,0,0,0,0,0,0,0,0,0,0,0,0,0,0.3,0.35,0,0,0,0,0,0,0,0,0,0,0,0,0,0,0,0,0,0,0",3,fixed_target_router,1.1637575239819558,1.1786591842641598,0.014901660282204077,293.15,4,160.0,
10.1016/0378-7753(91)80004-H,"10.1016/0378-7753(91)80004-H|LiAsF6|1|mol/l|v|0.125,0.125,0,0,0,0,0,0,0,0,0,0,0,0,0,0,0,0.5,0.25,0,0,0,0,0,0,0,0,0,0,0,0,0,0,0,0,0,0,0",3,fixed_target_router,1.1699681739968923,1.2087607891070222,0.03879261511012988,293.15,4,160.0,
10.1016/0378-7753(91)80004-H,"10.1016/0378-7753(91)80004-H|LiAsF6|1|mol/l|v|0.075,0.075,0,0,0,0,0,0,0,0,0,0,0,0,0,0,0,0.7,0.15,0,0,0,0,0,0,0,0,0,0,0,0,0,0,0,0,0,0,0",3,fixed_target_router,1.0220157398177203,1.0434245467173724,0.021408806899652078,293.15,4,160.0,
10.1016/0378-7753(91)80004-H,"10.1016/0378-7753(91)80004-H|LiAsF6|1|mol/l|v|0.35,0.35,0,0,0,0,0,0,0,0,0,0,0,0,0,0,0,0.3,0,0,0,0,0,0,0,0,0,0,0,0,0,0,0,0,0,0,0,0",3,fixed_target_router,0.9694159123539814,0.9818520530735528,0.012436140719571442,293.15,4,160.0,
10.1016/0378-7753(91)80004-H,"10.1016/0378-7753(91)80004-H|LiAsF6|0.5|mol/l|v|0.15,0.85,0,0,0,0,0,0,0,0,0,0,0,0,0,0,0,0,0,0,0,0,0,0,0,0,0,0,0,0,0,0,0,0,0,0,0,0",3,fixed_target_router,1.1264561134318043,1.1104967714060343,0.015959342025769985,353.15,4,160.0,
10.1016/0378-7753(91)80004-H,"10.1016/0378-7753(91)80004-H|LiAsF6|1|mol/l|v|0.15,0.85,0,0,0,0,0,0,0,0,0,0,0,0,0,0,0,0,0,0,0,0,0,0,0,0,0,0,0,0,0,0,0,0,0,0,0,0",3,fixed_target_router,1.2296818423176759,1.2275858695259778,0.002095972791698042,353.15,4,160.0,
10.1016/0378-7753(91)80004-H,"10.1016/0378-7753(91)80004-H|LiAsF6|1.5|mol/l|v|0.15,0.85,0,0,0,0,0,0,0,0,0,0,0,0,0,0,0,0,0,0,0,0,0,0,0,0,0,0,0,0,0,0,0,0,0,0,0,0",3,fixed_target_router,1.1992064791616577,1.2771116588268172,0.07790517966515953,353.15,4,160.0,
10.1016/0378-7753(91)80004-H,"10.1016/0378-7753(91)80004-H|LiAsF6|1|mol/l|v|0.25,0.25,0,0,0,0,0,0,0,0,0,0,0,0,0,0,0,0,0,0,0,0,0.5,0,0,0,0,0,0,0,0,0,0,0,0,0,0,0",3,fixed_target_router,1.2622137054764169,1.2686531480267926,0.006439442550375762,353.15,4,160.0,
10.1016/0378-7753(91)80004-H,"10.1016/0378-7753(91)80004-H|LiAsF6|1|mol/l|v|0.25,0,0,0,0,0,0,0,0,0,0,0,0,0,0,0,0,0,0,0,0.5,0,0.25,0,0,0,0,0,0,0,0,0,0,0,0,0,0,0",3,fixed_target_router,1.1132746924643504,1.0650496664376479,0.04822502602670253,353.15,4,160.0,
10.1016/0378-7753(91)80004-H,"10.1016/0378-7753(91)80004-H|LiAsF6|1|mol/l|v|0.1,0,0,0,0,0,0,0,0,0,0,0,0,0,0,0,0,0,0,0,0.45,0,0.45,0,0,0,0,0,0,0,0,0,0,0,0,0,0,0",3,fixed_target_router,1.06781451116184,1.0853779024212737,0.017563391259433736,353.15,4,160.0,
10.1016/0378-7753(91)80004-H,"10.1016/0378-7753(91)80004-H|LiAsF6|1.5|mol/l|v|0.5,0.5,0,0,0,0,0,0,0,0,0,0,0,0,0,0,0,0,0,0,0,0,0,0,0,0,0,0,0,0,0,0,0,0,0,0,0,0",3,fixed_target_router,1.2390490931401914,1.321726805611769,0.08267771247157762,353.15,4,160.0,
10.1016/0378-7753(91)80004-H,"10.1016/0378-7753(91)80004-H|LiAsF6|1|mol/l|v|0,0,0,0,0,0,0,0,0,0,0,0,0,0,0,0,0,0,0,0,0.5,0,0,0,0,0,0.5,0,0,0,0,0,0,0,0,0,0,0",3,fixed_target_router,1.0666985504229953,1.0270058058100013,0.03969274461299399,353.15,4,160.0,
10.1016/0378-7753(91)80004-H,"10.1016/0378-7753(91)80004-H|LiAsF6|0.5|mol/l|v|0.5,0.5,0,0,0,0,0,0,0,0,0,0,0,0,0,0,0,0,0,0,0,0,0,0,0,0,0,0,0,0,0,0,0,0,0,0,0,0",3,fixed_target_router,1.161966616364075,1.1605478897068666,0.0014187266572083246,353.15,4,160.0,
10.1016/0378-7753(91)80004-H,"10.1016/0378-7753(91)80004-H|LiAsF6|1|mol/l|v|0.5,0.5,0,0,0,0,0,0,0,0,0,0,0,0,0,0,0,0,0,0,0,0,0,0,0,0,0,0,0,0,0,0,0,0,0,0,0,0",3,fixed_target_router,1.266936911159173,1.2662157240665262,0.0007211870926469022,353.15,4,160.0,
10.1016/0378-7753(91)80004-H,"10.1016/0378-7753(91)80004-H|LiAsF6|2|mol/l|v|0.15,0.85,0,0,0,0,0,0,0,0,0,0,0,0,0,0,0,0,0,0,0,0,0,0,0,0,0,0,0,0,0,0,0,0,0,0,0,0",3,fixed_target_router,1.0874264570362855,1.7121764064022482,0.6247499493659627,353.15,4,160.0,
10.1016/0378-7753(91)80004-H,"10.1016/0378-7753(91)80004-H|LiAsF6|2|mol/l|v|0.5,0.5,0,0,0,0,0,0,0,0,0,0,0,0,0,0,0,0,0,0,0,0,0,0,0,0,0,0,0,0,0,0,0,0,0,0,0,0",3,fixed_target_router,1.1430148002540952,1.751370127460535,0.6083553272064399,353.15,4,160.0,
10.1016/0378-7753(91)80004-H,"10.1016/0378-7753(91)80004-H|LiAsF6|1|mol/l|v|0.25,0,0,0,0,0,0,0,0,0,0,0,0,0,0,0,0,0,0,0,0.25,0,0.5,0,0,0,0,0,0,0,0,0,0,0,0,0,0,0",3,fixed_target_router,1.1661339703051092,1.1566640017851237,0.009469968519985494,353.15,4,160.0,
10.1016/0378-7753(91)80004-H,"10.1016/0378-7753(91)80004-H|LiAsF6|0.75|mol/l|v|0,0,0,0,0,0,0,0,0,0,0,0,0,0,0,0,0,0,0,0,0.5,0,0.25,0,0,0,0,0,0.25,0,0,0,0,0,0,0,0,0",3,fixed_target_router,1.0086001717619175,1.0005263616221014,0.008073810139816118,353.15,4,160.0,
10.1016/0378-7753(91)80004-H,"10.1016/0378-7753(91)80004-H|LiAsF6|1|mol/l|v|0.7,0.3,0,0,0,0,0,0,0,0,0,0,0,0,0,0,0,0,0,0,0,0,0,0,0,0,0,0,0,0,0,0,0,0,0,0,0,0",3,fixed_target_router,1.2773799746672547,1.2797407114966095,0.0023607368293547815,353.15,4,160.0,
10.1016/0378-7753(91)80004-H,"10.1016/0378-7753(91)80004-H|LiAsF6|3|mol/l|v|0.5,0.5,0,0,0,0,0,0,0,0,0,0,0,0,0,0,0,0,0,0,0,0,0,0,0,0,0,0,0,0,0,0,0,0,0,0,0,0",3,fixed_target_router,1.0503797562614579,1.4389288662669513,0.3885491100054934,353.15,4,160.0,
10.1016/0378-7753(91)80004-H,"10.1016/0378-7753(91)80004-H|LiAsF6|1|mol/l|v|0.375,0.375,0,0,0,0,0,0,0,0,0,0,0,0,0,0,0,0,0,0.25,0,0,0,0,0,0,0,0,0,0,0,0,0,0,0,0,0,0",3,fixed_target_router,1.2489536154957075,1.255487018604776,0.00653340310906847,353.15,4,160.0,
10.1016/0378-7753(91)80004-H,"10.1016/0378-7753(91)80004-H|LiAsF6|1|mol/l|v|0.5,0,0,0,0,0,0,0,0,0,0,0,0,0,0,0,0,0,0,0,0,0,0.5,0,0,0,0,0,0,0,0,0,0,0,0,0,0,0",3,fixed_target_router,1.2953471483336179,1.2929185999414992,0.002428548392118701,353.15,4,160.0,
10.1016/0378-7753(91)80004-H,"10.1016/0378-7753(91)80004-H|LiAsF6|1|mol/l|v|0,0.7,0,0,0,0,0,0,0,0,0,0,0,0,0,0,0,0.3,0,0,0,0,0,0,0,0,0,0,0,0,0,0,0,0,0,0,0,0",3,fixed_target_router,0.9329808219231982,0.8536265388366404,0.07935428308655779,293.15,4,160.0,
10.1016/0378-7753(91)80004-H,"10.1016/0378-7753(91)80004-H|LiAsF6|1|mol/l|v|0,0.5,0,0,0,0,0,0,0,0,0,0,0,0,0,0,0,0.5,0,0,0,0,0,0,0,0,0,0,0,0,0,0,0,0,0,0,0,0",3,fixed_target_router,0.9925535178321356,0.9100321023698612,0.08252141546227443,293.15,4,160.0,
10.1016/0378-7753(91)80004-H,"10.1016/0378-7753(91)80004-H|LiAsF6|1|mol/l|v|0,0,0,0,0,0,0,0,0,0,0,0,0,0,0,0,0,0.5,0.5,0,0,0,0,0,0,0,0,0,0,0,0,0,0,0,0,0,0,0",3,fixed_target_router,1.1778249718646818,1.2469824210410214,0.06915744917633959,293.15,4,160.0,
10.1016/0378-7753(91)80004-H,"10.1016/0378-7753(91)80004-H|LiAsF6|1|mol/l|v|0,0,0,0,0,0,0,0,0,0,0,0,0,0,0,0,0,0.7,0.3,0,0,0,0,0,0,0,0,0,0,0,0,0,0,0,0,0,0,0",3,fixed_target_router,0.9916690073799486,1.0750378238778393,0.08336881649789074,293.15,4,160.0,
10.1016/0378-7753(91)80004-H,"10.1016/0378-7753(91)80004-H|LiAsF6|1|mol/l|v|0,1,0,0,0,0,0,0,0,0,0,0,0,0,0,0,0,0,0,0,0,0,0,0,0,0,0,0,0,0,0,0,0,0,0,0,0,0",3,fixed_target_router,1.2190603324488614,1.2126768988970358,0.006383433551825579,353.15,4,160.0,
10.1016/0378-7753(91)80004-H,"10.1016/0378-7753(91)80004-H|LiAsF6|1|mol/l|v|0,0,0,0,0,0,0,0,0,0,0,0,0,0,0,0,0,0.3,0.7,0,0,0,0,0,0,0,0,0,0,0,0,0,0,0,0,0,0,0",3,fixed_target_router,1.1634595517699902,1.1920934233032197,0.028633871533229494,293.15,4,160.0,
10.1016/0378-7753(91)80004-H,"10.1016/0378-7753(91)80004-H|LiAsF6|1|mol/l|v|0,0,0,0,0,0,0,0,0,0,0,0,0,0,0,0,0,0.25,0,0,0.5,0,0.25,0,0,0,0,0,0,0,0,0,0,0,0,0,0,0",3,fixed_target_router,1.1271047983648077,1.2141627283407108,0.08705792997590311,353.15,4,160.0,
10.1016/0378-7753(91)80004-H,"10.1016/0378-7753(91)80004-H|LiAsF6|1|mol/l|v|0,0.7,0,0,0,0,0,0,0,0,0,0,0,0,0,0,0,0,0,0.3,0,0,0,0,0,0,0,0,0,0,0,0,0,0,0,0,0,0",3,fixed_target_router,0.75815462196739,0.6832058458745294,0.07494877609286066,293.15,4,160.0,
10.1016/0378-7753(91)80004-H,"10.1016/0378-7753(91)80004-H|LiAsF6|1|mol/l|v|0,0,0,0,0,0,0,0,0,0,0,0,0,0,0,0,0,0,0,0,0.5,0,0,0,0,0.5,0,0,0,0,0,0,0,0,0,0,0,0",3,fixed_target_router,0.8543060418010806,0.882851007939089,0.028544966138008387,353.15,4,160.0,
10.1016/0378-7753(91)80004-H,"10.1016/0378-7753(91)80004-H|LiAsF6|1|mol/l|v|0,0.5,0,0,0,0,0,0,0,0,0,0,0,0,0,0,0,0,0,0,0.5,0,0,0,0,0,0,0,0,0,0,0,0,0,0,0,0,0",3,fixed_target_router,1.100370545117563,1.1085160274904249,0.008145482372861945,353.15,4,160.0,
10.1016/0378-7753(91)80004-H,"10.1016/0378-7753(91)80004-H|LiAsF6|1|mol/l|v|0,0.1,0,0,0,0,0,0,0,0,0,0,0,0,0,0,0,0,0,0,0.45,0,0.45,0,0,0,0,0,0,0,0,0,0,0,0,0,0,0",3,fixed_target_router,1.0614524790871933,1.0897305827102812,0.028278103623087913,353.15,4,160.0,
10.1016/0378-7753(91)80004-H,"10.1016/0378-7753(91)80004-H|LiAsF6|1|mol/l|v|0,0,0,0,0,0,0,0,0,0,0,0,0,0,0,0,0,0,0,0,1,0,0,0,0,0,0,0,0,0,0,0,0,0,0,0,0,0",3,fixed_target_router,0.9014583213961124,0.8157490842777682,0.08570923711834422,353.15,4,160.0,
10.1016/0378-7753(91)80004-H,"10.1016/0378-7753(91)80004-H|LiAsF6|1|mol/l|v|0,0,0,0,0,0,0,0,0,0,0,0,0,0,0,0,0,0,1,0,0,0,0,0,0,0,0,0,0,0,0,0,0,0,0,0,0,0",3,fixed_target_router,1.1095785469043866,1.2980430747293865,0.1884645278249999,293.15,4,160.0,
10.1016/0378-7753(91)80004-H,"10.1016/0378-7753(91)80004-H|LiAsF6|0.75|mol/l|v|0,0,0,0,0,0,0,0,0,0,0,0,0,0,0,0,0,0,0,0,0.5,0,0.5,0,0,0,0,0,0,0,0,0,0,0,0,0,0,0",3,fixed_target_router,0.9652017010259121,0.9801289521028507,0.014927251076938597,353.15,4,160.0,
10.1016/0378-7753(91)80004-H,"10.1016/0378-7753(91)80004-H|LiAsF6|0.5|mol/l|v|0,0,0,0,0,0,0,0,0,0,0,0,0,0,0,0,0,0,0,0,0.5,0,0,0.5,0,0,0,0,0,0,0,0,0,0,0,0,0,0",3,fixed_target_router,0.8202014594856403,0.8509030552219707,0.030701595736330467,353.15,4,160.0,
10.1016/0378-7753(91)80004-H,"10.1016/0378-7753(91)80004-H|LiAsF6|1|mol/l|v|0,0,0,0,0,0,0,0,0,0,0,0,0,0,0,0,0,0,0,0,0.75,0,0.25,0,0,0,0,0,0,0,0,0,0,0,0,0,0,0",3,fixed_target_router,0.9400181550076633,0.9305862942085876,0.009431860799075653,353.15,4,160.0,
10.1016/0378-7753(91)80004-H,"10.1016/0378-7753(91)80004-H|LiAsF6|2|mol/l|v|0,0,0,0,0,0,0,0,0,0,0,0,0,0,0,0,0,0,0,0,0.5,0,0.5,0,0,0,0,0,0,0,0,0,0,0,0,0,0,0",3,fixed_target_router,0.909020854211156,1.469494857932555,0.5604740037213991,353.15,4,160.0,
10.1016/0378-7753(91)80004-H,"10.1016/0378-7753(91)80004-H|LiAsF6|0.75|mol/l|v|0,0,0,0,0,0,0,0,0,0,0,0,0,0,0,0,0,0,0,0,0.5,0,0.25,0,0,0,0,0,0,0,0,0,0,0,0,0,0.25,0",3,fixed_target_router,1.0068937079479006,1.0060068775071733,0.0008868304407272376,353.15,4,160.0,
10.1016/0378-7753(91)80004-H,"10.1016/0378-7753(91)80004-H|LiAsF6|0.75|mol/l|v|0,0,0,0,0,0,0,0,0,0,0,0,0,0,0,0,0,0,0,0,0.5,0,0.25,0,0,0,0,0,0,0,0,0,0,0,0,0,0,0.25",3,fixed_target_router,0.9703468762300933,0.9491574750318663,0.021189401198226987,353.15,4,160.0,
10.1016/0378-7753(91)80004-H,"10.1016/0378-7753(91)80004-H|LiAsF6|0.75|mol/l|v|0,0,0,0,0,0,0,0,0,0,0,0,0,0,0,0,0,0,0,0,0.5,0,0,0.5,0,0,0,0,0,0,0,0,0,0,0,0,0,0",3,fixed_target_router,0.8992731873176038,0.9556958348359978,0.0564226475183941,353.15,4,160.0,
10.1016/0378-7753(91)80004-H,"10.1016/0378-7753(91)80004-H|LiAsF6|1|mol/l|v|0,0,0,0,0,0,0,0,0,0,0,0,0,0,0,0,0,0,0,0,0.25,0,0,0.75,0,0,0,0,0,0,0,0,0,0,0,0,0,0",3,fixed_target_router,0.9390197764486664,0.981976380038752,0.042956603590085574,353.15,4,160.0,
10.1016/0378-7753(91)80004-H,"10.1016/0378-7753(91)80004-H|LiAsF6|0.75|mol/l|v|0,0,0,0,0,0,0,0,0,0,0,0,0,0,0,0,0,0,0,0.25,0.5,0,0.25,0,0,0,0,0,0,0,0,0,0,0,0,0,0,0",3,fixed_target_router,1.0342272607705507,1.0406494892712983,0.006422228500747584,353.15,4,160.0,
10.1016/0378-7753(91)80004-H,"10.1016/0378-7753(91)80004-H|LiAsF6|1|mol/l|v|0,0,0,0,0,0,0,0,0,0,0,0,0,0,0,0,0,0,0,0.5,0.25,0,0.25,0,0,0,0,0,0,0,0,0,0,0,0,0,0,0",3,fixed_target_router,1.070037866607755,1.0729826572177537,0.0029447906099986376,353.15,4,160.0,
10.1016/0378-7753(91)80004-H,"10.1016/0378-7753(91)80004-H|LiAsF6|1|mol/l|v|0,0,0,0,0,0,0,0,0,0,0,0,0,0,0,0,0,0,0,0,0.25,0,0.75,0,0,0,0,0,0,0,0,0,0,0,0,0,0,0",3,fixed_target_router,1.0253058652647702,1.0491896415421782,0.02388377627740801,353.15,4,160.0,
10.1016/0378-7753(91)80004-H,"10.1016/0378-7753(91)80004-H|LiAsF6|0.75|mol/l|v|0,0,0,0,0,0,0,0,0,0,0,0,0,0,0,0,0,0,0,0,0,0,0,0,0,0,0,0,0,0,0,0,0,0,0,1,0,0",3,fixed_target_router,-0.3979400086720376,-0.3347042749573096,0.06323573371472802,353.15,4,160.0,
10.1016/0378-7753(91)80004-H,"10.1016/0378-7753(91)80004-H|LiPF6|1|mol/l|v|0.125,0.125,0,0,0,0,0,0,0,0,0,0,0,0,0.75,0,0,0,0,0,0,0,0,0,0,0,0,0,0,0,0,0,0,0,0,0,0,0",3,fixed_target_router,1.2100508498751372,1.2385007594179598,0.02844990954282256,353.15,4,160.0,
10.1016/0378-7753(91)80004-H,"10.1016/0378-7753(91)80004-H|LiPF6|1|mol/l|v|0.15,0.85,0,0,0,0,0,0,0,0,0,0,0,0,0,0,0,0,0,0,0,0,0,0,0,0,0,0,0,0,0,0,0,0,0,0,0,0",3,fixed_target_router,1.2273724422896362,1.2309325614309357,0.0035601191412995004,353.15,4,160.0,
10.1016/0378-7753(91)80004-H,"10.1016/0378-7753(91)80004-H|LiPF6|1|mol/l|v|0.5,0.5,0,0,0,0,0,0,0,0,0,0,0,0,0,0,0,0,0,0,0,0,0,0,0,0,0,0,0,0,0,0,0,0,0,0,0,0",3,fixed_target_router,1.2866809693549301,1.2895396134593207,0.0028586441043905175,353.15,4,160.0,
10.1016/0378-7753(91)80004-H,"10.1016/0378-7753(91)80004-H|LiCF3SO3|1|mol/l|v|0.125,0.125,0,0,0,0,0,0,0,0,0,0,0,0,0.75,0,0,0,0,0,0,0,0,0,0,0,0,0,0,0,0,0,0,0,0,0,0,0",3,fixed_target_router,0.5185139398778874,0.41568190879013966,0.10283203108774774,353.15,4,160.0,
10.1016/0378-7753(91)80004-H,"10.1016/0378-7753(91)80004-H|LiCF3SO3|1|mol/l|v|0.5,0.5,0,0,0,0,0,0,0,0,0,0,0,0,0,0,0,0,0,0,0,0,0,0,0,0,0,0,0,0,0,0,0,0,0,0,0,0",3,fixed_target_router,0.8082109729242221,0.7533646568831223,0.054846316041099796,353.15,4,160.0,
10.1016/0378-7753(91)80004-H,"10.1016/0378-7753(91)80004-H|LiCF3SO3|1|mol/l|v|0,0.5,0,0,0,0.5,0,0,0,0,0,0,0,0,0,0,0,0,0,0,0,0,0,0,0,0,0,0,0,0,0,0,0,0,0,0,0,0",3,fixed_target_router,1.0257153839013406,1.0580468767470723,0.03233149284573167,353.15,4,160.0,
10.1016/0378-7753(91)80004-H,"10.1016/0378-7753(91)80004-H|LiCF3SO3|1|mol/l|v|0.5,0,0,0,0,0.5,0,0,0,0,0,0,0,0,0,0,0,0,0,0,0,0,0,0,0,0,0,0,0,0,0,0,0,0,0,0,0,0",3,fixed_target_router,1.123524980942732,1.1549299319974264,0.03140495105469454,353.15,4,160.0,
10.1016/0378-7753(91)80004-H,"10.1016/0378-7753(91)80004-H|LiN(CF3SO2)2|1|mol/l|v|0,0,0,0,0,0,0,0,0,0,0,0,0,0,0,0,0,0,0,0,0.5,0,0,0,0,0,0,0,0,0.5,0,0,0,0,0,0,0,0",3,fixed_target_router,1.052693941924968,1.0600863925093098,0.007392450584341903,353.15,4,160.0,
10.1016/0378-7753(91)80004-H,"10.1016/0378-7753(91)80004-H|LiN(CF3SO2)2|1|mol/l|v|0.125,0.125,0,0,0,0,0,0,0,0,0,0,0,0,0.75,0,0,0,0,0,0,0,0,0,0,0,0,0,0,0,0,0,0,0,0,0,0,0",3,fixed_target_router,1.0799044676667207,1.1246339808100252,0.04472951314330453,353.15,4,160.0,
10.1016/0378-7753(91)80004-H,"10.1016/0378-7753(91)80004-H|LiN(CF3SO2)2|1|mol/l|v|0.5,0.5,0,0,0,0,0,0,0,0,0,0,0,0,0,0,0,0,0,0,0,0,0,0,0,0,0,0,0,0,0,0,0,0,0,0,0,0",3,fixed_target_router,1.1417632302757879,1.1467658139494326,0.0050025836736447005,353.15,4,160.0,
10.1016/0378-7753(91)80004-H,"10.1016/0378-7753(91)80004-H|LiN(CF3SO2)2|1|mol/l|v|0,0,0,0,0,0.5,0,0,0,0,0,0,0,0,0,0,0,0,0,0,0,0,0,0,0,0,0,0,0,0,0,0.5,0,0,0,0,0,0",3,fixed_target_router,1.4053463601757088,1.4438884234979885,0.03854206332227972,353.15,4,160.0,
10.1016/0378-7753(91)80004-H,"10.1016/0378-7753(91)80004-H|LiN(CF3SO2)2|1|mol/l|v|0,0.5,0,0,0,0.5,0,0,0,0,0,0,0,0,0,0,0,0,0,0,0,0,0,0,0,0,0,0,0,0,0,0,0,0,0,0,0,0",3,fixed_target_router,1.3856062735983121,1.3889597017593418,0.0033534281610296812,353.15,4,160.0,
10.1016/0378-7753(91)80004-H,"10.1016/0378-7753(91)80004-H|LiN(CF3SO2)2|1|mol/l|v|0.5,0,0,0,0,0.5,0,0,0,0,0,0,0,0,0,0,0,0,0,0,0,0,0,0,0,0,0,0,0,0,0,0,0,0,0,0,0,0",3,fixed_target_router,1.4144719496293028,1.4504022197228827,0.035930270093579963,353.15,4,160.0,
10.1016/0378-7753(91)80004-H,"10.1016/0378-7753(91)80004-H|LiN(CF3SO2)2|1|mol/l|v|0.5,0,0,0,0,0,0,0,0,0,0,0,0,0,0,0,0,0,0,0,0,0,0,0,0,0,0,0,0,0.5,0,0,0,0,0,0,0,0",3,fixed_target_router,1.2893659515200318,1.2827926646096572,0.0065732869103745095,353.15,4,160.0,
10.1016/0378-7753(91)80004-H,"10.1016/0378-7753(91)80004-H|LiBF4|1|mol/l|v|0.5,0.5,0,0,0,0,0,0,0,0,0,0,0,0,0,0,0,0,0,0,0,0,0,0,0,0,0,0,0,0,0,0,0,0,0,0,0,0",3,fixed_target_router,1.0330214446829107,1.047786789087715,0.01476534440480437,353.15,4,160.0,
10.1016/0378-7753(91)80004-H,"10.1016/0378-7753(91)80004-H|LiBF4|0.5|mol/l|v|0,0,0,0,0,0,0,0,0,0,0,0,0,0,0,0,0,0,0,0,0.5,0,0.5,0,0,0,0,0,0,0,0,0,0,0,0,0,0,0",3,fixed_target_router,0.21484384804769785,2.0873129711381524,1.8724691230904544,353.15,4,160.0,
10.1016/0378-7753(91)80004-H,"10.1016/0378-7753(91)80004-H|LiAsF6|1|mol/l|v|0,0,0,0,0,0,0,0,0,0,0,0,0,0,1,0,0,0,0,0,0,0,0,0,0,0,0,0,0,0,0,0,0,0,0,0,0,0",4,fixed_target_router,0.436162647040756,0.43477877146968397,0.0013838755710720574,293.15,4,160.0,
10.1016/0378-7753(91)80004-H,"10.1016/0378-7753(91)80004-H|LiAsF6|1|mol/l|v|0.15,0.15,0,0,0,0.35,0,0,0,0,0,0,0,0,0.35,0,0,0,0,0,0,0,0,0,0,0,0,0,0,0,0,0,0,0,0,0,0,0",4,fixed_target_router,1.4940153747571439,1.4810939432041184,0.012921431553025498,353.15,4,160.0,
10.1016/0378-7753(91)80004-H,"10.1016/0378-7753(91)80004-H|LiAsF6|1|mol/l|v|0.125,0.125,0,0,0,0.25,0,0,0,0,0,0,0,0,0.5,0,0,0,0,0,0,0,0,0,0,0,0,0,0,0,0,0,0,0,0,0,0,0",4,fixed_target_router,1.4379090355394983,1.4218587462081351,0.01605028933136321,353.15,4,160.0,
10.1016/0378-7753(91)80004-H,"10.1016/0378-7753(91)80004-H|LiAsF6|1|mol/l|v|0.25,0.25,0,0,0,0.25,0,0,0,0,0,0,0,0,0.25,0,0,0,0,0,0,0,0,0,0,0,0,0,0,0,0,0,0,0,0,0,0,0",4,fixed_target_router,1.4679039465228003,1.4579489012454316,0.00995504527736868,353.15,4,160.0,
10.1016/0378-7753(91)80004-H,"10.1016/0378-7753(91)80004-H|LiAsF6|1|mol/l|v|0.125,0.125,0,0,0,0,0,0,0,0,0,0,0,0,0.25,0.5,0,0,0,0,0,0,0,0,0,0,0,0,0,0,0,0,0,0,0,0,0,0",4,fixed_target_router,1.1085650237328344,1.0982095718912677,0.01035545184156672,313.15,4,160.0,
10.1016/0378-7753(91)80004-H,"10.1016/0378-7753(91)80004-H|LiAsF6|1|mol/l|v|0.075,0.075,0,0,0,0,0,0,0,0,0,0,0,0,0.15,0,0,0.7,0,0,0,0,0,0,0,0,0,0,0,0,0,0,0,0,0,0,0,0",4,fixed_target_router,0.8785217955012065,0.8605322606881523,0.01798953481305421,293.15,4,160.0,
10.1016/0378-7753(91)80004-H,"10.1016/0378-7753(91)80004-H|LiAsF6|1|mol/l|v|0.125,0.125,0,0,0,0,0,0,0,0,0,0,0,0,0.25,0,0,0.5,0,0,0,0,0,0,0,0,0,0,0,0,0,0,0,0,0,0,0,0",4,fixed_target_router,1.0622058088197126,1.0501914379332598,0.012014370886452852,293.15,4,160.0,
10.1016/0378-7753(91)80004-H,"10.1016/0378-7753(91)80004-H|LiAsF6|1|mol/l|v|0.175,0.175,0,0,0,0,0,0,0,0,0,0,0,0,0.35,0,0,0.3,0,0,0,0,0,0,0,0,0,0,0,0,0,0,0,0,0,0,0,0",4,fixed_target_router,1.0499928569201427,1.015341773062075,0.03465108385806759,293.15,4,160.0,
10.1016/0378-7753(91)80004-H,"10.1016/0378-7753(91)80004-H|LiAsF6|0.5|mol/l|v|0.125,0.125,0,0,0,0,0,0,0,0,0,0,0,0,0.75,0,0,0,0,0,0,0,0,0,0,0,0,0,0,0,0,0,0,0,0,0,0,0",4,fixed_target_router,1.224014811372864,1.1907434891537485,0.03327132221911544,353.15,4,160.0,
10.1016/0378-7753(91)80004-H,"10.1016/0378-7753(91)80004-H|LiAsF6|2|mol/l|v|0.125,0.125,0,0,0,0,0,0,0,0,0,0,0,0,0.75,0,0,0,0,0,0,0,0,0,0,0,0,0,0,0,0,0,0,0,0,0,0,0",4,fixed_target_router,0.7307822756663892,1.1955571456547374,0.46477486998834816,353.15,4,160.0,
10.1016/0378-7753(91)80004-H,"10.1016/0378-7753(91)80004-H|LiAsF6|1|mol/l|v|0.175,0.175,0,0,0,0,0,0,0,0,0,0,0,0,0.35,0,0,0,0.3,0,0,0,0,0,0,0,0,0,0,0,0,0,0,0,0,0,0,0",4,fixed_target_router,1.3911116137028026,1.3784534423126682,0.012658171390134365,353.15,4,160.0,
10.1016/0378-7753(91)80004-H,"10.1016/0378-7753(91)80004-H|LiAsF6|1|mol/l|v|0.075,0.075,0,0,0,0,0,0,0,0,0,0,0,0,0.15,0,0,0,0.7,0,0,0,0,0,0,0,0,0,0,0,0,0,0,0,0,0,0,0",4,fixed_target_router,1.376576957056512,1.3732923011040334,0.003284655952478621,353.15,4,160.0,
10.1016/0378-7753(91)80004-H,"10.1016/0378-7753(91)80004-H|LiAsF6|1|mol/l|v|0.175,0.175,0,0,0,0,0,0,0,0,0,0,0,0,0.35,0,0,0,0,0.3,0,0,0,0,0,0,0,0,0,0,0,0,0,0,0,0,0,0",4,fixed_target_router,0.8976270912904415,0.899769107786633,0.002142016496191501,293.15,4,160.0,
10.1016/0378-7753(91)80004-H,"10.1016/0378-7753(91)80004-H|LiAsF6|3|mol/l|v|0.125,0.125,0,0,0,0,0,0,0,0,0,0,0,0,0.75,0,0,0,0,0,0,0,0,0,0,0,0,0,0,0,0,0,0,0,0,0,0,0",4,fixed_target_router,0.9804578922761001,1.0233182806345706,0.0428603883584705,353.15,4,160.0,
10.1016/0378-7753(91)80004-H,"10.1016/0378-7753(91)80004-H|LiAsF6|1|mol/l|v|0,0,0,0,0,0,0,0,0,0,0,0,0,0,0.5,0,0.5,0,0,0,0,0,0,0,0,0,0,0,0,0,0,0,0,0,0,0,0,0",4,fixed_target_router,1.1559430179718369,0.9883928053031918,0.167550212668645,293.15,4,160.0,
10.1016/0378-7753(91)80004-H,"10.1016/0378-7753(91)80004-H|LiAsF6|1|mol/l|v|0.375,0.375,0,0,0,0,0,0,0,0,0,0,0,0,0.25,0,0,0,0,0,0,0,0,0,0,0,0,0,0,0,0,0,0,0,0,0,0,0",4,fixed_target_router,1.3031960574204888,1.2945418533968636,0.008654204023625267,353.15,4,160.0,
10.1016/0378-7753(91)80004-H,"10.1016/0378-7753(91)80004-H|LiAsF6|1|mol/l|v|0,0,0,0,0,0,0,0,0,0,0,0,0,0,0.7,0,0,0.3,0,0,0,0,0,0,0,0,0,0,0,0,0,0,0,0,0,0,0,0",4,fixed_target_router,0.6473829701146199,0.6265353619655801,0.020847608149039742,293.15,4,160.0,
10.1016/0378-7753(91)80004-H,"10.1016/0378-7753(91)80004-H|LiAsF6|1|mol/l|v|0,0,0,0,0,0,0,0,0,0,0,0,0,0,0.5,0,0,0,0,0,0.5,0,0,0,0,0,0,0,0,0,0,0,0,0,0,0,0,0",4,fixed_target_router,1.0666985504229953,1.0576658965349308,0.009032653888064512,353.15,4,160.0,
10.1016/0378-7753(91)80004-H,"10.1016/0378-7753(91)80004-H|LiAsF6|1|mol/l|v|0,0,0,0,0,0,0,0,0,0,0,0,0,0,0,0,0,0,0,0.4,0,0,0,0,0,0.6,0,0,0,0,0,0,0,0,0,0,0,0",4,fixed_target_router,0.8394780473741984,0.8581996745449325,0.018721627170734112,353.15,4,160.0,
10.1016/0378-7753(91)80004-H,"10.1016/0378-7753(91)80004-H|LiAsF6|1|mol/l|v|0.25,0.25,0,0,0,0.5,0,0,0,0,0,0,0,0,0,0,0,0,0,0,0,0,0,0,0,0,0,0,0,0,0,0,0,0,0,0,0,0",4,fixed_target_router,1.4974825373673704,1.4916971149445868,0.0057854224227835704,353.15,4,160.0,
10.1016/0378-7753(91)80004-H,"10.1016/0378-7753(91)80004-H|LiAsF6|1|mol/l|v|0,0,0,0,0,0.15,0,0,0,0,0,0,0,0,0,0,0,0,0,0,0.5,0,0.35,0,0,0,0,0,0,0,0,0,0,0,0,0,0,0",4,fixed_target_router,1.0913151596972228,1.1086964042325784,0.01738124453535561,353.15,4,160.0,
10.1016/0378-7753(91)80004-H,"10.1016/0378-7753(91)80004-H|LiAsF6|1|mol/l|v|0,0,0,0,0,0.25,0,0,0,0,0,0,0,0,0,0,0,0,0,0,0.5,0,0.25,0,0,0,0,0,0,0,0,0,0,0,0,0,0,0",4,fixed_target_router,1.1583624920952498,1.1604457235851795,0.0020832314899297266,353.15,4,160.0,
10.1016/0378-7753(91)80004-H,"10.1016/0378-7753(91)80004-H|LiAsF6|1|mol/l|v|0,0,0,0,0,0,0,0,0,0,0,0,0,0,0,0,0,0,0,0,0,0,0,0,0,0,0,0,0,0,0,1,0,0,0,0,0,0",4,fixed_target_router,1.371806458507416,1.3677703467432396,0.004036111764176287,353.15,4,160.0,
10.1016/0378-7753(91)80004-H,"10.1016/0378-7753(91)80004-H|LiAsF6|1|mol/l|v|0,0,0,0,0,0.5,0,0,0,0,0,0,0,0,0,0,0,0,0,0,0,0,0,0,0,0,0,0,0,0,0,0.5,0,0,0,0,0,0",4,fixed_target_router,1.5092025223311027,1.495401423955718,0.01380109837538468,353.15,4,160.0,
10.1016/0378-7753(91)80004-H,"10.1016/0378-7753(91)80004-H|LiAsF6|1|mol/l|v|0,0,0,0,0,0,0,0,0,0,0,0,0,0,0,0,0,0,0,0,0,0,0,0,0,0,0,0,0,0.5,0,0.5,0,0,0,0,0,0",4,fixed_target_router,1.3725438007590702,1.3670296278479679,0.005514172911102344,353.15,4,160.0,
10.1016/0378-7753(91)80004-H,"10.1016/0378-7753(91)80004-H|LiAsF6|0.75|mol/l|v|0,0,0,0,0,0,0,0,0,0,0,0,0,0,0,0,0,0,0,0,0.5,0,0.25,0,0,0,0,0,0,0,0,0,0.25,0,0,0,0,0",4,fixed_target_router,0.9694159123539814,0.9718426606147048,0.0024267482607234214,353.15,4,160.0,
10.1016/0378-7753(91)80004-H,"10.1016/0378-7753(91)80004-H|LiAsF6|1|mol/l|v|0,0,0,0,0,0.25,0,0,0,0,0,0,0,0,0,0,0,0,0,0,0.5,0.25,0,0,0,0,0,0,0,0,0,0,0,0,0,0,0,0",4,fixed_target_router,1.199480914862356,1.1947921795055285,0.004688735356827456,353.15,4,160.0,
10.1016/0378-7753(91)80004-H,"10.1016/0378-7753(91)80004-H|LiAsF6|4|mol/l|v|0.25,0.25,0,0,0,0.5,0,0,0,0,0,0,0,0,0,0,0,0,0,0,0,0,0,0,0,0,0,0,0,0,0,0,0,0,0,0,0,0",4,fixed_target_router,1.318897714627487,1.5137209903361653,0.1948232757086783,353.15,4,160.0,
10.1016/0378-7753(91)80004-H,"10.1016/0378-7753(91)80004-H|LiAsF6|1|mol/l|v|0,0.5,0,0,0,0.5,0,0,0,0,0,0,0,0,0,0,0,0,0,0,0,0,0,0,0,0,0,0,0,0,0,0,0,0,0,0,0,0",4,fixed_target_router,1.4499409887733377,1.4667142330353735,0.016773244262035858,353.15,4,160.0,
10.1016/0378-7753(91)80004-H,"10.1016/0378-7753(91)80004-H|LiAsF6|4|mol/l|v|0,0.5,0,0,0,0.5,0,0,0,0,0,0,0,0,0,0,0,0,0,0,0,0,0,0,0,0,0,0,0,0,0,0,0,0,0,0,0,0",4,fixed_target_router,1.2898118391176214,1.4398147248338602,0.15000288571623877,353.15,4,160.0,
10.1016/0378-7753(91)80004-H,"10.1016/0378-7753(91)80004-H|LiAsF6|1|mol/l|v|0,0,0,0,0,0,0,0,0,0,0,0,0,0,0,0,0,0,0,0,0,0,0,0,0,1,0,0,0,0,0,0,0,0,0,0,0,0",4,fixed_target_router,0.8142475957319202,0.8638607712448263,0.049613175512906116,353.15,4,160.0,
10.1016/0378-7753(91)80004-H,"10.1016/0378-7753(91)80004-H|LiAsF6|1|mol/l|v|0,0,0,0,0,0,0,0,0,0,0,0,0,0,0,0,0,0,0,0,0.5,0.25,0,0,0,0,0.25,0,0,0,0,0,0,0,0,0,0,0",4,fixed_target_router,1.0546130545568877,1.0667167280060745,0.012103673449186836,353.15,4,160.0,
10.1016/0378-7753(91)80004-H,"10.1016/0378-7753(91)80004-H|LiAsF6|1|mol/l|v|0.5,0,0,0,0,0.5,0,0,0,0,0,0,0,0,0,0,0,0,0,0,0,0,0,0,0,0,0,0,0,0,0,0,0,0,0,0,0,0",4,fixed_target_router,1.5128177585648732,1.5032389345498212,0.009578824015052056,353.15,4,160.0,
10.1016/0378-7753(91)80004-H,"10.1016/0378-7753(91)80004-H|LiAsF6|1|mol/l|v|0,0,0,0,0,0.5,0,0,0,0,0,0,0,0,0,0,0,0,0,0,0.5,0,0,0,0,0,0,0,0,0,0,0,0,0,0,0,0,0",4,fixed_target_router,1.2778383330020475,1.2280044341391494,0.04983389886289813,353.15,4,160.0,
10.1016/0378-7753(91)80004-H,"10.1016/0378-7753(91)80004-H|LiAsF6|1|mol/l|v|0,0,0,0,0,0.6,0,0,0,0,0,0,0,0,0,0,0,0,0,0,0.4,0,0,0,0,0,0,0,0,0,0,0,0,0,0,0,0,0",4,fixed_target_router,1.2301933788690456,1.2729168800705009,0.042723501201455294,353.15,4,160.0,
10.1016/0378-7753(91)80004-H,"10.1016/0378-7753(91)80004-H|LiAsF6|1|mol/l|v|0,0,0,0,0,0,0,0,0,0,0,0,0,0,0,0,0,0,0,0,0,0,0,0,0,0,0,1,0,0,0,0,0,0,0,0,0,0",4,fixed_target_router,1.5809249756756194,1.5562022842578878,0.024722691417731646,353.15,4,160.0,
10.1016/0378-7753(91)80004-H,"10.1016/0378-7753(91)80004-H|LiAsF6|1|mol/l|v|0.25,0.25,0,0,0,0,0,0,0,0,0,0,0,0,0,0,0,0,0,0,0,0.5,0,0,0,0,0,0,0,0,0,0,0,0,0,0,0,0",4,fixed_target_router,1.3412366232386923,1.3450254874954237,0.003788864256731417,353.15,4,160.0,
10.1016/0378-7753(91)80004-H,"10.1016/0378-7753(91)80004-H|LiAsF6|1|mol/l|v|0.175,0.175,0,0,0,0,0,0,0,0,0,0,0,0,0,0,0,0.3,0.35,0,0,0,0,0,0,0,0,0,0,0,0,0,0,0,0,0,0,0",4,fixed_target_router,1.1637575239819558,1.1338563840965872,0.029901139885368577,293.15,4,160.0,
10.1016/0378-7753(91)80004-H,"10.1016/0378-7753(91)80004-H|LiAsF6|1|mol/l|v|0.125,0.125,0,0,0,0,0,0,0,0,0,0,0,0,0,0,0,0.5,0.25,0,0,0,0,0,0,0,0,0,0,0,0,0,0,0,0,0,0,0",4,fixed_target_router,1.1699681739968923,1.1471557795497163,0.022812394447176088,293.15,4,160.0,
10.1016/0378-7753(91)80004-H,"10.1016/0378-7753(91)80004-H|LiAsF6|1|mol/l|v|0.075,0.075,0,0,0,0,0,0,0,0,0,0,0,0,0,0,0,0.7,0.15,0,0,0,0,0,0,0,0,0,0,0,0,0,0,0,0,0,0,0",4,fixed_target_router,1.0220157398177203,1.007561553829913,0.014454185987807344,293.15,4,160.0,
10.1016/0378-7753(91)80004-H,"10.1016/0378-7753(91)80004-H|LiAsF6|1|mol/l|v|0.35,0.35,0,0,0,0,0,0,0,0,0,0,0,0,0,0,0,0.3,0,0,0,0,0,0,0,0,0,0,0,0,0,0,0,0,0,0,0,0",4,fixed_target_router,0.9694159123539814,0.9719042472959831,0.0024883349420017353,293.15,4,160.0,
10.1016/0378-7753(91)80004-H,"10.1016/0378-7753(91)80004-H|LiAsF6|0.5|mol/l|v|0.15,0.85,0,0,0,0,0,0,0,0,0,0,0,0,0,0,0,0,0,0,0,0,0,0,0,0,0,0,0,0,0,0,0,0,0,0,0,0",4,fixed_target_router,1.1264561134318043,1.111389487834982,0.01506662559682237,353.15,4,160.0,
10.1016/0378-7753(91)80004-H,"10.1016/0378-7753(91)80004-H|LiAsF6|1|mol/l|v|0.15,0.85,0,0,0,0,0,0,0,0,0,0,0,0,0,0,0,0,0,0,0,0,0,0,0,0,0,0,0,0,0,0,0,0,0,0,0,0",4,fixed_target_router,1.2296818423176759,1.239974720330512,0.010292878012836182,353.15,4,160.0,
10.1016/0378-7753(91)80004-H,"10.1016/0378-7753(91)80004-H|LiAsF6|1.5|mol/l|v|0.15,0.85,0,0,0,0,0,0,0,0,0,0,0,0,0,0,0,0,0,0,0,0,0,0,0,0,0,0,0,0,0,0,0,0,0,0,0,0",4,fixed_target_router,1.1992064791616577,1.244495652245641,0.04528917308398328,353.15,4,160.0,
10.1016/0378-7753(91)80004-H,"10.1016/0378-7753(91)80004-H|LiAsF6|1|mol/l|v|0.25,0.25,0,0,0,0,0,0,0,0,0,0,0,0,0,0,0,0,0,0,0,0,0.5,0,0,0,0,0,0,0,0,0,0,0,0,0,0,0",4,fixed_target_router,1.2622137054764169,1.2781571029189147,0.015943397442497842,353.15,4,160.0,
10.1016/0378-7753(91)80004-H,"10.1016/0378-7753(91)80004-H|LiAsF6|1|mol/l|v|0.25,0,0,0,0,0,0,0,0,0,0,0,0,0,0,0,0,0,0,0,0.5,0,0.25,0,0,0,0,0,0,0,0,0,0,0,0,0,0,0",4,fixed_target_router,1.1132746924643504,1.1197985634829477,0.006523871018597305,353.15,4,160.0,
10.1016/0378-7753(91)80004-H,"10.1016/0378-7753(91)80004-H|LiAsF6|1|mol/l|v|0.1,0,0,0,0,0,0,0,0,0,0,0,0,0,0,0,0,0,0,0,0.45,0,0.45,0,0,0,0,0,0,0,0,0,0,0,0,0,0,0",4,fixed_target_router,1.06781451116184,1.0895082434969339,0.021693732335093863,353.15,4,160.0,
10.1016/0378-7753(91)80004-H,"10.1016/0378-7753(91)80004-H|LiAsF6|1.5|mol/l|v|0.5,0.5,0,0,0,0,0,0,0,0,0,0,0,0,0,0,0,0,0,0,0,0,0,0,0,0,0,0,0,0,0,0,0,0,0,0,0,0",4,fixed_target_router,1.2390490931401914,1.2848468220993723,0.04579772895918088,353.15,4,160.0,
10.1016/0378-7753(91)80004-H,"10.1016/0378-7753(91)80004-H|LiAsF6|1|mol/l|v|0,0,0,0,0,0,0,0,0,0,0,0,0,0,0,0,0,0,0,0,0.5,0,0,0,0,0,0.5,0,0,0,0,0,0,0,0,0,0,0",4,fixed_target_router,1.0666985504229953,1.0266285168088896,0.04007003361410577,353.15,4,160.0,
10.1016/0378-7753(91)80004-H,"10.1016/0378-7753(91)80004-H|LiAsF6|0.5|mol/l|v|0.5,0.5,0,0,0,0,0,0,0,0,0,0,0,0,0,0,0,0,0,0,0,0,0,0,0,0,0,0,0,0,0,0,0,0,0,0,0,0",4,fixed_target_router,1.161966616364075,1.157995220994918,0.003971395369156916,353.15,4,160.0,
10.1016/0378-7753(91)80004-H,"10.1016/0378-7753(91)80004-H|LiAsF6|1|mol/l|v|0.5,0.5,0,0,0,0,0,0,0,0,0,0,0,0,0,0,0,0,0,0,0,0,0,0,0,0,0,0,0,0,0,0,0,0,0,0,0,0",4,fixed_target_router,1.266936911159173,1.277310750448264,0.010373839289090858,353.15,4,160.0,
10.1016/0378-7753(91)80004-H,"10.1016/0378-7753(91)80004-H|LiAsF6|2|mol/l|v|0.15,0.85,0,0,0,0,0,0,0,0,0,0,0,0,0,0,0,0,0,0,0,0,0,0,0,0,0,0,0,0,0,0,0,0,0,0,0,0",4,fixed_target_router,1.0874264570362855,1.2092232454917244,0.12179678845543895,353.15,4,160.0,
10.1016/0378-7753(91)80004-H,"10.1016/0378-7753(91)80004-H|LiAsF6|2|mol/l|v|0.5,0.5,0,0,0,0,0,0,0,0,0,0,0,0,0,0,0,0,0,0,0,0,0,0,0,0,0,0,0,0,0,0,0,0,0,0,0,0",4,fixed_target_router,1.1430148002540952,1.2654401850753692,0.12242538482127396,353.15,4,160.0,
10.1016/0378-7753(91)80004-H,"10.1016/0378-7753(91)80004-H|LiAsF6|1|mol/l|v|0.25,0,0,0,0,0,0,0,0,0,0,0,0,0,0,0,0,0,0,0,0.25,0,0.5,0,0,0,0,0,0,0,0,0,0,0,0,0,0,0",4,fixed_target_router,1.1661339703051092,1.1916138840663182,0.02547991376120895,353.15,4,160.0,
10.1016/0378-7753(91)80004-H,"10.1016/0378-7753(91)80004-H|LiAsF6|0.75|mol/l|v|0,0,0,0,0,0,0,0,0,0,0,0,0,0,0,0,0,0,0,0,0.5,0,0.25,0,0,0,0,0,0.25,0,0,0,0,0,0,0,0,0",4,fixed_target_router,1.0086001717619175,0.9898393584586187,0.018760813303298818,353.15,4,160.0,
10.1016/0378-7753(91)80004-H,"10.1016/0378-7753(91)80004-H|LiAsF6|1|mol/l|v|0.7,0.3,0,0,0,0,0,0,0,0,0,0,0,0,0,0,0,0,0,0,0,0,0,0,0,0,0,0,0,0,0,0,0,0,0,0,0,0",4,fixed_target_router,1.2773799746672547,1.2895537316490946,0.012173756981839867,353.15,4,160.0,
10.1016/0378-7753(91)80004-H,"10.1016/0378-7753(91)80004-H|LiAsF6|3|mol/l|v|0.5,0.5,0,0,0,0,0,0,0,0,0,0,0,0,0,0,0,0,0,0,0,0,0,0,0,0,0,0,0,0,0,0,0,0,0,0,0,0",4,fixed_target_router,1.0503797562614579,1.3190395683061786,0.2686598120447208,353.15,4,160.0,
10.1016/0378-7753(91)80004-H,"10.1016/0378-7753(91)80004-H|LiAsF6|1|mol/l|v|0.375,0.375,0,0,0,0,0,0,0,0,0,0,0,0,0,0,0,0,0,0.25,0,0,0,0,0,0,0,0,0,0,0,0,0,0,0,0,0,0",4,fixed_target_router,1.2489536154957075,1.2533449181039376,0.004391302608230063,353.15,4,160.0,
10.1016/0378-7753(91)80004-H,"10.1016/0378-7753(91)80004-H|LiAsF6|1|mol/l|v|0.5,0,0,0,0,0,0,0,0,0,0,0,0,0,0,0,0,0,0,0,0,0,0.5,0,0,0,0,0,0,0,0,0,0,0,0,0,0,0",4,fixed_target_router,1.2953471483336179,1.3092642336579348,0.013917085324316902,353.15,4,160.0,
10.1016/0378-7753(91)80004-H,"10.1016/0378-7753(91)80004-H|LiAsF6|1|mol/l|v|0,0.7,0,0,0,0,0,0,0,0,0,0,0,0,0,0,0,0.3,0,0,0,0,0,0,0,0,0,0,0,0,0,0,0,0,0,0,0,0",4,fixed_target_router,0.9329808219231982,0.854535082125934,0.07844573979726421,293.15,4,160.0,
10.1016/0378-7753(91)80004-H,"10.1016/0378-7753(91)80004-H|LiAsF6|1|mol/l|v|0,0.5,0,0,0,0,0,0,0,0,0,0,0,0,0,0,0,0.5,0,0,0,0,0,0,0,0,0,0,0,0,0,0,0,0,0,0,0,0",4,fixed_target_router,0.9925535178321356,0.9087438541322944,0.08380966369984122,293.15,4,160.0,
10.1016/0378-7753(91)80004-H,"10.1016/0378-7753(91)80004-H|LiAsF6|1|mol/l|v|0,0,0,0,0,0,0,0,0,0,0,0,0,0,0,0,0,0.5,0.5,0,0,0,0,0,0,0,0,0,0,0,0,0,0,0,0,0,0,0",4,fixed_target_router,1.1778249718646818,1.2054847391535926,0.02765976728891073,293.15,4,160.0,
10.1016/0378-7753(91)80004-H,"10.1016/0378-7753(91)80004-H|LiAsF6|1|mol/l|v|0,0,0,0,0,0,0,0,0,0,0,0,0,0,0,0,0,0.7,0.3,0,0,0,0,0,0,0,0,0,0,0,0,0,0,0,0,0,0,0",4,fixed_target_router,0.9916690073799486,1.0122337016685412,0.020564694288592644,293.15,4,160.0,
10.1016/0378-7753(91)80004-H,"10.1016/0378-7753(91)80004-H|LiAsF6|1|mol/l|v|0,1,0,0,0,0,0,0,0,0,0,0,0,0,0,0,0,0,0,0,0,0,0,0,0,0,0,0,0,0,0,0,0,0,0,0,0,0",4,fixed_target_router,1.2190603324488614,1.2257822380788252,0.006721905629963887,353.15,4,160.0,
10.1016/0378-7753(91)80004-H,"10.1016/0378-7753(91)80004-H|LiAsF6|1|mol/l|v|0,0,0,0,0,0,0,0,0,0,0,0,0,0,0,0,0,0.3,0.7,0,0,0,0,0,0,0,0,0,0,0,0,0,0,0,0,0,0,0",4,fixed_target_router,1.1634595517699902,1.1638215475086648,0.0003619957386746808,293.15,4,160.0,
10.1016/0378-7753(91)80004-H,"10.1016/0378-7753(91)80004-H|LiAsF6|1|mol/l|v|0,0,0,0,0,0,0,0,0,0,0,0,0,0,0,0,0,0.25,0,0,0.5,0,0.25,0,0,0,0,0,0,0,0,0,0,0,0,0,0,0",4,fixed_target_router,1.1271047983648077,1.201775634005458,0.07467083564065025,353.15,4,160.0,
10.1016/0378-7753(91)80004-H,"10.1016/0378-7753(91)80004-H|LiAsF6|1|mol/l|v|0,0.7,0,0,0,0,0,0,0,0,0,0,0,0,0,0,0,0,0,0.3,0,0,0,0,0,0,0,0,0,0,0,0,0,0,0,0,0,0",4,fixed_target_router,0.75815462196739,0.6767629009566243,0.08139172101076575,293.15,4,160.0,
10.1016/0378-7753(91)80004-H,"10.1016/0378-7753(91)80004-H|LiAsF6|1|mol/l|v|0,0,0,0,0,0,0,0,0,0,0,0,0,0,0,0,0,0,0,0,0.5,0,0,0,0,0.5,0,0,0,0,0,0,0,0,0,0,0,0",4,fixed_target_router,0.8543060418010806,0.8749160998006129,0.020610057999532305,353.15,4,160.0,
10.1016/0378-7753(91)80004-H,"10.1016/0378-7753(91)80004-H|LiAsF6|1|mol/l|v|0,0.5,0,0,0,0,0,0,0,0,0,0,0,0,0,0,0,0,0,0,0.5,0,0,0,0,0,0,0,0,0,0,0,0,0,0,0,0,0",4,fixed_target_router,1.100370545117563,1.1101012779526174,0.009730732835054434,353.15,4,160.0,
10.1016/0378-7753(91)80004-H,"10.1016/0378-7753(91)80004-H|LiAsF6|1|mol/l|v|0,0.1,0,0,0,0,0,0,0,0,0,0,0,0,0,0,0,0,0,0,0.45,0,0.45,0,0,0,0,0,0,0,0,0,0,0,0,0,0,0",4,fixed_target_router,1.0614524790871933,1.088714773803029,0.027262294715835633,353.15,4,160.0,
10.1016/0378-7753(91)80004-H,"10.1016/0378-7753(91)80004-H|LiAsF6|1|mol/l|v|0,0,0,0,0,0,0,0,0,0,0,0,0,0,0,0,0,0,0,0,1,0,0,0,0,0,0,0,0,0,0,0,0,0,0,0,0,0",4,fixed_target_router,0.9014583213961124,0.8625689242202645,0.03888939717584783,353.15,4,160.0,
10.1016/0378-7753(91)80004-H,"10.1016/0378-7753(91)80004-H|LiAsF6|1|mol/l|v|0,0,0,0,0,0,0,0,0,0,0,0,0,0,0,0,0,0,1,0,0,0,0,0,0,0,0,0,0,0,0,0,0,0,0,0,0,0",4,fixed_target_router,1.1095785469043866,1.2345239016519503,0.12494535474756363,293.15,4,160.0,
10.1016/0378-7753(91)80004-H,"10.1016/0378-7753(91)80004-H|LiAsF6|0.75|mol/l|v|0,0,0,0,0,0,0,0,0,0,0,0,0,0,0,0,0,0,0,0,0.5,0,0.5,0,0,0,0,0,0,0,0,0,0,0,0,0,0,0",4,fixed_target_router,0.9652017010259121,0.9806001143815246,0.015398413355612539,353.15,4,160.0,
10.1016/0378-7753(91)80004-H,"10.1016/0378-7753(91)80004-H|LiAsF6|0.5|mol/l|v|0,0,0,0,0,0,0,0,0,0,0,0,0,0,0,0,0,0,0,0,0.5,0,0,0.5,0,0,0,0,0,0,0,0,0,0,0,0,0,0",4,fixed_target_router,0.8202014594856403,0.8407476850382287,0.02054622555258845,353.15,4,160.0,
10.1016/0378-7753(91)80004-H,"10.1016/0378-7753(91)80004-H|LiAsF6|1|mol/l|v|0,0,0,0,0,0,0,0,0,0,0,0,0,0,0,0,0,0,0,0,0.75,0,0.25,0,0,0,0,0,0,0,0,0,0,0,0,0,0,0",4,fixed_target_router,0.9400181550076633,0.9398906371677462,0.00012751783991704624,353.15,4,160.0,
10.1016/0378-7753(91)80004-H,"10.1016/0378-7753(91)80004-H|LiAsF6|2|mol/l|v|0,0,0,0,0,0,0,0,0,0,0,0,0,0,0,0,0,0,0,0,0.5,0,0.5,0,0,0,0,0,0,0,0,0,0,0,0,0,0,0",4,fixed_target_router,0.909020854211156,0.9369741665470035,0.027953312335847524,353.15,4,160.0,
10.1016/0378-7753(91)80004-H,"10.1016/0378-7753(91)80004-H|LiAsF6|0.75|mol/l|v|0,0,0,0,0,0,0,0,0,0,0,0,0,0,0,0,0,0,0,0,0.5,0,0.25,0,0,0,0,0,0,0,0,0,0,0,0,0,0.25,0",4,fixed_target_router,1.0068937079479006,1.0141570370883426,0.007263329140442032,353.15,4,160.0,
10.1016/0378-7753(91)80004-H,"10.1016/0378-7753(91)80004-H|LiAsF6|0.75|mol/l|v|0,0,0,0,0,0,0,0,0,0,0,0,0,0,0,0,0,0,0,0,0.5,0,0.25,0,0,0,0,0,0,0,0,0,0,0,0,0,0,0.25",4,fixed_target_router,0.9703468762300933,0.9797471015918144,0.009400225361721137,353.15,4,160.0,
10.1016/0378-7753(91)80004-H,"10.1016/0378-7753(91)80004-H|LiAsF6|0.75|mol/l|v|0,0,0,0,0,0,0,0,0,0,0,0,0,0,0,0,0,0,0,0,0.5,0,0,0.5,0,0,0,0,0,0,0,0,0,0,0,0,0,0",4,fixed_target_router,0.8992731873176038,0.9353881315733525,0.03611494425574879,353.15,4,160.0,
10.1016/0378-7753(91)80004-H,"10.1016/0378-7753(91)80004-H|LiAsF6|1|mol/l|v|0,0,0,0,0,0,0,0,0,0,0,0,0,0,0,0,0,0,0,0,0.25,0,0,0.75,0,0,0,0,0,0,0,0,0,0,0,0,0,0",4,fixed_target_router,0.9390197764486664,0.9737688579974557,0.03474908154878931,353.15,4,160.0,
10.1016/0378-7753(91)80004-H,"10.1016/0378-7753(91)80004-H|LiAsF6|0.75|mol/l|v|0,0,0,0,0,0,0,0,0,0,0,0,0,0,0,0,0,0,0,0.25,0.5,0,0.25,0,0,0,0,0,0,0,0,0,0,0,0,0,0,0",4,fixed_target_router,1.0342272607705507,1.039892683715533,0.005665422944982179,353.15,4,160.0,
10.1016/0378-7753(91)80004-H,"10.1016/0378-7753(91)80004-H|LiAsF6|1|mol/l|v|0,0,0,0,0,0,0,0,0,0,0,0,0,0,0,0,0,0,0,0.5,0.25,0,0.25,0,0,0,0,0,0,0,0,0,0,0,0,0,0,0",4,fixed_target_router,1.070037866607755,1.0713200141185435,0.0012821475107884783,353.15,4,160.0,
10.1016/0378-7753(91)80004-H,"10.1016/0378-7753(91)80004-H|LiAsF6|1|mol/l|v|0,0,0,0,0,0,0,0,0,0,0,0,0,0,0,0,0,0,0,0,0.25,0,0.75,0,0,0,0,0,0,0,0,0,0,0,0,0,0,0",4,fixed_target_router,1.0253058652647702,1.046882326039189,0.021576460774418882,353.15,4,160.0,
10.1016/0378-7753(91)80004-H,"10.1016/0378-7753(91)80004-H|LiAsF6|0.75|mol/l|v|0,0,0,0,0,0,0,0,0,0,0,0,0,0,0,0,0,0,0,0,0,0,0,0,0,0,0,0,0,0,0,0,0,0,0,1,0,0",4,fixed_target_router,-0.3979400086720376,-0.37772640187737144,0.02021360679466616,353.15,4,160.0,
10.1016/0378-7753(91)80004-H,"10.1016/0378-7753(91)80004-H|LiPF6|1|mol/l|v|0.125,0.125,0,0,0,0,0,0,0,0,0,0,0,0,0.75,0,0,0,0,0,0,0,0,0,0,0,0,0,0,0,0,0,0,0,0,0,0,0",4,fixed_target_router,1.2100508498751372,1.2028226267256845,0.007228223149452706,353.15,4,160.0,
10.1016/0378-7753(91)80004-H,"10.1016/0378-7753(91)80004-H|LiPF6|1|mol/l|v|0.15,0.85,0,0,0,0,0,0,0,0,0,0,0,0,0,0,0,0,0,0,0,0,0,0,0,0,0,0,0,0,0,0,0,0,0,0,0,0",4,fixed_target_router,1.2273724422896362,1.2435003018118498,0.016127859522213628,353.15,4,160.0,
10.1016/0378-7753(91)80004-H,"10.1016/0378-7753(91)80004-H|LiPF6|1|mol/l|v|0.5,0.5,0,0,0,0,0,0,0,0,0,0,0,0,0,0,0,0,0,0,0,0,0,0,0,0,0,0,0,0,0,0,0,0,0,0,0,0",4,fixed_target_router,1.2866809693549301,1.3000488712662868,0.013367901911356617,353.15,4,160.0,
10.1016/0378-7753(91)80004-H,"10.1016/0378-7753(91)80004-H|LiCF3SO3|1|mol/l|v|0.125,0.125,0,0,0,0,0,0,0,0,0,0,0,0,0.75,0,0,0,0,0,0,0,0,0,0,0,0,0,0,0,0,0,0,0,0,0,0,0",4,fixed_target_router,0.5185139398778874,0.46809356158780624,0.05042037829008117,353.15,4,160.0,
10.1016/0378-7753(91)80004-H,"10.1016/0378-7753(91)80004-H|LiCF3SO3|1|mol/l|v|0.5,0.5,0,0,0,0,0,0,0,0,0,0,0,0,0,0,0,0,0,0,0,0,0,0,0,0,0,0,0,0,0,0,0,0,0,0,0,0",4,fixed_target_router,0.8082109729242221,0.7961468963058549,0.01206407661836717,353.15,4,160.0,
10.1016/0378-7753(91)80004-H,"10.1016/0378-7753(91)80004-H|LiCF3SO3|1|mol/l|v|0,0.5,0,0,0,0.5,0,0,0,0,0,0,0,0,0,0,0,0,0,0,0,0,0,0,0,0,0,0,0,0,0,0,0,0,0,0,0,0",4,fixed_target_router,1.0257153839013406,1.0223064432695688,0.003408940631771884,353.15,4,160.0,
10.1016/0378-7753(91)80004-H,"10.1016/0378-7753(91)80004-H|LiCF3SO3|1|mol/l|v|0.5,0,0,0,0,0.5,0,0,0,0,0,0,0,0,0,0,0,0,0,0,0,0,0,0,0,0,0,0,0,0,0,0,0,0,0,0,0,0",4,fixed_target_router,1.123524980942732,1.118101068376042,0.005423912566689948,353.15,4,160.0,
10.1016/0378-7753(91)80004-H,"10.1016/0378-7753(91)80004-H|LiN(CF3SO2)2|1|mol/l|v|0,0,0,0,0,0,0,0,0,0,0,0,0,0,0,0,0,0,0,0,0.5,0,0,0,0,0,0,0,0,0.5,0,0,0,0,0,0,0,0",4,fixed_target_router,1.052693941924968,1.0634605397102725,0.010766597785304644,353.15,4,160.0,
10.1016/0378-7753(91)80004-H,"10.1016/0378-7753(91)80004-H|LiN(CF3SO2)2|1|mol/l|v|0.125,0.125,0,0,0,0,0,0,0,0,0,0,0,0,0.75,0,0,0,0,0,0,0,0,0,0,0,0,0,0,0,0,0,0,0,0,0,0,0",4,fixed_target_router,1.0799044676667207,1.0749240677980656,0.004980399868655061,353.15,4,160.0,
10.1016/0378-7753(91)80004-H,"10.1016/0378-7753(91)80004-H|LiN(CF3SO2)2|1|mol/l|v|0.5,0.5,0,0,0,0,0,0,0,0,0,0,0,0,0,0,0,0,0,0,0,0,0,0,0,0,0,0,0,0,0,0,0,0,0,0,0,0",4,fixed_target_router,1.1417632302757879,1.146657800965507,0.004894570689719213,353.15,4,160.0,
10.1016/0378-7753(91)80004-H,"10.1016/0378-7753(91)80004-H|LiN(CF3SO2)2|1|mol/l|v|0,0,0,0,0,0.5,0,0,0,0,0,0,0,0,0,0,0,0,0,0,0,0,0,0,0,0,0,0,0,0,0,0.5,0,0,0,0,0,0",4,fixed_target_router,1.4053463601757088,1.395427457786825,0.00991890238888371,353.15,4,160.0,
10.1016/0378-7753(91)80004-H,"10.1016/0378-7753(91)80004-H|LiN(CF3SO2)2|1|mol/l|v|0,0.5,0,0,0,0.5,0,0,0,0,0,0,0,0,0,0,0,0,0,0,0,0,0,0,0,0,0,0,0,0,0,0,0,0,0,0,0,0",4,fixed_target_router,1.3856062735983121,1.3856468383341043,4.0564735792170126e-05,353.15,4,160.0,
10.1016/0378-7753(91)80004-H,"10.1016/0378-7753(91)80004-H|LiN(CF3SO2)2|1|mol/l|v|0.5,0,0,0,0,0.5,0,0,0,0,0,0,0,0,0,0,0,0,0,0,0,0,0,0,0,0,0,0,0,0,0,0,0,0,0,0,0,0",4,fixed_target_router,1.4144719496293028,1.4296702101904888,0.015198260561186006,353.15,4,160.0,
10.1016/0378-7753(91)80004-H,"10.1016/0378-7753(91)80004-H|LiN(CF3SO2)2|1|mol/l|v|0.5,0,0,0,0,0,0,0,0,0,0,0,0,0,0,0,0,0,0,0,0,0,0,0,0,0,0,0,0,0.5,0,0,0,0,0,0,0,0",4,fixed_target_router,1.2893659515200318,1.2878043914342057,0.0015615600858260859,353.15,4,160.0,
10.1016/0378-7753(91)80004-H,"10.1016/0378-7753(91)80004-H|LiBF4|1|mol/l|v|0.5,0.5,0,0,0,0,0,0,0,0,0,0,0,0,0,0,0,0,0,0,0,0,0,0,0,0,0,0,0,0,0,0,0,0,0,0,0,0",4,fixed_target_router,1.0330214446829107,1.0421106663886572,0.009089221705746553,353.15,4,160.0,
10.1016/0378-7753(91)80004-H,"10.1016/0378-7753(91)80004-H|LiBF4|0.5|mol/l|v|0,0,0,0,0,0,0,0,0,0,0,0,0,0,0,0,0,0,0,0,0.5,0,0.5,0,0,0,0,0,0,0,0,0,0,0,0,0,0,0",4,fixed_target_router,0.21484384804769785,1.0417228726542727,0.8268790246065748,353.15,4,160.0,
10.1016/0378-7753(91)80004-H,"10.1016/0378-7753(91)80004-H|LiAsF6|1|mol/l|v|0,0,0,0,0,0,0,0,0,0,0,0,0,0,1,0,0,0,0,0,0,0,0,0,0,0,0,0,0,0,0,0,0,0,0,0,0,0",5,fixed_target_router,0.436162647040756,0.4316704767455459,0.004492170295210152,293.15,4,160.0,
10.1016/0378-7753(91)80004-H,"10.1016/0378-7753(91)80004-H|LiAsF6|1|mol/l|v|0.15,0.15,0,0,0,0.35,0,0,0,0,0,0,0,0,0.35,0,0,0,0,0,0,0,0,0,0,0,0,0,0,0,0,0,0,0,0,0,0,0",5,fixed_target_router,1.4940153747571439,1.4872642685678659,0.006751106189277989,353.15,4,160.0,
10.1016/0378-7753(91)80004-H,"10.1016/0378-7753(91)80004-H|LiAsF6|1|mol/l|v|0.125,0.125,0,0,0,0.25,0,0,0,0,0,0,0,0,0.5,0,0,0,0,0,0,0,0,0,0,0,0,0,0,0,0,0,0,0,0,0,0,0",5,fixed_target_router,1.4379090355394983,1.4299718356300635,0.007937199909434867,353.15,4,160.0,
10.1016/0378-7753(91)80004-H,"10.1016/0378-7753(91)80004-H|LiAsF6|1|mol/l|v|0.25,0.25,0,0,0,0.25,0,0,0,0,0,0,0,0,0.25,0,0,0,0,0,0,0,0,0,0,0,0,0,0,0,0,0,0,0,0,0,0,0",5,fixed_target_router,1.4679039465228003,1.4609879922632936,0.006915954259506751,353.15,4,160.0,
10.1016/0378-7753(91)80004-H,"10.1016/0378-7753(91)80004-H|LiAsF6|1|mol/l|v|0.125,0.125,0,0,0,0,0,0,0,0,0,0,0,0,0.25,0.5,0,0,0,0,0,0,0,0,0,0,0,0,0,0,0,0,0,0,0,0,0,0",5,fixed_target_router,1.1085650237328344,1.0993313363697437,0.009233687363090715,313.15,4,160.0,
10.1016/0378-7753(91)80004-H,"10.1016/0378-7753(91)80004-H|LiAsF6|1|mol/l|v|0.075,0.075,0,0,0,0,0,0,0,0,0,0,0,0,0.15,0,0,0.7,0,0,0,0,0,0,0,0,0,0,0,0,0,0,0,0,0,0,0,0",5,fixed_target_router,0.8785217955012065,0.8630420125153924,0.015479782985814095,293.15,4,160.0,
10.1016/0378-7753(91)80004-H,"10.1016/0378-7753(91)80004-H|LiAsF6|1|mol/l|v|0.125,0.125,0,0,0,0,0,0,0,0,0,0,0,0,0.25,0,0,0.5,0,0,0,0,0,0,0,0,0,0,0,0,0,0,0,0,0,0,0,0",5,fixed_target_router,1.0622058088197126,1.0513761143862297,0.010829694433482917,293.15,4,160.0,
10.1016/0378-7753(91)80004-H,"10.1016/0378-7753(91)80004-H|LiAsF6|1|mol/l|v|0.175,0.175,0,0,0,0,0,0,0,0,0,0,0,0,0.35,0,0,0.3,0,0,0,0,0,0,0,0,0,0,0,0,0,0,0,0,0,0,0,0",5,fixed_target_router,1.0499928569201427,1.0241040029433663,0.025888853976776316,293.15,4,160.0,
10.1016/0378-7753(91)80004-H,"10.1016/0378-7753(91)80004-H|LiAsF6|0.5|mol/l|v|0.125,0.125,0,0,0,0,0,0,0,0,0,0,0,0,0.75,0,0,0,0,0,0,0,0,0,0,0,0,0,0,0,0,0,0,0,0,0,0,0",5,fixed_target_router,1.224014811372864,1.2076789252138531,0.016335886159010826,353.15,4,160.0,
10.1016/0378-7753(91)80004-H,"10.1016/0378-7753(91)80004-H|LiAsF6|2|mol/l|v|0.125,0.125,0,0,0,0,0,0,0,0,0,0,0,0,0.75,0,0,0,0,0,0,0,0,0,0,0,0,0,0,0,0,0,0,0,0,0,0,0",5,fixed_target_router,0.7307822756663892,0.6892622468774532,0.041520028788936014,353.15,4,160.0,
10.1016/0378-7753(91)80004-H,"10.1016/0378-7753(91)80004-H|LiAsF6|1|mol/l|v|0.175,0.175,0,0,0,0,0,0,0,0,0,0,0,0,0.35,0,0,0,0.3,0,0,0,0,0,0,0,0,0,0,0,0,0,0,0,0,0,0,0",5,fixed_target_router,1.3911116137028026,1.3811513347284439,0.009960278974358694,353.15,4,160.0,
10.1016/0378-7753(91)80004-H,"10.1016/0378-7753(91)80004-H|LiAsF6|1|mol/l|v|0.075,0.075,0,0,0,0,0,0,0,0,0,0,0,0,0.15,0,0,0,0.7,0,0,0,0,0,0,0,0,0,0,0,0,0,0,0,0,0,0,0",5,fixed_target_router,1.376576957056512,1.3757941992071685,0.0007827578493435627,353.15,4,160.0,
10.1016/0378-7753(91)80004-H,"10.1016/0378-7753(91)80004-H|LiAsF6|1|mol/l|v|0.175,0.175,0,0,0,0,0,0,0,0,0,0,0,0,0.35,0,0,0,0,0.3,0,0,0,0,0,0,0,0,0,0,0,0,0,0,0,0,0,0",5,fixed_target_router,0.8976270912904415,0.8956965276149393,0.0019305636755021505,293.15,4,160.0,
10.1016/0378-7753(91)80004-H,"10.1016/0378-7753(91)80004-H|LiAsF6|3|mol/l|v|0.125,0.125,0,0,0,0,0,0,0,0,0,0,0,0,0.75,0,0,0,0,0,0,0,0,0,0,0,0,0,0,0,0,0,0,0,0,0,0,0",5,fixed_target_router,0.9804578922761001,1.0077550578398642,0.027297165563764048,353.15,4,160.0,
10.1016/0378-7753(91)80004-H,"10.1016/0378-7753(91)80004-H|LiAsF6|1|mol/l|v|0,0,0,0,0,0,0,0,0,0,0,0,0,0,0.5,0,0.5,0,0,0,0,0,0,0,0,0,0,0,0,0,0,0,0,0,0,0,0,0",5,fixed_target_router,1.1559430179718369,1.0522148543872953,0.10372816358454151,293.15,4,160.0,
10.1016/0378-7753(91)80004-H,"10.1016/0378-7753(91)80004-H|LiAsF6|1|mol/l|v|0.375,0.375,0,0,0,0,0,0,0,0,0,0,0,0,0.25,0,0,0,0,0,0,0,0,0,0,0,0,0,0,0,0,0,0,0,0,0,0,0",5,fixed_target_router,1.3031960574204888,1.2984370328981778,0.004759024522311028,353.15,4,160.0,
10.1016/0378-7753(91)80004-H,"10.1016/0378-7753(91)80004-H|LiAsF6|1|mol/l|v|0,0,0,0,0,0,0,0,0,0,0,0,0,0,0.7,0,0,0.3,0,0,0,0,0,0,0,0,0,0,0,0,0,0,0,0,0,0,0,0",5,fixed_target_router,0.6473829701146199,0.6346696926080718,0.012713277506548049,293.15,4,160.0,
10.1016/0378-7753(91)80004-H,"10.1016/0378-7753(91)80004-H|LiAsF6|1|mol/l|v|0,0,0,0,0,0,0,0,0,0,0,0,0,0,0.5,0,0,0,0,0,0.5,0,0,0,0,0,0,0,0,0,0,0,0,0,0,0,0,0",5,fixed_target_router,1.0666985504229953,1.0763424214159298,0.009643870992934511,353.15,4,160.0,
10.1016/0378-7753(91)80004-H,"10.1016/0378-7753(91)80004-H|LiAsF6|1|mol/l|v|0,0,0,0,0,0,0,0,0,0,0,0,0,0,0,0,0,0,0,0.4,0,0,0,0,0,0.6,0,0,0,0,0,0,0,0,0,0,0,0",5,fixed_target_router,0.8394780473741984,0.8520877782898124,0.012609730915614015,353.15,4,160.0,
10.1016/0378-7753(91)80004-H,"10.1016/0378-7753(91)80004-H|LiAsF6|1|mol/l|v|0.25,0.25,0,0,0,0.5,0,0,0,0,0,0,0,0,0,0,0,0,0,0,0,0,0,0,0,0,0,0,0,0,0,0,0,0,0,0,0,0",5,fixed_target_router,1.4974825373673704,1.4947821980990335,0.0027003392683369043,353.15,4,160.0,
10.1016/0378-7753(91)80004-H,"10.1016/0378-7753(91)80004-H|LiAsF6|1|mol/l|v|0,0,0,0,0,0.15,0,0,0,0,0,0,0,0,0,0,0,0,0,0,0.5,0,0.35,0,0,0,0,0,0,0,0,0,0,0,0,0,0,0",5,fixed_target_router,1.0913151596972228,1.1051057816006982,0.013790621903475353,353.15,4,160.0,
10.1016/0378-7753(91)80004-H,"10.1016/0378-7753(91)80004-H|LiAsF6|1|mol/l|v|0,0,0,0,0,0.25,0,0,0,0,0,0,0,0,0,0,0,0,0,0,0.5,0,0.25,0,0,0,0,0,0,0,0,0,0,0,0,0,0,0",5,fixed_target_router,1.1583624920952498,1.1607179331241027,0.002355441028852878,353.15,4,160.0,
10.1016/0378-7753(91)80004-H,"10.1016/0378-7753(91)80004-H|LiAsF6|1|mol/l|v|0,0,0,0,0,0,0,0,0,0,0,0,0,0,0,0,0,0,0,0,0,0,0,0,0,0,0,0,0,0,0,1,0,0,0,0,0,0",5,fixed_target_router,1.371806458507416,1.376255226677674,0.004448768170258077,353.15,4,160.0,
10.1016/0378-7753(91)80004-H,"10.1016/0378-7753(91)80004-H|LiAsF6|1|mol/l|v|0,0,0,0,0,0.5,0,0,0,0,0,0,0,0,0,0,0,0,0,0,0,0,0,0,0,0,0,0,0,0,0,0.5,0,0,0,0,0,0",5,fixed_target_router,1.5092025223311027,1.5004320698212277,0.00877045250987507,353.15,4,160.0,
10.1016/0378-7753(91)80004-H,"10.1016/0378-7753(91)80004-H|LiAsF6|1|mol/l|v|0,0,0,0,0,0,0,0,0,0,0,0,0,0,0,0,0,0,0,0,0,0,0,0,0,0,0,0,0,0.5,0,0.5,0,0,0,0,0,0",5,fixed_target_router,1.3725438007590702,1.3690841589395761,0.003459641819494097,353.15,4,160.0,
10.1016/0378-7753(91)80004-H,"10.1016/0378-7753(91)80004-H|LiAsF6|0.75|mol/l|v|0,0,0,0,0,0,0,0,0,0,0,0,0,0,0,0,0,0,0,0,0.5,0,0.25,0,0,0,0,0,0,0,0,0,0.25,0,0,0,0,0",5,fixed_target_router,0.9694159123539814,0.9714933661803158,0.0020774538263343967,353.15,4,160.0,
10.1016/0378-7753(91)80004-H,"10.1016/0378-7753(91)80004-H|LiAsF6|1|mol/l|v|0,0,0,0,0,0.25,0,0,0,0,0,0,0,0,0,0,0,0,0,0,0.5,0.25,0,0,0,0,0,0,0,0,0,0,0,0,0,0,0,0",5,fixed_target_router,1.199480914862356,1.1967742788390268,0.002706636023329212,353.15,4,160.0,
10.1016/0378-7753(91)80004-H,"10.1016/0378-7753(91)80004-H|LiAsF6|4|mol/l|v|0.25,0.25,0,0,0,0.5,0,0,0,0,0,0,0,0,0,0,0,0,0,0,0,0,0,0,0,0,0,0,0,0,0,0,0,0,0,0,0,0",5,fixed_target_router,1.318897714627487,1.4406167536023795,0.12171903897489256,353.15,4,160.0,
10.1016/0378-7753(91)80004-H,"10.1016/0378-7753(91)80004-H|LiAsF6|1|mol/l|v|0,0.5,0,0,0,0.5,0,0,0,0,0,0,0,0,0,0,0,0,0,0,0,0,0,0,0,0,0,0,0,0,0,0,0,0,0,0,0,0",5,fixed_target_router,1.4499409887733377,1.4673426866575832,0.017401697884245504,353.15,4,160.0,
10.1016/0378-7753(91)80004-H,"10.1016/0378-7753(91)80004-H|LiAsF6|4|mol/l|v|0,0.5,0,0,0,0.5,0,0,0,0,0,0,0,0,0,0,0,0,0,0,0,0,0,0,0,0,0,0,0,0,0,0,0,0,0,0,0,0",5,fixed_target_router,1.2898118391176214,1.3846819157732275,0.0948700766556061,353.15,4,160.0,
10.1016/0378-7753(91)80004-H,"10.1016/0378-7753(91)80004-H|LiAsF6|1|mol/l|v|0,0,0,0,0,0,0,0,0,0,0,0,0,0,0,0,0,0,0,0,0,0,0,0,0,1,0,0,0,0,0,0,0,0,0,0,0,0",5,fixed_target_router,0.8142475957319202,0.8455276610764364,0.03128006534451622,353.15,4,160.0,
10.1016/0378-7753(91)80004-H,"10.1016/0378-7753(91)80004-H|LiAsF6|1|mol/l|v|0,0,0,0,0,0,0,0,0,0,0,0,0,0,0,0,0,0,0,0,0.5,0.25,0,0,0,0,0.25,0,0,0,0,0,0,0,0,0,0,0",5,fixed_target_router,1.0546130545568877,1.0628644391521826,0.008251384595294953,353.15,4,160.0,
10.1016/0378-7753(91)80004-H,"10.1016/0378-7753(91)80004-H|LiAsF6|1|mol/l|v|0.5,0,0,0,0,0.5,0,0,0,0,0,0,0,0,0,0,0,0,0,0,0,0,0,0,0,0,0,0,0,0,0,0,0,0,0,0,0,0",5,fixed_target_router,1.5128177585648732,1.508560225507316,0.004257533057557161,353.15,4,160.0,
10.1016/0378-7753(91)80004-H,"10.1016/0378-7753(91)80004-H|LiAsF6|1|mol/l|v|0,0,0,0,0,0.5,0,0,0,0,0,0,0,0,0,0,0,0,0,0,0.5,0,0,0,0,0,0,0,0,0,0,0,0,0,0,0,0,0",5,fixed_target_router,1.2778383330020475,1.2564390756266335,0.021399257375414038,353.15,4,160.0,
10.1016/0378-7753(91)80004-H,"10.1016/0378-7753(91)80004-H|LiAsF6|1|mol/l|v|0,0,0,0,0,0.6,0,0,0,0,0,0,0,0,0,0,0,0,0,0,0.4,0,0,0,0,0,0,0,0,0,0,0,0,0,0,0,0,0",5,fixed_target_router,1.2301933788690456,1.2510224406699333,0.020829061800887727,353.15,4,160.0,
10.1016/0378-7753(91)80004-H,"10.1016/0378-7753(91)80004-H|LiAsF6|1|mol/l|v|0,0,0,0,0,0,0,0,0,0,0,0,0,0,0,0,0,0,0,0,0,0,0,0,0,0,0,1,0,0,0,0,0,0,0,0,0,0",5,fixed_target_router,1.5809249756756194,1.5632083743595313,0.0177166013160881,353.15,4,160.0,
10.1016/0378-7753(91)80004-H,"10.1016/0378-7753(91)80004-H|LiAsF6|1|mol/l|v|0.25,0.25,0,0,0,0,0,0,0,0,0,0,0,0,0,0,0,0,0,0,0,0.5,0,0,0,0,0,0,0,0,0,0,0,0,0,0,0,0",5,fixed_target_router,1.3412366232386923,1.34268243054714,0.0014458073084477885,353.15,4,160.0,
10.1016/0378-7753(91)80004-H,"10.1016/0378-7753(91)80004-H|LiAsF6|1|mol/l|v|0.175,0.175,0,0,0,0,0,0,0,0,0,0,0,0,0,0,0,0.3,0.35,0,0,0,0,0,0,0,0,0,0,0,0,0,0,0,0,0,0,0",5,fixed_target_router,1.1637575239819558,1.1389180564262498,0.024839467555705985,293.15,4,160.0,
10.1016/0378-7753(91)80004-H,"10.1016/0378-7753(91)80004-H|LiAsF6|1|mol/l|v|0.125,0.125,0,0,0,0,0,0,0,0,0,0,0,0,0,0,0,0.5,0.25,0,0,0,0,0,0,0,0,0,0,0,0,0,0,0,0,0,0,0",5,fixed_target_router,1.1699681739968923,1.1514233568292123,0.018544817167680083,293.15,4,160.0,
10.1016/0378-7753(91)80004-H,"10.1016/0378-7753(91)80004-H|LiAsF6|1|mol/l|v|0.075,0.075,0,0,0,0,0,0,0,0,0,0,0,0,0,0,0,0.7,0.15,0,0,0,0,0,0,0,0,0,0,0,0,0,0,0,0,0,0,0",5,fixed_target_router,1.0220157398177203,1.0109167152266687,0.01109902459105161,293.15,4,160.0,
10.1016/0378-7753(91)80004-H,"10.1016/0378-7753(91)80004-H|LiAsF6|1|mol/l|v|0.35,0.35,0,0,0,0,0,0,0,0,0,0,0,0,0,0,0,0.3,0,0,0,0,0,0,0,0,0,0,0,0,0,0,0,0,0,0,0,0",5,fixed_target_router,0.9694159123539814,0.9648894680260098,0.004526444327971557,293.15,4,160.0,
10.1016/0378-7753(91)80004-H,"10.1016/0378-7753(91)80004-H|LiAsF6|0.5|mol/l|v|0.15,0.85,0,0,0,0,0,0,0,0,0,0,0,0,0,0,0,0,0,0,0,0,0,0,0,0,0,0,0,0,0,0,0,0,0,0,0,0",5,fixed_target_router,1.1264561134318043,1.1179825620396842,0.008473551392120138,353.15,4,160.0,
10.1016/0378-7753(91)80004-H,"10.1016/0378-7753(91)80004-H|LiAsF6|1|mol/l|v|0.15,0.85,0,0,0,0,0,0,0,0,0,0,0,0,0,0,0,0,0,0,0,0,0,0,0,0,0,0,0,0,0,0,0,0,0,0,0,0",5,fixed_target_router,1.2296818423176759,1.2363108079706677,0.0066289656529918695,353.15,4,160.0,
10.1016/0378-7753(91)80004-H,"10.1016/0378-7753(91)80004-H|LiAsF6|1.5|mol/l|v|0.15,0.85,0,0,0,0,0,0,0,0,0,0,0,0,0,0,0,0,0,0,0,0,0,0,0,0,0,0,0,0,0,0,0,0,0,0,0,0",5,fixed_target_router,1.1992064791616577,1.2273028572824525,0.028096378120794796,353.15,4,160.0,
10.1016/0378-7753(91)80004-H,"10.1016/0378-7753(91)80004-H|LiAsF6|1|mol/l|v|0.25,0.25,0,0,0,0,0,0,0,0,0,0,0,0,0,0,0,0,0,0,0,0,0.5,0,0,0,0,0,0,0,0,0,0,0,0,0,0,0",5,fixed_target_router,1.2622137054764169,1.271839569087253,0.009625863610836172,353.15,4,160.0,
10.1016/0378-7753(91)80004-H,"10.1016/0378-7753(91)80004-H|LiAsF6|1|mol/l|v|0.25,0,0,0,0,0,0,0,0,0,0,0,0,0,0,0,0,0,0,0,0.5,0,0.25,0,0,0,0,0,0,0,0,0,0,0,0,0,0,0",5,fixed_target_router,1.1132746924643504,1.1163937472337153,0.003119054769364915,353.15,4,160.0,
10.1016/0378-7753(91)80004-H,"10.1016/0378-7753(91)80004-H|LiAsF6|1|mol/l|v|0.1,0,0,0,0,0,0,0,0,0,0,0,0,0,0,0,0,0,0,0,0.45,0,0.45,0,0,0,0,0,0,0,0,0,0,0,0,0,0,0",5,fixed_target_router,1.06781451116184,1.0827418246409792,0.014927313479139226,353.15,4,160.0,
10.1016/0378-7753(91)80004-H,"10.1016/0378-7753(91)80004-H|LiAsF6|1.5|mol/l|v|0.5,0.5,0,0,0,0,0,0,0,0,0,0,0,0,0,0,0,0,0,0,0,0,0,0,0,0,0,0,0,0,0,0,0,0,0,0,0,0",5,fixed_target_router,1.2390490931401914,1.2690900741013058,0.030040980961114405,353.15,4,160.0,
10.1016/0378-7753(91)80004-H,"10.1016/0378-7753(91)80004-H|LiAsF6|1|mol/l|v|0,0,0,0,0,0,0,0,0,0,0,0,0,0,0,0,0,0,0,0,0.5,0,0,0,0,0,0.5,0,0,0,0,0,0,0,0,0,0,0",5,fixed_target_router,1.0666985504229953,1.0181490425964181,0.04854950782657719,353.15,4,160.0,
10.1016/0378-7753(91)80004-H,"10.1016/0378-7753(91)80004-H|LiAsF6|0.5|mol/l|v|0.5,0.5,0,0,0,0,0,0,0,0,0,0,0,0,0,0,0,0,0,0,0,0,0,0,0,0,0,0,0,0,0,0,0,0,0,0,0,0",5,fixed_target_router,1.161966616364075,1.1587729209225115,0.003193695441563449,353.15,4,160.0,
10.1016/0378-7753(91)80004-H,"10.1016/0378-7753(91)80004-H|LiAsF6|1|mol/l|v|0.5,0.5,0,0,0,0,0,0,0,0,0,0,0,0,0,0,0,0,0,0,0,0,0,0,0,0,0,0,0,0,0,0,0,0,0,0,0,0",5,fixed_target_router,1.266936911159173,1.2737266464997579,0.0067897353405848015,353.15,4,160.0,
10.1016/0378-7753(91)80004-H,"10.1016/0378-7753(91)80004-H|LiAsF6|2|mol/l|v|0.15,0.85,0,0,0,0,0,0,0,0,0,0,0,0,0,0,0,0,0,0,0,0,0,0,0,0,0,0,0,0,0,0,0,0,0,0,0,0",5,fixed_target_router,1.0874264570362855,1.1641507739228483,0.07672431688656278,353.15,4,160.0,
10.1016/0378-7753(91)80004-H,"10.1016/0378-7753(91)80004-H|LiAsF6|2|mol/l|v|0.5,0.5,0,0,0,0,0,0,0,0,0,0,0,0,0,0,0,0,0,0,0,0,0,0,0,0,0,0,0,0,0,0,0,0,0,0,0,0",5,fixed_target_router,1.1430148002540952,1.2221757460415525,0.07916094578745736,353.15,4,160.0,
10.1016/0378-7753(91)80004-H,"10.1016/0378-7753(91)80004-H|LiAsF6|1|mol/l|v|0.25,0,0,0,0,0,0,0,0,0,0,0,0,0,0,0,0,0,0,0,0.25,0,0.5,0,0,0,0,0,0,0,0,0,0,0,0,0,0,0",5,fixed_target_router,1.1661339703051092,1.1752077455761036,0.0090737752709944,353.15,4,160.0,
10.1016/0378-7753(91)80004-H,"10.1016/0378-7753(91)80004-H|LiAsF6|0.75|mol/l|v|0,0,0,0,0,0,0,0,0,0,0,0,0,0,0,0,0,0,0,0,0.5,0,0.25,0,0,0,0,0,0.25,0,0,0,0,0,0,0,0,0",5,fixed_target_router,1.0086001717619175,0.9877747415683142,0.020825430193603278,353.15,4,160.0,
10.1016/0378-7753(91)80004-H,"10.1016/0378-7753(91)80004-H|LiAsF6|1|mol/l|v|0.7,0.3,0,0,0,0,0,0,0,0,0,0,0,0,0,0,0,0,0,0,0,0,0,0,0,0,0,0,0,0,0,0,0,0,0,0,0,0",5,fixed_target_router,1.2773799746672547,1.2847305064347854,0.007350531767530644,353.15,4,160.0,
10.1016/0378-7753(91)80004-H,"10.1016/0378-7753(91)80004-H|LiAsF6|3|mol/l|v|0.5,0.5,0,0,0,0,0,0,0,0,0,0,0,0,0,0,0,0,0,0,0,0,0,0,0,0,0,0,0,0,0,0,0,0,0,0,0,0",5,fixed_target_router,1.0503797562614579,1.2200035606640238,0.16962380440256597,353.15,4,160.0,
10.1016/0378-7753(91)80004-H,"10.1016/0378-7753(91)80004-H|LiAsF6|1|mol/l|v|0.375,0.375,0,0,0,0,0,0,0,0,0,0,0,0,0,0,0,0,0,0.25,0,0,0,0,0,0,0,0,0,0,0,0,0,0,0,0,0,0",5,fixed_target_router,1.2489536154957075,1.254645722987374,0.005692107491666487,353.15,4,160.0,
10.1016/0378-7753(91)80004-H,"10.1016/0378-7753(91)80004-H|LiAsF6|1|mol/l|v|0.5,0,0,0,0,0,0,0,0,0,0,0,0,0,0,0,0,0,0,0,0,0,0.5,0,0,0,0,0,0,0,0,0,0,0,0,0,0,0",5,fixed_target_router,1.2953471483336179,1.3030901581179368,0.007743009784318966,353.15,4,160.0,
10.1016/0378-7753(91)80004-H,"10.1016/0378-7753(91)80004-H|LiAsF6|1|mol/l|v|0,0.7,0,0,0,0,0,0,0,0,0,0,0,0,0,0,0,0.3,0,0,0,0,0,0,0,0,0,0,0,0,0,0,0,0,0,0,0,0",5,fixed_target_router,0.9329808219231982,0.8849985753247162,0.04798224659848205,293.15,4,160.0,
10.1016/0378-7753(91)80004-H,"10.1016/0378-7753(91)80004-H|LiAsF6|1|mol/l|v|0,0.5,0,0,0,0,0,0,0,0,0,0,0,0,0,0,0,0.5,0,0,0,0,0,0,0,0,0,0,0,0,0,0,0,0,0,0,0,0",5,fixed_target_router,0.9925535178321356,0.9405573241154989,0.051996193716636774,293.15,4,160.0,
10.1016/0378-7753(91)80004-H,"10.1016/0378-7753(91)80004-H|LiAsF6|1|mol/l|v|0,0,0,0,0,0,0,0,0,0,0,0,0,0,0,0,0,0.5,0.5,0,0,0,0,0,0,0,0,0,0,0,0,0,0,0,0,0,0,0",5,fixed_target_router,1.1778249718646818,1.1990141272723718,0.021189155407689952,293.15,4,160.0,
10.1016/0378-7753(91)80004-H,"10.1016/0378-7753(91)80004-H|LiAsF6|1|mol/l|v|0,0,0,0,0,0,0,0,0,0,0,0,0,0,0,0,0,0.7,0.3,0,0,0,0,0,0,0,0,0,0,0,0,0,0,0,0,0,0,0",5,fixed_target_router,0.9916690073799486,1.0069645620104257,0.01529555463047716,293.15,4,160.0,
10.1016/0378-7753(91)80004-H,"10.1016/0378-7753(91)80004-H|LiAsF6|1|mol/l|v|0,1,0,0,0,0,0,0,0,0,0,0,0,0,0,0,0,0,0,0,0,0,0,0,0,0,0,0,0,0,0,0,0,0,0,0,0,0",5,fixed_target_router,1.2190603324488614,1.2221012655476493,0.0030409330987879457,353.15,4,160.0,
10.1016/0378-7753(91)80004-H,"10.1016/0378-7753(91)80004-H|LiAsF6|1|mol/l|v|0,0,0,0,0,0,0,0,0,0,0,0,0,0,0,0,0,0.3,0.7,0,0,0,0,0,0,0,0,0,0,0,0,0,0,0,0,0,0,0",5,fixed_target_router,1.1634595517699902,1.165877655441043,0.0024181036710528847,293.15,4,160.0,
10.1016/0378-7753(91)80004-H,"10.1016/0378-7753(91)80004-H|LiAsF6|1|mol/l|v|0,0,0,0,0,0,0,0,0,0,0,0,0,0,0,0,0,0.25,0,0,0.5,0,0.25,0,0,0,0,0,0,0,0,0,0,0,0,0,0,0",5,fixed_target_router,1.1271047983648077,1.1844516040838349,0.05734680571902717,353.15,4,160.0,
10.1016/0378-7753(91)80004-H,"10.1016/0378-7753(91)80004-H|LiAsF6|1|mol/l|v|0,0.7,0,0,0,0,0,0,0,0,0,0,0,0,0,0,0,0,0,0.3,0,0,0,0,0,0,0,0,0,0,0,0,0,0,0,0,0,0",5,fixed_target_router,0.75815462196739,0.7162284090684239,0.04192621289896614,293.15,4,160.0,
10.1016/0378-7753(91)80004-H,"10.1016/0378-7753(91)80004-H|LiAsF6|1|mol/l|v|0,0,0,0,0,0,0,0,0,0,0,0,0,0,0,0,0,0,0,0,0.5,0,0,0,0,0.5,0,0,0,0,0,0,0,0,0,0,0,0",5,fixed_target_router,0.8543060418010806,0.8681221434800346,0.013816101678953974,353.15,4,160.0,
10.1016/0378-7753(91)80004-H,"10.1016/0378-7753(91)80004-H|LiAsF6|1|mol/l|v|0,0.5,0,0,0,0,0,0,0,0,0,0,0,0,0,0,0,0,0,0,0.5,0,0,0,0,0,0,0,0,0,0,0,0,0,0,0,0,0",5,fixed_target_router,1.100370545117563,1.1023987557522332,0.002028210634670291,353.15,4,160.0,
10.1016/0378-7753(91)80004-H,"10.1016/0378-7753(91)80004-H|LiAsF6|1|mol/l|v|0,0.1,0,0,0,0,0,0,0,0,0,0,0,0,0,0,0,0,0,0,0.45,0,0.45,0,0,0,0,0,0,0,0,0,0,0,0,0,0,0",5,fixed_target_router,1.0614524790871933,1.0777081242136928,0.016255645126499463,353.15,4,160.0,
10.1016/0378-7753(91)80004-H,"10.1016/0378-7753(91)80004-H|LiAsF6|1|mol/l|v|0,0,0,0,0,0,0,0,0,0,0,0,0,0,0,0,0,0,0,0,1,0,0,0,0,0,0,0,0,0,0,0,0,0,0,0,0,0",5,fixed_target_router,0.9014583213961124,0.87700007562506,0.024458245771052378,353.15,4,160.0,
10.1016/0378-7753(91)80004-H,"10.1016/0378-7753(91)80004-H|LiAsF6|1|mol/l|v|0,0,0,0,0,0,0,0,0,0,0,0,0,0,0,0,0,0,1,0,0,0,0,0,0,0,0,0,0,0,0,0,0,0,0,0,0,0",5,fixed_target_router,1.1095785469043866,1.188809725121366,0.07923117821697945,293.15,4,160.0,
10.1016/0378-7753(91)80004-H,"10.1016/0378-7753(91)80004-H|LiAsF6|0.75|mol/l|v|0,0,0,0,0,0,0,0,0,0,0,0,0,0,0,0,0,0,0,0,0.5,0,0.5,0,0,0,0,0,0,0,0,0,0,0,0,0,0,0",5,fixed_target_router,0.9652017010259121,0.9765967499692114,0.011395048943299346,353.15,4,160.0,
10.1016/0378-7753(91)80004-H,"10.1016/0378-7753(91)80004-H|LiAsF6|0.5|mol/l|v|0,0,0,0,0,0,0,0,0,0,0,0,0,0,0,0,0,0,0,0,0.5,0,0,0.5,0,0,0,0,0,0,0,0,0,0,0,0,0,0",5,fixed_target_router,0.8202014594856403,0.8327783996596314,0.012576940173991136,353.15,4,160.0,
10.1016/0378-7753(91)80004-H,"10.1016/0378-7753(91)80004-H|LiAsF6|1|mol/l|v|0,0,0,0,0,0,0,0,0,0,0,0,0,0,0,0,0,0,0,0,0.75,0,0.25,0,0,0,0,0,0,0,0,0,0,0,0,0,0,0",5,fixed_target_router,0.9400181550076633,0.9404248784711768,0.0004067234635135586,353.15,4,160.0,
10.1016/0378-7753(91)80004-H,"10.1016/0378-7753(91)80004-H|LiAsF6|2|mol/l|v|0,0,0,0,0,0,0,0,0,0,0,0,0,0,0,0,0,0,0,0,0.5,0,0.5,0,0,0,0,0,0,0,0,0,0,0,0,0,0,0",5,fixed_target_router,0.909020854211156,0.928592983606189,0.019572129395033055,353.15,4,160.0,
10.1016/0378-7753(91)80004-H,"10.1016/0378-7753(91)80004-H|LiAsF6|0.75|mol/l|v|0,0,0,0,0,0,0,0,0,0,0,0,0,0,0,0,0,0,0,0,0.5,0,0.25,0,0,0,0,0,0,0,0,0,0,0,0,0,0.25,0",5,fixed_target_router,1.0068937079479006,1.0121757300120486,0.005282022064148073,353.15,4,160.0,
10.1016/0378-7753(91)80004-H,"10.1016/0378-7753(91)80004-H|LiAsF6|0.75|mol/l|v|0,0,0,0,0,0,0,0,0,0,0,0,0,0,0,0,0,0,0,0,0.5,0,0.25,0,0,0,0,0,0,0,0,0,0,0,0,0,0,0.25",5,fixed_target_router,0.9703468762300933,0.9775132353974618,0.007166359167368519,353.15,4,160.0,
10.1016/0378-7753(91)80004-H,"10.1016/0378-7753(91)80004-H|LiAsF6|0.75|mol/l|v|0,0,0,0,0,0,0,0,0,0,0,0,0,0,0,0,0,0,0,0,0.5,0,0,0.5,0,0,0,0,0,0,0,0,0,0,0,0,0,0",5,fixed_target_router,0.8992731873176038,0.9222267921735714,0.022953604855967646,353.15,4,160.0,
10.1016/0378-7753(91)80004-H,"10.1016/0378-7753(91)80004-H|LiAsF6|1|mol/l|v|0,0,0,0,0,0,0,0,0,0,0,0,0,0,0,0,0,0,0,0,0.25,0,0,0.75,0,0,0,0,0,0,0,0,0,0,0,0,0,0",5,fixed_target_router,0.9390197764486664,0.959216444663261,0.020196668214594538,353.15,4,160.0,
10.1016/0378-7753(91)80004-H,"10.1016/0378-7753(91)80004-H|LiAsF6|0.75|mol/l|v|0,0,0,0,0,0,0,0,0,0,0,0,0,0,0,0,0,0,0,0.25,0.5,0,0.25,0,0,0,0,0,0,0,0,0,0,0,0,0,0,0",5,fixed_target_router,1.0342272607705507,1.037737821087844,0.003510560317293354,353.15,4,160.0,
10.1016/0378-7753(91)80004-H,"10.1016/0378-7753(91)80004-H|LiAsF6|1|mol/l|v|0,0,0,0,0,0,0,0,0,0,0,0,0,0,0,0,0,0,0,0.5,0.25,0,0.25,0,0,0,0,0,0,0,0,0,0,0,0,0,0,0",5,fixed_target_router,1.070037866607755,1.071408828279008,0.001370961671252946,353.15,4,160.0,
10.1016/0378-7753(91)80004-H,"10.1016/0378-7753(91)80004-H|LiAsF6|1|mol/l|v|0,0,0,0,0,0,0,0,0,0,0,0,0,0,0,0,0,0,0,0,0.25,0,0.75,0,0,0,0,0,0,0,0,0,0,0,0,0,0,0",5,fixed_target_router,1.0253058652647702,1.0398231439063963,0.014517278641626108,353.15,4,160.0,
10.1016/0378-7753(91)80004-H,"10.1016/0378-7753(91)80004-H|LiAsF6|0.75|mol/l|v|0,0,0,0,0,0,0,0,0,0,0,0,0,0,0,0,0,0,0,0,0,0,0,0,0,0,0,0,0,0,0,0,0,0,0,1,0,0",5,fixed_target_router,-0.3979400086720376,-0.3794926017182983,0.01844740695373931,353.15,4,160.0,
10.1016/0378-7753(91)80004-H,"10.1016/0378-7753(91)80004-H|LiPF6|1|mol/l|v|0.125,0.125,0,0,0,0,0,0,0,0,0,0,0,0,0.75,0,0,0,0,0,0,0,0,0,0,0,0,0,0,0,0,0,0,0,0,0,0,0",5,fixed_target_router,1.2100508498751372,1.2054839235302586,0.004566926344878652,353.15,4,160.0,
10.1016/0378-7753(91)80004-H,"10.1016/0378-7753(91)80004-H|LiPF6|1|mol/l|v|0.15,0.85,0,0,0,0,0,0,0,0,0,0,0,0,0,0,0,0,0,0,0,0,0,0,0,0,0,0,0,0,0,0,0,0,0,0,0,0",5,fixed_target_router,1.2273724422896362,1.237661686675585,0.010289244385948804,353.15,4,160.0,
10.1016/0378-7753(91)80004-H,"10.1016/0378-7753(91)80004-H|LiPF6|1|mol/l|v|0.5,0.5,0,0,0,0,0,0,0,0,0,0,0,0,0,0,0,0,0,0,0,0,0,0,0,0,0,0,0,0,0,0,0,0,0,0,0,0",5,fixed_target_router,1.2866809693549301,1.2934938559182145,0.006812886563284382,353.15,4,160.0,
10.1016/0378-7753(91)80004-H,"10.1016/0378-7753(91)80004-H|LiCF3SO3|1|mol/l|v|0.125,0.125,0,0,0,0,0,0,0,0,0,0,0,0,0.75,0,0,0,0,0,0,0,0,0,0,0,0,0,0,0,0,0,0,0,0,0,0,0",5,fixed_target_router,0.5185139398778874,0.4897730896032403,0.028740850274647123,353.15,4,160.0,
10.1016/0378-7753(91)80004-H,"10.1016/0378-7753(91)80004-H|LiCF3SO3|1|mol/l|v|0.5,0.5,0,0,0,0,0,0,0,0,0,0,0,0,0,0,0,0,0,0,0,0,0,0,0,0,0,0,0,0,0,0,0,0,0,0,0,0",5,fixed_target_router,0.8082109729242221,0.8007868899186883,0.007424083005533766,353.15,4,160.0,
10.1016/0378-7753(91)80004-H,"10.1016/0378-7753(91)80004-H|LiCF3SO3|1|mol/l|v|0,0.5,0,0,0,0.5,0,0,0,0,0,0,0,0,0,0,0,0,0,0,0,0,0,0,0,0,0,0,0,0,0,0,0,0,0,0,0,0",5,fixed_target_router,1.0257153839013406,1.0228308784649047,0.0028845054364359246,353.15,4,160.0,
10.1016/0378-7753(91)80004-H,"10.1016/0378-7753(91)80004-H|LiCF3SO3|1|mol/l|v|0.5,0,0,0,0,0.5,0,0,0,0,0,0,0,0,0,0,0,0,0,0,0,0,0,0,0,0,0,0,0,0,0,0,0,0,0,0,0,0",5,fixed_target_router,1.123524980942732,1.120738014537558,0.0027869664051738408,353.15,4,160.0,
10.1016/0378-7753(91)80004-H,"10.1016/0378-7753(91)80004-H|LiN(CF3SO2)2|1|mol/l|v|0,0,0,0,0,0,0,0,0,0,0,0,0,0,0,0,0,0,0,0,0.5,0,0,0,0,0,0,0,0,0.5,0,0,0,0,0,0,0,0",5,fixed_target_router,1.052693941924968,1.0594230396398858,0.00672909771491792,353.15,4,160.0,
10.1016/0378-7753(91)80004-H,"10.1016/0378-7753(91)80004-H|LiN(CF3SO2)2|1|mol/l|v|0.125,0.125,0,0,0,0,0,0,0,0,0,0,0,0,0.75,0,0,0,0,0,0,0,0,0,0,0,0,0,0,0,0,0,0,0,0,0,0,0",5,fixed_target_router,1.0799044676667207,1.075915828424818,0.003988639241902625,353.15,4,160.0,
10.1016/0378-7753(91)80004-H,"10.1016/0378-7753(91)80004-H|LiN(CF3SO2)2|1|mol/l|v|0.5,0.5,0,0,0,0,0,0,0,0,0,0,0,0,0,0,0,0,0,0,0,0,0,0,0,0,0,0,0,0,0,0,0,0,0,0,0,0",5,fixed_target_router,1.1417632302757879,1.1443495134916897,0.002586283215901819,353.15,4,160.0,
10.1016/0378-7753(91)80004-H,"10.1016/0378-7753(91)80004-H|LiN(CF3SO2)2|1|mol/l|v|0,0,0,0,0,0.5,0,0,0,0,0,0,0,0,0,0,0,0,0,0,0,0,0,0,0,0,0,0,0,0,0,0.5,0,0,0,0,0,0",5,fixed_target_router,1.4053463601757088,1.4015506096745787,0.003795750501130124,353.15,4,160.0,
10.1016/0378-7753(91)80004-H,"10.1016/0378-7753(91)80004-H|LiN(CF3SO2)2|1|mol/l|v|0,0.5,0,0,0,0.5,0,0,0,0,0,0,0,0,0,0,0,0,0,0,0,0,0,0,0,0,0,0,0,0,0,0,0,0,0,0,0,0",5,fixed_target_router,1.3856062735983121,1.3849486894993825,0.0006575840989295756,353.15,4,160.0,
10.1016/0378-7753(91)80004-H,"10.1016/0378-7753(91)80004-H|LiN(CF3SO2)2|1|mol/l|v|0.5,0,0,0,0,0.5,0,0,0,0,0,0,0,0,0,0,0,0,0,0,0,0,0,0,0,0,0,0,0,0,0,0,0,0,0,0,0,0",5,fixed_target_router,1.4144719496293028,1.4215588809661437,0.007086931336840907,353.15,4,160.0,
10.1016/0378-7753(91)80004-H,"10.1016/0378-7753(91)80004-H|LiN(CF3SO2)2|1|mol/l|v|0.5,0,0,0,0,0,0,0,0,0,0,0,0,0,0,0,0,0,0,0,0,0,0,0,0,0,0,0,0,0.5,0,0,0,0,0,0,0,0",5,fixed_target_router,1.2893659515200318,1.2872726904680503,0.0020932610519814876,353.15,4,160.0,
10.1016/0378-7753(91)80004-H,"10.1016/0378-7753(91)80004-H|LiBF4|1|mol/l|v|0.5,0.5,0,0,0,0,0,0,0,0,0,0,0,0,0,0,0,0,0,0,0,0,0,0,0,0,0,0,0,0,0,0,0,0,0,0,0,0",5,fixed_target_router,1.0330214446829107,1.038888894092068,0.005867449409157288,353.15,4,160.0,
10.1016/0378-7753(91)80004-H,"10.1016/0378-7753(91)80004-H|LiBF4|0.5|mol/l|v|0,0,0,0,0,0,0,0,0,0,0,0,0,0,0,0,0,0,0,0,0.5,0,0.5,0,0,0,0,0,0,0,0,0,0,0,0,0,0,0",5,fixed_target_router,0.21484384804769785,0.7305904598566408,0.515746611808943,353.15,4,160.0,
10.1016/0378-7753(91)80004-H,"10.1016/0378-7753(91)80004-H|LiAsF6|1|mol/l|v|0,0,0,0,0,0,0,0,0,0,0,0,0,0,1,0,0,0,0,0,0,0,0,0,0,0,0,0,0,0,0,0,0,0,0,0,0,0",5,cost_sensitive_budget_policy,0.436162647040756,0.4316704767455459,0.004492170295210152,293.15,4,160.0,0.0
10.1016/0378-7753(91)80004-H,"10.1016/0378-7753(91)80004-H|LiAsF6|1|mol/l|v|0.15,0.15,0,0,0,0.35,0,0,0,0,0,0,0,0,0.35,0,0,0,0,0,0,0,0,0,0,0,0,0,0,0,0,0,0,0,0,0,0,0",5,cost_sensitive_budget_policy,1.4940153747571439,1.4872642685678659,0.006751106189277989,353.15,4,160.0,0.0
10.1016/0378-7753(91)80004-H,"10.1016/0378-7753(91)80004-H|LiAsF6|1|mol/l|v|0.125,0.125,0,0,0,0.25,0,0,0,0,0,0,0,0,0.5,0,0,0,0,0,0,0,0,0,0,0,0,0,0,0,0,0,0,0,0,0,0,0",5,cost_sensitive_budget_policy,1.4379090355394983,1.4299718356300635,0.007937199909434867,353.15,4,160.0,0.0
10.1016/0378-7753(91)80004-H,"10.1016/0378-7753(91)80004-H|LiAsF6|1|mol/l|v|0.25,0.25,0,0,0,0.25,0,0,0,0,0,0,0,0,0.25,0,0,0,0,0,0,0,0,0,0,0,0,0,0,0,0,0,0,0,0,0,0,0",5,cost_sensitive_budget_policy,1.4679039465228003,1.4609879922632936,0.006915954259506751,353.15,4,160.0,0.0
10.1016/0378-7753(91)80004-H,"10.1016/0378-7753(91)80004-H|LiAsF6|1|mol/l|v|0.125,0.125,0,0,0,0,0,0,0,0,0,0,0,0,0.25,0.5,0,0,0,0,0,0,0,0,0,0,0,0,0,0,0,0,0,0,0,0,0,0",5,cost_sensitive_budget_policy,1.1085650237328344,1.0993313363697437,0.009233687363090715,313.15,4,160.0,0.0
10.1016/0378-7753(91)80004-H,"10.1016/0378-7753(91)80004-H|LiAsF6|1|mol/l|v|0.075,0.075,0,0,0,0,0,0,0,0,0,0,0,0,0.15,0,0,0.7,0,0,0,0,0,0,0,0,0,0,0,0,0,0,0,0,0,0,0,0",5,cost_sensitive_budget_policy,0.8785217955012065,0.8630420125153924,0.015479782985814095,293.15,4,160.0,0.0
10.1016/0378-7753(91)80004-H,"10.1016/0378-7753(91)80004-H|LiAsF6|1|mol/l|v|0.125,0.125,0,0,0,0,0,0,0,0,0,0,0,0,0.25,0,0,0.5,0,0,0,0,0,0,0,0,0,0,0,0,0,0,0,0,0,0,0,0",5,cost_sensitive_budget_policy,1.0622058088197126,1.0513761143862297,0.010829694433482917,293.15,4,160.0,0.0
10.1016/0378-7753(91)80004-H,"10.1016/0378-7753(91)80004-H|LiAsF6|1|mol/l|v|0.175,0.175,0,0,0,0,0,0,0,0,0,0,0,0,0.35,0,0,0.3,0,0,0,0,0,0,0,0,0,0,0,0,0,0,0,0,0,0,0,0",5,cost_sensitive_budget_policy,1.0499928569201427,1.0241040029433663,0.025888853976776316,293.15,4,160.0,0.0
10.1016/0378-7753(91)80004-H,"10.1016/0378-7753(91)80004-H|LiAsF6|0.5|mol/l|v|0.125,0.125,0,0,0,0,0,0,0,0,0,0,0,0,0.75,0,0,0,0,0,0,0,0,0,0,0,0,0,0,0,0,0,0,0,0,0,0,0",5,cost_sensitive_budget_policy,1.224014811372864,1.2076789252138531,0.016335886159010826,353.15,4,160.0,0.0
10.1016/0378-7753(91)80004-H,"10.1016/0378-7753(91)80004-H|LiAsF6|2|mol/l|v|0.125,0.125,0,0,0,0,0,0,0,0,0,0,0,0,0.75,0,0,0,0,0,0,0,0,0,0,0,0,0,0,0,0,0,0,0,0,0,0,0",5,cost_sensitive_budget_policy,0.7307822756663892,0.6892622468774532,0.041520028788936014,353.15,4,160.0,0.0
10.1016/0378-7753(91)80004-H,"10.1016/0378-7753(91)80004-H|LiAsF6|1|mol/l|v|0.175,0.175,0,0,0,0,0,0,0,0,0,0,0,0,0.35,0,0,0,0.3,0,0,0,0,0,0,0,0,0,0,0,0,0,0,0,0,0,0,0",5,cost_sensitive_budget_policy,1.3911116137028026,1.3811513347284439,0.009960278974358694,353.15,4,160.0,0.0
10.1016/0378-7753(91)80004-H,"10.1016/0378-7753(91)80004-H|LiAsF6|1|mol/l|v|0.075,0.075,0,0,0,0,0,0,0,0,0,0,0,0,0.15,0,0,0,0.7,0,0,0,0,0,0,0,0,0,0,0,0,0,0,0,0,0,0,0",5,cost_sensitive_budget_policy,1.376576957056512,1.3757941992071685,0.0007827578493435627,353.15,4,160.0,0.0
10.1016/0378-7753(91)80004-H,"10.1016/0378-7753(91)80004-H|LiAsF6|1|mol/l|v|0.175,0.175,0,0,0,0,0,0,0,0,0,0,0,0,0.35,0,0,0,0,0.3,0,0,0,0,0,0,0,0,0,0,0,0,0,0,0,0,0,0",5,cost_sensitive_budget_policy,0.8976270912904415,0.8956965276149393,0.0019305636755021505,293.15,4,160.0,0.0
10.1016/0378-7753(91)80004-H,"10.1016/0378-7753(91)80004-H|LiAsF6|3|mol/l|v|0.125,0.125,0,0,0,0,0,0,0,0,0,0,0,0,0.75,0,0,0,0,0,0,0,0,0,0,0,0,0,0,0,0,0,0,0,0,0,0,0",5,cost_sensitive_budget_policy,0.9804578922761001,1.0077550578398642,0.027297165563764048,353.15,4,160.0,0.0
10.1016/0378-7753(91)80004-H,"10.1016/0378-7753(91)80004-H|LiAsF6|1|mol/l|v|0,0,0,0,0,0,0,0,0,0,0,0,0,0,0.5,0,0.5,0,0,0,0,0,0,0,0,0,0,0,0,0,0,0,0,0,0,0,0,0",5,cost_sensitive_budget_policy,1.1559430179718369,1.0522148543872953,0.10372816358454151,293.15,4,160.0,0.0
10.1016/0378-7753(91)80004-H,"10.1016/0378-7753(91)80004-H|LiAsF6|1|mol/l|v|0.375,0.375,0,0,0,0,0,0,0,0,0,0,0,0,0.25,0,0,0,0,0,0,0,0,0,0,0,0,0,0,0,0,0,0,0,0,0,0,0",5,cost_sensitive_budget_policy,1.3031960574204888,1.2984370328981778,0.004759024522311028,353.15,4,160.0,0.0
10.1016/0378-7753(91)80004-H,"10.1016/0378-7753(91)80004-H|LiAsF6|1|mol/l|v|0,0,0,0,0,0,0,0,0,0,0,0,0,0,0.7,0,0,0.3,0,0,0,0,0,0,0,0,0,0,0,0,0,0,0,0,0,0,0,0",5,cost_sensitive_budget_policy,0.6473829701146199,0.6346696926080718,0.012713277506548049,293.15,4,160.0,0.0
10.1016/0378-7753(91)80004-H,"10.1016/0378-7753(91)80004-H|LiAsF6|1|mol/l|v|0,0,0,0,0,0,0,0,0,0,0,0,0,0,0.5,0,0,0,0,0,0.5,0,0,0,0,0,0,0,0,0,0,0,0,0,0,0,0,0",5,cost_sensitive_budget_policy,1.0666985504229953,1.0763424214159298,0.009643870992934511,353.15,4,160.0,0.0
10.1016/0378-7753(91)80004-H,"10.1016/0378-7753(91)80004-H|LiAsF6|1|mol/l|v|0,0,0,0,0,0,0,0,0,0,0,0,0,0,0,0,0,0,0,0.4,0,0,0,0,0,0.6,0,0,0,0,0,0,0,0,0,0,0,0",5,cost_sensitive_budget_policy,0.8394780473741984,0.8520877782898124,0.012609730915614015,353.15,4,160.0,0.0
10.1016/0378-7753(91)80004-H,"10.1016/0378-7753(91)80004-H|LiAsF6|1|mol/l|v|0.25,0.25,0,0,0,0.5,0,0,0,0,0,0,0,0,0,0,0,0,0,0,0,0,0,0,0,0,0,0,0,0,0,0,0,0,0,0,0,0",5,cost_sensitive_budget_policy,1.4974825373673704,1.4947821980990335,0.0027003392683369043,353.15,4,160.0,0.0
10.1016/0378-7753(91)80004-H,"10.1016/0378-7753(91)80004-H|LiAsF6|1|mol/l|v|0,0,0,0,0,0.15,0,0,0,0,0,0,0,0,0,0,0,0,0,0,0.5,0,0.35,0,0,0,0,0,0,0,0,0,0,0,0,0,0,0",5,cost_sensitive_budget_policy,1.0913151596972228,1.1051057816006982,0.013790621903475353,353.15,4,160.0,0.0
10.1016/0378-7753(91)80004-H,"10.1016/0378-7753(91)80004-H|LiAsF6|1|mol/l|v|0,0,0,0,0,0.25,0,0,0,0,0,0,0,0,0,0,0,0,0,0,0.5,0,0.25,0,0,0,0,0,0,0,0,0,0,0,0,0,0,0",5,cost_sensitive_budget_policy,1.1583624920952498,1.1607179331241027,0.002355441028852878,353.15,4,160.0,0.0
10.1016/0378-7753(91)80004-H,"10.1016/0378-7753(91)80004-H|LiAsF6|1|mol/l|v|0,0,0,0,0,0,0,0,0,0,0,0,0,0,0,0,0,0,0,0,0,0,0,0,0,0,0,0,0,0,0,1,0,0,0,0,0,0",5,cost_sensitive_budget_policy,1.371806458507416,1.376255226677674,0.004448768170258077,353.15,4,160.0,0.0
10.1016/0378-7753(91)80004-H,"10.1016/0378-7753(91)80004-H|LiAsF6|1|mol/l|v|0,0,0,0,0,0.5,0,0,0,0,0,0,0,0,0,0,0,0,0,0,0,0,0,0,0,0,0,0,0,0,0,0.5,0,0,0,0,0,0",5,cost_sensitive_budget_policy,1.5092025223311027,1.5004320698212277,0.00877045250987507,353.15,4,160.0,0.0
10.1016/0378-7753(91)80004-H,"10.1016/0378-7753(91)80004-H|LiAsF6|1|mol/l|v|0,0,0,0,0,0,0,0,0,0,0,0,0,0,0,0,0,0,0,0,0,0,0,0,0,0,0,0,0,0.5,0,0.5,0,0,0,0,0,0",5,cost_sensitive_budget_policy,1.3725438007590702,1.3690841589395761,0.003459641819494097,353.15,4,160.0,0.0
10.1016/0378-7753(91)80004-H,"10.1016/0378-7753(91)80004-H|LiAsF6|0.75|mol/l|v|0,0,0,0,0,0,0,0,0,0,0,0,0,0,0,0,0,0,0,0,0.5,0,0.25,0,0,0,0,0,0,0,0,0,0.25,0,0,0,0,0",5,cost_sensitive_budget_policy,0.9694159123539814,0.9714933661803158,0.0020774538263343967,353.15,4,160.0,0.0
10.1016/0378-7753(91)80004-H,"10.1016/0378-7753(91)80004-H|LiAsF6|1|mol/l|v|0,0,0,0,0,0.25,0,0,0,0,0,0,0,0,0,0,0,0,0,0,0.5,0.25,0,0,0,0,0,0,0,0,0,0,0,0,0,0,0,0",5,cost_sensitive_budget_policy,1.199480914862356,1.1967742788390268,0.002706636023329212,353.15,4,160.0,0.0
10.1016/0378-7753(91)80004-H,"10.1016/0378-7753(91)80004-H|LiAsF6|4|mol/l|v|0.25,0.25,0,0,0,0.5,0,0,0,0,0,0,0,0,0,0,0,0,0,0,0,0,0,0,0,0,0,0,0,0,0,0,0,0,0,0,0,0",5,cost_sensitive_budget_policy,1.318897714627487,1.4406167536023795,0.12171903897489256,353.15,4,160.0,0.0
10.1016/0378-7753(91)80004-H,"10.1016/0378-7753(91)80004-H|LiAsF6|1|mol/l|v|0,0.5,0,0,0,0.5,0,0,0,0,0,0,0,0,0,0,0,0,0,0,0,0,0,0,0,0,0,0,0,0,0,0,0,0,0,0,0,0",5,cost_sensitive_budget_policy,1.4499409887733377,1.4673426866575832,0.017401697884245504,353.15,4,160.0,0.0
10.1016/0378-7753(91)80004-H,"10.1016/0378-7753(91)80004-H|LiAsF6|4|mol/l|v|0,0.5,0,0,0,0.5,0,0,0,0,0,0,0,0,0,0,0,0,0,0,0,0,0,0,0,0,0,0,0,0,0,0,0,0,0,0,0,0",5,cost_sensitive_budget_policy,1.2898118391176214,1.3846819157732275,0.0948700766556061,353.15,4,160.0,0.0
10.1016/0378-7753(91)80004-H,"10.1016/0378-7753(91)80004-H|LiAsF6|1|mol/l|v|0,0,0,0,0,0,0,0,0,0,0,0,0,0,0,0,0,0,0,0,0,0,0,0,0,1,0,0,0,0,0,0,0,0,0,0,0,0",5,cost_sensitive_budget_policy,0.8142475957319202,0.8455276610764364,0.03128006534451622,353.15,4,160.0,0.0
10.1016/0378-7753(91)80004-H,"10.1016/0378-7753(91)80004-H|LiAsF6|1|mol/l|v|0,0,0,0,0,0,0,0,0,0,0,0,0,0,0,0,0,0,0,0,0.5,0.25,0,0,0,0,0.25,0,0,0,0,0,0,0,0,0,0,0",5,cost_sensitive_budget_policy,1.0546130545568877,1.0628644391521826,0.008251384595294953,353.15,4,160.0,0.0
10.1016/0378-7753(91)80004-H,"10.1016/0378-7753(91)80004-H|LiAsF6|1|mol/l|v|0.5,0,0,0,0,0.5,0,0,0,0,0,0,0,0,0,0,0,0,0,0,0,0,0,0,0,0,0,0,0,0,0,0,0,0,0,0,0,0",5,cost_sensitive_budget_policy,1.5128177585648732,1.508560225507316,0.004257533057557161,353.15,4,160.0,0.0
10.1016/0378-7753(91)80004-H,"10.1016/0378-7753(91)80004-H|LiAsF6|1|mol/l|v|0,0,0,0,0,0.5,0,0,0,0,0,0,0,0,0,0,0,0,0,0,0.5,0,0,0,0,0,0,0,0,0,0,0,0,0,0,0,0,0",5,cost_sensitive_budget_policy,1.2778383330020475,1.2564390756266335,0.021399257375414038,353.15,4,160.0,0.0
10.1016/0378-7753(91)80004-H,"10.1016/0378-7753(91)80004-H|LiAsF6|1|mol/l|v|0,0,0,0,0,0.6,0,0,0,0,0,0,0,0,0,0,0,0,0,0,0.4,0,0,0,0,0,0,0,0,0,0,0,0,0,0,0,0,0",5,cost_sensitive_budget_policy,1.2301933788690456,1.2510224406699333,0.020829061800887727,353.15,4,160.0,0.0
10.1016/0378-7753(91)80004-H,"10.1016/0378-7753(91)80004-H|LiAsF6|1|mol/l|v|0,0,0,0,0,0,0,0,0,0,0,0,0,0,0,0,0,0,0,0,0,0,0,0,0,0,0,1,0,0,0,0,0,0,0,0,0,0",5,cost_sensitive_budget_policy,1.5809249756756194,1.5632083743595313,0.0177166013160881,353.15,4,160.0,0.0
10.1016/0378-7753(91)80004-H,"10.1016/0378-7753(91)80004-H|LiAsF6|1|mol/l|v|0.25,0.25,0,0,0,0,0,0,0,0,0,0,0,0,0,0,0,0,0,0,0,0.5,0,0,0,0,0,0,0,0,0,0,0,0,0,0,0,0",5,cost_sensitive_budget_policy,1.3412366232386923,1.34268243054714,0.0014458073084477885,353.15,4,160.0,0.0
10.1016/0378-7753(91)80004-H,"10.1016/0378-7753(91)80004-H|LiAsF6|1|mol/l|v|0.175,0.175,0,0,0,0,0,0,0,0,0,0,0,0,0,0,0,0.3,0.35,0,0,0,0,0,0,0,0,0,0,0,0,0,0,0,0,0,0,0",5,cost_sensitive_budget_policy,1.1637575239819558,1.1389180564262498,0.024839467555705985,293.15,4,160.0,0.0
10.1016/0378-7753(91)80004-H,"10.1016/0378-7753(91)80004-H|LiAsF6|1|mol/l|v|0.125,0.125,0,0,0,0,0,0,0,0,0,0,0,0,0,0,0,0.5,0.25,0,0,0,0,0,0,0,0,0,0,0,0,0,0,0,0,0,0,0",5,cost_sensitive_budget_policy,1.1699681739968923,1.1514233568292123,0.018544817167680083,293.15,4,160.0,0.0
10.1016/0378-7753(91)80004-H,"10.1016/0378-7753(91)80004-H|LiAsF6|1|mol/l|v|0.075,0.075,0,0,0,0,0,0,0,0,0,0,0,0,0,0,0,0.7,0.15,0,0,0,0,0,0,0,0,0,0,0,0,0,0,0,0,0,0,0",5,cost_sensitive_budget_policy,1.0220157398177203,1.0109167152266687,0.01109902459105161,293.15,4,160.0,0.0
10.1016/0378-7753(91)80004-H,"10.1016/0378-7753(91)80004-H|LiAsF6|1|mol/l|v|0.35,0.35,0,0,0,0,0,0,0,0,0,0,0,0,0,0,0,0.3,0,0,0,0,0,0,0,0,0,0,0,0,0,0,0,0,0,0,0,0",5,cost_sensitive_budget_policy,0.9694159123539814,0.9648894680260098,0.004526444327971557,293.15,4,160.0,0.0
10.1016/0378-7753(91)80004-H,"10.1016/0378-7753(91)80004-H|LiAsF6|0.5|mol/l|v|0.15,0.85,0,0,0,0,0,0,0,0,0,0,0,0,0,0,0,0,0,0,0,0,0,0,0,0,0,0,0,0,0,0,0,0,0,0,0,0",5,cost_sensitive_budget_policy,1.1264561134318043,1.1179825620396842,0.008473551392120138,353.15,4,160.0,0.0
10.1016/0378-7753(91)80004-H,"10.1016/0378-7753(91)80004-H|LiAsF6|1|mol/l|v|0.15,0.85,0,0,0,0,0,0,0,0,0,0,0,0,0,0,0,0,0,0,0,0,0,0,0,0,0,0,0,0,0,0,0,0,0,0,0,0",5,cost_sensitive_budget_policy,1.2296818423176759,1.2363108079706677,0.0066289656529918695,353.15,4,160.0,0.0
10.1016/0378-7753(91)80004-H,"10.1016/0378-7753(91)80004-H|LiAsF6|1.5|mol/l|v|0.15,0.85,0,0,0,0,0,0,0,0,0,0,0,0,0,0,0,0,0,0,0,0,0,0,0,0,0,0,0,0,0,0,0,0,0,0,0,0",5,cost_sensitive_budget_policy,1.1992064791616577,1.2273028572824525,0.028096378120794796,353.15,4,160.0,0.0
10.1016/0378-7753(91)80004-H,"10.1016/0378-7753(91)80004-H|LiAsF6|1|mol/l|v|0.25,0.25,0,0,0,0,0,0,0,0,0,0,0,0,0,0,0,0,0,0,0,0,0.5,0,0,0,0,0,0,0,0,0,0,0,0,0,0,0",5,cost_sensitive_budget_policy,1.2622137054764169,1.271839569087253,0.009625863610836172,353.15,4,160.0,0.0
10.1016/0378-7753(91)80004-H,"10.1016/0378-7753(91)80004-H|LiAsF6|1|mol/l|v|0.25,0,0,0,0,0,0,0,0,0,0,0,0,0,0,0,0,0,0,0,0.5,0,0.25,0,0,0,0,0,0,0,0,0,0,0,0,0,0,0",5,cost_sensitive_budget_policy,1.1132746924643504,1.1163937472337153,0.003119054769364915,353.15,4,160.0,0.0
10.1016/0378-7753(91)80004-H,"10.1016/0378-7753(91)80004-H|LiAsF6|1|mol/l|v|0.1,0,0,0,0,0,0,0,0,0,0,0,0,0,0,0,0,0,0,0,0.45,0,0.45,0,0,0,0,0,0,0,0,0,0,0,0,0,0,0",5,cost_sensitive_budget_policy,1.06781451116184,1.0827418246409792,0.014927313479139226,353.15,4,160.0,0.0
10.1016/0378-7753(91)80004-H,"10.1016/0378-7753(91)80004-H|LiAsF6|1.5|mol/l|v|0.5,0.5,0,0,0,0,0,0,0,0,0,0,0,0,0,0,0,0,0,0,0,0,0,0,0,0,0,0,0,0,0,0,0,0,0,0,0,0",5,cost_sensitive_budget_policy,1.2390490931401914,1.2690900741013058,0.030040980961114405,353.15,4,160.0,0.0
10.1016/0378-7753(91)80004-H,"10.1016/0378-7753(91)80004-H|LiAsF6|1|mol/l|v|0,0,0,0,0,0,0,0,0,0,0,0,0,0,0,0,0,0,0,0,0.5,0,0,0,0,0,0.5,0,0,0,0,0,0,0,0,0,0,0",5,cost_sensitive_budget_policy,1.0666985504229953,1.0181490425964181,0.04854950782657719,353.15,4,160.0,0.0
10.1016/0378-7753(91)80004-H,"10.1016/0378-7753(91)80004-H|LiAsF6|0.5|mol/l|v|0.5,0.5,0,0,0,0,0,0,0,0,0,0,0,0,0,0,0,0,0,0,0,0,0,0,0,0,0,0,0,0,0,0,0,0,0,0,0,0",5,cost_sensitive_budget_policy,1.161966616364075,1.1587729209225115,0.003193695441563449,353.15,4,160.0,0.0
10.1016/0378-7753(91)80004-H,"10.1016/0378-7753(91)80004-H|LiAsF6|1|mol/l|v|0.5,0.5,0,0,0,0,0,0,0,0,0,0,0,0,0,0,0,0,0,0,0,0,0,0,0,0,0,0,0,0,0,0,0,0,0,0,0,0",5,cost_sensitive_budget_policy,1.266936911159173,1.2737266464997579,0.0067897353405848015,353.15,4,160.0,0.0
10.1016/0378-7753(91)80004-H,"10.1016/0378-7753(91)80004-H|LiAsF6|2|mol/l|v|0.15,0.85,0,0,0,0,0,0,0,0,0,0,0,0,0,0,0,0,0,0,0,0,0,0,0,0,0,0,0,0,0,0,0,0,0,0,0,0",5,cost_sensitive_budget_policy,1.0874264570362855,1.1641507739228483,0.07672431688656278,353.15,4,160.0,0.0
10.1016/0378-7753(91)80004-H,"10.1016/0378-7753(91)80004-H|LiAsF6|2|mol/l|v|0.5,0.5,0,0,0,0,0,0,0,0,0,0,0,0,0,0,0,0,0,0,0,0,0,0,0,0,0,0,0,0,0,0,0,0,0,0,0,0",5,cost_sensitive_budget_policy,1.1430148002540952,1.2221757460415525,0.07916094578745736,353.15,4,160.0,0.0
10.1016/0378-7753(91)80004-H,"10.1016/0378-7753(91)80004-H|LiAsF6|1|mol/l|v|0.25,0,0,0,0,0,0,0,0,0,0,0,0,0,0,0,0,0,0,0,0.25,0,0.5,0,0,0,0,0,0,0,0,0,0,0,0,0,0,0",5,cost_sensitive_budget_policy,1.1661339703051092,1.1752077455761036,0.0090737752709944,353.15,4,160.0,0.0
10.1016/0378-7753(91)80004-H,"10.1016/0378-7753(91)80004-H|LiAsF6|0.75|mol/l|v|0,0,0,0,0,0,0,0,0,0,0,0,0,0,0,0,0,0,0,0,0.5,0,0.25,0,0,0,0,0,0.25,0,0,0,0,0,0,0,0,0",5,cost_sensitive_budget_policy,1.0086001717619175,0.9877747415683142,0.020825430193603278,353.15,4,160.0,0.0
10.1016/0378-7753(91)80004-H,"10.1016/0378-7753(91)80004-H|LiAsF6|1|mol/l|v|0.7,0.3,0,0,0,0,0,0,0,0,0,0,0,0,0,0,0,0,0,0,0,0,0,0,0,0,0,0,0,0,0,0,0,0,0,0,0,0",5,cost_sensitive_budget_policy,1.2773799746672547,1.2847305064347854,0.007350531767530644,353.15,4,160.0,0.0
10.1016/0378-7753(91)80004-H,"10.1016/0378-7753(91)80004-H|LiAsF6|3|mol/l|v|0.5,0.5,0,0,0,0,0,0,0,0,0,0,0,0,0,0,0,0,0,0,0,0,0,0,0,0,0,0,0,0,0,0,0,0,0,0,0,0",5,cost_sensitive_budget_policy,1.0503797562614579,1.2200035606640238,0.16962380440256597,353.15,4,160.0,0.0
10.1016/0378-7753(91)80004-H,"10.1016/0378-7753(91)80004-H|LiAsF6|1|mol/l|v|0.375,0.375,0,0,0,0,0,0,0,0,0,0,0,0,0,0,0,0,0,0.25,0,0,0,0,0,0,0,0,0,0,0,0,0,0,0,0,0,0",5,cost_sensitive_budget_policy,1.2489536154957075,1.254645722987374,0.005692107491666487,353.15,4,160.0,0.0
10.1016/0378-7753(91)80004-H,"10.1016/0378-7753(91)80004-H|LiAsF6|1|mol/l|v|0.5,0,0,0,0,0,0,0,0,0,0,0,0,0,0,0,0,0,0,0,0,0,0.5,0,0,0,0,0,0,0,0,0,0,0,0,0,0,0",5,cost_sensitive_budget_policy,1.2953471483336179,1.3030901581179368,0.007743009784318966,353.15,4,160.0,0.0
10.1016/0378-7753(91)80004-H,"10.1016/0378-7753(91)80004-H|LiAsF6|1|mol/l|v|0,0.7,0,0,0,0,0,0,0,0,0,0,0,0,0,0,0,0.3,0,0,0,0,0,0,0,0,0,0,0,0,0,0,0,0,0,0,0,0",5,cost_sensitive_budget_policy,0.9329808219231982,0.8849985753247162,0.04798224659848205,293.15,4,160.0,0.0
10.1016/0378-7753(91)80004-H,"10.1016/0378-7753(91)80004-H|LiAsF6|1|mol/l|v|0,0.5,0,0,0,0,0,0,0,0,0,0,0,0,0,0,0,0.5,0,0,0,0,0,0,0,0,0,0,0,0,0,0,0,0,0,0,0,0",5,cost_sensitive_budget_policy,0.9925535178321356,0.9405573241154989,0.051996193716636774,293.15,4,160.0,0.0
10.1016/0378-7753(91)80004-H,"10.1016/0378-7753(91)80004-H|LiAsF6|1|mol/l|v|0,0,0,0,0,0,0,0,0,0,0,0,0,0,0,0,0,0.5,0.5,0,0,0,0,0,0,0,0,0,0,0,0,0,0,0,0,0,0,0",5,cost_sensitive_budget_policy,1.1778249718646818,1.1990141272723718,0.021189155407689952,293.15,4,160.0,0.0
10.1016/0378-7753(91)80004-H,"10.1016/0378-7753(91)80004-H|LiAsF6|1|mol/l|v|0,0,0,0,0,0,0,0,0,0,0,0,0,0,0,0,0,0.7,0.3,0,0,0,0,0,0,0,0,0,0,0,0,0,0,0,0,0,0,0",5,cost_sensitive_budget_policy,0.9916690073799486,1.0069645620104257,0.01529555463047716,293.15,4,160.0,0.0
10.1016/0378-7753(91)80004-H,"10.1016/0378-7753(91)80004-H|LiAsF6|1|mol/l|v|0,1,0,0,0,0,0,0,0,0,0,0,0,0,0,0,0,0,0,0,0,0,0,0,0,0,0,0,0,0,0,0,0,0,0,0,0,0",5,cost_sensitive_budget_policy,1.2190603324488614,1.2221012655476493,0.0030409330987879457,353.15,4,160.0,0.0
10.1016/0378-7753(91)80004-H,"10.1016/0378-7753(91)80004-H|LiAsF6|1|mol/l|v|0,0,0,0,0,0,0,0,0,0,0,0,0,0,0,0,0,0.3,0.7,0,0,0,0,0,0,0,0,0,0,0,0,0,0,0,0,0,0,0",5,cost_sensitive_budget_policy,1.1634595517699902,1.165877655441043,0.0024181036710528847,293.15,4,160.0,0.0
10.1016/0378-7753(91)80004-H,"10.1016/0378-7753(91)80004-H|LiAsF6|1|mol/l|v|0,0,0,0,0,0,0,0,0,0,0,0,0,0,0,0,0,0.25,0,0,0.5,0,0.25,0,0,0,0,0,0,0,0,0,0,0,0,0,0,0",5,cost_sensitive_budget_policy,1.1271047983648077,1.1844516040838349,0.05734680571902717,353.15,4,160.0,0.0
10.1016/0378-7753(91)80004-H,"10.1016/0378-7753(91)80004-H|LiAsF6|1|mol/l|v|0,0.7,0,0,0,0,0,0,0,0,0,0,0,0,0,0,0,0,0,0.3,0,0,0,0,0,0,0,0,0,0,0,0,0,0,0,0,0,0",5,cost_sensitive_budget_policy,0.75815462196739,0.7162284090684239,0.04192621289896614,293.15,4,160.0,0.0
10.1016/0378-7753(91)80004-H,"10.1016/0378-7753(91)80004-H|LiAsF6|1|mol/l|v|0,0,0,0,0,0,0,0,0,0,0,0,0,0,0,0,0,0,0,0,0.5,0,0,0,0,0.5,0,0,0,0,0,0,0,0,0,0,0,0",5,cost_sensitive_budget_policy,0.8543060418010806,0.8681221434800346,0.013816101678953974,353.15,4,160.0,0.0
10.1016/0378-7753(91)80004-H,"10.1016/0378-7753(91)80004-H|LiAsF6|1|mol/l|v|0,0.5,0,0,0,0,0,0,0,0,0,0,0,0,0,0,0,0,0,0,0.5,0,0,0,0,0,0,0,0,0,0,0,0,0,0,0,0,0",5,cost_sensitive_budget_policy,1.100370545117563,1.1023987557522332,0.002028210634670291,353.15,4,160.0,0.0
10.1016/0378-7753(91)80004-H,"10.1016/0378-7753(91)80004-H|LiAsF6|1|mol/l|v|0,0.1,0,0,0,0,0,0,0,0,0,0,0,0,0,0,0,0,0,0,0.45,0,0.45,0,0,0,0,0,0,0,0,0,0,0,0,0,0,0",5,cost_sensitive_budget_policy,1.0614524790871933,1.0777081242136928,0.016255645126499463,353.15,4,160.0,0.0
10.1016/0378-7753(91)80004-H,"10.1016/0378-7753(91)80004-H|LiAsF6|1|mol/l|v|0,0,0,0,0,0,0,0,0,0,0,0,0,0,0,0,0,0,0,0,1,0,0,0,0,0,0,0,0,0,0,0,0,0,0,0,0,0",5,cost_sensitive_budget_policy,0.9014583213961124,0.87700007562506,0.024458245771052378,353.15,4,160.0,0.0
10.1016/0378-7753(91)80004-H,"10.1016/0378-7753(91)80004-H|LiAsF6|1|mol/l|v|0,0,0,0,0,0,0,0,0,0,0,0,0,0,0,0,0,0,1,0,0,0,0,0,0,0,0,0,0,0,0,0,0,0,0,0,0,0",5,cost_sensitive_budget_policy,1.1095785469043866,1.188809725121366,0.07923117821697945,293.15,4,160.0,0.0
10.1016/0378-7753(91)80004-H,"10.1016/0378-7753(91)80004-H|LiAsF6|0.75|mol/l|v|0,0,0,0,0,0,0,0,0,0,0,0,0,0,0,0,0,0,0,0,0.5,0,0.5,0,0,0,0,0,0,0,0,0,0,0,0,0,0,0",5,cost_sensitive_budget_policy,0.9652017010259121,0.9765967499692114,0.011395048943299346,353.15,4,160.0,0.0
10.1016/0378-7753(91)80004-H,"10.1016/0378-7753(91)80004-H|LiAsF6|0.5|mol/l|v|0,0,0,0,0,0,0,0,0,0,0,0,0,0,0,0,0,0,0,0,0.5,0,0,0.5,0,0,0,0,0,0,0,0,0,0,0,0,0,0",5,cost_sensitive_budget_policy,0.8202014594856403,0.8327783996596314,0.012576940173991136,353.15,4,160.0,0.0
10.1016/0378-7753(91)80004-H,"10.1016/0378-7753(91)80004-H|LiAsF6|1|mol/l|v|0,0,0,0,0,0,0,0,0,0,0,0,0,0,0,0,0,0,0,0,0.75,0,0.25,0,0,0,0,0,0,0,0,0,0,0,0,0,0,0",5,cost_sensitive_budget_policy,0.9400181550076633,0.9404248784711768,0.0004067234635135586,353.15,4,160.0,0.0
10.1016/0378-7753(91)80004-H,"10.1016/0378-7753(91)80004-H|LiAsF6|2|mol/l|v|0,0,0,0,0,0,0,0,0,0,0,0,0,0,0,0,0,0,0,0,0.5,0,0.5,0,0,0,0,0,0,0,0,0,0,0,0,0,0,0",5,cost_sensitive_budget_policy,0.909020854211156,0.928592983606189,0.019572129395033055,353.15,4,160.0,0.0
10.1016/0378-7753(91)80004-H,"10.1016/0378-7753(91)80004-H|LiAsF6|0.75|mol/l|v|0,0,0,0,0,0,0,0,0,0,0,0,0,0,0,0,0,0,0,0,0.5,0,0.25,0,0,0,0,0,0,0,0,0,0,0,0,0,0.25,0",5,cost_sensitive_budget_policy,1.0068937079479006,1.0121757300120486,0.005282022064148073,353.15,4,160.0,0.0
10.1016/0378-7753(91)80004-H,"10.1016/0378-7753(91)80004-H|LiAsF6|0.75|mol/l|v|0,0,0,0,0,0,0,0,0,0,0,0,0,0,0,0,0,0,0,0,0.5,0,0.25,0,0,0,0,0,0,0,0,0,0,0,0,0,0,0.25",5,cost_sensitive_budget_policy,0.9703468762300933,0.9775132353974618,0.007166359167368519,353.15,4,160.0,0.0
10.1016/0378-7753(91)80004-H,"10.1016/0378-7753(91)80004-H|LiAsF6|0.75|mol/l|v|0,0,0,0,0,0,0,0,0,0,0,0,0,0,0,0,0,0,0,0,0.5,0,0,0.5,0,0,0,0,0,0,0,0,0,0,0,0,0,0",5,cost_sensitive_budget_policy,0.8992731873176038,0.9222267921735714,0.022953604855967646,353.15,4,160.0,0.0
10.1016/0378-7753(91)80004-H,"10.1016/0378-7753(91)80004-H|LiAsF6|1|mol/l|v|0,0,0,0,0,0,0,0,0,0,0,0,0,0,0,0,0,0,0,0,0.25,0,0,0.75,0,0,0,0,0,0,0,0,0,0,0,0,0,0",5,cost_sensitive_budget_policy,0.9390197764486664,0.959216444663261,0.020196668214594538,353.15,4,160.0,0.0
10.1016/0378-7753(91)80004-H,"10.1016/0378-7753(91)80004-H|LiAsF6|0.75|mol/l|v|0,0,0,0,0,0,0,0,0,0,0,0,0,0,0,0,0,0,0,0.25,0.5,0,0.25,0,0,0,0,0,0,0,0,0,0,0,0,0,0,0",5,cost_sensitive_budget_policy,1.0342272607705507,1.037737821087844,0.003510560317293354,353.15,4,160.0,0.0
10.1016/0378-7753(91)80004-H,"10.1016/0378-7753(91)80004-H|LiAsF6|1|mol/l|v|0,0,0,0,0,0,0,0,0,0,0,0,0,0,0,0,0,0,0,0.5,0.25,0,0.25,0,0,0,0,0,0,0,0,0,0,0,0,0,0,0",5,cost_sensitive_budget_policy,1.070037866607755,1.071408828279008,0.001370961671252946,353.15,4,160.0,0.0
10.1016/0378-7753(91)80004-H,"10.1016/0378-7753(91)80004-H|LiAsF6|1|mol/l|v|0,0,0,0,0,0,0,0,0,0,0,0,0,0,0,0,0,0,0,0,0.25,0,0.75,0,0,0,0,0,0,0,0,0,0,0,0,0,0,0",5,cost_sensitive_budget_policy,1.0253058652647702,1.0398231439063963,0.014517278641626108,353.15,4,160.0,0.0
10.1016/0378-7753(91)80004-H,"10.1016/0378-7753(91)80004-H|LiAsF6|0.75|mol/l|v|0,0,0,0,0,0,0,0,0,0,0,0,0,0,0,0,0,0,0,0,0,0,0,0,0,0,0,0,0,0,0,0,0,0,0,1,0,0",5,cost_sensitive_budget_policy,-0.3979400086720376,-0.3794926017182983,0.01844740695373931,353.15,4,160.0,0.0
10.1016/0378-7753(91)80004-H,"10.1016/0378-7753(91)80004-H|LiPF6|1|mol/l|v|0.125,0.125,0,0,0,0,0,0,0,0,0,0,0,0,0.75,0,0,0,0,0,0,0,0,0,0,0,0,0,0,0,0,0,0,0,0,0,0,0",5,cost_sensitive_budget_policy,1.2100508498751372,1.2054839235302586,0.004566926344878652,353.15,4,160.0,0.0
10.1016/0378-7753(91)80004-H,"10.1016/0378-7753(91)80004-H|LiPF6|1|mol/l|v|0.15,0.85,0,0,0,0,0,0,0,0,0,0,0,0,0,0,0,0,0,0,0,0,0,0,0,0,0,0,0,0,0,0,0,0,0,0,0,0",5,cost_sensitive_budget_policy,1.2273724422896362,1.237661686675585,0.010289244385948804,353.15,4,160.0,0.0
10.1016/0378-7753(91)80004-H,"10.1016/0378-7753(91)80004-H|LiPF6|1|mol/l|v|0.5,0.5,0,0,0,0,0,0,0,0,0,0,0,0,0,0,0,0,0,0,0,0,0,0,0,0,0,0,0,0,0,0,0,0,0,0,0,0",5,cost_sensitive_budget_policy,1.2866809693549301,1.2934938559182145,0.006812886563284382,353.15,4,160.0,0.0
10.1016/0378-7753(91)80004-H,"10.1016/0378-7753(91)80004-H|LiCF3SO3|1|mol/l|v|0.125,0.125,0,0,0,0,0,0,0,0,0,0,0,0,0.75,0,0,0,0,0,0,0,0,0,0,0,0,0,0,0,0,0,0,0,0,0,0,0",5,cost_sensitive_budget_policy,0.5185139398778874,0.4897730896032403,0.028740850274647123,353.15,4,160.0,0.0
10.1016/0378-7753(91)80004-H,"10.1016/0378-7753(91)80004-H|LiCF3SO3|1|mol/l|v|0.5,0.5,0,0,0,0,0,0,0,0,0,0,0,0,0,0,0,0,0,0,0,0,0,0,0,0,0,0,0,0,0,0,0,0,0,0,0,0",5,cost_sensitive_budget_policy,0.8082109729242221,0.8007868899186883,0.007424083005533766,353.15,4,160.0,0.0
10.1016/0378-7753(91)80004-H,"10.1016/0378-7753(91)80004-H|LiCF3SO3|1|mol/l|v|0,0.5,0,0,0,0.5,0,0,0,0,0,0,0,0,0,0,0,0,0,0,0,0,0,0,0,0,0,0,0,0,0,0,0,0,0,0,0,0",5,cost_sensitive_budget_policy,1.0257153839013406,1.0228308784649047,0.0028845054364359246,353.15,4,160.0,0.0
10.1016/0378-7753(91)80004-H,"10.1016/0378-7753(91)80004-H|LiCF3SO3|1|mol/l|v|0.5,0,0,0,0,0.5,0,0,0,0,0,0,0,0,0,0,0,0,0,0,0,0,0,0,0,0,0,0,0,0,0,0,0,0,0,0,0,0",5,cost_sensitive_budget_policy,1.123524980942732,1.120738014537558,0.0027869664051738408,353.15,4,160.0,0.0
10.1016/0378-7753(91)80004-H,"10.1016/0378-7753(91)80004-H|LiN(CF3SO2)2|1|mol/l|v|0,0,0,0,0,0,0,0,0,0,0,0,0,0,0,0,0,0,0,0,0.5,0,0,0,0,0,0,0,0,0.5,0,0,0,0,0,0,0,0",5,cost_sensitive_budget_policy,1.052693941924968,1.0594230396398858,0.00672909771491792,353.15,4,160.0,0.0
10.1016/0378-7753(91)80004-H,"10.1016/0378-7753(91)80004-H|LiN(CF3SO2)2|1|mol/l|v|0.125,0.125,0,0,0,0,0,0,0,0,0,0,0,0,0.75,0,0,0,0,0,0,0,0,0,0,0,0,0,0,0,0,0,0,0,0,0,0,0",5,cost_sensitive_budget_policy,1.0799044676667207,1.075915828424818,0.003988639241902625,353.15,4,160.0,0.0
10.1016/0378-7753(91)80004-H,"10.1016/0378-7753(91)80004-H|LiN(CF3SO2)2|1|mol/l|v|0.5,0.5,0,0,0,0,0,0,0,0,0,0,0,0,0,0,0,0,0,0,0,0,0,0,0,0,0,0,0,0,0,0,0,0,0,0,0,0",5,cost_sensitive_budget_policy,1.1417632302757879,1.1443495134916897,0.002586283215901819,353.15,4,160.0,0.0
10.1016/0378-7753(91)80004-H,"10.1016/0378-7753(91)80004-H|LiN(CF3SO2)2|1|mol/l|v|0,0,0,0,0,0.5,0,0,0,0,0,0,0,0,0,0,0,0,0,0,0,0,0,0,0,0,0,0,0,0,0,0.5,0,0,0,0,0,0",5,cost_sensitive_budget_policy,1.4053463601757088,1.4015506096745787,0.003795750501130124,353.15,4,160.0,0.0
10.1016/0378-7753(91)80004-H,"10.1016/0378-7753(91)80004-H|LiN(CF3SO2)2|1|mol/l|v|0,0.5,0,0,0,0.5,0,0,0,0,0,0,0,0,0,0,0,0,0,0,0,0,0,0,0,0,0,0,0,0,0,0,0,0,0,0,0,0",5,cost_sensitive_budget_policy,1.3856062735983121,1.3849486894993825,0.0006575840989295756,353.15,4,160.0,0.0
10.1016/0378-7753(91)80004-H,"10.1016/0378-7753(91)80004-H|LiN(CF3SO2)2|1|mol/l|v|0.5,0,0,0,0,0.5,0,0,0,0,0,0,0,0,0,0,0,0,0,0,0,0,0,0,0,0,0,0,0,0,0,0,0,0,0,0,0,0",5,cost_sensitive_budget_policy,1.4144719496293028,1.4215588809661437,0.007086931336840907,353.15,4,160.0,0.0
10.1016/0378-7753(91)80004-H,"10.1016/0378-7753(91)80004-H|LiN(CF3SO2)2|1|mol/l|v|0.5,0,0,0,0,0,0,0,0,0,0,0,0,0,0,0,0,0,0,0,0,0,0,0,0,0,0,0,0,0.5,0,0,0,0,0,0,0,0",5,cost_sensitive_budget_policy,1.2893659515200318,1.2872726904680503,0.0020932610519814876,353.15,4,160.0,0.0
10.1016/0378-7753(91)80004-H,"10.1016/0378-7753(91)80004-H|LiBF4|1|mol/l|v|0.5,0.5,0,0,0,0,0,0,0,0,0,0,0,0,0,0,0,0,0,0,0,0,0,0,0,0,0,0,0,0,0,0,0,0,0,0,0,0",5,cost_sensitive_budget_policy,1.0330214446829107,1.038888894092068,0.005867449409157288,353.15,4,160.0,0.0
10.1016/0378-7753(91)80004-H,"10.1016/0378-7753(91)80004-H|LiBF4|0.5|mol/l|v|0,0,0,0,0,0,0,0,0,0,0,0,0,0,0,0,0,0,0,0,0.5,0,0.5,0,0,0,0,0,0,0,0,0,0,0,0,0,0,0",5,cost_sensitive_budget_policy,0.21484384804769785,0.7305904598566408,0.515746611808943,353.15,4,160.0,0.0
10.1016/0378-7753(91)80004-H,"10.1016/0378-7753(91)80004-H|LiAsF6|1|mol/l|v|0,0,0,0,0,0,0,0,0,0,0,0,0,0,1,0,0,0,0,0,0,0,0,0,0,0,0,0,0,0,0,0,0,0,0,0,0,0",5,cost_sensitive_budget_policy,0.436162647040756,0.4316704767455459,0.004492170295210152,293.15,4,160.0,0.0025
10.1016/0378-7753(91)80004-H,"10.1016/0378-7753(91)80004-H|LiAsF6|1|mol/l|v|0.15,0.15,0,0,0,0.35,0,0,0,0,0,0,0,0,0.35,0,0,0,0,0,0,0,0,0,0,0,0,0,0,0,0,0,0,0,0,0,0,0",5,cost_sensitive_budget_policy,1.4940153747571439,1.4872642685678659,0.006751106189277989,353.15,4,160.0,0.0025
10.1016/0378-7753(91)80004-H,"10.1016/0378-7753(91)80004-H|LiAsF6|1|mol/l|v|0.125,0.125,0,0,0,0.25,0,0,0,0,0,0,0,0,0.5,0,0,0,0,0,0,0,0,0,0,0,0,0,0,0,0,0,0,0,0,0,0,0",5,cost_sensitive_budget_policy,1.4379090355394983,1.4299718356300635,0.007937199909434867,353.15,4,160.0,0.0025
10.1016/0378-7753(91)80004-H,"10.1016/0378-7753(91)80004-H|LiAsF6|1|mol/l|v|0.25,0.25,0,0,0,0.25,0,0,0,0,0,0,0,0,0.25,0,0,0,0,0,0,0,0,0,0,0,0,0,0,0,0,0,0,0,0,0,0,0",5,cost_sensitive_budget_policy,1.4679039465228003,1.4609879922632936,0.006915954259506751,353.15,4,160.0,0.0025
10.1016/0378-7753(91)80004-H,"10.1016/0378-7753(91)80004-H|LiAsF6|1|mol/l|v|0.125,0.125,0,0,0,0,0,0,0,0,0,0,0,0,0.25,0.5,0,0,0,0,0,0,0,0,0,0,0,0,0,0,0,0,0,0,0,0,0,0",5,cost_sensitive_budget_policy,1.1085650237328344,1.0993313363697437,0.009233687363090715,313.15,4,160.0,0.0025
10.1016/0378-7753(91)80004-H,"10.1016/0378-7753(91)80004-H|LiAsF6|1|mol/l|v|0.075,0.075,0,0,0,0,0,0,0,0,0,0,0,0,0.15,0,0,0.7,0,0,0,0,0,0,0,0,0,0,0,0,0,0,0,0,0,0,0,0",5,cost_sensitive_budget_policy,0.8785217955012065,0.8630420125153924,0.015479782985814095,293.15,4,160.0,0.0025
10.1016/0378-7753(91)80004-H,"10.1016/0378-7753(91)80004-H|LiAsF6|1|mol/l|v|0.125,0.125,0,0,0,0,0,0,0,0,0,0,0,0,0.25,0,0,0.5,0,0,0,0,0,0,0,0,0,0,0,0,0,0,0,0,0,0,0,0",5,cost_sensitive_budget_policy,1.0622058088197126,1.0513761143862297,0.010829694433482917,293.15,4,160.0,0.0025
10.1016/0378-7753(91)80004-H,"10.1016/0378-7753(91)80004-H|LiAsF6|1|mol/l|v|0.175,0.175,0,0,0,0,0,0,0,0,0,0,0,0,0.35,0,0,0.3,0,0,0,0,0,0,0,0,0,0,0,0,0,0,0,0,0,0,0,0",5,cost_sensitive_budget_policy,1.0499928569201427,1.0241040029433663,0.025888853976776316,293.15,4,160.0,0.0025
10.1016/0378-7753(91)80004-H,"10.1016/0378-7753(91)80004-H|LiAsF6|0.5|mol/l|v|0.125,0.125,0,0,0,0,0,0,0,0,0,0,0,0,0.75,0,0,0,0,0,0,0,0,0,0,0,0,0,0,0,0,0,0,0,0,0,0,0",5,cost_sensitive_budget_policy,1.224014811372864,1.2076789252138531,0.016335886159010826,353.15,4,160.0,0.0025
10.1016/0378-7753(91)80004-H,"10.1016/0378-7753(91)80004-H|LiAsF6|2|mol/l|v|0.125,0.125,0,0,0,0,0,0,0,0,0,0,0,0,0.75,0,0,0,0,0,0,0,0,0,0,0,0,0,0,0,0,0,0,0,0,0,0,0",5,cost_sensitive_budget_policy,0.7307822756663892,0.6892622468774532,0.041520028788936014,353.15,4,160.0,0.0025
10.1016/0378-7753(91)80004-H,"10.1016/0378-7753(91)80004-H|LiAsF6|1|mol/l|v|0.175,0.175,0,0,0,0,0,0,0,0,0,0,0,0,0.35,0,0,0,0.3,0,0,0,0,0,0,0,0,0,0,0,0,0,0,0,0,0,0,0",5,cost_sensitive_budget_policy,1.3911116137028026,1.3811513347284439,0.009960278974358694,353.15,4,160.0,0.0025
10.1016/0378-7753(91)80004-H,"10.1016/0378-7753(91)80004-H|LiAsF6|1|mol/l|v|0.075,0.075,0,0,0,0,0,0,0,0,0,0,0,0,0.15,0,0,0,0.7,0,0,0,0,0,0,0,0,0,0,0,0,0,0,0,0,0,0,0",5,cost_sensitive_budget_policy,1.376576957056512,1.3757941992071685,0.0007827578493435627,353.15,4,160.0,0.0025
10.1016/0378-7753(91)80004-H,"10.1016/0378-7753(91)80004-H|LiAsF6|1|mol/l|v|0.175,0.175,0,0,0,0,0,0,0,0,0,0,0,0,0.35,0,0,0,0,0.3,0,0,0,0,0,0,0,0,0,0,0,0,0,0,0,0,0,0",5,cost_sensitive_budget_policy,0.8976270912904415,0.8956965276149393,0.0019305636755021505,293.15,4,160.0,0.0025
10.1016/0378-7753(91)80004-H,"10.1016/0378-7753(91)80004-H|LiAsF6|3|mol/l|v|0.125,0.125,0,0,0,0,0,0,0,0,0,0,0,0,0.75,0,0,0,0,0,0,0,0,0,0,0,0,0,0,0,0,0,0,0,0,0,0,0",5,cost_sensitive_budget_policy,0.9804578922761001,1.0077550578398642,0.027297165563764048,353.15,4,160.0,0.0025
10.1016/0378-7753(91)80004-H,"10.1016/0378-7753(91)80004-H|LiAsF6|1|mol/l|v|0,0,0,0,0,0,0,0,0,0,0,0,0,0,0.5,0,0.5,0,0,0,0,0,0,0,0,0,0,0,0,0,0,0,0,0,0,0,0,0",5,cost_sensitive_budget_policy,1.1559430179718369,1.0522148543872953,0.10372816358454151,293.15,4,160.0,0.0025
10.1016/0378-7753(91)80004-H,"10.1016/0378-7753(91)80004-H|LiAsF6|1|mol/l|v|0.375,0.375,0,0,0,0,0,0,0,0,0,0,0,0,0.25,0,0,0,0,0,0,0,0,0,0,0,0,0,0,0,0,0,0,0,0,0,0,0",5,cost_sensitive_budget_policy,1.3031960574204888,1.2984370328981778,0.004759024522311028,353.15,4,160.0,0.0025
10.1016/0378-7753(91)80004-H,"10.1016/0378-7753(91)80004-H|LiAsF6|1|mol/l|v|0,0,0,0,0,0,0,0,0,0,0,0,0,0,0.7,0,0,0.3,0,0,0,0,0,0,0,0,0,0,0,0,0,0,0,0,0,0,0,0",5,cost_sensitive_budget_policy,0.6473829701146199,0.6346696926080718,0.012713277506548049,293.15,4,160.0,0.0025
10.1016/0378-7753(91)80004-H,"10.1016/0378-7753(91)80004-H|LiAsF6|1|mol/l|v|0,0,0,0,0,0,0,0,0,0,0,0,0,0,0.5,0,0,0,0,0,0.5,0,0,0,0,0,0,0,0,0,0,0,0,0,0,0,0,0",5,cost_sensitive_budget_policy,1.0666985504229953,1.0763424214159298,0.009643870992934511,353.15,4,160.0,0.0025
10.1016/0378-7753(91)80004-H,"10.1016/0378-7753(91)80004-H|LiAsF6|1|mol/l|v|0,0,0,0,0,0,0,0,0,0,0,0,0,0,0,0,0,0,0,0.4,0,0,0,0,0,0.6,0,0,0,0,0,0,0,0,0,0,0,0",5,cost_sensitive_budget_policy,0.8394780473741984,0.8520877782898124,0.012609730915614015,353.15,4,160.0,0.0025
10.1016/0378-7753(91)80004-H,"10.1016/0378-7753(91)80004-H|LiAsF6|1|mol/l|v|0.25,0.25,0,0,0,0.5,0,0,0,0,0,0,0,0,0,0,0,0,0,0,0,0,0,0,0,0,0,0,0,0,0,0,0,0,0,0,0,0",5,cost_sensitive_budget_policy,1.4974825373673704,1.4947821980990335,0.0027003392683369043,353.15,4,160.0,0.0025
10.1016/0378-7753(91)80004-H,"10.1016/0378-7753(91)80004-H|LiAsF6|1|mol/l|v|0,0,0,0,0,0.15,0,0,0,0,0,0,0,0,0,0,0,0,0,0,0.5,0,0.35,0,0,0,0,0,0,0,0,0,0,0,0,0,0,0",5,cost_sensitive_budget_policy,1.0913151596972228,1.1051057816006982,0.013790621903475353,353.15,4,160.0,0.0025
10.1016/0378-7753(91)80004-H,"10.1016/0378-7753(91)80004-H|LiAsF6|1|mol/l|v|0,0,0,0,0,0.25,0,0,0,0,0,0,0,0,0,0,0,0,0,0,0.5,0,0.25,0,0,0,0,0,0,0,0,0,0,0,0,0,0,0",5,cost_sensitive_budget_policy,1.1583624920952498,1.1607179331241027,0.002355441028852878,353.15,4,160.0,0.0025
10.1016/0378-7753(91)80004-H,"10.1016/0378-7753(91)80004-H|LiAsF6|1|mol/l|v|0,0,0,0,0,0,0,0,0,0,0,0,0,0,0,0,0,0,0,0,0,0,0,0,0,0,0,0,0,0,0,1,0,0,0,0,0,0",5,cost_sensitive_budget_policy,1.371806458507416,1.376255226677674,0.004448768170258077,353.15,4,160.0,0.0025
10.1016/0378-7753(91)80004-H,"10.1016/0378-7753(91)80004-H|LiAsF6|1|mol/l|v|0,0,0,0,0,0.5,0,0,0,0,0,0,0,0,0,0,0,0,0,0,0,0,0,0,0,0,0,0,0,0,0,0.5,0,0,0,0,0,0",5,cost_sensitive_budget_policy,1.5092025223311027,1.5004320698212277,0.00877045250987507,353.15,4,160.0,0.0025
10.1016/0378-7753(91)80004-H,"10.1016/0378-7753(91)80004-H|LiAsF6|1|mol/l|v|0,0,0,0,0,0,0,0,0,0,0,0,0,0,0,0,0,0,0,0,0,0,0,0,0,0,0,0,0,0.5,0,0.5,0,0,0,0,0,0",5,cost_sensitive_budget_policy,1.3725438007590702,1.3690841589395761,0.003459641819494097,353.15,4,160.0,0.0025
10.1016/0378-7753(91)80004-H,"10.1016/0378-7753(91)80004-H|LiAsF6|0.75|mol/l|v|0,0,0,0,0,0,0,0,0,0,0,0,0,0,0,0,0,0,0,0,0.5,0,0.25,0,0,0,0,0,0,0,0,0,0.25,0,0,0,0,0",5,cost_sensitive_budget_policy,0.9694159123539814,0.9714933661803158,0.0020774538263343967,353.15,4,160.0,0.0025
10.1016/0378-7753(91)80004-H,"10.1016/0378-7753(91)80004-H|LiAsF6|1|mol/l|v|0,0,0,0,0,0.25,0,0,0,0,0,0,0,0,0,0,0,0,0,0,0.5,0.25,0,0,0,0,0,0,0,0,0,0,0,0,0,0,0,0",5,cost_sensitive_budget_policy,1.199480914862356,1.1967742788390268,0.002706636023329212,353.15,4,160.0,0.0025
10.1016/0378-7753(91)80004-H,"10.1016/0378-7753(91)80004-H|LiAsF6|4|mol/l|v|0.25,0.25,0,0,0,0.5,0,0,0,0,0,0,0,0,0,0,0,0,0,0,0,0,0,0,0,0,0,0,0,0,0,0,0,0,0,0,0,0",5,cost_sensitive_budget_policy,1.318897714627487,1.4406167536023795,0.12171903897489256,353.15,4,160.0,0.0025
10.1016/0378-7753(91)80004-H,"10.1016/0378-7753(91)80004-H|LiAsF6|1|mol/l|v|0,0.5,0,0,0,0.5,0,0,0,0,0,0,0,0,0,0,0,0,0,0,0,0,0,0,0,0,0,0,0,0,0,0,0,0,0,0,0,0",5,cost_sensitive_budget_policy,1.4499409887733377,1.4673426866575832,0.017401697884245504,353.15,4,160.0,0.0025
10.1016/0378-7753(91)80004-H,"10.1016/0378-7753(91)80004-H|LiAsF6|4|mol/l|v|0,0.5,0,0,0,0.5,0,0,0,0,0,0,0,0,0,0,0,0,0,0,0,0,0,0,0,0,0,0,0,0,0,0,0,0,0,0,0,0",5,cost_sensitive_budget_policy,1.2898118391176214,1.3846819157732275,0.0948700766556061,353.15,4,160.0,0.0025
10.1016/0378-7753(91)80004-H,"10.1016/0378-7753(91)80004-H|LiAsF6|1|mol/l|v|0,0,0,0,0,0,0,0,0,0,0,0,0,0,0,0,0,0,0,0,0,0,0,0,0,1,0,0,0,0,0,0,0,0,0,0,0,0",5,cost_sensitive_budget_policy,0.8142475957319202,0.8455276610764364,0.03128006534451622,353.15,4,160.0,0.0025
10.1016/0378-7753(91)80004-H,"10.1016/0378-7753(91)80004-H|LiAsF6|1|mol/l|v|0,0,0,0,0,0,0,0,0,0,0,0,0,0,0,0,0,0,0,0,0.5,0.25,0,0,0,0,0.25,0,0,0,0,0,0,0,0,0,0,0",5,cost_sensitive_budget_policy,1.0546130545568877,1.0628644391521826,0.008251384595294953,353.15,4,160.0,0.0025
10.1016/0378-7753(91)80004-H,"10.1016/0378-7753(91)80004-H|LiAsF6|1|mol/l|v|0.5,0,0,0,0,0.5,0,0,0,0,0,0,0,0,0,0,0,0,0,0,0,0,0,0,0,0,0,0,0,0,0,0,0,0,0,0,0,0",5,cost_sensitive_budget_policy,1.5128177585648732,1.508560225507316,0.004257533057557161,353.15,4,160.0,0.0025
10.1016/0378-7753(91)80004-H,"10.1016/0378-7753(91)80004-H|LiAsF6|1|mol/l|v|0,0,0,0,0,0.5,0,0,0,0,0,0,0,0,0,0,0,0,0,0,0.5,0,0,0,0,0,0,0,0,0,0,0,0,0,0,0,0,0",5,cost_sensitive_budget_policy,1.2778383330020475,1.2564390756266335,0.021399257375414038,353.15,4,160.0,0.0025
10.1016/0378-7753(91)80004-H,"10.1016/0378-7753(91)80004-H|LiAsF6|1|mol/l|v|0,0,0,0,0,0.6,0,0,0,0,0,0,0,0,0,0,0,0,0,0,0.4,0,0,0,0,0,0,0,0,0,0,0,0,0,0,0,0,0",5,cost_sensitive_budget_policy,1.2301933788690456,1.2510224406699333,0.020829061800887727,353.15,4,160.0,0.0025
10.1016/0378-7753(91)80004-H,"10.1016/0378-7753(91)80004-H|LiAsF6|1|mol/l|v|0,0,0,0,0,0,0,0,0,0,0,0,0,0,0,0,0,0,0,0,0,0,0,0,0,0,0,1,0,0,0,0,0,0,0,0,0,0",5,cost_sensitive_budget_policy,1.5809249756756194,1.5632083743595313,0.0177166013160881,353.15,4,160.0,0.0025
10.1016/0378-7753(91)80004-H,"10.1016/0378-7753(91)80004-H|LiAsF6|1|mol/l|v|0.25,0.25,0,0,0,0,0,0,0,0,0,0,0,0,0,0,0,0,0,0,0,0.5,0,0,0,0,0,0,0,0,0,0,0,0,0,0,0,0",5,cost_sensitive_budget_policy,1.3412366232386923,1.34268243054714,0.0014458073084477885,353.15,4,160.0,0.0025
10.1016/0378-7753(91)80004-H,"10.1016/0378-7753(91)80004-H|LiAsF6|1|mol/l|v|0.175,0.175,0,0,0,0,0,0,0,0,0,0,0,0,0,0,0,0.3,0.35,0,0,0,0,0,0,0,0,0,0,0,0,0,0,0,0,0,0,0",5,cost_sensitive_budget_policy,1.1637575239819558,1.1389180564262498,0.024839467555705985,293.15,4,160.0,0.0025
10.1016/0378-7753(91)80004-H,"10.1016/0378-7753(91)80004-H|LiAsF6|1|mol/l|v|0.125,0.125,0,0,0,0,0,0,0,0,0,0,0,0,0,0,0,0.5,0.25,0,0,0,0,0,0,0,0,0,0,0,0,0,0,0,0,0,0,0",5,cost_sensitive_budget_policy,1.1699681739968923,1.1514233568292123,0.018544817167680083,293.15,4,160.0,0.0025
10.1016/0378-7753(91)80004-H,"10.1016/0378-7753(91)80004-H|LiAsF6|1|mol/l|v|0.075,0.075,0,0,0,0,0,0,0,0,0,0,0,0,0,0,0,0.7,0.15,0,0,0,0,0,0,0,0,0,0,0,0,0,0,0,0,0,0,0",5,cost_sensitive_budget_policy,1.0220157398177203,1.0109167152266687,0.01109902459105161,293.15,4,160.0,0.0025
10.1016/0378-7753(91)80004-H,"10.1016/0378-7753(91)80004-H|LiAsF6|1|mol/l|v|0.35,0.35,0,0,0,0,0,0,0,0,0,0,0,0,0,0,0,0.3,0,0,0,0,0,0,0,0,0,0,0,0,0,0,0,0,0,0,0,0",5,cost_sensitive_budget_policy,0.9694159123539814,0.9648894680260098,0.004526444327971557,293.15,4,160.0,0.0025
10.1016/0378-7753(91)80004-H,"10.1016/0378-7753(91)80004-H|LiAsF6|0.5|mol/l|v|0.15,0.85,0,0,0,0,0,0,0,0,0,0,0,0,0,0,0,0,0,0,0,0,0,0,0,0,0,0,0,0,0,0,0,0,0,0,0,0",5,cost_sensitive_budget_policy,1.1264561134318043,1.1179825620396842,0.008473551392120138,353.15,4,160.0,0.0025
10.1016/0378-7753(91)80004-H,"10.1016/0378-7753(91)80004-H|LiAsF6|1|mol/l|v|0.15,0.85,0,0,0,0,0,0,0,0,0,0,0,0,0,0,0,0,0,0,0,0,0,0,0,0,0,0,0,0,0,0,0,0,0,0,0,0",5,cost_sensitive_budget_policy,1.2296818423176759,1.2363108079706677,0.0066289656529918695,353.15,4,160.0,0.0025
10.1016/0378-7753(91)80004-H,"10.1016/0378-7753(91)80004-H|LiAsF6|1.5|mol/l|v|0.15,0.85,0,0,0,0,0,0,0,0,0,0,0,0,0,0,0,0,0,0,0,0,0,0,0,0,0,0,0,0,0,0,0,0,0,0,0,0",5,cost_sensitive_budget_policy,1.1992064791616577,1.2273028572824525,0.028096378120794796,353.15,4,160.0,0.0025
10.1016/0378-7753(91)80004-H,"10.1016/0378-7753(91)80004-H|LiAsF6|1|mol/l|v|0.25,0.25,0,0,0,0,0,0,0,0,0,0,0,0,0,0,0,0,0,0,0,0,0.5,0,0,0,0,0,0,0,0,0,0,0,0,0,0,0",5,cost_sensitive_budget_policy,1.2622137054764169,1.271839569087253,0.009625863610836172,353.15,4,160.0,0.0025
10.1016/0378-7753(91)80004-H,"10.1016/0378-7753(91)80004-H|LiAsF6|1|mol/l|v|0.25,0,0,0,0,0,0,0,0,0,0,0,0,0,0,0,0,0,0,0,0.5,0,0.25,0,0,0,0,0,0,0,0,0,0,0,0,0,0,0",5,cost_sensitive_budget_policy,1.1132746924643504,1.1163937472337153,0.003119054769364915,353.15,4,160.0,0.0025
10.1016/0378-7753(91)80004-H,"10.1016/0378-7753(91)80004-H|LiAsF6|1|mol/l|v|0.1,0,0,0,0,0,0,0,0,0,0,0,0,0,0,0,0,0,0,0,0.45,0,0.45,0,0,0,0,0,0,0,0,0,0,0,0,0,0,0",5,cost_sensitive_budget_policy,1.06781451116184,1.0827418246409792,0.014927313479139226,353.15,4,160.0,0.0025
10.1016/0378-7753(91)80004-H,"10.1016/0378-7753(91)80004-H|LiAsF6|1.5|mol/l|v|0.5,0.5,0,0,0,0,0,0,0,0,0,0,0,0,0,0,0,0,0,0,0,0,0,0,0,0,0,0,0,0,0,0,0,0,0,0,0,0",5,cost_sensitive_budget_policy,1.2390490931401914,1.2690900741013058,0.030040980961114405,353.15,4,160.0,0.0025
10.1016/0378-7753(91)80004-H,"10.1016/0378-7753(91)80004-H|LiAsF6|1|mol/l|v|0,0,0,0,0,0,0,0,0,0,0,0,0,0,0,0,0,0,0,0,0.5,0,0,0,0,0,0.5,0,0,0,0,0,0,0,0,0,0,0",5,cost_sensitive_budget_policy,1.0666985504229953,1.0181490425964181,0.04854950782657719,353.15,4,160.0,0.0025
10.1016/0378-7753(91)80004-H,"10.1016/0378-7753(91)80004-H|LiAsF6|0.5|mol/l|v|0.5,0.5,0,0,0,0,0,0,0,0,0,0,0,0,0,0,0,0,0,0,0,0,0,0,0,0,0,0,0,0,0,0,0,0,0,0,0,0",5,cost_sensitive_budget_policy,1.161966616364075,1.1587729209225115,0.003193695441563449,353.15,4,160.0,0.0025
10.1016/0378-7753(91)80004-H,"10.1016/0378-7753(91)80004-H|LiAsF6|1|mol/l|v|0.5,0.5,0,0,0,0,0,0,0,0,0,0,0,0,0,0,0,0,0,0,0,0,0,0,0,0,0,0,0,0,0,0,0,0,0,0,0,0",5,cost_sensitive_budget_policy,1.266936911159173,1.2737266464997579,0.0067897353405848015,353.15,4,160.0,0.0025
10.1016/0378-7753(91)80004-H,"10.1016/0378-7753(91)80004-H|LiAsF6|2|mol/l|v|0.15,0.85,0,0,0,0,0,0,0,0,0,0,0,0,0,0,0,0,0,0,0,0,0,0,0,0,0,0,0,0,0,0,0,0,0,0,0,0",5,cost_sensitive_budget_policy,1.0874264570362855,1.1641507739228483,0.07672431688656278,353.15,4,160.0,0.0025
10.1016/0378-7753(91)80004-H,"10.1016/0378-7753(91)80004-H|LiAsF6|2|mol/l|v|0.5,0.5,0,0,0,0,0,0,0,0,0,0,0,0,0,0,0,0,0,0,0,0,0,0,0,0,0,0,0,0,0,0,0,0,0,0,0,0",5,cost_sensitive_budget_policy,1.1430148002540952,1.2221757460415525,0.07916094578745736,353.15,4,160.0,0.0025
10.1016/0378-7753(91)80004-H,"10.1016/0378-7753(91)80004-H|LiAsF6|1|mol/l|v|0.25,0,0,0,0,0,0,0,0,0,0,0,0,0,0,0,0,0,0,0,0.25,0,0.5,0,0,0,0,0,0,0,0,0,0,0,0,0,0,0",5,cost_sensitive_budget_policy,1.1661339703051092,1.1752077455761036,0.0090737752709944,353.15,4,160.0,0.0025
10.1016/0378-7753(91)80004-H,"10.1016/0378-7753(91)80004-H|LiAsF6|0.75|mol/l|v|0,0,0,0,0,0,0,0,0,0,0,0,0,0,0,0,0,0,0,0,0.5,0,0.25,0,0,0,0,0,0.25,0,0,0,0,0,0,0,0,0",5,cost_sensitive_budget_policy,1.0086001717619175,0.9877747415683142,0.020825430193603278,353.15,4,160.0,0.0025
10.1016/0378-7753(91)80004-H,"10.1016/0378-7753(91)80004-H|LiAsF6|1|mol/l|v|0.7,0.3,0,0,0,0,0,0,0,0,0,0,0,0,0,0,0,0,0,0,0,0,0,0,0,0,0,0,0,0,0,0,0,0,0,0,0,0",5,cost_sensitive_budget_policy,1.2773799746672547,1.2847305064347854,0.007350531767530644,353.15,4,160.0,0.0025
10.1016/0378-7753(91)80004-H,"10.1016/0378-7753(91)80004-H|LiAsF6|3|mol/l|v|0.5,0.5,0,0,0,0,0,0,0,0,0,0,0,0,0,0,0,0,0,0,0,0,0,0,0,0,0,0,0,0,0,0,0,0,0,0,0,0",5,cost_sensitive_budget_policy,1.0503797562614579,1.2200035606640238,0.16962380440256597,353.15,4,160.0,0.0025
10.1016/0378-7753(91)80004-H,"10.1016/0378-7753(91)80004-H|LiAsF6|1|mol/l|v|0.375,0.375,0,0,0,0,0,0,0,0,0,0,0,0,0,0,0,0,0,0.25,0,0,0,0,0,0,0,0,0,0,0,0,0,0,0,0,0,0",5,cost_sensitive_budget_policy,1.2489536154957075,1.254645722987374,0.005692107491666487,353.15,4,160.0,0.0025
10.1016/0378-7753(91)80004-H,"10.1016/0378-7753(91)80004-H|LiAsF6|1|mol/l|v|0.5,0,0,0,0,0,0,0,0,0,0,0,0,0,0,0,0,0,0,0,0,0,0.5,0,0,0,0,0,0,0,0,0,0,0,0,0,0,0",5,cost_sensitive_budget_policy,1.2953471483336179,1.3030901581179368,0.007743009784318966,353.15,4,160.0,0.0025
10.1016/0378-7753(91)80004-H,"10.1016/0378-7753(91)80004-H|LiAsF6|1|mol/l|v|0,0.7,0,0,0,0,0,0,0,0,0,0,0,0,0,0,0,0.3,0,0,0,0,0,0,0,0,0,0,0,0,0,0,0,0,0,0,0,0",5,cost_sensitive_budget_policy,0.9329808219231982,0.8849985753247162,0.04798224659848205,293.15,4,160.0,0.0025
10.1016/0378-7753(91)80004-H,"10.1016/0378-7753(91)80004-H|LiAsF6|1|mol/l|v|0,0.5,0,0,0,0,0,0,0,0,0,0,0,0,0,0,0,0.5,0,0,0,0,0,0,0,0,0,0,0,0,0,0,0,0,0,0,0,0",5,cost_sensitive_budget_policy,0.9925535178321356,0.9405573241154989,0.051996193716636774,293.15,4,160.0,0.0025
10.1016/0378-7753(91)80004-H,"10.1016/0378-7753(91)80004-H|LiAsF6|1|mol/l|v|0,0,0,0,0,0,0,0,0,0,0,0,0,0,0,0,0,0.5,0.5,0,0,0,0,0,0,0,0,0,0,0,0,0,0,0,0,0,0,0",5,cost_sensitive_budget_policy,1.1778249718646818,1.1990141272723718,0.021189155407689952,293.15,4,160.0,0.0025
10.1016/0378-7753(91)80004-H,"10.1016/0378-7753(91)80004-H|LiAsF6|1|mol/l|v|0,0,0,0,0,0,0,0,0,0,0,0,0,0,0,0,0,0.7,0.3,0,0,0,0,0,0,0,0,0,0,0,0,0,0,0,0,0,0,0",5,cost_sensitive_budget_policy,0.9916690073799486,1.0069645620104257,0.01529555463047716,293.15,4,160.0,0.0025
10.1016/0378-7753(91)80004-H,"10.1016/0378-7753(91)80004-H|LiAsF6|1|mol/l|v|0,1,0,0,0,0,0,0,0,0,0,0,0,0,0,0,0,0,0,0,0,0,0,0,0,0,0,0,0,0,0,0,0,0,0,0,0,0",5,cost_sensitive_budget_policy,1.2190603324488614,1.2221012655476493,0.0030409330987879457,353.15,4,160.0,0.0025
10.1016/0378-7753(91)80004-H,"10.1016/0378-7753(91)80004-H|LiAsF6|1|mol/l|v|0,0,0,0,0,0,0,0,0,0,0,0,0,0,0,0,0,0.3,0.7,0,0,0,0,0,0,0,0,0,0,0,0,0,0,0,0,0,0,0",5,cost_sensitive_budget_policy,1.1634595517699902,1.165877655441043,0.0024181036710528847,293.15,4,160.0,0.0025
10.1016/0378-7753(91)80004-H,"10.1016/0378-7753(91)80004-H|LiAsF6|1|mol/l|v|0,0,0,0,0,0,0,0,0,0,0,0,0,0,0,0,0,0.25,0,0,0.5,0,0.25,0,0,0,0,0,0,0,0,0,0,0,0,0,0,0",5,cost_sensitive_budget_policy,1.1271047983648077,1.1844516040838349,0.05734680571902717,353.15,4,160.0,0.0025
10.1016/0378-7753(91)80004-H,"10.1016/0378-7753(91)80004-H|LiAsF6|1|mol/l|v|0,0.7,0,0,0,0,0,0,0,0,0,0,0,0,0,0,0,0,0,0.3,0,0,0,0,0,0,0,0,0,0,0,0,0,0,0,0,0,0",5,cost_sensitive_budget_policy,0.75815462196739,0.7162284090684239,0.04192621289896614,293.15,4,160.0,0.0025
10.1016/0378-7753(91)80004-H,"10.1016/0378-7753(91)80004-H|LiAsF6|1|mol/l|v|0,0,0,0,0,0,0,0,0,0,0,0,0,0,0,0,0,0,0,0,0.5,0,0,0,0,0.5,0,0,0,0,0,0,0,0,0,0,0,0",5,cost_sensitive_budget_policy,0.8543060418010806,0.8681221434800346,0.013816101678953974,353.15,4,160.0,0.0025
10.1016/0378-7753(91)80004-H,"10.1016/0378-7753(91)80004-H|LiAsF6|1|mol/l|v|0,0.5,0,0,0,0,0,0,0,0,0,0,0,0,0,0,0,0,0,0,0.5,0,0,0,0,0,0,0,0,0,0,0,0,0,0,0,0,0",5,cost_sensitive_budget_policy,1.100370545117563,1.1023987557522332,0.002028210634670291,353.15,4,160.0,0.0025
10.1016/0378-7753(91)80004-H,"10.1016/0378-7753(91)80004-H|LiAsF6|1|mol/l|v|0,0.1,0,0,0,0,0,0,0,0,0,0,0,0,0,0,0,0,0,0,0.45,0,0.45,0,0,0,0,0,0,0,0,0,0,0,0,0,0,0",5,cost_sensitive_budget_policy,1.0614524790871933,1.0777081242136928,0.016255645126499463,353.15,4,160.0,0.0025
10.1016/0378-7753(91)80004-H,"10.1016/0378-7753(91)80004-H|LiAsF6|1|mol/l|v|0,0,0,0,0,0,0,0,0,0,0,0,0,0,0,0,0,0,0,0,1,0,0,0,0,0,0,0,0,0,0,0,0,0,0,0,0,0",5,cost_sensitive_budget_policy,0.9014583213961124,0.87700007562506,0.024458245771052378,353.15,4,160.0,0.0025
10.1016/0378-7753(91)80004-H,"10.1016/0378-7753(91)80004-H|LiAsF6|1|mol/l|v|0,0,0,0,0,0,0,0,0,0,0,0,0,0,0,0,0,0,1,0,0,0,0,0,0,0,0,0,0,0,0,0,0,0,0,0,0,0",5,cost_sensitive_budget_policy,1.1095785469043866,1.188809725121366,0.07923117821697945,293.15,4,160.0,0.0025
10.1016/0378-7753(91)80004-H,"10.1016/0378-7753(91)80004-H|LiAsF6|0.75|mol/l|v|0,0,0,0,0,0,0,0,0,0,0,0,0,0,0,0,0,0,0,0,0.5,0,0.5,0,0,0,0,0,0,0,0,0,0,0,0,0,0,0",5,cost_sensitive_budget_policy,0.9652017010259121,0.9765967499692114,0.011395048943299346,353.15,4,160.0,0.0025
10.1016/0378-7753(91)80004-H,"10.1016/0378-7753(91)80004-H|LiAsF6|0.5|mol/l|v|0,0,0,0,0,0,0,0,0,0,0,0,0,0,0,0,0,0,0,0,0.5,0,0,0.5,0,0,0,0,0,0,0,0,0,0,0,0,0,0",5,cost_sensitive_budget_policy,0.8202014594856403,0.8327783996596314,0.012576940173991136,353.15,4,160.0,0.0025
10.1016/0378-7753(91)80004-H,"10.1016/0378-7753(91)80004-H|LiAsF6|1|mol/l|v|0,0,0,0,0,0,0,0,0,0,0,0,0,0,0,0,0,0,0,0,0.75,0,0.25,0,0,0,0,0,0,0,0,0,0,0,0,0,0,0",5,cost_sensitive_budget_policy,0.9400181550076633,0.9404248784711768,0.0004067234635135586,353.15,4,160.0,0.0025
10.1016/0378-7753(91)80004-H,"10.1016/0378-7753(91)80004-H|LiAsF6|2|mol/l|v|0,0,0,0,0,0,0,0,0,0,0,0,0,0,0,0,0,0,0,0,0.5,0,0.5,0,0,0,0,0,0,0,0,0,0,0,0,0,0,0",5,cost_sensitive_budget_policy,0.909020854211156,0.928592983606189,0.019572129395033055,353.15,4,160.0,0.0025
10.1016/0378-7753(91)80004-H,"10.1016/0378-7753(91)80004-H|LiAsF6|0.75|mol/l|v|0,0,0,0,0,0,0,0,0,0,0,0,0,0,0,0,0,0,0,0,0.5,0,0.25,0,0,0,0,0,0,0,0,0,0,0,0,0,0.25,0",5,cost_sensitive_budget_policy,1.0068937079479006,1.0121757300120486,0.005282022064148073,353.15,4,160.0,0.0025
10.1016/0378-7753(91)80004-H,"10.1016/0378-7753(91)80004-H|LiAsF6|0.75|mol/l|v|0,0,0,0,0,0,0,0,0,0,0,0,0,0,0,0,0,0,0,0,0.5,0,0.25,0,0,0,0,0,0,0,0,0,0,0,0,0,0,0.25",5,cost_sensitive_budget_policy,0.9703468762300933,0.9775132353974618,0.007166359167368519,353.15,4,160.0,0.0025
10.1016/0378-7753(91)80004-H,"10.1016/0378-7753(91)80004-H|LiAsF6|0.75|mol/l|v|0,0,0,0,0,0,0,0,0,0,0,0,0,0,0,0,0,0,0,0,0.5,0,0,0.5,0,0,0,0,0,0,0,0,0,0,0,0,0,0",5,cost_sensitive_budget_policy,0.8992731873176038,0.9222267921735714,0.022953604855967646,353.15,4,160.0,0.0025
10.1016/0378-7753(91)80004-H,"10.1016/0378-7753(91)80004-H|LiAsF6|1|mol/l|v|0,0,0,0,0,0,0,0,0,0,0,0,0,0,0,0,0,0,0,0,0.25,0,0,0.75,0,0,0,0,0,0,0,0,0,0,0,0,0,0",5,cost_sensitive_budget_policy,0.9390197764486664,0.959216444663261,0.020196668214594538,353.15,4,160.0,0.0025
10.1016/0378-7753(91)80004-H,"10.1016/0378-7753(91)80004-H|LiAsF6|0.75|mol/l|v|0,0,0,0,0,0,0,0,0,0,0,0,0,0,0,0,0,0,0,0.25,0.5,0,0.25,0,0,0,0,0,0,0,0,0,0,0,0,0,0,0",5,cost_sensitive_budget_policy,1.0342272607705507,1.037737821087844,0.003510560317293354,353.15,4,160.0,0.0025
10.1016/0378-7753(91)80004-H,"10.1016/0378-7753(91)80004-H|LiAsF6|1|mol/l|v|0,0,0,0,0,0,0,0,0,0,0,0,0,0,0,0,0,0,0,0.5,0.25,0,0.25,0,0,0,0,0,0,0,0,0,0,0,0,0,0,0",5,cost_sensitive_budget_policy,1.070037866607755,1.071408828279008,0.001370961671252946,353.15,4,160.0,0.0025
10.1016/0378-7753(91)80004-H,"10.1016/0378-7753(91)80004-H|LiAsF6|1|mol/l|v|0,0,0,0,0,0,0,0,0,0,0,0,0,0,0,0,0,0,0,0,0.25,0,0.75,0,0,0,0,0,0,0,0,0,0,0,0,0,0,0",5,cost_sensitive_budget_policy,1.0253058652647702,1.0398231439063963,0.014517278641626108,353.15,4,160.0,0.0025
10.1016/0378-7753(91)80004-H,"10.1016/0378-7753(91)80004-H|LiAsF6|0.75|mol/l|v|0,0,0,0,0,0,0,0,0,0,0,0,0,0,0,0,0,0,0,0,0,0,0,0,0,0,0,0,0,0,0,0,0,0,0,1,0,0",5,cost_sensitive_budget_policy,-0.3979400086720376,-0.3794926017182983,0.01844740695373931,353.15,4,160.0,0.0025
10.1016/0378-7753(91)80004-H,"10.1016/0378-7753(91)80004-H|LiPF6|1|mol/l|v|0.125,0.125,0,0,0,0,0,0,0,0,0,0,0,0,0.75,0,0,0,0,0,0,0,0,0,0,0,0,0,0,0,0,0,0,0,0,0,0,0",5,cost_sensitive_budget_policy,1.2100508498751372,1.2054839235302586,0.004566926344878652,353.15,4,160.0,0.0025
10.1016/0378-7753(91)80004-H,"10.1016/0378-7753(91)80004-H|LiPF6|1|mol/l|v|0.15,0.85,0,0,0,0,0,0,0,0,0,0,0,0,0,0,0,0,0,0,0,0,0,0,0,0,0,0,0,0,0,0,0,0,0,0,0,0",5,cost_sensitive_budget_policy,1.2273724422896362,1.237661686675585,0.010289244385948804,353.15,4,160.0,0.0025
10.1016/0378-7753(91)80004-H,"10.1016/0378-7753(91)80004-H|LiPF6|1|mol/l|v|0.5,0.5,0,0,0,0,0,0,0,0,0,0,0,0,0,0,0,0,0,0,0,0,0,0,0,0,0,0,0,0,0,0,0,0,0,0,0,0",5,cost_sensitive_budget_policy,1.2866809693549301,1.2934938559182145,0.006812886563284382,353.15,4,160.0,0.0025
10.1016/0378-7753(91)80004-H,"10.1016/0378-7753(91)80004-H|LiCF3SO3|1|mol/l|v|0.125,0.125,0,0,0,0,0,0,0,0,0,0,0,0,0.75,0,0,0,0,0,0,0,0,0,0,0,0,0,0,0,0,0,0,0,0,0,0,0",5,cost_sensitive_budget_policy,0.5185139398778874,0.4897730896032403,0.028740850274647123,353.15,4,160.0,0.0025
10.1016/0378-7753(91)80004-H,"10.1016/0378-7753(91)80004-H|LiCF3SO3|1|mol/l|v|0.5,0.5,0,0,0,0,0,0,0,0,0,0,0,0,0,0,0,0,0,0,0,0,0,0,0,0,0,0,0,0,0,0,0,0,0,0,0,0",5,cost_sensitive_budget_policy,0.8082109729242221,0.8007868899186883,0.007424083005533766,353.15,4,160.0,0.0025
10.1016/0378-7753(91)80004-H,"10.1016/0378-7753(91)80004-H|LiCF3SO3|1|mol/l|v|0,0.5,0,0,0,0.5,0,0,0,0,0,0,0,0,0,0,0,0,0,0,0,0,0,0,0,0,0,0,0,0,0,0,0,0,0,0,0,0",5,cost_sensitive_budget_policy,1.0257153839013406,1.0228308784649047,0.0028845054364359246,353.15,4,160.0,0.0025
10.1016/0378-7753(91)80004-H,"10.1016/0378-7753(91)80004-H|LiCF3SO3|1|mol/l|v|0.5,0,0,0,0,0.5,0,0,0,0,0,0,0,0,0,0,0,0,0,0,0,0,0,0,0,0,0,0,0,0,0,0,0,0,0,0,0,0",5,cost_sensitive_budget_policy,1.123524980942732,1.120738014537558,0.0027869664051738408,353.15,4,160.0,0.0025
10.1016/0378-7753(91)80004-H,"10.1016/0378-7753(91)80004-H|LiN(CF3SO2)2|1|mol/l|v|0,0,0,0,0,0,0,0,0,0,0,0,0,0,0,0,0,0,0,0,0.5,0,0,0,0,0,0,0,0,0.5,0,0,0,0,0,0,0,0",5,cost_sensitive_budget_policy,1.052693941924968,1.0594230396398858,0.00672909771491792,353.15,4,160.0,0.0025
10.1016/0378-7753(91)80004-H,"10.1016/0378-7753(91)80004-H|LiN(CF3SO2)2|1|mol/l|v|0.125,0.125,0,0,0,0,0,0,0,0,0,0,0,0,0.75,0,0,0,0,0,0,0,0,0,0,0,0,0,0,0,0,0,0,0,0,0,0,0",5,cost_sensitive_budget_policy,1.0799044676667207,1.075915828424818,0.003988639241902625,353.15,4,160.0,0.0025
10.1016/0378-7753(91)80004-H,"10.1016/0378-7753(91)80004-H|LiN(CF3SO2)2|1|mol/l|v|0.5,0.5,0,0,0,0,0,0,0,0,0,0,0,0,0,0,0,0,0,0,0,0,0,0,0,0,0,0,0,0,0,0,0,0,0,0,0,0",5,cost_sensitive_budget_policy,1.1417632302757879,1.1443495134916897,0.002586283215901819,353.15,4,160.0,0.0025
10.1016/0378-7753(91)80004-H,"10.1016/0378-7753(91)80004-H|LiN(CF3SO2)2|1|mol/l|v|0,0,0,0,0,0.5,0,0,0,0,0,0,0,0,0,0,0,0,0,0,0,0,0,0,0,0,0,0,0,0,0,0.5,0,0,0,0,0,0",5,cost_sensitive_budget_policy,1.4053463601757088,1.4015506096745787,0.003795750501130124,353.15,4,160.0,0.0025
10.1016/0378-7753(91)80004-H,"10.1016/0378-7753(91)80004-H|LiN(CF3SO2)2|1|mol/l|v|0,0.5,0,0,0,0.5,0,0,0,0,0,0,0,0,0,0,0,0,0,0,0,0,0,0,0,0,0,0,0,0,0,0,0,0,0,0,0,0",5,cost_sensitive_budget_policy,1.3856062735983121,1.3849486894993825,0.0006575840989295756,353.15,4,160.0,0.0025
10.1016/0378-7753(91)80004-H,"10.1016/0378-7753(91)80004-H|LiN(CF3SO2)2|1|mol/l|v|0.5,0,0,0,0,0.5,0,0,0,0,0,0,0,0,0,0,0,0,0,0,0,0,0,0,0,0,0,0,0,0,0,0,0,0,0,0,0,0",5,cost_sensitive_budget_policy,1.4144719496293028,1.4215588809661437,0.007086931336840907,353.15,4,160.0,0.0025
10.1016/0378-7753(91)80004-H,"10.1016/0378-7753(91)80004-H|LiN(CF3SO2)2|1|mol/l|v|0.5,0,0,0,0,0,0,0,0,0,0,0,0,0,0,0,0,0,0,0,0,0,0,0,0,0,0,0,0,0.5,0,0,0,0,0,0,0,0",5,cost_sensitive_budget_policy,1.2893659515200318,1.2872726904680503,0.0020932610519814876,353.15,4,160.0,0.0025
10.1016/0378-7753(91)80004-H,"10.1016/0378-7753(91)80004-H|LiBF4|1|mol/l|v|0.5,0.5,0,0,0,0,0,0,0,0,0,0,0,0,0,0,0,0,0,0,0,0,0,0,0,0,0,0,0,0,0,0,0,0,0,0,0,0",5,cost_sensitive_budget_policy,1.0330214446829107,1.038888894092068,0.005867449409157288,353.15,4,160.0,0.0025
10.1016/0378-7753(91)80004-H,"10.1016/0378-7753(91)80004-H|LiBF4|0.5|mol/l|v|0,0,0,0,0,0,0,0,0,0,0,0,0,0,0,0,0,0,0,0,0.5,0,0.5,0,0,0,0,0,0,0,0,0,0,0,0,0,0,0",5,cost_sensitive_budget_policy,0.21484384804769785,0.7305904598566408,0.515746611808943,353.15,4,160.0,0.0025
10.1016/0378-7753(91)80004-H,"10.1016/0378-7753(91)80004-H|LiAsF6|1|mol/l|v|0,0,0,0,0,0,0,0,0,0,0,0,0,0,1,0,0,0,0,0,0,0,0,0,0,0,0,0,0,0,0,0,0,0,0,0,0,0",5,cost_sensitive_budget_policy,0.436162647040756,0.4316704767455459,0.004492170295210152,293.15,4,160.0,0.005
10.1016/0378-7753(91)80004-H,"10.1016/0378-7753(91)80004-H|LiAsF6|1|mol/l|v|0.15,0.15,0,0,0,0.35,0,0,0,0,0,0,0,0,0.35,0,0,0,0,0,0,0,0,0,0,0,0,0,0,0,0,0,0,0,0,0,0,0",5,cost_sensitive_budget_policy,1.4940153747571439,1.4872642685678659,0.006751106189277989,353.15,4,160.0,0.005
10.1016/0378-7753(91)80004-H,"10.1016/0378-7753(91)80004-H|LiAsF6|1|mol/l|v|0.125,0.125,0,0,0,0.25,0,0,0,0,0,0,0,0,0.5,0,0,0,0,0,0,0,0,0,0,0,0,0,0,0,0,0,0,0,0,0,0,0",5,cost_sensitive_budget_policy,1.4379090355394983,1.4299718356300635,0.007937199909434867,353.15,4,160.0,0.005
10.1016/0378-7753(91)80004-H,"10.1016/0378-7753(91)80004-H|LiAsF6|1|mol/l|v|0.25,0.25,0,0,0,0.25,0,0,0,0,0,0,0,0,0.25,0,0,0,0,0,0,0,0,0,0,0,0,0,0,0,0,0,0,0,0,0,0,0",5,cost_sensitive_budget_policy,1.4679039465228003,1.4609879922632936,0.006915954259506751,353.15,4,160.0,0.005
10.1016/0378-7753(91)80004-H,"10.1016/0378-7753(91)80004-H|LiAsF6|1|mol/l|v|0.125,0.125,0,0,0,0,0,0,0,0,0,0,0,0,0.25,0.5,0,0,0,0,0,0,0,0,0,0,0,0,0,0,0,0,0,0,0,0,0,0",5,cost_sensitive_budget_policy,1.1085650237328344,1.0993313363697437,0.009233687363090715,313.15,4,160.0,0.005
10.1016/0378-7753(91)80004-H,"10.1016/0378-7753(91)80004-H|LiAsF6|1|mol/l|v|0.075,0.075,0,0,0,0,0,0,0,0,0,0,0,0,0.15,0,0,0.7,0,0,0,0,0,0,0,0,0,0,0,0,0,0,0,0,0,0,0,0",5,cost_sensitive_budget_policy,0.8785217955012065,0.8630420125153924,0.015479782985814095,293.15,4,160.0,0.005
10.1016/0378-7753(91)80004-H,"10.1016/0378-7753(91)80004-H|LiAsF6|1|mol/l|v|0.125,0.125,0,0,0,0,0,0,0,0,0,0,0,0,0.25,0,0,0.5,0,0,0,0,0,0,0,0,0,0,0,0,0,0,0,0,0,0,0,0",5,cost_sensitive_budget_policy,1.0622058088197126,1.0513761143862297,0.010829694433482917,293.15,4,160.0,0.005
10.1016/0378-7753(91)80004-H,"10.1016/0378-7753(91)80004-H|LiAsF6|1|mol/l|v|0.175,0.175,0,0,0,0,0,0,0,0,0,0,0,0,0.35,0,0,0.3,0,0,0,0,0,0,0,0,0,0,0,0,0,0,0,0,0,0,0,0",5,cost_sensitive_budget_policy,1.0499928569201427,1.0241040029433663,0.025888853976776316,293.15,4,160.0,0.005
10.1016/0378-7753(91)80004-H,"10.1016/0378-7753(91)80004-H|LiAsF6|0.5|mol/l|v|0.125,0.125,0,0,0,0,0,0,0,0,0,0,0,0,0.75,0,0,0,0,0,0,0,0,0,0,0,0,0,0,0,0,0,0,0,0,0,0,0",5,cost_sensitive_budget_policy,1.224014811372864,1.2076789252138531,0.016335886159010826,353.15,4,160.0,0.005
10.1016/0378-7753(91)80004-H,"10.1016/0378-7753(91)80004-H|LiAsF6|2|mol/l|v|0.125,0.125,0,0,0,0,0,0,0,0,0,0,0,0,0.75,0,0,0,0,0,0,0,0,0,0,0,0,0,0,0,0,0,0,0,0,0,0,0",5,cost_sensitive_budget_policy,0.7307822756663892,0.6892622468774532,0.041520028788936014,353.15,4,160.0,0.005
10.1016/0378-7753(91)80004-H,"10.1016/0378-7753(91)80004-H|LiAsF6|1|mol/l|v|0.175,0.175,0,0,0,0,0,0,0,0,0,0,0,0,0.35,0,0,0,0.3,0,0,0,0,0,0,0,0,0,0,0,0,0,0,0,0,0,0,0",5,cost_sensitive_budget_policy,1.3911116137028026,1.3811513347284439,0.009960278974358694,353.15,4,160.0,0.005
10.1016/0378-7753(91)80004-H,"10.1016/0378-7753(91)80004-H|LiAsF6|1|mol/l|v|0.075,0.075,0,0,0,0,0,0,0,0,0,0,0,0,0.15,0,0,0,0.7,0,0,0,0,0,0,0,0,0,0,0,0,0,0,0,0,0,0,0",5,cost_sensitive_budget_policy,1.376576957056512,1.3757941992071685,0.0007827578493435627,353.15,4,160.0,0.005
10.1016/0378-7753(91)80004-H,"10.1016/0378-7753(91)80004-H|LiAsF6|1|mol/l|v|0.175,0.175,0,0,0,0,0,0,0,0,0,0,0,0,0.35,0,0,0,0,0.3,0,0,0,0,0,0,0,0,0,0,0,0,0,0,0,0,0,0",5,cost_sensitive_budget_policy,0.8976270912904415,0.8956965276149393,0.0019305636755021505,293.15,4,160.0,0.005
10.1016/0378-7753(91)80004-H,"10.1016/0378-7753(91)80004-H|LiAsF6|3|mol/l|v|0.125,0.125,0,0,0,0,0,0,0,0,0,0,0,0,0.75,0,0,0,0,0,0,0,0,0,0,0,0,0,0,0,0,0,0,0,0,0,0,0",5,cost_sensitive_budget_policy,0.9804578922761001,1.0077550578398642,0.027297165563764048,353.15,4,160.0,0.005
10.1016/0378-7753(91)80004-H,"10.1016/0378-7753(91)80004-H|LiAsF6|1|mol/l|v|0,0,0,0,0,0,0,0,0,0,0,0,0,0,0.5,0,0.5,0,0,0,0,0,0,0,0,0,0,0,0,0,0,0,0,0,0,0,0,0",5,cost_sensitive_budget_policy,1.1559430179718369,1.0522148543872953,0.10372816358454151,293.15,4,160.0,0.005
10.1016/0378-7753(91)80004-H,"10.1016/0378-7753(91)80004-H|LiAsF6|1|mol/l|v|0.375,0.375,0,0,0,0,0,0,0,0,0,0,0,0,0.25,0,0,0,0,0,0,0,0,0,0,0,0,0,0,0,0,0,0,0,0,0,0,0",5,cost_sensitive_budget_policy,1.3031960574204888,1.2984370328981778,0.004759024522311028,353.15,4,160.0,0.005
10.1016/0378-7753(91)80004-H,"10.1016/0378-7753(91)80004-H|LiAsF6|1|mol/l|v|0,0,0,0,0,0,0,0,0,0,0,0,0,0,0.7,0,0,0.3,0,0,0,0,0,0,0,0,0,0,0,0,0,0,0,0,0,0,0,0",5,cost_sensitive_budget_policy,0.6473829701146199,0.6346696926080718,0.012713277506548049,293.15,4,160.0,0.005
10.1016/0378-7753(91)80004-H,"10.1016/0378-7753(91)80004-H|LiAsF6|1|mol/l|v|0,0,0,0,0,0,0,0,0,0,0,0,0,0,0.5,0,0,0,0,0,0.5,0,0,0,0,0,0,0,0,0,0,0,0,0,0,0,0,0",5,cost_sensitive_budget_policy,1.0666985504229953,1.0763424214159298,0.009643870992934511,353.15,4,160.0,0.005
10.1016/0378-7753(91)80004-H,"10.1016/0378-7753(91)80004-H|LiAsF6|1|mol/l|v|0,0,0,0,0,0,0,0,0,0,0,0,0,0,0,0,0,0,0,0.4,0,0,0,0,0,0.6,0,0,0,0,0,0,0,0,0,0,0,0",5,cost_sensitive_budget_policy,0.8394780473741984,0.8520877782898124,0.012609730915614015,353.15,4,160.0,0.005
10.1016/0378-7753(91)80004-H,"10.1016/0378-7753(91)80004-H|LiAsF6|1|mol/l|v|0.25,0.25,0,0,0,0.5,0,0,0,0,0,0,0,0,0,0,0,0,0,0,0,0,0,0,0,0,0,0,0,0,0,0,0,0,0,0,0,0",5,cost_sensitive_budget_policy,1.4974825373673704,1.4947821980990335,0.0027003392683369043,353.15,4,160.0,0.005
10.1016/0378-7753(91)80004-H,"10.1016/0378-7753(91)80004-H|LiAsF6|1|mol/l|v|0,0,0,0,0,0.15,0,0,0,0,0,0,0,0,0,0,0,0,0,0,0.5,0,0.35,0,0,0,0,0,0,0,0,0,0,0,0,0,0,0",5,cost_sensitive_budget_policy,1.0913151596972228,1.1051057816006982,0.013790621903475353,353.15,4,160.0,0.005
10.1016/0378-7753(91)80004-H,"10.1016/0378-7753(91)80004-H|LiAsF6|1|mol/l|v|0,0,0,0,0,0.25,0,0,0,0,0,0,0,0,0,0,0,0,0,0,0.5,0,0.25,0,0,0,0,0,0,0,0,0,0,0,0,0,0,0",5,cost_sensitive_budget_policy,1.1583624920952498,1.1607179331241027,0.002355441028852878,353.15,4,160.0,0.005
10.1016/0378-7753(91)80004-H,"10.1016/0378-7753(91)80004-H|LiAsF6|1|mol/l|v|0,0,0,0,0,0,0,0,0,0,0,0,0,0,0,0,0,0,0,0,0,0,0,0,0,0,0,0,0,0,0,1,0,0,0,0,0,0",5,cost_sensitive_budget_policy,1.371806458507416,1.376255226677674,0.004448768170258077,353.15,4,160.0,0.005
10.1016/0378-7753(91)80004-H,"10.1016/0378-7753(91)80004-H|LiAsF6|1|mol/l|v|0,0,0,0,0,0.5,0,0,0,0,0,0,0,0,0,0,0,0,0,0,0,0,0,0,0,0,0,0,0,0,0,0.5,0,0,0,0,0,0",5,cost_sensitive_budget_policy,1.5092025223311027,1.5004320698212277,0.00877045250987507,353.15,4,160.0,0.005
10.1016/0378-7753(91)80004-H,"10.1016/0378-7753(91)80004-H|LiAsF6|1|mol/l|v|0,0,0,0,0,0,0,0,0,0,0,0,0,0,0,0,0,0,0,0,0,0,0,0,0,0,0,0,0,0.5,0,0.5,0,0,0,0,0,0",5,cost_sensitive_budget_policy,1.3725438007590702,1.3690841589395761,0.003459641819494097,353.15,4,160.0,0.005
10.1016/0378-7753(91)80004-H,"10.1016/0378-7753(91)80004-H|LiAsF6|0.75|mol/l|v|0,0,0,0,0,0,0,0,0,0,0,0,0,0,0,0,0,0,0,0,0.5,0,0.25,0,0,0,0,0,0,0,0,0,0.25,0,0,0,0,0",5,cost_sensitive_budget_policy,0.9694159123539814,0.9714933661803158,0.0020774538263343967,353.15,4,160.0,0.005
10.1016/0378-7753(91)80004-H,"10.1016/0378-7753(91)80004-H|LiAsF6|1|mol/l|v|0,0,0,0,0,0.25,0,0,0,0,0,0,0,0,0,0,0,0,0,0,0.5,0.25,0,0,0,0,0,0,0,0,0,0,0,0,0,0,0,0",5,cost_sensitive_budget_policy,1.199480914862356,1.1967742788390268,0.002706636023329212,353.15,4,160.0,0.005
10.1016/0378-7753(91)80004-H,"10.1016/0378-7753(91)80004-H|LiAsF6|4|mol/l|v|0.25,0.25,0,0,0,0.5,0,0,0,0,0,0,0,0,0,0,0,0,0,0,0,0,0,0,0,0,0,0,0,0,0,0,0,0,0,0,0,0",5,cost_sensitive_budget_policy,1.318897714627487,1.4406167536023795,0.12171903897489256,353.15,4,160.0,0.005
10.1016/0378-7753(91)80004-H,"10.1016/0378-7753(91)80004-H|LiAsF6|1|mol/l|v|0,0.5,0,0,0,0.5,0,0,0,0,0,0,0,0,0,0,0,0,0,0,0,0,0,0,0,0,0,0,0,0,0,0,0,0,0,0,0,0",5,cost_sensitive_budget_policy,1.4499409887733377,1.4673426866575832,0.017401697884245504,353.15,4,160.0,0.005
10.1016/0378-7753(91)80004-H,"10.1016/0378-7753(91)80004-H|LiAsF6|4|mol/l|v|0,0.5,0,0,0,0.5,0,0,0,0,0,0,0,0,0,0,0,0,0,0,0,0,0,0,0,0,0,0,0,0,0,0,0,0,0,0,0,0",5,cost_sensitive_budget_policy,1.2898118391176214,1.3846819157732275,0.0948700766556061,353.15,4,160.0,0.005
10.1016/0378-7753(91)80004-H,"10.1016/0378-7753(91)80004-H|LiAsF6|1|mol/l|v|0,0,0,0,0,0,0,0,0,0,0,0,0,0,0,0,0,0,0,0,0,0,0,0,0,1,0,0,0,0,0,0,0,0,0,0,0,0",5,cost_sensitive_budget_policy,0.8142475957319202,0.8455276610764364,0.03128006534451622,353.15,4,160.0,0.005
10.1016/0378-7753(91)80004-H,"10.1016/0378-7753(91)80004-H|LiAsF6|1|mol/l|v|0,0,0,0,0,0,0,0,0,0,0,0,0,0,0,0,0,0,0,0,0.5,0.25,0,0,0,0,0.25,0,0,0,0,0,0,0,0,0,0,0",5,cost_sensitive_budget_policy,1.0546130545568877,1.0628644391521826,0.008251384595294953,353.15,4,160.0,0.005
10.1016/0378-7753(91)80004-H,"10.1016/0378-7753(91)80004-H|LiAsF6|1|mol/l|v|0.5,0,0,0,0,0.5,0,0,0,0,0,0,0,0,0,0,0,0,0,0,0,0,0,0,0,0,0,0,0,0,0,0,0,0,0,0,0,0",5,cost_sensitive_budget_policy,1.5128177585648732,1.508560225507316,0.004257533057557161,353.15,4,160.0,0.005
10.1016/0378-7753(91)80004-H,"10.1016/0378-7753(91)80004-H|LiAsF6|1|mol/l|v|0,0,0,0,0,0.5,0,0,0,0,0,0,0,0,0,0,0,0,0,0,0.5,0,0,0,0,0,0,0,0,0,0,0,0,0,0,0,0,0",5,cost_sensitive_budget_policy,1.2778383330020475,1.2564390756266335,0.021399257375414038,353.15,4,160.0,0.005
10.1016/0378-7753(91)80004-H,"10.1016/0378-7753(91)80004-H|LiAsF6|1|mol/l|v|0,0,0,0,0,0.6,0,0,0,0,0,0,0,0,0,0,0,0,0,0,0.4,0,0,0,0,0,0,0,0,0,0,0,0,0,0,0,0,0",5,cost_sensitive_budget_policy,1.2301933788690456,1.2510224406699333,0.020829061800887727,353.15,4,160.0,0.005
10.1016/0378-7753(91)80004-H,"10.1016/0378-7753(91)80004-H|LiAsF6|1|mol/l|v|0,0,0,0,0,0,0,0,0,0,0,0,0,0,0,0,0,0,0,0,0,0,0,0,0,0,0,1,0,0,0,0,0,0,0,0,0,0",5,cost_sensitive_budget_policy,1.5809249756756194,1.5632083743595313,0.0177166013160881,353.15,4,160.0,0.005
10.1016/0378-7753(91)80004-H,"10.1016/0378-7753(91)80004-H|LiAsF6|1|mol/l|v|0.25,0.25,0,0,0,0,0,0,0,0,0,0,0,0,0,0,0,0,0,0,0,0.5,0,0,0,0,0,0,0,0,0,0,0,0,0,0,0,0",5,cost_sensitive_budget_policy,1.3412366232386923,1.34268243054714,0.0014458073084477885,353.15,4,160.0,0.005
10.1016/0378-7753(91)80004-H,"10.1016/0378-7753(91)80004-H|LiAsF6|1|mol/l|v|0.175,0.175,0,0,0,0,0,0,0,0,0,0,0,0,0,0,0,0.3,0.35,0,0,0,0,0,0,0,0,0,0,0,0,0,0,0,0,0,0,0",5,cost_sensitive_budget_policy,1.1637575239819558,1.1389180564262498,0.024839467555705985,293.15,4,160.0,0.005
10.1016/0378-7753(91)80004-H,"10.1016/0378-7753(91)80004-H|LiAsF6|1|mol/l|v|0.125,0.125,0,0,0,0,0,0,0,0,0,0,0,0,0,0,0,0.5,0.25,0,0,0,0,0,0,0,0,0,0,0,0,0,0,0,0,0,0,0",5,cost_sensitive_budget_policy,1.1699681739968923,1.1514233568292123,0.018544817167680083,293.15,4,160.0,0.005
10.1016/0378-7753(91)80004-H,"10.1016/0378-7753(91)80004-H|LiAsF6|1|mol/l|v|0.075,0.075,0,0,0,0,0,0,0,0,0,0,0,0,0,0,0,0.7,0.15,0,0,0,0,0,0,0,0,0,0,0,0,0,0,0,0,0,0,0",5,cost_sensitive_budget_policy,1.0220157398177203,1.0109167152266687,0.01109902459105161,293.15,4,160.0,0.005
10.1016/0378-7753(91)80004-H,"10.1016/0378-7753(91)80004-H|LiAsF6|1|mol/l|v|0.35,0.35,0,0,0,0,0,0,0,0,0,0,0,0,0,0,0,0.3,0,0,0,0,0,0,0,0,0,0,0,0,0,0,0,0,0,0,0,0",5,cost_sensitive_budget_policy,0.9694159123539814,0.9648894680260098,0.004526444327971557,293.15,4,160.0,0.005
10.1016/0378-7753(91)80004-H,"10.1016/0378-7753(91)80004-H|LiAsF6|0.5|mol/l|v|0.15,0.85,0,0,0,0,0,0,0,0,0,0,0,0,0,0,0,0,0,0,0,0,0,0,0,0,0,0,0,0,0,0,0,0,0,0,0,0",5,cost_sensitive_budget_policy,1.1264561134318043,1.1179825620396842,0.008473551392120138,353.15,4,160.0,0.005
10.1016/0378-7753(91)80004-H,"10.1016/0378-7753(91)80004-H|LiAsF6|1|mol/l|v|0.15,0.85,0,0,0,0,0,0,0,0,0,0,0,0,0,0,0,0,0,0,0,0,0,0,0,0,0,0,0,0,0,0,0,0,0,0,0,0",5,cost_sensitive_budget_policy,1.2296818423176759,1.2363108079706677,0.0066289656529918695,353.15,4,160.0,0.005
10.1016/0378-7753(91)80004-H,"10.1016/0378-7753(91)80004-H|LiAsF6|1.5|mol/l|v|0.15,0.85,0,0,0,0,0,0,0,0,0,0,0,0,0,0,0,0,0,0,0,0,0,0,0,0,0,0,0,0,0,0,0,0,0,0,0,0",5,cost_sensitive_budget_policy,1.1992064791616577,1.2273028572824525,0.028096378120794796,353.15,4,160.0,0.005
10.1016/0378-7753(91)80004-H,"10.1016/0378-7753(91)80004-H|LiAsF6|1|mol/l|v|0.25,0.25,0,0,0,0,0,0,0,0,0,0,0,0,0,0,0,0,0,0,0,0,0.5,0,0,0,0,0,0,0,0,0,0,0,0,0,0,0",5,cost_sensitive_budget_policy,1.2622137054764169,1.271839569087253,0.009625863610836172,353.15,4,160.0,0.005
10.1016/0378-7753(91)80004-H,"10.1016/0378-7753(91)80004-H|LiAsF6|1|mol/l|v|0.25,0,0,0,0,0,0,0,0,0,0,0,0,0,0,0,0,0,0,0,0.5,0,0.25,0,0,0,0,0,0,0,0,0,0,0,0,0,0,0",5,cost_sensitive_budget_policy,1.1132746924643504,1.1163937472337153,0.003119054769364915,353.15,4,160.0,0.005
10.1016/0378-7753(91)80004-H,"10.1016/0378-7753(91)80004-H|LiAsF6|1|mol/l|v|0.1,0,0,0,0,0,0,0,0,0,0,0,0,0,0,0,0,0,0,0,0.45,0,0.45,0,0,0,0,0,0,0,0,0,0,0,0,0,0,0",5,cost_sensitive_budget_policy,1.06781451116184,1.0827418246409792,0.014927313479139226,353.15,4,160.0,0.005
10.1016/0378-7753(91)80004-H,"10.1016/0378-7753(91)80004-H|LiAsF6|1.5|mol/l|v|0.5,0.5,0,0,0,0,0,0,0,0,0,0,0,0,0,0,0,0,0,0,0,0,0,0,0,0,0,0,0,0,0,0,0,0,0,0,0,0",5,cost_sensitive_budget_policy,1.2390490931401914,1.2690900741013058,0.030040980961114405,353.15,4,160.0,0.005
10.1016/0378-7753(91)80004-H,"10.1016/0378-7753(91)80004-H|LiAsF6|1|mol/l|v|0,0,0,0,0,0,0,0,0,0,0,0,0,0,0,0,0,0,0,0,0.5,0,0,0,0,0,0.5,0,0,0,0,0,0,0,0,0,0,0",5,cost_sensitive_budget_policy,1.0666985504229953,1.0181490425964181,0.04854950782657719,353.15,4,160.0,0.005
10.1016/0378-7753(91)80004-H,"10.1016/0378-7753(91)80004-H|LiAsF6|0.5|mol/l|v|0.5,0.5,0,0,0,0,0,0,0,0,0,0,0,0,0,0,0,0,0,0,0,0,0,0,0,0,0,0,0,0,0,0,0,0,0,0,0,0",5,cost_sensitive_budget_policy,1.161966616364075,1.1587729209225115,0.003193695441563449,353.15,4,160.0,0.005
10.1016/0378-7753(91)80004-H,"10.1016/0378-7753(91)80004-H|LiAsF6|1|mol/l|v|0.5,0.5,0,0,0,0,0,0,0,0,0,0,0,0,0,0,0,0,0,0,0,0,0,0,0,0,0,0,0,0,0,0,0,0,0,0,0,0",5,cost_sensitive_budget_policy,1.266936911159173,1.2737266464997579,0.0067897353405848015,353.15,4,160.0,0.005
10.1016/0378-7753(91)80004-H,"10.1016/0378-7753(91)80004-H|LiAsF6|2|mol/l|v|0.15,0.85,0,0,0,0,0,0,0,0,0,0,0,0,0,0,0,0,0,0,0,0,0,0,0,0,0,0,0,0,0,0,0,0,0,0,0,0",5,cost_sensitive_budget_policy,1.0874264570362855,1.1641507739228483,0.07672431688656278,353.15,4,160.0,0.005
10.1016/0378-7753(91)80004-H,"10.1016/0378-7753(91)80004-H|LiAsF6|2|mol/l|v|0.5,0.5,0,0,0,0,0,0,0,0,0,0,0,0,0,0,0,0,0,0,0,0,0,0,0,0,0,0,0,0,0,0,0,0,0,0,0,0",5,cost_sensitive_budget_policy,1.1430148002540952,1.2221757460415525,0.07916094578745736,353.15,4,160.0,0.005
10.1016/0378-7753(91)80004-H,"10.1016/0378-7753(91)80004-H|LiAsF6|1|mol/l|v|0.25,0,0,0,0,0,0,0,0,0,0,0,0,0,0,0,0,0,0,0,0.25,0,0.5,0,0,0,0,0,0,0,0,0,0,0,0,0,0,0",5,cost_sensitive_budget_policy,1.1661339703051092,1.1752077455761036,0.0090737752709944,353.15,4,160.0,0.005
10.1016/0378-7753(91)80004-H,"10.1016/0378-7753(91)80004-H|LiAsF6|0.75|mol/l|v|0,0,0,0,0,0,0,0,0,0,0,0,0,0,0,0,0,0,0,0,0.5,0,0.25,0,0,0,0,0,0.25,0,0,0,0,0,0,0,0,0",5,cost_sensitive_budget_policy,1.0086001717619175,0.9877747415683142,0.020825430193603278,353.15,4,160.0,0.005
10.1016/0378-7753(91)80004-H,"10.1016/0378-7753(91)80004-H|LiAsF6|1|mol/l|v|0.7,0.3,0,0,0,0,0,0,0,0,0,0,0,0,0,0,0,0,0,0,0,0,0,0,0,0,0,0,0,0,0,0,0,0,0,0,0,0",5,cost_sensitive_budget_policy,1.2773799746672547,1.2847305064347854,0.007350531767530644,353.15,4,160.0,0.005
10.1016/0378-7753(91)80004-H,"10.1016/0378-7753(91)80004-H|LiAsF6|3|mol/l|v|0.5,0.5,0,0,0,0,0,0,0,0,0,0,0,0,0,0,0,0,0,0,0,0,0,0,0,0,0,0,0,0,0,0,0,0,0,0,0,0",5,cost_sensitive_budget_policy,1.0503797562614579,1.2200035606640238,0.16962380440256597,353.15,4,160.0,0.005
10.1016/0378-7753(91)80004-H,"10.1016/0378-7753(91)80004-H|LiAsF6|1|mol/l|v|0.375,0.375,0,0,0,0,0,0,0,0,0,0,0,0,0,0,0,0,0,0.25,0,0,0,0,0,0,0,0,0,0,0,0,0,0,0,0,0,0",5,cost_sensitive_budget_policy,1.2489536154957075,1.254645722987374,0.005692107491666487,353.15,4,160.0,0.005
10.1016/0378-7753(91)80004-H,"10.1016/0378-7753(91)80004-H|LiAsF6|1|mol/l|v|0.5,0,0,0,0,0,0,0,0,0,0,0,0,0,0,0,0,0,0,0,0,0,0.5,0,0,0,0,0,0,0,0,0,0,0,0,0,0,0",5,cost_sensitive_budget_policy,1.2953471483336179,1.3030901581179368,0.007743009784318966,353.15,4,160.0,0.005
10.1016/0378-7753(91)80004-H,"10.1016/0378-7753(91)80004-H|LiAsF6|1|mol/l|v|0,0.7,0,0,0,0,0,0,0,0,0,0,0,0,0,0,0,0.3,0,0,0,0,0,0,0,0,0,0,0,0,0,0,0,0,0,0,0,0",5,cost_sensitive_budget_policy,0.9329808219231982,0.8849985753247162,0.04798224659848205,293.15,4,160.0,0.005
10.1016/0378-7753(91)80004-H,"10.1016/0378-7753(91)80004-H|LiAsF6|1|mol/l|v|0,0.5,0,0,0,0,0,0,0,0,0,0,0,0,0,0,0,0.5,0,0,0,0,0,0,0,0,0,0,0,0,0,0,0,0,0,0,0,0",5,cost_sensitive_budget_policy,0.9925535178321356,0.9405573241154989,0.051996193716636774,293.15,4,160.0,0.005
10.1016/0378-7753(91)80004-H,"10.1016/0378-7753(91)80004-H|LiAsF6|1|mol/l|v|0,0,0,0,0,0,0,0,0,0,0,0,0,0,0,0,0,0.5,0.5,0,0,0,0,0,0,0,0,0,0,0,0,0,0,0,0,0,0,0",5,cost_sensitive_budget_policy,1.1778249718646818,1.1990141272723718,0.021189155407689952,293.15,4,160.0,0.005
10.1016/0378-7753(91)80004-H,"10.1016/0378-7753(91)80004-H|LiAsF6|1|mol/l|v|0,0,0,0,0,0,0,0,0,0,0,0,0,0,0,0,0,0.7,0.3,0,0,0,0,0,0,0,0,0,0,0,0,0,0,0,0,0,0,0",5,cost_sensitive_budget_policy,0.9916690073799486,1.0069645620104257,0.01529555463047716,293.15,4,160.0,0.005
10.1016/0378-7753(91)80004-H,"10.1016/0378-7753(91)80004-H|LiAsF6|1|mol/l|v|0,1,0,0,0,0,0,0,0,0,0,0,0,0,0,0,0,0,0,0,0,0,0,0,0,0,0,0,0,0,0,0,0,0,0,0,0,0",5,cost_sensitive_budget_policy,1.2190603324488614,1.2221012655476493,0.0030409330987879457,353.15,4,160.0,0.005
10.1016/0378-7753(91)80004-H,"10.1016/0378-7753(91)80004-H|LiAsF6|1|mol/l|v|0,0,0,0,0,0,0,0,0,0,0,0,0,0,0,0,0,0.3,0.7,0,0,0,0,0,0,0,0,0,0,0,0,0,0,0,0,0,0,0",5,cost_sensitive_budget_policy,1.1634595517699902,1.165877655441043,0.0024181036710528847,293.15,4,160.0,0.005
10.1016/0378-7753(91)80004-H,"10.1016/0378-7753(91)80004-H|LiAsF6|1|mol/l|v|0,0,0,0,0,0,0,0,0,0,0,0,0,0,0,0,0,0.25,0,0,0.5,0,0.25,0,0,0,0,0,0,0,0,0,0,0,0,0,0,0",5,cost_sensitive_budget_policy,1.1271047983648077,1.1844516040838349,0.05734680571902717,353.15,4,160.0,0.005
10.1016/0378-7753(91)80004-H,"10.1016/0378-7753(91)80004-H|LiAsF6|1|mol/l|v|0,0.7,0,0,0,0,0,0,0,0,0,0,0,0,0,0,0,0,0,0.3,0,0,0,0,0,0,0,0,0,0,0,0,0,0,0,0,0,0",5,cost_sensitive_budget_policy,0.75815462196739,0.7162284090684239,0.04192621289896614,293.15,4,160.0,0.005
10.1016/0378-7753(91)80004-H,"10.1016/0378-7753(91)80004-H|LiAsF6|1|mol/l|v|0,0,0,0,0,0,0,0,0,0,0,0,0,0,0,0,0,0,0,0,0.5,0,0,0,0,0.5,0,0,0,0,0,0,0,0,0,0,0,0",5,cost_sensitive_budget_policy,0.8543060418010806,0.8681221434800346,0.013816101678953974,353.15,4,160.0,0.005
10.1016/0378-7753(91)80004-H,"10.1016/0378-7753(91)80004-H|LiAsF6|1|mol/l|v|0,0.5,0,0,0,0,0,0,0,0,0,0,0,0,0,0,0,0,0,0,0.5,0,0,0,0,0,0,0,0,0,0,0,0,0,0,0,0,0",5,cost_sensitive_budget_policy,1.100370545117563,1.1023987557522332,0.002028210634670291,353.15,4,160.0,0.005
10.1016/0378-7753(91)80004-H,"10.1016/0378-7753(91)80004-H|LiAsF6|1|mol/l|v|0,0.1,0,0,0,0,0,0,0,0,0,0,0,0,0,0,0,0,0,0,0.45,0,0.45,0,0,0,0,0,0,0,0,0,0,0,0,0,0,0",5,cost_sensitive_budget_policy,1.0614524790871933,1.0777081242136928,0.016255645126499463,353.15,4,160.0,0.005
10.1016/0378-7753(91)80004-H,"10.1016/0378-7753(91)80004-H|LiAsF6|1|mol/l|v|0,0,0,0,0,0,0,0,0,0,0,0,0,0,0,0,0,0,0,0,1,0,0,0,0,0,0,0,0,0,0,0,0,0,0,0,0,0",5,cost_sensitive_budget_policy,0.9014583213961124,0.87700007562506,0.024458245771052378,353.15,4,160.0,0.005
10.1016/0378-7753(91)80004-H,"10.1016/0378-7753(91)80004-H|LiAsF6|1|mol/l|v|0,0,0,0,0,0,0,0,0,0,0,0,0,0,0,0,0,0,1,0,0,0,0,0,0,0,0,0,0,0,0,0,0,0,0,0,0,0",5,cost_sensitive_budget_policy,1.1095785469043866,1.188809725121366,0.07923117821697945,293.15,4,160.0,0.005
10.1016/0378-7753(91)80004-H,"10.1016/0378-7753(91)80004-H|LiAsF6|0.75|mol/l|v|0,0,0,0,0,0,0,0,0,0,0,0,0,0,0,0,0,0,0,0,0.5,0,0.5,0,0,0,0,0,0,0,0,0,0,0,0,0,0,0",5,cost_sensitive_budget_policy,0.9652017010259121,0.9765967499692114,0.011395048943299346,353.15,4,160.0,0.005
10.1016/0378-7753(91)80004-H,"10.1016/0378-7753(91)80004-H|LiAsF6|0.5|mol/l|v|0,0,0,0,0,0,0,0,0,0,0,0,0,0,0,0,0,0,0,0,0.5,0,0,0.5,0,0,0,0,0,0,0,0,0,0,0,0,0,0",5,cost_sensitive_budget_policy,0.8202014594856403,0.8327783996596314,0.012576940173991136,353.15,4,160.0,0.005
10.1016/0378-7753(91)80004-H,"10.1016/0378-7753(91)80004-H|LiAsF6|1|mol/l|v|0,0,0,0,0,0,0,0,0,0,0,0,0,0,0,0,0,0,0,0,0.75,0,0.25,0,0,0,0,0,0,0,0,0,0,0,0,0,0,0",5,cost_sensitive_budget_policy,0.9400181550076633,0.9404248784711768,0.0004067234635135586,353.15,4,160.0,0.005
10.1016/0378-7753(91)80004-H,"10.1016/0378-7753(91)80004-H|LiAsF6|2|mol/l|v|0,0,0,0,0,0,0,0,0,0,0,0,0,0,0,0,0,0,0,0,0.5,0,0.5,0,0,0,0,0,0,0,0,0,0,0,0,0,0,0",5,cost_sensitive_budget_policy,0.909020854211156,0.928592983606189,0.019572129395033055,353.15,4,160.0,0.005
10.1016/0378-7753(91)80004-H,"10.1016/0378-7753(91)80004-H|LiAsF6|0.75|mol/l|v|0,0,0,0,0,0,0,0,0,0,0,0,0,0,0,0,0,0,0,0,0.5,0,0.25,0,0,0,0,0,0,0,0,0,0,0,0,0,0.25,0",5,cost_sensitive_budget_policy,1.0068937079479006,1.0121757300120486,0.005282022064148073,353.15,4,160.0,0.005
10.1016/0378-7753(91)80004-H,"10.1016/0378-7753(91)80004-H|LiAsF6|0.75|mol/l|v|0,0,0,0,0,0,0,0,0,0,0,0,0,0,0,0,0,0,0,0,0.5,0,0.25,0,0,0,0,0,0,0,0,0,0,0,0,0,0,0.25",5,cost_sensitive_budget_policy,0.9703468762300933,0.9775132353974618,0.007166359167368519,353.15,4,160.0,0.005
10.1016/0378-7753(91)80004-H,"10.1016/0378-7753(91)80004-H|LiAsF6|0.75|mol/l|v|0,0,0,0,0,0,0,0,0,0,0,0,0,0,0,0,0,0,0,0,0.5,0,0,0.5,0,0,0,0,0,0,0,0,0,0,0,0,0,0",5,cost_sensitive_budget_policy,0.8992731873176038,0.9222267921735714,0.022953604855967646,353.15,4,160.0,0.005
10.1016/0378-7753(91)80004-H,"10.1016/0378-7753(91)80004-H|LiAsF6|1|mol/l|v|0,0,0,0,0,0,0,0,0,0,0,0,0,0,0,0,0,0,0,0,0.25,0,0,0.75,0,0,0,0,0,0,0,0,0,0,0,0,0,0",5,cost_sensitive_budget_policy,0.9390197764486664,0.959216444663261,0.020196668214594538,353.15,4,160.0,0.005
10.1016/0378-7753(91)80004-H,"10.1016/0378-7753(91)80004-H|LiAsF6|0.75|mol/l|v|0,0,0,0,0,0,0,0,0,0,0,0,0,0,0,0,0,0,0,0.25,0.5,0,0.25,0,0,0,0,0,0,0,0,0,0,0,0,0,0,0",5,cost_sensitive_budget_policy,1.0342272607705507,1.037737821087844,0.003510560317293354,353.15,4,160.0,0.005
10.1016/0378-7753(91)80004-H,"10.1016/0378-7753(91)80004-H|LiAsF6|1|mol/l|v|0,0,0,0,0,0,0,0,0,0,0,0,0,0,0,0,0,0,0,0.5,0.25,0,0.25,0,0,0,0,0,0,0,0,0,0,0,0,0,0,0",5,cost_sensitive_budget_policy,1.070037866607755,1.071408828279008,0.001370961671252946,353.15,4,160.0,0.005
10.1016/0378-7753(91)80004-H,"10.1016/0378-7753(91)80004-H|LiAsF6|1|mol/l|v|0,0,0,0,0,0,0,0,0,0,0,0,0,0,0,0,0,0,0,0,0.25,0,0.75,0,0,0,0,0,0,0,0,0,0,0,0,0,0,0",5,cost_sensitive_budget_policy,1.0253058652647702,1.0398231439063963,0.014517278641626108,353.15,4,160.0,0.005
10.1016/0378-7753(91)80004-H,"10.1016/0378-7753(91)80004-H|LiAsF6|0.75|mol/l|v|0,0,0,0,0,0,0,0,0,0,0,0,0,0,0,0,0,0,0,0,0,0,0,0,0,0,0,0,0,0,0,0,0,0,0,1,0,0",5,cost_sensitive_budget_policy,-0.3979400086720376,-0.3794926017182983,0.01844740695373931,353.15,4,160.0,0.005
10.1016/0378-7753(91)80004-H,"10.1016/0378-7753(91)80004-H|LiPF6|1|mol/l|v|0.125,0.125,0,0,0,0,0,0,0,0,0,0,0,0,0.75,0,0,0,0,0,0,0,0,0,0,0,0,0,0,0,0,0,0,0,0,0,0,0",5,cost_sensitive_budget_policy,1.2100508498751372,1.2054839235302586,0.004566926344878652,353.15,4,160.0,0.005
10.1016/0378-7753(91)80004-H,"10.1016/0378-7753(91)80004-H|LiPF6|1|mol/l|v|0.15,0.85,0,0,0,0,0,0,0,0,0,0,0,0,0,0,0,0,0,0,0,0,0,0,0,0,0,0,0,0,0,0,0,0,0,0,0,0",5,cost_sensitive_budget_policy,1.2273724422896362,1.237661686675585,0.010289244385948804,353.15,4,160.0,0.005
10.1016/0378-7753(91)80004-H,"10.1016/0378-7753(91)80004-H|LiPF6|1|mol/l|v|0.5,0.5,0,0,0,0,0,0,0,0,0,0,0,0,0,0,0,0,0,0,0,0,0,0,0,0,0,0,0,0,0,0,0,0,0,0,0,0",5,cost_sensitive_budget_policy,1.2866809693549301,1.2934938559182145,0.006812886563284382,353.15,4,160.0,0.005
10.1016/0378-7753(91)80004-H,"10.1016/0378-7753(91)80004-H|LiCF3SO3|1|mol/l|v|0.125,0.125,0,0,0,0,0,0,0,0,0,0,0,0,0.75,0,0,0,0,0,0,0,0,0,0,0,0,0,0,0,0,0,0,0,0,0,0,0",5,cost_sensitive_budget_policy,0.5185139398778874,0.4897730896032403,0.028740850274647123,353.15,4,160.0,0.005
10.1016/0378-7753(91)80004-H,"10.1016/0378-7753(91)80004-H|LiCF3SO3|1|mol/l|v|0.5,0.5,0,0,0,0,0,0,0,0,0,0,0,0,0,0,0,0,0,0,0,0,0,0,0,0,0,0,0,0,0,0,0,0,0,0,0,0",5,cost_sensitive_budget_policy,0.8082109729242221,0.8007868899186883,0.007424083005533766,353.15,4,160.0,0.005
10.1016/0378-7753(91)80004-H,"10.1016/0378-7753(91)80004-H|LiCF3SO3|1|mol/l|v|0,0.5,0,0,0,0.5,0,0,0,0,0,0,0,0,0,0,0,0,0,0,0,0,0,0,0,0,0,0,0,0,0,0,0,0,0,0,0,0",5,cost_sensitive_budget_policy,1.0257153839013406,1.0228308784649047,0.0028845054364359246,353.15,4,160.0,0.005
10.1016/0378-7753(91)80004-H,"10.1016/0378-7753(91)80004-H|LiCF3SO3|1|mol/l|v|0.5,0,0,0,0,0.5,0,0,0,0,0,0,0,0,0,0,0,0,0,0,0,0,0,0,0,0,0,0,0,0,0,0,0,0,0,0,0,0",5,cost_sensitive_budget_policy,1.123524980942732,1.120738014537558,0.0027869664051738408,353.15,4,160.0,0.005
10.1016/0378-7753(91)80004-H,"10.1016/0378-7753(91)80004-H|LiN(CF3SO2)2|1|mol/l|v|0,0,0,0,0,0,0,0,0,0,0,0,0,0,0,0,0,0,0,0,0.5,0,0,0,0,0,0,0,0,0.5,0,0,0,0,0,0,0,0",5,cost_sensitive_budget_policy,1.052693941924968,1.0594230396398858,0.00672909771491792,353.15,4,160.0,0.005
10.1016/0378-7753(91)80004-H,"10.1016/0378-7753(91)80004-H|LiN(CF3SO2)2|1|mol/l|v|0.125,0.125,0,0,0,0,0,0,0,0,0,0,0,0,0.75,0,0,0,0,0,0,0,0,0,0,0,0,0,0,0,0,0,0,0,0,0,0,0",5,cost_sensitive_budget_policy,1.0799044676667207,1.075915828424818,0.003988639241902625,353.15,4,160.0,0.005
10.1016/0378-7753(91)80004-H,"10.1016/0378-7753(91)80004-H|LiN(CF3SO2)2|1|mol/l|v|0.5,0.5,0,0,0,0,0,0,0,0,0,0,0,0,0,0,0,0,0,0,0,0,0,0,0,0,0,0,0,0,0,0,0,0,0,0,0,0",5,cost_sensitive_budget_policy,1.1417632302757879,1.1443495134916897,0.002586283215901819,353.15,4,160.0,0.005
10.1016/0378-7753(91)80004-H,"10.1016/0378-7753(91)80004-H|LiN(CF3SO2)2|1|mol/l|v|0,0,0,0,0,0.5,0,0,0,0,0,0,0,0,0,0,0,0,0,0,0,0,0,0,0,0,0,0,0,0,0,0.5,0,0,0,0,0,0",5,cost_sensitive_budget_policy,1.4053463601757088,1.4015506096745787,0.003795750501130124,353.15,4,160.0,0.005
10.1016/0378-7753(91)80004-H,"10.1016/0378-7753(91)80004-H|LiN(CF3SO2)2|1|mol/l|v|0,0.5,0,0,0,0.5,0,0,0,0,0,0,0,0,0,0,0,0,0,0,0,0,0,0,0,0,0,0,0,0,0,0,0,0,0,0,0,0",5,cost_sensitive_budget_policy,1.3856062735983121,1.3849486894993825,0.0006575840989295756,353.15,4,160.0,0.005
10.1016/0378-7753(91)80004-H,"10.1016/0378-7753(91)80004-H|LiN(CF3SO2)2|1|mol/l|v|0.5,0,0,0,0,0.5,0,0,0,0,0,0,0,0,0,0,0,0,0,0,0,0,0,0,0,0,0,0,0,0,0,0,0,0,0,0,0,0",5,cost_sensitive_budget_policy,1.4144719496293028,1.4215588809661437,0.007086931336840907,353.15,4,160.0,0.005
10.1016/0378-7753(91)80004-H,"10.1016/0378-7753(91)80004-H|LiN(CF3SO2)2|1|mol/l|v|0.5,0,0,0,0,0,0,0,0,0,0,0,0,0,0,0,0,0,0,0,0,0,0,0,0,0,0,0,0,0.5,0,0,0,0,0,0,0,0",5,cost_sensitive_budget_policy,1.2893659515200318,1.2872726904680503,0.0020932610519814876,353.15,4,160.0,0.005
10.1016/0378-7753(91)80004-H,"10.1016/0378-7753(91)80004-H|LiBF4|1|mol/l|v|0.5,0.5,0,0,0,0,0,0,0,0,0,0,0,0,0,0,0,0,0,0,0,0,0,0,0,0,0,0,0,0,0,0,0,0,0,0,0,0",5,cost_sensitive_budget_policy,1.0330214446829107,1.038888894092068,0.005867449409157288,353.15,4,160.0,0.005
10.1016/0378-7753(91)80004-H,"10.1016/0378-7753(91)80004-H|LiBF4|0.5|mol/l|v|0,0,0,0,0,0,0,0,0,0,0,0,0,0,0,0,0,0,0,0,0.5,0,0.5,0,0,0,0,0,0,0,0,0,0,0,0,0,0,0",5,cost_sensitive_budget_policy,0.21484384804769785,0.7305904598566408,0.515746611808943,353.15,4,160.0,0.005
10.1016/0378-7753(91)80004-H,"10.1016/0378-7753(91)80004-H|LiAsF6|1|mol/l|v|0,0,0,0,0,0,0,0,0,0,0,0,0,0,1,0,0,0,0,0,0,0,0,0,0,0,0,0,0,0,0,0,0,0,0,0,0,0",4,cost_sensitive_budget_policy,0.436162647040756,0.43477877146968397,0.0013838755710720574,293.15,4,160.0,0.01
10.1016/0378-7753(91)80004-H,"10.1016/0378-7753(91)80004-H|LiAsF6|1|mol/l|v|0.15,0.15,0,0,0,0.35,0,0,0,0,0,0,0,0,0.35,0,0,0,0,0,0,0,0,0,0,0,0,0,0,0,0,0,0,0,0,0,0,0",4,cost_sensitive_budget_policy,1.4940153747571439,1.4810939432041184,0.012921431553025498,353.15,4,160.0,0.01
10.1016/0378-7753(91)80004-H,"10.1016/0378-7753(91)80004-H|LiAsF6|1|mol/l|v|0.125,0.125,0,0,0,0.25,0,0,0,0,0,0,0,0,0.5,0,0,0,0,0,0,0,0,0,0,0,0,0,0,0,0,0,0,0,0,0,0,0",4,cost_sensitive_budget_policy,1.4379090355394983,1.4218587462081351,0.01605028933136321,353.15,4,160.0,0.01
10.1016/0378-7753(91)80004-H,"10.1016/0378-7753(91)80004-H|LiAsF6|1|mol/l|v|0.25,0.25,0,0,0,0.25,0,0,0,0,0,0,0,0,0.25,0,0,0,0,0,0,0,0,0,0,0,0,0,0,0,0,0,0,0,0,0,0,0",4,cost_sensitive_budget_policy,1.4679039465228003,1.4579489012454316,0.00995504527736868,353.15,4,160.0,0.01
10.1016/0378-7753(91)80004-H,"10.1016/0378-7753(91)80004-H|LiAsF6|1|mol/l|v|0.125,0.125,0,0,0,0,0,0,0,0,0,0,0,0,0.25,0.5,0,0,0,0,0,0,0,0,0,0,0,0,0,0,0,0,0,0,0,0,0,0",4,cost_sensitive_budget_policy,1.1085650237328344,1.0982095718912677,0.01035545184156672,313.15,4,160.0,0.01
10.1016/0378-7753(91)80004-H,"10.1016/0378-7753(91)80004-H|LiAsF6|1|mol/l|v|0.075,0.075,0,0,0,0,0,0,0,0,0,0,0,0,0.15,0,0,0.7,0,0,0,0,0,0,0,0,0,0,0,0,0,0,0,0,0,0,0,0",4,cost_sensitive_budget_policy,0.8785217955012065,0.8605322606881523,0.01798953481305421,293.15,4,160.0,0.01
10.1016/0378-7753(91)80004-H,"10.1016/0378-7753(91)80004-H|LiAsF6|1|mol/l|v|0.125,0.125,0,0,0,0,0,0,0,0,0,0,0,0,0.25,0,0,0.5,0,0,0,0,0,0,0,0,0,0,0,0,0,0,0,0,0,0,0,0",4,cost_sensitive_budget_policy,1.0622058088197126,1.0501914379332598,0.012014370886452852,293.15,4,160.0,0.01
10.1016/0378-7753(91)80004-H,"10.1016/0378-7753(91)80004-H|LiAsF6|1|mol/l|v|0.175,0.175,0,0,0,0,0,0,0,0,0,0,0,0,0.35,0,0,0.3,0,0,0,0,0,0,0,0,0,0,0,0,0,0,0,0,0,0,0,0",4,cost_sensitive_budget_policy,1.0499928569201427,1.015341773062075,0.03465108385806759,293.15,4,160.0,0.01
10.1016/0378-7753(91)80004-H,"10.1016/0378-7753(91)80004-H|LiAsF6|0.5|mol/l|v|0.125,0.125,0,0,0,0,0,0,0,0,0,0,0,0,0.75,0,0,0,0,0,0,0,0,0,0,0,0,0,0,0,0,0,0,0,0,0,0,0",4,cost_sensitive_budget_policy,1.224014811372864,1.1907434891537485,0.03327132221911544,353.15,4,160.0,0.01
10.1016/0378-7753(91)80004-H,"10.1016/0378-7753(91)80004-H|LiAsF6|2|mol/l|v|0.125,0.125,0,0,0,0,0,0,0,0,0,0,0,0,0.75,0,0,0,0,0,0,0,0,0,0,0,0,0,0,0,0,0,0,0,0,0,0,0",4,cost_sensitive_budget_policy,0.7307822756663892,1.1955571456547374,0.46477486998834816,353.15,4,160.0,0.01
10.1016/0378-7753(91)80004-H,"10.1016/0378-7753(91)80004-H|LiAsF6|1|mol/l|v|0.175,0.175,0,0,0,0,0,0,0,0,0,0,0,0,0.35,0,0,0,0.3,0,0,0,0,0,0,0,0,0,0,0,0,0,0,0,0,0,0,0",4,cost_sensitive_budget_policy,1.3911116137028026,1.3784534423126682,0.012658171390134365,353.15,4,160.0,0.01
10.1016/0378-7753(91)80004-H,"10.1016/0378-7753(91)80004-H|LiAsF6|1|mol/l|v|0.075,0.075,0,0,0,0,0,0,0,0,0,0,0,0,0.15,0,0,0,0.7,0,0,0,0,0,0,0,0,0,0,0,0,0,0,0,0,0,0,0",4,cost_sensitive_budget_policy,1.376576957056512,1.3732923011040334,0.003284655952478621,353.15,4,160.0,0.01
10.1016/0378-7753(91)80004-H,"10.1016/0378-7753(91)80004-H|LiAsF6|1|mol/l|v|0.175,0.175,0,0,0,0,0,0,0,0,0,0,0,0,0.35,0,0,0,0,0.3,0,0,0,0,0,0,0,0,0,0,0,0,0,0,0,0,0,0",4,cost_sensitive_budget_policy,0.8976270912904415,0.899769107786633,0.002142016496191501,293.15,4,160.0,0.01
10.1016/0378-7753(91)80004-H,"10.1016/0378-7753(91)80004-H|LiAsF6|3|mol/l|v|0.125,0.125,0,0,0,0,0,0,0,0,0,0,0,0,0.75,0,0,0,0,0,0,0,0,0,0,0,0,0,0,0,0,0,0,0,0,0,0,0",4,cost_sensitive_budget_policy,0.9804578922761001,1.0233182806345706,0.0428603883584705,353.15,4,160.0,0.01
10.1016/0378-7753(91)80004-H,"10.1016/0378-7753(91)80004-H|LiAsF6|1|mol/l|v|0,0,0,0,0,0,0,0,0,0,0,0,0,0,0.5,0,0.5,0,0,0,0,0,0,0,0,0,0,0,0,0,0,0,0,0,0,0,0,0",4,cost_sensitive_budget_policy,1.1559430179718369,0.9883928053031918,0.167550212668645,293.15,4,160.0,0.01
10.1016/0378-7753(91)80004-H,"10.1016/0378-7753(91)80004-H|LiAsF6|1|mol/l|v|0.375,0.375,0,0,0,0,0,0,0,0,0,0,0,0,0.25,0,0,0,0,0,0,0,0,0,0,0,0,0,0,0,0,0,0,0,0,0,0,0",4,cost_sensitive_budget_policy,1.3031960574204888,1.2945418533968636,0.008654204023625267,353.15,4,160.0,0.01
10.1016/0378-7753(91)80004-H,"10.1016/0378-7753(91)80004-H|LiAsF6|1|mol/l|v|0,0,0,0,0,0,0,0,0,0,0,0,0,0,0.7,0,0,0.3,0,0,0,0,0,0,0,0,0,0,0,0,0,0,0,0,0,0,0,0",4,cost_sensitive_budget_policy,0.6473829701146199,0.6265353619655801,0.020847608149039742,293.15,4,160.0,0.01
10.1016/0378-7753(91)80004-H,"10.1016/0378-7753(91)80004-H|LiAsF6|1|mol/l|v|0,0,0,0,0,0,0,0,0,0,0,0,0,0,0.5,0,0,0,0,0,0.5,0,0,0,0,0,0,0,0,0,0,0,0,0,0,0,0,0",4,cost_sensitive_budget_policy,1.0666985504229953,1.0576658965349308,0.009032653888064512,353.15,4,160.0,0.01
10.1016/0378-7753(91)80004-H,"10.1016/0378-7753(91)80004-H|LiAsF6|1|mol/l|v|0,0,0,0,0,0,0,0,0,0,0,0,0,0,0,0,0,0,0,0.4,0,0,0,0,0,0.6,0,0,0,0,0,0,0,0,0,0,0,0",4,cost_sensitive_budget_policy,0.8394780473741984,0.8581996745449325,0.018721627170734112,353.15,4,160.0,0.01
10.1016/0378-7753(91)80004-H,"10.1016/0378-7753(91)80004-H|LiAsF6|1|mol/l|v|0.25,0.25,0,0,0,0.5,0,0,0,0,0,0,0,0,0,0,0,0,0,0,0,0,0,0,0,0,0,0,0,0,0,0,0,0,0,0,0,0",4,cost_sensitive_budget_policy,1.4974825373673704,1.4916971149445868,0.0057854224227835704,353.15,4,160.0,0.01
10.1016/0378-7753(91)80004-H,"10.1016/0378-7753(91)80004-H|LiAsF6|1|mol/l|v|0,0,0,0,0,0.15,0,0,0,0,0,0,0,0,0,0,0,0,0,0,0.5,0,0.35,0,0,0,0,0,0,0,0,0,0,0,0,0,0,0",4,cost_sensitive_budget_policy,1.0913151596972228,1.1086964042325784,0.01738124453535561,353.15,4,160.0,0.01
10.1016/0378-7753(91)80004-H,"10.1016/0378-7753(91)80004-H|LiAsF6|1|mol/l|v|0,0,0,0,0,0.25,0,0,0,0,0,0,0,0,0,0,0,0,0,0,0.5,0,0.25,0,0,0,0,0,0,0,0,0,0,0,0,0,0,0",4,cost_sensitive_budget_policy,1.1583624920952498,1.1604457235851795,0.0020832314899297266,353.15,4,160.0,0.01
10.1016/0378-7753(91)80004-H,"10.1016/0378-7753(91)80004-H|LiAsF6|1|mol/l|v|0,0,0,0,0,0,0,0,0,0,0,0,0,0,0,0,0,0,0,0,0,0,0,0,0,0,0,0,0,0,0,1,0,0,0,0,0,0",4,cost_sensitive_budget_policy,1.371806458507416,1.3677703467432396,0.004036111764176287,353.15,4,160.0,0.01
10.1016/0378-7753(91)80004-H,"10.1016/0378-7753(91)80004-H|LiAsF6|1|mol/l|v|0,0,0,0,0,0.5,0,0,0,0,0,0,0,0,0,0,0,0,0,0,0,0,0,0,0,0,0,0,0,0,0,0.5,0,0,0,0,0,0",4,cost_sensitive_budget_policy,1.5092025223311027,1.495401423955718,0.01380109837538468,353.15,4,160.0,0.01
10.1016/0378-7753(91)80004-H,"10.1016/0378-7753(91)80004-H|LiAsF6|1|mol/l|v|0,0,0,0,0,0,0,0,0,0,0,0,0,0,0,0,0,0,0,0,0,0,0,0,0,0,0,0,0,0.5,0,0.5,0,0,0,0,0,0",4,cost_sensitive_budget_policy,1.3725438007590702,1.3670296278479679,0.005514172911102344,353.15,4,160.0,0.01
10.1016/0378-7753(91)80004-H,"10.1016/0378-7753(91)80004-H|LiAsF6|0.75|mol/l|v|0,0,0,0,0,0,0,0,0,0,0,0,0,0,0,0,0,0,0,0,0.5,0,0.25,0,0,0,0,0,0,0,0,0,0.25,0,0,0,0,0",4,cost_sensitive_budget_policy,0.9694159123539814,0.9718426606147048,0.0024267482607234214,353.15,4,160.0,0.01
10.1016/0378-7753(91)80004-H,"10.1016/0378-7753(91)80004-H|LiAsF6|1|mol/l|v|0,0,0,0,0,0.25,0,0,0,0,0,0,0,0,0,0,0,0,0,0,0.5,0.25,0,0,0,0,0,0,0,0,0,0,0,0,0,0,0,0",4,cost_sensitive_budget_policy,1.199480914862356,1.1947921795055285,0.004688735356827456,353.15,4,160.0,0.01
10.1016/0378-7753(91)80004-H,"10.1016/0378-7753(91)80004-H|LiAsF6|4|mol/l|v|0.25,0.25,0,0,0,0.5,0,0,0,0,0,0,0,0,0,0,0,0,0,0,0,0,0,0,0,0,0,0,0,0,0,0,0,0,0,0,0,0",4,cost_sensitive_budget_policy,1.318897714627487,1.5137209903361653,0.1948232757086783,353.15,4,160.0,0.01
10.1016/0378-7753(91)80004-H,"10.1016/0378-7753(91)80004-H|LiAsF6|1|mol/l|v|0,0.5,0,0,0,0.5,0,0,0,0,0,0,0,0,0,0,0,0,0,0,0,0,0,0,0,0,0,0,0,0,0,0,0,0,0,0,0,0",4,cost_sensitive_budget_policy,1.4499409887733377,1.4667142330353735,0.016773244262035858,353.15,4,160.0,0.01
10.1016/0378-7753(91)80004-H,"10.1016/0378-7753(91)80004-H|LiAsF6|4|mol/l|v|0,0.5,0,0,0,0.5,0,0,0,0,0,0,0,0,0,0,0,0,0,0,0,0,0,0,0,0,0,0,0,0,0,0,0,0,0,0,0,0",4,cost_sensitive_budget_policy,1.2898118391176214,1.4398147248338602,0.15000288571623877,353.15,4,160.0,0.01
10.1016/0378-7753(91)80004-H,"10.1016/0378-7753(91)80004-H|LiAsF6|1|mol/l|v|0,0,0,0,0,0,0,0,0,0,0,0,0,0,0,0,0,0,0,0,0,0,0,0,0,1,0,0,0,0,0,0,0,0,0,0,0,0",4,cost_sensitive_budget_policy,0.8142475957319202,0.8638607712448263,0.049613175512906116,353.15,4,160.0,0.01
10.1016/0378-7753(91)80004-H,"10.1016/0378-7753(91)80004-H|LiAsF6|1|mol/l|v|0,0,0,0,0,0,0,0,0,0,0,0,0,0,0,0,0,0,0,0,0.5,0.25,0,0,0,0,0.25,0,0,0,0,0,0,0,0,0,0,0",4,cost_sensitive_budget_policy,1.0546130545568877,1.0667167280060745,0.012103673449186836,353.15,4,160.0,0.01
10.1016/0378-7753(91)80004-H,"10.1016/0378-7753(91)80004-H|LiAsF6|1|mol/l|v|0.5,0,0,0,0,0.5,0,0,0,0,0,0,0,0,0,0,0,0,0,0,0,0,0,0,0,0,0,0,0,0,0,0,0,0,0,0,0,0",4,cost_sensitive_budget_policy,1.5128177585648732,1.5032389345498212,0.009578824015052056,353.15,4,160.0,0.01
10.1016/0378-7753(91)80004-H,"10.1016/0378-7753(91)80004-H|LiAsF6|1|mol/l|v|0,0,0,0,0,0.5,0,0,0,0,0,0,0,0,0,0,0,0,0,0,0.5,0,0,0,0,0,0,0,0,0,0,0,0,0,0,0,0,0",4,cost_sensitive_budget_policy,1.2778383330020475,1.2280044341391494,0.04983389886289813,353.15,4,160.0,0.01
10.1016/0378-7753(91)80004-H,"10.1016/0378-7753(91)80004-H|LiAsF6|1|mol/l|v|0,0,0,0,0,0.6,0,0,0,0,0,0,0,0,0,0,0,0,0,0,0.4,0,0,0,0,0,0,0,0,0,0,0,0,0,0,0,0,0",4,cost_sensitive_budget_policy,1.2301933788690456,1.2729168800705009,0.042723501201455294,353.15,4,160.0,0.01
10.1016/0378-7753(91)80004-H,"10.1016/0378-7753(91)80004-H|LiAsF6|1|mol/l|v|0,0,0,0,0,0,0,0,0,0,0,0,0,0,0,0,0,0,0,0,0,0,0,0,0,0,0,1,0,0,0,0,0,0,0,0,0,0",4,cost_sensitive_budget_policy,1.5809249756756194,1.5562022842578878,0.024722691417731646,353.15,4,160.0,0.01
10.1016/0378-7753(91)80004-H,"10.1016/0378-7753(91)80004-H|LiAsF6|1|mol/l|v|0.25,0.25,0,0,0,0,0,0,0,0,0,0,0,0,0,0,0,0,0,0,0,0.5,0,0,0,0,0,0,0,0,0,0,0,0,0,0,0,0",4,cost_sensitive_budget_policy,1.3412366232386923,1.3450254874954237,0.003788864256731417,353.15,4,160.0,0.01
10.1016/0378-7753(91)80004-H,"10.1016/0378-7753(91)80004-H|LiAsF6|1|mol/l|v|0.175,0.175,0,0,0,0,0,0,0,0,0,0,0,0,0,0,0,0.3,0.35,0,0,0,0,0,0,0,0,0,0,0,0,0,0,0,0,0,0,0",4,cost_sensitive_budget_policy,1.1637575239819558,1.1338563840965872,0.029901139885368577,293.15,4,160.0,0.01
10.1016/0378-7753(91)80004-H,"10.1016/0378-7753(91)80004-H|LiAsF6|1|mol/l|v|0.125,0.125,0,0,0,0,0,0,0,0,0,0,0,0,0,0,0,0.5,0.25,0,0,0,0,0,0,0,0,0,0,0,0,0,0,0,0,0,0,0",4,cost_sensitive_budget_policy,1.1699681739968923,1.1471557795497163,0.022812394447176088,293.15,4,160.0,0.01
10.1016/0378-7753(91)80004-H,"10.1016/0378-7753(91)80004-H|LiAsF6|1|mol/l|v|0.075,0.075,0,0,0,0,0,0,0,0,0,0,0,0,0,0,0,0.7,0.15,0,0,0,0,0,0,0,0,0,0,0,0,0,0,0,0,0,0,0",4,cost_sensitive_budget_policy,1.0220157398177203,1.007561553829913,0.014454185987807344,293.15,4,160.0,0.01
10.1016/0378-7753(91)80004-H,"10.1016/0378-7753(91)80004-H|LiAsF6|1|mol/l|v|0.35,0.35,0,0,0,0,0,0,0,0,0,0,0,0,0,0,0,0.3,0,0,0,0,0,0,0,0,0,0,0,0,0,0,0,0,0,0,0,0",4,cost_sensitive_budget_policy,0.9694159123539814,0.9719042472959831,0.0024883349420017353,293.15,4,160.0,0.01
10.1016/0378-7753(91)80004-H,"10.1016/0378-7753(91)80004-H|LiAsF6|0.5|mol/l|v|0.15,0.85,0,0,0,0,0,0,0,0,0,0,0,0,0,0,0,0,0,0,0,0,0,0,0,0,0,0,0,0,0,0,0,0,0,0,0,0",4,cost_sensitive_budget_policy,1.1264561134318043,1.111389487834982,0.01506662559682237,353.15,4,160.0,0.01
10.1016/0378-7753(91)80004-H,"10.1016/0378-7753(91)80004-H|LiAsF6|1|mol/l|v|0.15,0.85,0,0,0,0,0,0,0,0,0,0,0,0,0,0,0,0,0,0,0,0,0,0,0,0,0,0,0,0,0,0,0,0,0,0,0,0",4,cost_sensitive_budget_policy,1.2296818423176759,1.239974720330512,0.010292878012836182,353.15,4,160.0,0.01
10.1016/0378-7753(91)80004-H,"10.1016/0378-7753(91)80004-H|LiAsF6|1.5|mol/l|v|0.15,0.85,0,0,0,0,0,0,0,0,0,0,0,0,0,0,0,0,0,0,0,0,0,0,0,0,0,0,0,0,0,0,0,0,0,0,0,0",4,cost_sensitive_budget_policy,1.1992064791616577,1.244495652245641,0.04528917308398328,353.15,4,160.0,0.01
10.1016/0378-7753(91)80004-H,"10.1016/0378-7753(91)80004-H|LiAsF6|1|mol/l|v|0.25,0.25,0,0,0,0,0,0,0,0,0,0,0,0,0,0,0,0,0,0,0,0,0.5,0,0,0,0,0,0,0,0,0,0,0,0,0,0,0",4,cost_sensitive_budget_policy,1.2622137054764169,1.2781571029189147,0.015943397442497842,353.15,4,160.0,0.01
10.1016/0378-7753(91)80004-H,"10.1016/0378-7753(91)80004-H|LiAsF6|1|mol/l|v|0.25,0,0,0,0,0,0,0,0,0,0,0,0,0,0,0,0,0,0,0,0.5,0,0.25,0,0,0,0,0,0,0,0,0,0,0,0,0,0,0",4,cost_sensitive_budget_policy,1.1132746924643504,1.1197985634829477,0.006523871018597305,353.15,4,160.0,0.01
10.1016/0378-7753(91)80004-H,"10.1016/0378-7753(91)80004-H|LiAsF6|1|mol/l|v|0.1,0,0,0,0,0,0,0,0,0,0,0,0,0,0,0,0,0,0,0,0.45,0,0.45,0,0,0,0,0,0,0,0,0,0,0,0,0,0,0",4,cost_sensitive_budget_policy,1.06781451116184,1.0895082434969339,0.021693732335093863,353.15,4,160.0,0.01
10.1016/0378-7753(91)80004-H,"10.1016/0378-7753(91)80004-H|LiAsF6|1.5|mol/l|v|0.5,0.5,0,0,0,0,0,0,0,0,0,0,0,0,0,0,0,0,0,0,0,0,0,0,0,0,0,0,0,0,0,0,0,0,0,0,0,0",4,cost_sensitive_budget_policy,1.2390490931401914,1.2848468220993723,0.04579772895918088,353.15,4,160.0,0.01
10.1016/0378-7753(91)80004-H,"10.1016/0378-7753(91)80004-H|LiAsF6|1|mol/l|v|0,0,0,0,0,0,0,0,0,0,0,0,0,0,0,0,0,0,0,0,0.5,0,0,0,0,0,0.5,0,0,0,0,0,0,0,0,0,0,0",4,cost_sensitive_budget_policy,1.0666985504229953,1.0266285168088896,0.04007003361410577,353.15,4,160.0,0.01
10.1016/0378-7753(91)80004-H,"10.1016/0378-7753(91)80004-H|LiAsF6|0.5|mol/l|v|0.5,0.5,0,0,0,0,0,0,0,0,0,0,0,0,0,0,0,0,0,0,0,0,0,0,0,0,0,0,0,0,0,0,0,0,0,0,0,0",4,cost_sensitive_budget_policy,1.161966616364075,1.157995220994918,0.003971395369156916,353.15,4,160.0,0.01
10.1016/0378-7753(91)80004-H,"10.1016/0378-7753(91)80004-H|LiAsF6|1|mol/l|v|0.5,0.5,0,0,0,0,0,0,0,0,0,0,0,0,0,0,0,0,0,0,0,0,0,0,0,0,0,0,0,0,0,0,0,0,0,0,0,0",4,cost_sensitive_budget_policy,1.266936911159173,1.277310750448264,0.010373839289090858,353.15,4,160.0,0.01
10.1016/0378-7753(91)80004-H,"10.1016/0378-7753(91)80004-H|LiAsF6|2|mol/l|v|0.15,0.85,0,0,0,0,0,0,0,0,0,0,0,0,0,0,0,0,0,0,0,0,0,0,0,0,0,0,0,0,0,0,0,0,0,0,0,0",4,cost_sensitive_budget_policy,1.0874264570362855,1.2092232454917244,0.12179678845543895,353.15,4,160.0,0.01
10.1016/0378-7753(91)80004-H,"10.1016/0378-7753(91)80004-H|LiAsF6|2|mol/l|v|0.5,0.5,0,0,0,0,0,0,0,0,0,0,0,0,0,0,0,0,0,0,0,0,0,0,0,0,0,0,0,0,0,0,0,0,0,0,0,0",4,cost_sensitive_budget_policy,1.1430148002540952,1.2654401850753692,0.12242538482127396,353.15,4,160.0,0.01
10.1016/0378-7753(91)80004-H,"10.1016/0378-7753(91)80004-H|LiAsF6|1|mol/l|v|0.25,0,0,0,0,0,0,0,0,0,0,0,0,0,0,0,0,0,0,0,0.25,0,0.5,0,0,0,0,0,0,0,0,0,0,0,0,0,0,0",4,cost_sensitive_budget_policy,1.1661339703051092,1.1916138840663182,0.02547991376120895,353.15,4,160.0,0.01
10.1016/0378-7753(91)80004-H,"10.1016/0378-7753(91)80004-H|LiAsF6|0.75|mol/l|v|0,0,0,0,0,0,0,0,0,0,0,0,0,0,0,0,0,0,0,0,0.5,0,0.25,0,0,0,0,0,0.25,0,0,0,0,0,0,0,0,0",4,cost_sensitive_budget_policy,1.0086001717619175,0.9898393584586187,0.018760813303298818,353.15,4,160.0,0.01
10.1016/0378-7753(91)80004-H,"10.1016/0378-7753(91)80004-H|LiAsF6|1|mol/l|v|0.7,0.3,0,0,0,0,0,0,0,0,0,0,0,0,0,0,0,0,0,0,0,0,0,0,0,0,0,0,0,0,0,0,0,0,0,0,0,0",4,cost_sensitive_budget_policy,1.2773799746672547,1.2895537316490946,0.012173756981839867,353.15,4,160.0,0.01
10.1016/0378-7753(91)80004-H,"10.1016/0378-7753(91)80004-H|LiAsF6|3|mol/l|v|0.5,0.5,0,0,0,0,0,0,0,0,0,0,0,0,0,0,0,0,0,0,0,0,0,0,0,0,0,0,0,0,0,0,0,0,0,0,0,0",4,cost_sensitive_budget_policy,1.0503797562614579,1.3190395683061786,0.2686598120447208,353.15,4,160.0,0.01
10.1016/0378-7753(91)80004-H,"10.1016/0378-7753(91)80004-H|LiAsF6|1|mol/l|v|0.375,0.375,0,0,0,0,0,0,0,0,0,0,0,0,0,0,0,0,0,0.25,0,0,0,0,0,0,0,0,0,0,0,0,0,0,0,0,0,0",4,cost_sensitive_budget_policy,1.2489536154957075,1.2533449181039376,0.004391302608230063,353.15,4,160.0,0.01
10.1016/0378-7753(91)80004-H,"10.1016/0378-7753(91)80004-H|LiAsF6|1|mol/l|v|0.5,0,0,0,0,0,0,0,0,0,0,0,0,0,0,0,0,0,0,0,0,0,0.5,0,0,0,0,0,0,0,0,0,0,0,0,0,0,0",4,cost_sensitive_budget_policy,1.2953471483336179,1.3092642336579348,0.013917085324316902,353.15,4,160.0,0.01
10.1016/0378-7753(91)80004-H,"10.1016/0378-7753(91)80004-H|LiAsF6|1|mol/l|v|0,0.7,0,0,0,0,0,0,0,0,0,0,0,0,0,0,0,0.3,0,0,0,0,0,0,0,0,0,0,0,0,0,0,0,0,0,0,0,0",4,cost_sensitive_budget_policy,0.9329808219231982,0.854535082125934,0.07844573979726421,293.15,4,160.0,0.01
10.1016/0378-7753(91)80004-H,"10.1016/0378-7753(91)80004-H|LiAsF6|1|mol/l|v|0,0.5,0,0,0,0,0,0,0,0,0,0,0,0,0,0,0,0.5,0,0,0,0,0,0,0,0,0,0,0,0,0,0,0,0,0,0,0,0",4,cost_sensitive_budget_policy,0.9925535178321356,0.9087438541322944,0.08380966369984122,293.15,4,160.0,0.01
10.1016/0378-7753(91)80004-H,"10.1016/0378-7753(91)80004-H|LiAsF6|1|mol/l|v|0,0,0,0,0,0,0,0,0,0,0,0,0,0,0,0,0,0.5,0.5,0,0,0,0,0,0,0,0,0,0,0,0,0,0,0,0,0,0,0",4,cost_sensitive_budget_policy,1.1778249718646818,1.2054847391535926,0.02765976728891073,293.15,4,160.0,0.01
10.1016/0378-7753(91)80004-H,"10.1016/0378-7753(91)80004-H|LiAsF6|1|mol/l|v|0,0,0,0,0,0,0,0,0,0,0,0,0,0,0,0,0,0.7,0.3,0,0,0,0,0,0,0,0,0,0,0,0,0,0,0,0,0,0,0",4,cost_sensitive_budget_policy,0.9916690073799486,1.0122337016685412,0.020564694288592644,293.15,4,160.0,0.01
10.1016/0378-7753(91)80004-H,"10.1016/0378-7753(91)80004-H|LiAsF6|1|mol/l|v|0,1,0,0,0,0,0,0,0,0,0,0,0,0,0,0,0,0,0,0,0,0,0,0,0,0,0,0,0,0,0,0,0,0,0,0,0,0",4,cost_sensitive_budget_policy,1.2190603324488614,1.2257822380788252,0.006721905629963887,353.15,4,160.0,0.01
10.1016/0378-7753(91)80004-H,"10.1016/0378-7753(91)80004-H|LiAsF6|1|mol/l|v|0,0,0,0,0,0,0,0,0,0,0,0,0,0,0,0,0,0.3,0.7,0,0,0,0,0,0,0,0,0,0,0,0,0,0,0,0,0,0,0",4,cost_sensitive_budget_policy,1.1634595517699902,1.1638215475086648,0.0003619957386746808,293.15,4,160.0,0.01
10.1016/0378-7753(91)80004-H,"10.1016/0378-7753(91)80004-H|LiAsF6|1|mol/l|v|0,0,0,0,0,0,0,0,0,0,0,0,0,0,0,0,0,0.25,0,0,0.5,0,0.25,0,0,0,0,0,0,0,0,0,0,0,0,0,0,0",4,cost_sensitive_budget_policy,1.1271047983648077,1.201775634005458,0.07467083564065025,353.15,4,160.0,0.01
10.1016/0378-7753(91)80004-H,"10.1016/0378-7753(91)80004-H|LiAsF6|1|mol/l|v|0,0.7,0,0,0,0,0,0,0,0,0,0,0,0,0,0,0,0,0,0.3,0,0,0,0,0,0,0,0,0,0,0,0,0,0,0,0,0,0",4,cost_sensitive_budget_policy,0.75815462196739,0.6767629009566243,0.08139172101076575,293.15,4,160.0,0.01
10.1016/0378-7753(91)80004-H,"10.1016/0378-7753(91)80004-H|LiAsF6|1|mol/l|v|0,0,0,0,0,0,0,0,0,0,0,0,0,0,0,0,0,0,0,0,0.5,0,0,0,0,0.5,0,0,0,0,0,0,0,0,0,0,0,0",4,cost_sensitive_budget_policy,0.8543060418010806,0.8749160998006129,0.020610057999532305,353.15,4,160.0,0.01
10.1016/0378-7753(91)80004-H,"10.1016/0378-7753(91)80004-H|LiAsF6|1|mol/l|v|0,0.5,0,0,0,0,0,0,0,0,0,0,0,0,0,0,0,0,0,0,0.5,0,0,0,0,0,0,0,0,0,0,0,0,0,0,0,0,0",4,cost_sensitive_budget_policy,1.100370545117563,1.1101012779526174,0.009730732835054434,353.15,4,160.0,0.01
10.1016/0378-7753(91)80004-H,"10.1016/0378-7753(91)80004-H|LiAsF6|1|mol/l|v|0,0.1,0,0,0,0,0,0,0,0,0,0,0,0,0,0,0,0,0,0,0.45,0,0.45,0,0,0,0,0,0,0,0,0,0,0,0,0,0,0",4,cost_sensitive_budget_policy,1.0614524790871933,1.088714773803029,0.027262294715835633,353.15,4,160.0,0.01
10.1016/0378-7753(91)80004-H,"10.1016/0378-7753(91)80004-H|LiAsF6|1|mol/l|v|0,0,0,0,0,0,0,0,0,0,0,0,0,0,0,0,0,0,0,0,1,0,0,0,0,0,0,0,0,0,0,0,0,0,0,0,0,0",4,cost_sensitive_budget_policy,0.9014583213961124,0.8625689242202645,0.03888939717584783,353.15,4,160.0,0.01
10.1016/0378-7753(91)80004-H,"10.1016/0378-7753(91)80004-H|LiAsF6|1|mol/l|v|0,0,0,0,0,0,0,0,0,0,0,0,0,0,0,0,0,0,1,0,0,0,0,0,0,0,0,0,0,0,0,0,0,0,0,0,0,0",4,cost_sensitive_budget_policy,1.1095785469043866,1.2345239016519503,0.12494535474756363,293.15,4,160.0,0.01
10.1016/0378-7753(91)80004-H,"10.1016/0378-7753(91)80004-H|LiAsF6|0.75|mol/l|v|0,0,0,0,0,0,0,0,0,0,0,0,0,0,0,0,0,0,0,0,0.5,0,0.5,0,0,0,0,0,0,0,0,0,0,0,0,0,0,0",4,cost_sensitive_budget_policy,0.9652017010259121,0.9806001143815246,0.015398413355612539,353.15,4,160.0,0.01
10.1016/0378-7753(91)80004-H,"10.1016/0378-7753(91)80004-H|LiAsF6|0.5|mol/l|v|0,0,0,0,0,0,0,0,0,0,0,0,0,0,0,0,0,0,0,0,0.5,0,0,0.5,0,0,0,0,0,0,0,0,0,0,0,0,0,0",4,cost_sensitive_budget_policy,0.8202014594856403,0.8407476850382287,0.02054622555258845,353.15,4,160.0,0.01
10.1016/0378-7753(91)80004-H,"10.1016/0378-7753(91)80004-H|LiAsF6|1|mol/l|v|0,0,0,0,0,0,0,0,0,0,0,0,0,0,0,0,0,0,0,0,0.75,0,0.25,0,0,0,0,0,0,0,0,0,0,0,0,0,0,0",4,cost_sensitive_budget_policy,0.9400181550076633,0.9398906371677462,0.00012751783991704624,353.15,4,160.0,0.01
10.1016/0378-7753(91)80004-H,"10.1016/0378-7753(91)80004-H|LiAsF6|2|mol/l|v|0,0,0,0,0,0,0,0,0,0,0,0,0,0,0,0,0,0,0,0,0.5,0,0.5,0,0,0,0,0,0,0,0,0,0,0,0,0,0,0",4,cost_sensitive_budget_policy,0.909020854211156,0.9369741665470035,0.027953312335847524,353.15,4,160.0,0.01
10.1016/0378-7753(91)80004-H,"10.1016/0378-7753(91)80004-H|LiAsF6|0.75|mol/l|v|0,0,0,0,0,0,0,0,0,0,0,0,0,0,0,0,0,0,0,0,0.5,0,0.25,0,0,0,0,0,0,0,0,0,0,0,0,0,0.25,0",4,cost_sensitive_budget_policy,1.0068937079479006,1.0141570370883426,0.007263329140442032,353.15,4,160.0,0.01
10.1016/0378-7753(91)80004-H,"10.1016/0378-7753(91)80004-H|LiAsF6|0.75|mol/l|v|0,0,0,0,0,0,0,0,0,0,0,0,0,0,0,0,0,0,0,0,0.5,0,0.25,0,0,0,0,0,0,0,0,0,0,0,0,0,0,0.25",4,cost_sensitive_budget_policy,0.9703468762300933,0.9797471015918144,0.009400225361721137,353.15,4,160.0,0.01
10.1016/0378-7753(91)80004-H,"10.1016/0378-7753(91)80004-H|LiAsF6|0.75|mol/l|v|0,0,0,0,0,0,0,0,0,0,0,0,0,0,0,0,0,0,0,0,0.5,0,0,0.5,0,0,0,0,0,0,0,0,0,0,0,0,0,0",4,cost_sensitive_budget_policy,0.8992731873176038,0.9353881315733525,0.03611494425574879,353.15,4,160.0,0.01
10.1016/0378-7753(91)80004-H,"10.1016/0378-7753(91)80004-H|LiAsF6|1|mol/l|v|0,0,0,0,0,0,0,0,0,0,0,0,0,0,0,0,0,0,0,0,0.25,0,0,0.75,0,0,0,0,0,0,0,0,0,0,0,0,0,0",4,cost_sensitive_budget_policy,0.9390197764486664,0.9737688579974557,0.03474908154878931,353.15,4,160.0,0.01
10.1016/0378-7753(91)80004-H,"10.1016/0378-7753(91)80004-H|LiAsF6|0.75|mol/l|v|0,0,0,0,0,0,0,0,0,0,0,0,0,0,0,0,0,0,0,0.25,0.5,0,0.25,0,0,0,0,0,0,0,0,0,0,0,0,0,0,0",4,cost_sensitive_budget_policy,1.0342272607705507,1.039892683715533,0.005665422944982179,353.15,4,160.0,0.01
10.1016/0378-7753(91)80004-H,"10.1016/0378-7753(91)80004-H|LiAsF6|1|mol/l|v|0,0,0,0,0,0,0,0,0,0,0,0,0,0,0,0,0,0,0,0.5,0.25,0,0.25,0,0,0,0,0,0,0,0,0,0,0,0,0,0,0",4,cost_sensitive_budget_policy,1.070037866607755,1.0713200141185435,0.0012821475107884783,353.15,4,160.0,0.01
10.1016/0378-7753(91)80004-H,"10.1016/0378-7753(91)80004-H|LiAsF6|1|mol/l|v|0,0,0,0,0,0,0,0,0,0,0,0,0,0,0,0,0,0,0,0,0.25,0,0.75,0,0,0,0,0,0,0,0,0,0,0,0,0,0,0",4,cost_sensitive_budget_policy,1.0253058652647702,1.046882326039189,0.021576460774418882,353.15,4,160.0,0.01
10.1016/0378-7753(91)80004-H,"10.1016/0378-7753(91)80004-H|LiAsF6|0.75|mol/l|v|0,0,0,0,0,0,0,0,0,0,0,0,0,0,0,0,0,0,0,0,0,0,0,0,0,0,0,0,0,0,0,0,0,0,0,1,0,0",4,cost_sensitive_budget_policy,-0.3979400086720376,-0.37772640187737144,0.02021360679466616,353.15,4,160.0,0.01
10.1016/0378-7753(91)80004-H,"10.1016/0378-7753(91)80004-H|LiPF6|1|mol/l|v|0.125,0.125,0,0,0,0,0,0,0,0,0,0,0,0,0.75,0,0,0,0,0,0,0,0,0,0,0,0,0,0,0,0,0,0,0,0,0,0,0",4,cost_sensitive_budget_policy,1.2100508498751372,1.2028226267256845,0.007228223149452706,353.15,4,160.0,0.01
10.1016/0378-7753(91)80004-H,"10.1016/0378-7753(91)80004-H|LiPF6|1|mol/l|v|0.15,0.85,0,0,0,0,0,0,0,0,0,0,0,0,0,0,0,0,0,0,0,0,0,0,0,0,0,0,0,0,0,0,0,0,0,0,0,0",4,cost_sensitive_budget_policy,1.2273724422896362,1.2435003018118498,0.016127859522213628,353.15,4,160.0,0.01
10.1016/0378-7753(91)80004-H,"10.1016/0378-7753(91)80004-H|LiPF6|1|mol/l|v|0.5,0.5,0,0,0,0,0,0,0,0,0,0,0,0,0,0,0,0,0,0,0,0,0,0,0,0,0,0,0,0,0,0,0,0,0,0,0,0",4,cost_sensitive_budget_policy,1.2866809693549301,1.3000488712662868,0.013367901911356617,353.15,4,160.0,0.01
10.1016/0378-7753(91)80004-H,"10.1016/0378-7753(91)80004-H|LiCF3SO3|1|mol/l|v|0.125,0.125,0,0,0,0,0,0,0,0,0,0,0,0,0.75,0,0,0,0,0,0,0,0,0,0,0,0,0,0,0,0,0,0,0,0,0,0,0",4,cost_sensitive_budget_policy,0.5185139398778874,0.46809356158780624,0.05042037829008117,353.15,4,160.0,0.01
10.1016/0378-7753(91)80004-H,"10.1016/0378-7753(91)80004-H|LiCF3SO3|1|mol/l|v|0.5,0.5,0,0,0,0,0,0,0,0,0,0,0,0,0,0,0,0,0,0,0,0,0,0,0,0,0,0,0,0,0,0,0,0,0,0,0,0",4,cost_sensitive_budget_policy,0.8082109729242221,0.7961468963058549,0.01206407661836717,353.15,4,160.0,0.01
10.1016/0378-7753(91)80004-H,"10.1016/0378-7753(91)80004-H|LiCF3SO3|1|mol/l|v|0,0.5,0,0,0,0.5,0,0,0,0,0,0,0,0,0,0,0,0,0,0,0,0,0,0,0,0,0,0,0,0,0,0,0,0,0,0,0,0",4,cost_sensitive_budget_policy,1.0257153839013406,1.0223064432695688,0.003408940631771884,353.15,4,160.0,0.01
10.1016/0378-7753(91)80004-H,"10.1016/0378-7753(91)80004-H|LiCF3SO3|1|mol/l|v|0.5,0,0,0,0,0.5,0,0,0,0,0,0,0,0,0,0,0,0,0,0,0,0,0,0,0,0,0,0,0,0,0,0,0,0,0,0,0,0",4,cost_sensitive_budget_policy,1.123524980942732,1.118101068376042,0.005423912566689948,353.15,4,160.0,0.01
10.1016/0378-7753(91)80004-H,"10.1016/0378-7753(91)80004-H|LiN(CF3SO2)2|1|mol/l|v|0,0,0,0,0,0,0,0,0,0,0,0,0,0,0,0,0,0,0,0,0.5,0,0,0,0,0,0,0,0,0.5,0,0,0,0,0,0,0,0",4,cost_sensitive_budget_policy,1.052693941924968,1.0634605397102725,0.010766597785304644,353.15,4,160.0,0.01
10.1016/0378-7753(91)80004-H,"10.1016/0378-7753(91)80004-H|LiN(CF3SO2)2|1|mol/l|v|0.125,0.125,0,0,0,0,0,0,0,0,0,0,0,0,0.75,0,0,0,0,0,0,0,0,0,0,0,0,0,0,0,0,0,0,0,0,0,0,0",4,cost_sensitive_budget_policy,1.0799044676667207,1.0749240677980656,0.004980399868655061,353.15,4,160.0,0.01
10.1016/0378-7753(91)80004-H,"10.1016/0378-7753(91)80004-H|LiN(CF3SO2)2|1|mol/l|v|0.5,0.5,0,0,0,0,0,0,0,0,0,0,0,0,0,0,0,0,0,0,0,0,0,0,0,0,0,0,0,0,0,0,0,0,0,0,0,0",4,cost_sensitive_budget_policy,1.1417632302757879,1.146657800965507,0.004894570689719213,353.15,4,160.0,0.01
10.1016/0378-7753(91)80004-H,"10.1016/0378-7753(91)80004-H|LiN(CF3SO2)2|1|mol/l|v|0,0,0,0,0,0.5,0,0,0,0,0,0,0,0,0,0,0,0,0,0,0,0,0,0,0,0,0,0,0,0,0,0.5,0,0,0,0,0,0",4,cost_sensitive_budget_policy,1.4053463601757088,1.395427457786825,0.00991890238888371,353.15,4,160.0,0.01
10.1016/0378-7753(91)80004-H,"10.1016/0378-7753(91)80004-H|LiN(CF3SO2)2|1|mol/l|v|0,0.5,0,0,0,0.5,0,0,0,0,0,0,0,0,0,0,0,0,0,0,0,0,0,0,0,0,0,0,0,0,0,0,0,0,0,0,0,0",4,cost_sensitive_budget_policy,1.3856062735983121,1.3856468383341043,4.0564735792170126e-05,353.15,4,160.0,0.01
10.1016/0378-7753(91)80004-H,"10.1016/0378-7753(91)80004-H|LiN(CF3SO2)2|1|mol/l|v|0.5,0,0,0,0,0.5,0,0,0,0,0,0,0,0,0,0,0,0,0,0,0,0,0,0,0,0,0,0,0,0,0,0,0,0,0,0,0,0",4,cost_sensitive_budget_policy,1.4144719496293028,1.4296702101904888,0.015198260561186006,353.15,4,160.0,0.01
10.1016/0378-7753(91)80004-H,"10.1016/0378-7753(91)80004-H|LiN(CF3SO2)2|1|mol/l|v|0.5,0,0,0,0,0,0,0,0,0,0,0,0,0,0,0,0,0,0,0,0,0,0,0,0,0,0,0,0,0.5,0,0,0,0,0,0,0,0",4,cost_sensitive_budget_policy,1.2893659515200318,1.2878043914342057,0.0015615600858260859,353.15,4,160.0,0.01
10.1016/0378-7753(91)80004-H,"10.1016/0378-7753(91)80004-H|LiBF4|1|mol/l|v|0.5,0.5,0,0,0,0,0,0,0,0,0,0,0,0,0,0,0,0,0,0,0,0,0,0,0,0,0,0,0,0,0,0,0,0,0,0,0,0",4,cost_sensitive_budget_policy,1.0330214446829107,1.0421106663886572,0.009089221705746553,353.15,4,160.0,0.01
10.1016/0378-7753(91)80004-H,"10.1016/0378-7753(91)80004-H|LiBF4|0.5|mol/l|v|0,0,0,0,0,0,0,0,0,0,0,0,0,0,0,0,0,0,0,0,0.5,0,0.5,0,0,0,0,0,0,0,0,0,0,0,0,0,0,0",4,cost_sensitive_budget_policy,0.21484384804769785,1.0417228726542727,0.8268790246065748,353.15,4,160.0,0.01
10.1016/0378-7753(91)80004-H,"10.1016/0378-7753(91)80004-H|LiAsF6|1|mol/l|v|0,0,0,0,0,0,0,0,0,0,0,0,0,0,1,0,0,0,0,0,0,0,0,0,0,0,0,0,0,0,0,0,0,0,0,0,0,0",4,cost_sensitive_budget_policy,0.436162647040756,0.43477877146968397,0.0013838755710720574,293.15,4,160.0,0.02
10.1016/0378-7753(91)80004-H,"10.1016/0378-7753(91)80004-H|LiAsF6|1|mol/l|v|0.15,0.15,0,0,0,0.35,0,0,0,0,0,0,0,0,0.35,0,0,0,0,0,0,0,0,0,0,0,0,0,0,0,0,0,0,0,0,0,0,0",4,cost_sensitive_budget_policy,1.4940153747571439,1.4810939432041184,0.012921431553025498,353.15,4,160.0,0.02
10.1016/0378-7753(91)80004-H,"10.1016/0378-7753(91)80004-H|LiAsF6|1|mol/l|v|0.125,0.125,0,0,0,0.25,0,0,0,0,0,0,0,0,0.5,0,0,0,0,0,0,0,0,0,0,0,0,0,0,0,0,0,0,0,0,0,0,0",4,cost_sensitive_budget_policy,1.4379090355394983,1.4218587462081351,0.01605028933136321,353.15,4,160.0,0.02
10.1016/0378-7753(91)80004-H,"10.1016/0378-7753(91)80004-H|LiAsF6|1|mol/l|v|0.25,0.25,0,0,0,0.25,0,0,0,0,0,0,0,0,0.25,0,0,0,0,0,0,0,0,0,0,0,0,0,0,0,0,0,0,0,0,0,0,0",4,cost_sensitive_budget_policy,1.4679039465228003,1.4579489012454316,0.00995504527736868,353.15,4,160.0,0.02
10.1016/0378-7753(91)80004-H,"10.1016/0378-7753(91)80004-H|LiAsF6|1|mol/l|v|0.125,0.125,0,0,0,0,0,0,0,0,0,0,0,0,0.25,0.5,0,0,0,0,0,0,0,0,0,0,0,0,0,0,0,0,0,0,0,0,0,0",4,cost_sensitive_budget_policy,1.1085650237328344,1.0982095718912677,0.01035545184156672,313.15,4,160.0,0.02
10.1016/0378-7753(91)80004-H,"10.1016/0378-7753(91)80004-H|LiAsF6|1|mol/l|v|0.075,0.075,0,0,0,0,0,0,0,0,0,0,0,0,0.15,0,0,0.7,0,0,0,0,0,0,0,0,0,0,0,0,0,0,0,0,0,0,0,0",4,cost_sensitive_budget_policy,0.8785217955012065,0.8605322606881523,0.01798953481305421,293.15,4,160.0,0.02
10.1016/0378-7753(91)80004-H,"10.1016/0378-7753(91)80004-H|LiAsF6|1|mol/l|v|0.125,0.125,0,0,0,0,0,0,0,0,0,0,0,0,0.25,0,0,0.5,0,0,0,0,0,0,0,0,0,0,0,0,0,0,0,0,0,0,0,0",4,cost_sensitive_budget_policy,1.0622058088197126,1.0501914379332598,0.012014370886452852,293.15,4,160.0,0.02
10.1016/0378-7753(91)80004-H,"10.1016/0378-7753(91)80004-H|LiAsF6|1|mol/l|v|0.175,0.175,0,0,0,0,0,0,0,0,0,0,0,0,0.35,0,0,0.3,0,0,0,0,0,0,0,0,0,0,0,0,0,0,0,0,0,0,0,0",4,cost_sensitive_budget_policy,1.0499928569201427,1.015341773062075,0.03465108385806759,293.15,4,160.0,0.02
10.1016/0378-7753(91)80004-H,"10.1016/0378-7753(91)80004-H|LiAsF6|0.5|mol/l|v|0.125,0.125,0,0,0,0,0,0,0,0,0,0,0,0,0.75,0,0,0,0,0,0,0,0,0,0,0,0,0,0,0,0,0,0,0,0,0,0,0",4,cost_sensitive_budget_policy,1.224014811372864,1.1907434891537485,0.03327132221911544,353.15,4,160.0,0.02
10.1016/0378-7753(91)80004-H,"10.1016/0378-7753(91)80004-H|LiAsF6|2|mol/l|v|0.125,0.125,0,0,0,0,0,0,0,0,0,0,0,0,0.75,0,0,0,0,0,0,0,0,0,0,0,0,0,0,0,0,0,0,0,0,0,0,0",4,cost_sensitive_budget_policy,0.7307822756663892,1.1955571456547374,0.46477486998834816,353.15,4,160.0,0.02
10.1016/0378-7753(91)80004-H,"10.1016/0378-7753(91)80004-H|LiAsF6|1|mol/l|v|0.175,0.175,0,0,0,0,0,0,0,0,0,0,0,0,0.35,0,0,0,0.3,0,0,0,0,0,0,0,0,0,0,0,0,0,0,0,0,0,0,0",4,cost_sensitive_budget_policy,1.3911116137028026,1.3784534423126682,0.012658171390134365,353.15,4,160.0,0.02
10.1016/0378-7753(91)80004-H,"10.1016/0378-7753(91)80004-H|LiAsF6|1|mol/l|v|0.075,0.075,0,0,0,0,0,0,0,0,0,0,0,0,0.15,0,0,0,0.7,0,0,0,0,0,0,0,0,0,0,0,0,0,0,0,0,0,0,0",4,cost_sensitive_budget_policy,1.376576957056512,1.3732923011040334,0.003284655952478621,353.15,4,160.0,0.02
10.1016/0378-7753(91)80004-H,"10.1016/0378-7753(91)80004-H|LiAsF6|1|mol/l|v|0.175,0.175,0,0,0,0,0,0,0,0,0,0,0,0,0.35,0,0,0,0,0.3,0,0,0,0,0,0,0,0,0,0,0,0,0,0,0,0,0,0",4,cost_sensitive_budget_policy,0.8976270912904415,0.899769107786633,0.002142016496191501,293.15,4,160.0,0.02
10.1016/0378-7753(91)80004-H,"10.1016/0378-7753(91)80004-H|LiAsF6|3|mol/l|v|0.125,0.125,0,0,0,0,0,0,0,0,0,0,0,0,0.75,0,0,0,0,0,0,0,0,0,0,0,0,0,0,0,0,0,0,0,0,0,0,0",4,cost_sensitive_budget_policy,0.9804578922761001,1.0233182806345706,0.0428603883584705,353.15,4,160.0,0.02
10.1016/0378-7753(91)80004-H,"10.1016/0378-7753(91)80004-H|LiAsF6|1|mol/l|v|0,0,0,0,0,0,0,0,0,0,0,0,0,0,0.5,0,0.5,0,0,0,0,0,0,0,0,0,0,0,0,0,0,0,0,0,0,0,0,0",4,cost_sensitive_budget_policy,1.1559430179718369,0.9883928053031918,0.167550212668645,293.15,4,160.0,0.02
10.1016/0378-7753(91)80004-H,"10.1016/0378-7753(91)80004-H|LiAsF6|1|mol/l|v|0.375,0.375,0,0,0,0,0,0,0,0,0,0,0,0,0.25,0,0,0,0,0,0,0,0,0,0,0,0,0,0,0,0,0,0,0,0,0,0,0",4,cost_sensitive_budget_policy,1.3031960574204888,1.2945418533968636,0.008654204023625267,353.15,4,160.0,0.02
10.1016/0378-7753(91)80004-H,"10.1016/0378-7753(91)80004-H|LiAsF6|1|mol/l|v|0,0,0,0,0,0,0,0,0,0,0,0,0,0,0.7,0,0,0.3,0,0,0,0,0,0,0,0,0,0,0,0,0,0,0,0,0,0,0,0",4,cost_sensitive_budget_policy,0.6473829701146199,0.6265353619655801,0.020847608149039742,293.15,4,160.0,0.02
10.1016/0378-7753(91)80004-H,"10.1016/0378-7753(91)80004-H|LiAsF6|1|mol/l|v|0,0,0,0,0,0,0,0,0,0,0,0,0,0,0.5,0,0,0,0,0,0.5,0,0,0,0,0,0,0,0,0,0,0,0,0,0,0,0,0",4,cost_sensitive_budget_policy,1.0666985504229953,1.0576658965349308,0.009032653888064512,353.15,4,160.0,0.02
10.1016/0378-7753(91)80004-H,"10.1016/0378-7753(91)80004-H|LiAsF6|1|mol/l|v|0,0,0,0,0,0,0,0,0,0,0,0,0,0,0,0,0,0,0,0.4,0,0,0,0,0,0.6,0,0,0,0,0,0,0,0,0,0,0,0",4,cost_sensitive_budget_policy,0.8394780473741984,0.8581996745449325,0.018721627170734112,353.15,4,160.0,0.02
10.1016/0378-7753(91)80004-H,"10.1016/0378-7753(91)80004-H|LiAsF6|1|mol/l|v|0.25,0.25,0,0,0,0.5,0,0,0,0,0,0,0,0,0,0,0,0,0,0,0,0,0,0,0,0,0,0,0,0,0,0,0,0,0,0,0,0",4,cost_sensitive_budget_policy,1.4974825373673704,1.4916971149445868,0.0057854224227835704,353.15,4,160.0,0.02
10.1016/0378-7753(91)80004-H,"10.1016/0378-7753(91)80004-H|LiAsF6|1|mol/l|v|0,0,0,0,0,0.15,0,0,0,0,0,0,0,0,0,0,0,0,0,0,0.5,0,0.35,0,0,0,0,0,0,0,0,0,0,0,0,0,0,0",4,cost_sensitive_budget_policy,1.0913151596972228,1.1086964042325784,0.01738124453535561,353.15,4,160.0,0.02
10.1016/0378-7753(91)80004-H,"10.1016/0378-7753(91)80004-H|LiAsF6|1|mol/l|v|0,0,0,0,0,0.25,0,0,0,0,0,0,0,0,0,0,0,0,0,0,0.5,0,0.25,0,0,0,0,0,0,0,0,0,0,0,0,0,0,0",4,cost_sensitive_budget_policy,1.1583624920952498,1.1604457235851795,0.0020832314899297266,353.15,4,160.0,0.02
10.1016/0378-7753(91)80004-H,"10.1016/0378-7753(91)80004-H|LiAsF6|1|mol/l|v|0,0,0,0,0,0,0,0,0,0,0,0,0,0,0,0,0,0,0,0,0,0,0,0,0,0,0,0,0,0,0,1,0,0,0,0,0,0",4,cost_sensitive_budget_policy,1.371806458507416,1.3677703467432396,0.004036111764176287,353.15,4,160.0,0.02
10.1016/0378-7753(91)80004-H,"10.1016/0378-7753(91)80004-H|LiAsF6|1|mol/l|v|0,0,0,0,0,0.5,0,0,0,0,0,0,0,0,0,0,0,0,0,0,0,0,0,0,0,0,0,0,0,0,0,0.5,0,0,0,0,0,0",4,cost_sensitive_budget_policy,1.5092025223311027,1.495401423955718,0.01380109837538468,353.15,4,160.0,0.02
10.1016/0378-7753(91)80004-H,"10.1016/0378-7753(91)80004-H|LiAsF6|1|mol/l|v|0,0,0,0,0,0,0,0,0,0,0,0,0,0,0,0,0,0,0,0,0,0,0,0,0,0,0,0,0,0.5,0,0.5,0,0,0,0,0,0",4,cost_sensitive_budget_policy,1.3725438007590702,1.3670296278479679,0.005514172911102344,353.15,4,160.0,0.02
10.1016/0378-7753(91)80004-H,"10.1016/0378-7753(91)80004-H|LiAsF6|0.75|mol/l|v|0,0,0,0,0,0,0,0,0,0,0,0,0,0,0,0,0,0,0,0,0.5,0,0.25,0,0,0,0,0,0,0,0,0,0.25,0,0,0,0,0",4,cost_sensitive_budget_policy,0.9694159123539814,0.9718426606147048,0.0024267482607234214,353.15,4,160.0,0.02
10.1016/0378-7753(91)80004-H,"10.1016/0378-7753(91)80004-H|LiAsF6|1|mol/l|v|0,0,0,0,0,0.25,0,0,0,0,0,0,0,0,0,0,0,0,0,0,0.5,0.25,0,0,0,0,0,0,0,0,0,0,0,0,0,0,0,0",4,cost_sensitive_budget_policy,1.199480914862356,1.1947921795055285,0.004688735356827456,353.15,4,160.0,0.02
10.1016/0378-7753(91)80004-H,"10.1016/0378-7753(91)80004-H|LiAsF6|4|mol/l|v|0.25,0.25,0,0,0,0.5,0,0,0,0,0,0,0,0,0,0,0,0,0,0,0,0,0,0,0,0,0,0,0,0,0,0,0,0,0,0,0,0",4,cost_sensitive_budget_policy,1.318897714627487,1.5137209903361653,0.1948232757086783,353.15,4,160.0,0.02
10.1016/0378-7753(91)80004-H,"10.1016/0378-7753(91)80004-H|LiAsF6|1|mol/l|v|0,0.5,0,0,0,0.5,0,0,0,0,0,0,0,0,0,0,0,0,0,0,0,0,0,0,0,0,0,0,0,0,0,0,0,0,0,0,0,0",4,cost_sensitive_budget_policy,1.4499409887733377,1.4667142330353735,0.016773244262035858,353.15,4,160.0,0.02
10.1016/0378-7753(91)80004-H,"10.1016/0378-7753(91)80004-H|LiAsF6|4|mol/l|v|0,0.5,0,0,0,0.5,0,0,0,0,0,0,0,0,0,0,0,0,0,0,0,0,0,0,0,0,0,0,0,0,0,0,0,0,0,0,0,0",4,cost_sensitive_budget_policy,1.2898118391176214,1.4398147248338602,0.15000288571623877,353.15,4,160.0,0.02
10.1016/0378-7753(91)80004-H,"10.1016/0378-7753(91)80004-H|LiAsF6|1|mol/l|v|0,0,0,0,0,0,0,0,0,0,0,0,0,0,0,0,0,0,0,0,0,0,0,0,0,1,0,0,0,0,0,0,0,0,0,0,0,0",4,cost_sensitive_budget_policy,0.8142475957319202,0.8638607712448263,0.049613175512906116,353.15,4,160.0,0.02
10.1016/0378-7753(91)80004-H,"10.1016/0378-7753(91)80004-H|LiAsF6|1|mol/l|v|0,0,0,0,0,0,0,0,0,0,0,0,0,0,0,0,0,0,0,0,0.5,0.25,0,0,0,0,0.25,0,0,0,0,0,0,0,0,0,0,0",4,cost_sensitive_budget_policy,1.0546130545568877,1.0667167280060745,0.012103673449186836,353.15,4,160.0,0.02
10.1016/0378-7753(91)80004-H,"10.1016/0378-7753(91)80004-H|LiAsF6|1|mol/l|v|0.5,0,0,0,0,0.5,0,0,0,0,0,0,0,0,0,0,0,0,0,0,0,0,0,0,0,0,0,0,0,0,0,0,0,0,0,0,0,0",4,cost_sensitive_budget_policy,1.5128177585648732,1.5032389345498212,0.009578824015052056,353.15,4,160.0,0.02
10.1016/0378-7753(91)80004-H,"10.1016/0378-7753(91)80004-H|LiAsF6|1|mol/l|v|0,0,0,0,0,0.5,0,0,0,0,0,0,0,0,0,0,0,0,0,0,0.5,0,0,0,0,0,0,0,0,0,0,0,0,0,0,0,0,0",4,cost_sensitive_budget_policy,1.2778383330020475,1.2280044341391494,0.04983389886289813,353.15,4,160.0,0.02
10.1016/0378-7753(91)80004-H,"10.1016/0378-7753(91)80004-H|LiAsF6|1|mol/l|v|0,0,0,0,0,0.6,0,0,0,0,0,0,0,0,0,0,0,0,0,0,0.4,0,0,0,0,0,0,0,0,0,0,0,0,0,0,0,0,0",4,cost_sensitive_budget_policy,1.2301933788690456,1.2729168800705009,0.042723501201455294,353.15,4,160.0,0.02
10.1016/0378-7753(91)80004-H,"10.1016/0378-7753(91)80004-H|LiAsF6|1|mol/l|v|0,0,0,0,0,0,0,0,0,0,0,0,0,0,0,0,0,0,0,0,0,0,0,0,0,0,0,1,0,0,0,0,0,0,0,0,0,0",4,cost_sensitive_budget_policy,1.5809249756756194,1.5562022842578878,0.024722691417731646,353.15,4,160.0,0.02
10.1016/0378-7753(91)80004-H,"10.1016/0378-7753(91)80004-H|LiAsF6|1|mol/l|v|0.25,0.25,0,0,0,0,0,0,0,0,0,0,0,0,0,0,0,0,0,0,0,0.5,0,0,0,0,0,0,0,0,0,0,0,0,0,0,0,0",4,cost_sensitive_budget_policy,1.3412366232386923,1.3450254874954237,0.003788864256731417,353.15,4,160.0,0.02
10.1016/0378-7753(91)80004-H,"10.1016/0378-7753(91)80004-H|LiAsF6|1|mol/l|v|0.175,0.175,0,0,0,0,0,0,0,0,0,0,0,0,0,0,0,0.3,0.35,0,0,0,0,0,0,0,0,0,0,0,0,0,0,0,0,0,0,0",4,cost_sensitive_budget_policy,1.1637575239819558,1.1338563840965872,0.029901139885368577,293.15,4,160.0,0.02
10.1016/0378-7753(91)80004-H,"10.1016/0378-7753(91)80004-H|LiAsF6|1|mol/l|v|0.125,0.125,0,0,0,0,0,0,0,0,0,0,0,0,0,0,0,0.5,0.25,0,0,0,0,0,0,0,0,0,0,0,0,0,0,0,0,0,0,0",4,cost_sensitive_budget_policy,1.1699681739968923,1.1471557795497163,0.022812394447176088,293.15,4,160.0,0.02
10.1016/0378-7753(91)80004-H,"10.1016/0378-7753(91)80004-H|LiAsF6|1|mol/l|v|0.075,0.075,0,0,0,0,0,0,0,0,0,0,0,0,0,0,0,0.7,0.15,0,0,0,0,0,0,0,0,0,0,0,0,0,0,0,0,0,0,0",4,cost_sensitive_budget_policy,1.0220157398177203,1.007561553829913,0.014454185987807344,293.15,4,160.0,0.02
10.1016/0378-7753(91)80004-H,"10.1016/0378-7753(91)80004-H|LiAsF6|1|mol/l|v|0.35,0.35,0,0,0,0,0,0,0,0,0,0,0,0,0,0,0,0.3,0,0,0,0,0,0,0,0,0,0,0,0,0,0,0,0,0,0,0,0",4,cost_sensitive_budget_policy,0.9694159123539814,0.9719042472959831,0.0024883349420017353,293.15,4,160.0,0.02
10.1016/0378-7753(91)80004-H,"10.1016/0378-7753(91)80004-H|LiAsF6|0.5|mol/l|v|0.15,0.85,0,0,0,0,0,0,0,0,0,0,0,0,0,0,0,0,0,0,0,0,0,0,0,0,0,0,0,0,0,0,0,0,0,0,0,0",4,cost_sensitive_budget_policy,1.1264561134318043,1.111389487834982,0.01506662559682237,353.15,4,160.0,0.02
10.1016/0378-7753(91)80004-H,"10.1016/0378-7753(91)80004-H|LiAsF6|1|mol/l|v|0.15,0.85,0,0,0,0,0,0,0,0,0,0,0,0,0,0,0,0,0,0,0,0,0,0,0,0,0,0,0,0,0,0,0,0,0,0,0,0",4,cost_sensitive_budget_policy,1.2296818423176759,1.239974720330512,0.010292878012836182,353.15,4,160.0,0.02
10.1016/0378-7753(91)80004-H,"10.1016/0378-7753(91)80004-H|LiAsF6|1.5|mol/l|v|0.15,0.85,0,0,0,0,0,0,0,0,0,0,0,0,0,0,0,0,0,0,0,0,0,0,0,0,0,0,0,0,0,0,0,0,0,0,0,0",4,cost_sensitive_budget_policy,1.1992064791616577,1.244495652245641,0.04528917308398328,353.15,4,160.0,0.02
10.1016/0378-7753(91)80004-H,"10.1016/0378-7753(91)80004-H|LiAsF6|1|mol/l|v|0.25,0.25,0,0,0,0,0,0,0,0,0,0,0,0,0,0,0,0,0,0,0,0,0.5,0,0,0,0,0,0,0,0,0,0,0,0,0,0,0",4,cost_sensitive_budget_policy,1.2622137054764169,1.2781571029189147,0.015943397442497842,353.15,4,160.0,0.02
10.1016/0378-7753(91)80004-H,"10.1016/0378-7753(91)80004-H|LiAsF6|1|mol/l|v|0.25,0,0,0,0,0,0,0,0,0,0,0,0,0,0,0,0,0,0,0,0.5,0,0.25,0,0,0,0,0,0,0,0,0,0,0,0,0,0,0",4,cost_sensitive_budget_policy,1.1132746924643504,1.1197985634829477,0.006523871018597305,353.15,4,160.0,0.02
10.1016/0378-7753(91)80004-H,"10.1016/0378-7753(91)80004-H|LiAsF6|1|mol/l|v|0.1,0,0,0,0,0,0,0,0,0,0,0,0,0,0,0,0,0,0,0,0.45,0,0.45,0,0,0,0,0,0,0,0,0,0,0,0,0,0,0",4,cost_sensitive_budget_policy,1.06781451116184,1.0895082434969339,0.021693732335093863,353.15,4,160.0,0.02
10.1016/0378-7753(91)80004-H,"10.1016/0378-7753(91)80004-H|LiAsF6|1.5|mol/l|v|0.5,0.5,0,0,0,0,0,0,0,0,0,0,0,0,0,0,0,0,0,0,0,0,0,0,0,0,0,0,0,0,0,0,0,0,0,0,0,0",4,cost_sensitive_budget_policy,1.2390490931401914,1.2848468220993723,0.04579772895918088,353.15,4,160.0,0.02
10.1016/0378-7753(91)80004-H,"10.1016/0378-7753(91)80004-H|LiAsF6|1|mol/l|v|0,0,0,0,0,0,0,0,0,0,0,0,0,0,0,0,0,0,0,0,0.5,0,0,0,0,0,0.5,0,0,0,0,0,0,0,0,0,0,0",4,cost_sensitive_budget_policy,1.0666985504229953,1.0266285168088896,0.04007003361410577,353.15,4,160.0,0.02
10.1016/0378-7753(91)80004-H,"10.1016/0378-7753(91)80004-H|LiAsF6|0.5|mol/l|v|0.5,0.5,0,0,0,0,0,0,0,0,0,0,0,0,0,0,0,0,0,0,0,0,0,0,0,0,0,0,0,0,0,0,0,0,0,0,0,0",4,cost_sensitive_budget_policy,1.161966616364075,1.157995220994918,0.003971395369156916,353.15,4,160.0,0.02
10.1016/0378-7753(91)80004-H,"10.1016/0378-7753(91)80004-H|LiAsF6|1|mol/l|v|0.5,0.5,0,0,0,0,0,0,0,0,0,0,0,0,0,0,0,0,0,0,0,0,0,0,0,0,0,0,0,0,0,0,0,0,0,0,0,0",4,cost_sensitive_budget_policy,1.266936911159173,1.277310750448264,0.010373839289090858,353.15,4,160.0,0.02
10.1016/0378-7753(91)80004-H,"10.1016/0378-7753(91)80004-H|LiAsF6|2|mol/l|v|0.15,0.85,0,0,0,0,0,0,0,0,0,0,0,0,0,0,0,0,0,0,0,0,0,0,0,0,0,0,0,0,0,0,0,0,0,0,0,0",4,cost_sensitive_budget_policy,1.0874264570362855,1.2092232454917244,0.12179678845543895,353.15,4,160.0,0.02
10.1016/0378-7753(91)80004-H,"10.1016/0378-7753(91)80004-H|LiAsF6|2|mol/l|v|0.5,0.5,0,0,0,0,0,0,0,0,0,0,0,0,0,0,0,0,0,0,0,0,0,0,0,0,0,0,0,0,0,0,0,0,0,0,0,0",4,cost_sensitive_budget_policy,1.1430148002540952,1.2654401850753692,0.12242538482127396,353.15,4,160.0,0.02
10.1016/0378-7753(91)80004-H,"10.1016/0378-7753(91)80004-H|LiAsF6|1|mol/l|v|0.25,0,0,0,0,0,0,0,0,0,0,0,0,0,0,0,0,0,0,0,0.25,0,0.5,0,0,0,0,0,0,0,0,0,0,0,0,0,0,0",4,cost_sensitive_budget_policy,1.1661339703051092,1.1916138840663182,0.02547991376120895,353.15,4,160.0,0.02
10.1016/0378-7753(91)80004-H,"10.1016/0378-7753(91)80004-H|LiAsF6|0.75|mol/l|v|0,0,0,0,0,0,0,0,0,0,0,0,0,0,0,0,0,0,0,0,0.5,0,0.25,0,0,0,0,0,0.25,0,0,0,0,0,0,0,0,0",4,cost_sensitive_budget_policy,1.0086001717619175,0.9898393584586187,0.018760813303298818,353.15,4,160.0,0.02
10.1016/0378-7753(91)80004-H,"10.1016/0378-7753(91)80004-H|LiAsF6|1|mol/l|v|0.7,0.3,0,0,0,0,0,0,0,0,0,0,0,0,0,0,0,0,0,0,0,0,0,0,0,0,0,0,0,0,0,0,0,0,0,0,0,0",4,cost_sensitive_budget_policy,1.2773799746672547,1.2895537316490946,0.012173756981839867,353.15,4,160.0,0.02
10.1016/0378-7753(91)80004-H,"10.1016/0378-7753(91)80004-H|LiAsF6|3|mol/l|v|0.5,0.5,0,0,0,0,0,0,0,0,0,0,0,0,0,0,0,0,0,0,0,0,0,0,0,0,0,0,0,0,0,0,0,0,0,0,0,0",4,cost_sensitive_budget_policy,1.0503797562614579,1.3190395683061786,0.2686598120447208,353.15,4,160.0,0.02
10.1016/0378-7753(91)80004-H,"10.1016/0378-7753(91)80004-H|LiAsF6|1|mol/l|v|0.375,0.375,0,0,0,0,0,0,0,0,0,0,0,0,0,0,0,0,0,0.25,0,0,0,0,0,0,0,0,0,0,0,0,0,0,0,0,0,0",4,cost_sensitive_budget_policy,1.2489536154957075,1.2533449181039376,0.004391302608230063,353.15,4,160.0,0.02
10.1016/0378-7753(91)80004-H,"10.1016/0378-7753(91)80004-H|LiAsF6|1|mol/l|v|0.5,0,0,0,0,0,0,0,0,0,0,0,0,0,0,0,0,0,0,0,0,0,0.5,0,0,0,0,0,0,0,0,0,0,0,0,0,0,0",4,cost_sensitive_budget_policy,1.2953471483336179,1.3092642336579348,0.013917085324316902,353.15,4,160.0,0.02
10.1016/0378-7753(91)80004-H,"10.1016/0378-7753(91)80004-H|LiAsF6|1|mol/l|v|0,0.7,0,0,0,0,0,0,0,0,0,0,0,0,0,0,0,0.3,0,0,0,0,0,0,0,0,0,0,0,0,0,0,0,0,0,0,0,0",4,cost_sensitive_budget_policy,0.9329808219231982,0.854535082125934,0.07844573979726421,293.15,4,160.0,0.02
10.1016/0378-7753(91)80004-H,"10.1016/0378-7753(91)80004-H|LiAsF6|1|mol/l|v|0,0.5,0,0,0,0,0,0,0,0,0,0,0,0,0,0,0,0.5,0,0,0,0,0,0,0,0,0,0,0,0,0,0,0,0,0,0,0,0",4,cost_sensitive_budget_policy,0.9925535178321356,0.9087438541322944,0.08380966369984122,293.15,4,160.0,0.02
10.1016/0378-7753(91)80004-H,"10.1016/0378-7753(91)80004-H|LiAsF6|1|mol/l|v|0,0,0,0,0,0,0,0,0,0,0,0,0,0,0,0,0,0.5,0.5,0,0,0,0,0,0,0,0,0,0,0,0,0,0,0,0,0,0,0",4,cost_sensitive_budget_policy,1.1778249718646818,1.2054847391535926,0.02765976728891073,293.15,4,160.0,0.02
10.1016/0378-7753(91)80004-H,"10.1016/0378-7753(91)80004-H|LiAsF6|1|mol/l|v|0,0,0,0,0,0,0,0,0,0,0,0,0,0,0,0,0,0.7,0.3,0,0,0,0,0,0,0,0,0,0,0,0,0,0,0,0,0,0,0",4,cost_sensitive_budget_policy,0.9916690073799486,1.0122337016685412,0.020564694288592644,293.15,4,160.0,0.02
10.1016/0378-7753(91)80004-H,"10.1016/0378-7753(91)80004-H|LiAsF6|1|mol/l|v|0,1,0,0,0,0,0,0,0,0,0,0,0,0,0,0,0,0,0,0,0,0,0,0,0,0,0,0,0,0,0,0,0,0,0,0,0,0",4,cost_sensitive_budget_policy,1.2190603324488614,1.2257822380788252,0.006721905629963887,353.15,4,160.0,0.02
10.1016/0378-7753(91)80004-H,"10.1016/0378-7753(91)80004-H|LiAsF6|1|mol/l|v|0,0,0,0,0,0,0,0,0,0,0,0,0,0,0,0,0,0.3,0.7,0,0,0,0,0,0,0,0,0,0,0,0,0,0,0,0,0,0,0",4,cost_sensitive_budget_policy,1.1634595517699902,1.1638215475086648,0.0003619957386746808,293.15,4,160.0,0.02
10.1016/0378-7753(91)80004-H,"10.1016/0378-7753(91)80004-H|LiAsF6|1|mol/l|v|0,0,0,0,0,0,0,0,0,0,0,0,0,0,0,0,0,0.25,0,0,0.5,0,0.25,0,0,0,0,0,0,0,0,0,0,0,0,0,0,0",4,cost_sensitive_budget_policy,1.1271047983648077,1.201775634005458,0.07467083564065025,353.15,4,160.0,0.02
10.1016/0378-7753(91)80004-H,"10.1016/0378-7753(91)80004-H|LiAsF6|1|mol/l|v|0,0.7,0,0,0,0,0,0,0,0,0,0,0,0,0,0,0,0,0,0.3,0,0,0,0,0,0,0,0,0,0,0,0,0,0,0,0,0,0",4,cost_sensitive_budget_policy,0.75815462196739,0.6767629009566243,0.08139172101076575,293.15,4,160.0,0.02
10.1016/0378-7753(91)80004-H,"10.1016/0378-7753(91)80004-H|LiAsF6|1|mol/l|v|0,0,0,0,0,0,0,0,0,0,0,0,0,0,0,0,0,0,0,0,0.5,0,0,0,0,0.5,0,0,0,0,0,0,0,0,0,0,0,0",4,cost_sensitive_budget_policy,0.8543060418010806,0.8749160998006129,0.020610057999532305,353.15,4,160.0,0.02
10.1016/0378-7753(91)80004-H,"10.1016/0378-7753(91)80004-H|LiAsF6|1|mol/l|v|0,0.5,0,0,0,0,0,0,0,0,0,0,0,0,0,0,0,0,0,0,0.5,0,0,0,0,0,0,0,0,0,0,0,0,0,0,0,0,0",4,cost_sensitive_budget_policy,1.100370545117563,1.1101012779526174,0.009730732835054434,353.15,4,160.0,0.02
10.1016/0378-7753(91)80004-H,"10.1016/0378-7753(91)80004-H|LiAsF6|1|mol/l|v|0,0.1,0,0,0,0,0,0,0,0,0,0,0,0,0,0,0,0,0,0,0.45,0,0.45,0,0,0,0,0,0,0,0,0,0,0,0,0,0,0",4,cost_sensitive_budget_policy,1.0614524790871933,1.088714773803029,0.027262294715835633,353.15,4,160.0,0.02
10.1016/0378-7753(91)80004-H,"10.1016/0378-7753(91)80004-H|LiAsF6|1|mol/l|v|0,0,0,0,0,0,0,0,0,0,0,0,0,0,0,0,0,0,0,0,1,0,0,0,0,0,0,0,0,0,0,0,0,0,0,0,0,0",4,cost_sensitive_budget_policy,0.9014583213961124,0.8625689242202645,0.03888939717584783,353.15,4,160.0,0.02
10.1016/0378-7753(91)80004-H,"10.1016/0378-7753(91)80004-H|LiAsF6|1|mol/l|v|0,0,0,0,0,0,0,0,0,0,0,0,0,0,0,0,0,0,1,0,0,0,0,0,0,0,0,0,0,0,0,0,0,0,0,0,0,0",4,cost_sensitive_budget_policy,1.1095785469043866,1.2345239016519503,0.12494535474756363,293.15,4,160.0,0.02
10.1016/0378-7753(91)80004-H,"10.1016/0378-7753(91)80004-H|LiAsF6|0.75|mol/l|v|0,0,0,0,0,0,0,0,0,0,0,0,0,0,0,0,0,0,0,0,0.5,0,0.5,0,0,0,0,0,0,0,0,0,0,0,0,0,0,0",4,cost_sensitive_budget_policy,0.9652017010259121,0.9806001143815246,0.015398413355612539,353.15,4,160.0,0.02
10.1016/0378-7753(91)80004-H,"10.1016/0378-7753(91)80004-H|LiAsF6|0.5|mol/l|v|0,0,0,0,0,0,0,0,0,0,0,0,0,0,0,0,0,0,0,0,0.5,0,0,0.5,0,0,0,0,0,0,0,0,0,0,0,0,0,0",4,cost_sensitive_budget_policy,0.8202014594856403,0.8407476850382287,0.02054622555258845,353.15,4,160.0,0.02
10.1016/0378-7753(91)80004-H,"10.1016/0378-7753(91)80004-H|LiAsF6|1|mol/l|v|0,0,0,0,0,0,0,0,0,0,0,0,0,0,0,0,0,0,0,0,0.75,0,0.25,0,0,0,0,0,0,0,0,0,0,0,0,0,0,0",4,cost_sensitive_budget_policy,0.9400181550076633,0.9398906371677462,0.00012751783991704624,353.15,4,160.0,0.02
10.1016/0378-7753(91)80004-H,"10.1016/0378-7753(91)80004-H|LiAsF6|2|mol/l|v|0,0,0,0,0,0,0,0,0,0,0,0,0,0,0,0,0,0,0,0,0.5,0,0.5,0,0,0,0,0,0,0,0,0,0,0,0,0,0,0",4,cost_sensitive_budget_policy,0.909020854211156,0.9369741665470035,0.027953312335847524,353.15,4,160.0,0.02
10.1016/0378-7753(91)80004-H,"10.1016/0378-7753(91)80004-H|LiAsF6|0.75|mol/l|v|0,0,0,0,0,0,0,0,0,0,0,0,0,0,0,0,0,0,0,0,0.5,0,0.25,0,0,0,0,0,0,0,0,0,0,0,0,0,0.25,0",4,cost_sensitive_budget_policy,1.0068937079479006,1.0141570370883426,0.007263329140442032,353.15,4,160.0,0.02
10.1016/0378-7753(91)80004-H,"10.1016/0378-7753(91)80004-H|LiAsF6|0.75|mol/l|v|0,0,0,0,0,0,0,0,0,0,0,0,0,0,0,0,0,0,0,0,0.5,0,0.25,0,0,0,0,0,0,0,0,0,0,0,0,0,0,0.25",4,cost_sensitive_budget_policy,0.9703468762300933,0.9797471015918144,0.009400225361721137,353.15,4,160.0,0.02
10.1016/0378-7753(91)80004-H,"10.1016/0378-7753(91)80004-H|LiAsF6|0.75|mol/l|v|0,0,0,0,0,0,0,0,0,0,0,0,0,0,0,0,0,0,0,0,0.5,0,0,0.5,0,0,0,0,0,0,0,0,0,0,0,0,0,0",4,cost_sensitive_budget_policy,0.8992731873176038,0.9353881315733525,0.03611494425574879,353.15,4,160.0,0.02
10.1016/0378-7753(91)80004-H,"10.1016/0378-7753(91)80004-H|LiAsF6|1|mol/l|v|0,0,0,0,0,0,0,0,0,0,0,0,0,0,0,0,0,0,0,0,0.25,0,0,0.75,0,0,0,0,0,0,0,0,0,0,0,0,0,0",4,cost_sensitive_budget_policy,0.9390197764486664,0.9737688579974557,0.03474908154878931,353.15,4,160.0,0.02
10.1016/0378-7753(91)80004-H,"10.1016/0378-7753(91)80004-H|LiAsF6|0.75|mol/l|v|0,0,0,0,0,0,0,0,0,0,0,0,0,0,0,0,0,0,0,0.25,0.5,0,0.25,0,0,0,0,0,0,0,0,0,0,0,0,0,0,0",4,cost_sensitive_budget_policy,1.0342272607705507,1.039892683715533,0.005665422944982179,353.15,4,160.0,0.02
10.1016/0378-7753(91)80004-H,"10.1016/0378-7753(91)80004-H|LiAsF6|1|mol/l|v|0,0,0,0,0,0,0,0,0,0,0,0,0,0,0,0,0,0,0,0.5,0.25,0,0.25,0,0,0,0,0,0,0,0,0,0,0,0,0,0,0",4,cost_sensitive_budget_policy,1.070037866607755,1.0713200141185435,0.0012821475107884783,353.15,4,160.0,0.02
10.1016/0378-7753(91)80004-H,"10.1016/0378-7753(91)80004-H|LiAsF6|1|mol/l|v|0,0,0,0,0,0,0,0,0,0,0,0,0,0,0,0,0,0,0,0,0.25,0,0.75,0,0,0,0,0,0,0,0,0,0,0,0,0,0,0",4,cost_sensitive_budget_policy,1.0253058652647702,1.046882326039189,0.021576460774418882,353.15,4,160.0,0.02
10.1016/0378-7753(91)80004-H,"10.1016/0378-7753(91)80004-H|LiAsF6|0.75|mol/l|v|0,0,0,0,0,0,0,0,0,0,0,0,0,0,0,0,0,0,0,0,0,0,0,0,0,0,0,0,0,0,0,0,0,0,0,1,0,0",4,cost_sensitive_budget_policy,-0.3979400086720376,-0.37772640187737144,0.02021360679466616,353.15,4,160.0,0.02
10.1016/0378-7753(91)80004-H,"10.1016/0378-7753(91)80004-H|LiPF6|1|mol/l|v|0.125,0.125,0,0,0,0,0,0,0,0,0,0,0,0,0.75,0,0,0,0,0,0,0,0,0,0,0,0,0,0,0,0,0,0,0,0,0,0,0",4,cost_sensitive_budget_policy,1.2100508498751372,1.2028226267256845,0.007228223149452706,353.15,4,160.0,0.02
10.1016/0378-7753(91)80004-H,"10.1016/0378-7753(91)80004-H|LiPF6|1|mol/l|v|0.15,0.85,0,0,0,0,0,0,0,0,0,0,0,0,0,0,0,0,0,0,0,0,0,0,0,0,0,0,0,0,0,0,0,0,0,0,0,0",4,cost_sensitive_budget_policy,1.2273724422896362,1.2435003018118498,0.016127859522213628,353.15,4,160.0,0.02
10.1016/0378-7753(91)80004-H,"10.1016/0378-7753(91)80004-H|LiPF6|1|mol/l|v|0.5,0.5,0,0,0,0,0,0,0,0,0,0,0,0,0,0,0,0,0,0,0,0,0,0,0,0,0,0,0,0,0,0,0,0,0,0,0,0",4,cost_sensitive_budget_policy,1.2866809693549301,1.3000488712662868,0.013367901911356617,353.15,4,160.0,0.02
10.1016/0378-7753(91)80004-H,"10.1016/0378-7753(91)80004-H|LiCF3SO3|1|mol/l|v|0.125,0.125,0,0,0,0,0,0,0,0,0,0,0,0,0.75,0,0,0,0,0,0,0,0,0,0,0,0,0,0,0,0,0,0,0,0,0,0,0",4,cost_sensitive_budget_policy,0.5185139398778874,0.46809356158780624,0.05042037829008117,353.15,4,160.0,0.02
10.1016/0378-7753(91)80004-H,"10.1016/0378-7753(91)80004-H|LiCF3SO3|1|mol/l|v|0.5,0.5,0,0,0,0,0,0,0,0,0,0,0,0,0,0,0,0,0,0,0,0,0,0,0,0,0,0,0,0,0,0,0,0,0,0,0,0",4,cost_sensitive_budget_policy,0.8082109729242221,0.7961468963058549,0.01206407661836717,353.15,4,160.0,0.02
10.1016/0378-7753(91)80004-H,"10.1016/0378-7753(91)80004-H|LiCF3SO3|1|mol/l|v|0,0.5,0,0,0,0.5,0,0,0,0,0,0,0,0,0,0,0,0,0,0,0,0,0,0,0,0,0,0,0,0,0,0,0,0,0,0,0,0",4,cost_sensitive_budget_policy,1.0257153839013406,1.0223064432695688,0.003408940631771884,353.15,4,160.0,0.02
10.1016/0378-7753(91)80004-H,"10.1016/0378-7753(91)80004-H|LiCF3SO3|1|mol/l|v|0.5,0,0,0,0,0.5,0,0,0,0,0,0,0,0,0,0,0,0,0,0,0,0,0,0,0,0,0,0,0,0,0,0,0,0,0,0,0,0",4,cost_sensitive_budget_policy,1.123524980942732,1.118101068376042,0.005423912566689948,353.15,4,160.0,0.02
10.1016/0378-7753(91)80004-H,"10.1016/0378-7753(91)80004-H|LiN(CF3SO2)2|1|mol/l|v|0,0,0,0,0,0,0,0,0,0,0,0,0,0,0,0,0,0,0,0,0.5,0,0,0,0,0,0,0,0,0.5,0,0,0,0,0,0,0,0",4,cost_sensitive_budget_policy,1.052693941924968,1.0634605397102725,0.010766597785304644,353.15,4,160.0,0.02
10.1016/0378-7753(91)80004-H,"10.1016/0378-7753(91)80004-H|LiN(CF3SO2)2|1|mol/l|v|0.125,0.125,0,0,0,0,0,0,0,0,0,0,0,0,0.75,0,0,0,0,0,0,0,0,0,0,0,0,0,0,0,0,0,0,0,0,0,0,0",4,cost_sensitive_budget_policy,1.0799044676667207,1.0749240677980656,0.004980399868655061,353.15,4,160.0,0.02
10.1016/0378-7753(91)80004-H,"10.1016/0378-7753(91)80004-H|LiN(CF3SO2)2|1|mol/l|v|0.5,0.5,0,0,0,0,0,0,0,0,0,0,0,0,0,0,0,0,0,0,0,0,0,0,0,0,0,0,0,0,0,0,0,0,0,0,0,0",4,cost_sensitive_budget_policy,1.1417632302757879,1.146657800965507,0.004894570689719213,353.15,4,160.0,0.02
10.1016/0378-7753(91)80004-H,"10.1016/0378-7753(91)80004-H|LiN(CF3SO2)2|1|mol/l|v|0,0,0,0,0,0.5,0,0,0,0,0,0,0,0,0,0,0,0,0,0,0,0,0,0,0,0,0,0,0,0,0,0.5,0,0,0,0,0,0",4,cost_sensitive_budget_policy,1.4053463601757088,1.395427457786825,0.00991890238888371,353.15,4,160.0,0.02
10.1016/0378-7753(91)80004-H,"10.1016/0378-7753(91)80004-H|LiN(CF3SO2)2|1|mol/l|v|0,0.5,0,0,0,0.5,0,0,0,0,0,0,0,0,0,0,0,0,0,0,0,0,0,0,0,0,0,0,0,0,0,0,0,0,0,0,0,0",4,cost_sensitive_budget_policy,1.3856062735983121,1.3856468383341043,4.0564735792170126e-05,353.15,4,160.0,0.02
10.1016/0378-7753(91)80004-H,"10.1016/0378-7753(91)80004-H|LiN(CF3SO2)2|1|mol/l|v|0.5,0,0,0,0,0.5,0,0,0,0,0,0,0,0,0,0,0,0,0,0,0,0,0,0,0,0,0,0,0,0,0,0,0,0,0,0,0,0",4,cost_sensitive_budget_policy,1.4144719496293028,1.4296702101904888,0.015198260561186006,353.15,4,160.0,0.02
10.1016/0378-7753(91)80004-H,"10.1016/0378-7753(91)80004-H|LiN(CF3SO2)2|1|mol/l|v|0.5,0,0,0,0,0,0,0,0,0,0,0,0,0,0,0,0,0,0,0,0,0,0,0,0,0,0,0,0,0.5,0,0,0,0,0,0,0,0",4,cost_sensitive_budget_policy,1.2893659515200318,1.2878043914342057,0.0015615600858260859,353.15,4,160.0,0.02
10.1016/0378-7753(91)80004-H,"10.1016/0378-7753(91)80004-H|LiBF4|1|mol/l|v|0.5,0.5,0,0,0,0,0,0,0,0,0,0,0,0,0,0,0,0,0,0,0,0,0,0,0,0,0,0,0,0,0,0,0,0,0,0,0,0",4,cost_sensitive_budget_policy,1.0330214446829107,1.0421106663886572,0.009089221705746553,353.15,4,160.0,0.02
10.1016/0378-7753(91)80004-H,"10.1016/0378-7753(91)80004-H|LiBF4|0.5|mol/l|v|0,0,0,0,0,0,0,0,0,0,0,0,0,0,0,0,0,0,0,0,0.5,0,0.5,0,0,0,0,0,0,0,0,0,0,0,0,0,0,0",4,cost_sensitive_budget_policy,0.21484384804769785,1.0417228726542727,0.8268790246065748,353.15,4,160.0,0.02
10.1016/S0013-4686(99)00431-4,"10.1016/S0013-4686(99)00431-4|LiPF6|1|mol/l|v|0.5,0,0,0,0,0,0,0,0,0,0,0,0,0,0,0,0,0,0,0,0,0.5,0,0,0,0,0,0,0,0,0,0,0,0,0,0,0,0",3,fixed_target_router,0.9306006364705187,0.908466485189121,0.02213415128139773,293.4707224,4,160.0,
10.1016/S0013-4686(99)00431-4,"10.1016/S0013-4686(99)00431-4|LiClO4|1|mol/l|v|0.2,0,0,0,0,0,0,0,0,0,0,0,0,0,0,0,0,0,0,0,0,0.8,0,0,0,0,0,0,0,0,0,0,0,0,0,0,0,0",3,fixed_target_router,1.1300498591247117,1.113632209487014,0.016417649637697762,328.15,4,160.0,
10.1016/S0013-4686(99)00431-4,"10.1016/S0013-4686(99)00431-4|LiClO4|1|mol/l|v|0.3,0,0,0,0,0,0,0,0,0,0,0,0,0,0,0,0,0,0,0,0,0.7,0,0,0,0,0,0,0,0,0,0,0,0,0,0,0,0",3,fixed_target_router,1.1997710739501317,1.1876816691299243,0.012089404820207372,328.15,4,160.0,
10.1016/S0013-4686(99)00431-4,"10.1016/S0013-4686(99)00431-4|LiClO4|1|mol/l|v|0.4,0,0,0,0,0,0,0,0,0,0,0,0,0,0,0,0,0,0,0,0,0.6,0,0,0,0,0,0,0,0,0,0,0,0,0,0,0,0",3,fixed_target_router,1.2143730163103637,1.200863123976165,0.013509892334198748,328.15,4,160.0,
10.1016/S0013-4686(99)00431-4,"10.1016/S0013-4686(99)00431-4|LiClO4|1|mol/l|v|0.5,0,0,0,0,0,0,0,0,0,0,0,0,0,0,0,0,0,0,0,0,0.5,0,0,0,0,0,0,0,0,0,0,0,0,0,0,0,0",3,fixed_target_router,1.2157642130448494,1.2026634867588915,0.013100726285957931,328.15,4,160.0,
10.1016/S0013-4686(99)00431-4,"10.1016/S0013-4686(99)00431-4|LiClO4|1|mol/l|v|0.6,0,0,0,0,0,0,0,0,0,0,0,0,0,0,0,0,0,0,0,0,0.4,0,0,0,0,0,0,0,0,0,0,0,0,0,0,0,0",3,fixed_target_router,1.2135668122366363,1.2001306924578148,0.013436119778821531,328.15,4,160.0,
10.1016/S0013-4686(99)00431-4,"10.1016/S0013-4686(99)00431-4|LiClO4|1|mol/l|v|0.7,0,0,0,0,0,0,0,0,0,0,0,0,0,0,0,0,0,0,0,0,0.3,0,0,0,0,0,0,0,0,0,0,0,0,0,0,0,0",3,fixed_target_router,1.195416891873461,1.1842350675812523,0.011181824292208598,328.15,4,160.0,
10.1016/S0013-4686(99)00431-4,"10.1016/S0013-4686(99)00431-4|LiClO4|1|mol/l|v|0.8,0,0,0,0,0,0,0,0,0,0,0,0,0,0,0,0,0,0,0,0,0.2,0,0,0,0,0,0,0,0,0,0,0,0,0,0,0,0",3,fixed_target_router,1.1650102908586222,1.1513271316714146,0.013683159187207528,328.15,4,160.0,
10.1016/S0013-4686(99)00431-4,"10.1016/S0013-4686(99)00431-4|LiPF6|1|mol/l|v|0.5,0,0,0,0,0,0,0,0,0,0,0,0,0,0,0,0,0,0,0,0,0.5,0,0,0,0,0,0,0,0,0,0,0,0,0,0,0,0",4,fixed_target_router,0.9306006364705187,0.9243313161421662,0.006269320328352479,293.4707224,4,160.0,
10.1016/S0013-4686(99)00431-4,"10.1016/S0013-4686(99)00431-4|LiClO4|1|mol/l|v|0.2,0,0,0,0,0,0,0,0,0,0,0,0,0,0,0,0,0,0,0,0,0.8,0,0,0,0,0,0,0,0,0,0,0,0,0,0,0,0",4,fixed_target_router,1.1300498591247117,1.1201912482299836,0.00985861089472806,328.15,4,160.0,
10.1016/S0013-4686(99)00431-4,"10.1016/S0013-4686(99)00431-4|LiClO4|1|mol/l|v|0.3,0,0,0,0,0,0,0,0,0,0,0,0,0,0,0,0,0,0,0,0,0.7,0,0,0,0,0,0,0,0,0,0,0,0,0,0,0,0",4,fixed_target_router,1.1997710739501317,1.1945273512336658,0.005243722716465893,328.15,4,160.0,
10.1016/S0013-4686(99)00431-4,"10.1016/S0013-4686(99)00431-4|LiClO4|1|mol/l|v|0.4,0,0,0,0,0,0,0,0,0,0,0,0,0,0,0,0,0,0,0,0,0.6,0,0,0,0,0,0,0,0,0,0,0,0,0,0,0,0",4,fixed_target_router,1.2143730163103637,1.208159028106863,0.006213988203500609,328.15,4,160.0,
10.1016/S0013-4686(99)00431-4,"10.1016/S0013-4686(99)00431-4|LiClO4|1|mol/l|v|0.5,0,0,0,0,0,0,0,0,0,0,0,0,0,0,0,0,0,0,0,0,0.5,0,0,0,0,0,0,0,0,0,0,0,0,0,0,0,0",4,fixed_target_router,1.2157642130448494,1.2097535470211414,0.006010666023708033,328.15,4,160.0,
10.1016/S0013-4686(99)00431-4,"10.1016/S0013-4686(99)00431-4|LiClO4|1|mol/l|v|0.6,0,0,0,0,0,0,0,0,0,0,0,0,0,0,0,0,0,0,0,0,0.4,0,0,0,0,0,0,0,0,0,0,0,0,0,0,0,0",4,fixed_target_router,1.2135668122366363,1.207367632012012,0.006199180224624401,328.15,4,160.0,
10.1016/S0013-4686(99)00431-4,"10.1016/S0013-4686(99)00431-4|LiClO4|1|mol/l|v|0.7,0,0,0,0,0,0,0,0,0,0,0,0,0,0,0,0,0,0,0,0,0.3,0,0,0,0,0,0,0,0,0,0,0,0,0,0,0,0",4,fixed_target_router,1.195416891873461,1.189215761865033,0.006201130008427924,328.15,4,160.0,
10.1016/S0013-4686(99)00431-4,"10.1016/S0013-4686(99)00431-4|LiClO4|1|mol/l|v|0.8,0,0,0,0,0,0,0,0,0,0,0,0,0,0,0,0,0,0,0,0,0.2,0,0,0,0,0,0,0,0,0,0,0,0,0,0,0,0",4,fixed_target_router,1.1650102908586222,1.1586259437749296,0.006384347083692621,328.15,4,160.0,
10.1016/S0013-4686(99)00431-4,"10.1016/S0013-4686(99)00431-4|LiPF6|1|mol/l|v|0.5,0,0,0,0,0,0,0,0,0,0,0,0,0,0,0,0,0,0,0,0,0.5,0,0,0,0,0,0,0,0,0,0,0,0,0,0,0,0",5,fixed_target_router,0.9306006364705187,0.92699254594649,0.003608090524028662,293.4707224,4,160.0,
10.1016/S0013-4686(99)00431-4,"10.1016/S0013-4686(99)00431-4|LiClO4|1|mol/l|v|0.2,0,0,0,0,0,0,0,0,0,0,0,0,0,0,0,0,0,0,0,0,0.8,0,0,0,0,0,0,0,0,0,0,0,0,0,0,0,0",5,fixed_target_router,1.1300498591247117,1.1243912796118178,0.005658579512893835,328.15,4,160.0,
10.1016/S0013-4686(99)00431-4,"10.1016/S0013-4686(99)00431-4|LiClO4|1|mol/l|v|0.3,0,0,0,0,0,0,0,0,0,0,0,0,0,0,0,0,0,0,0,0,0.7,0,0,0,0,0,0,0,0,0,0,0,0,0,0,0,0",5,fixed_target_router,1.1997710739501317,1.1967757886962682,0.0029952852538635,328.15,4,160.0,
10.1016/S0013-4686(99)00431-4,"10.1016/S0013-4686(99)00431-4|LiClO4|1|mol/l|v|0.4,0,0,0,0,0,0,0,0,0,0,0,0,0,0,0,0,0,0,0,0,0.6,0,0,0,0,0,0,0,0,0,0,0,0,0,0,0,0",5,fixed_target_router,1.2143730163103637,1.2103201494743128,0.0040528668360508835,328.15,4,160.0,
10.1016/S0013-4686(99)00431-4,"10.1016/S0013-4686(99)00431-4|LiClO4|1|mol/l|v|0.5,0,0,0,0,0,0,0,0,0,0,0,0,0,0,0,0,0,0,0,0,0.5,0,0,0,0,0,0,0,0,0,0,0,0,0,0,0,0",5,fixed_target_router,1.2157642130448494,1.2117093078893153,0.004054905155534083,328.15,4,160.0,
10.1016/S0013-4686(99)00431-4,"10.1016/S0013-4686(99)00431-4|LiClO4|1|mol/l|v|0.6,0,0,0,0,0,0,0,0,0,0,0,0,0,0,0,0,0,0,0,0,0.4,0,0,0,0,0,0,0,0,0,0,0,0,0,0,0,0",5,fixed_target_router,1.2135668122366363,1.2095990045355944,0.003967807701041881,328.15,4,160.0,
10.1016/S0013-4686(99)00431-4,"10.1016/S0013-4686(99)00431-4|LiClO4|1|mol/l|v|0.7,0,0,0,0,0,0,0,0,0,0,0,0,0,0,0,0,0,0,0,0,0.3,0,0,0,0,0,0,0,0,0,0,0,0,0,0,0,0",5,fixed_target_router,1.195416891873461,1.1908939594716708,0.004522932401790136,328.15,4,160.0,
10.1016/S0013-4686(99)00431-4,"10.1016/S0013-4686(99)00431-4|LiClO4|1|mol/l|v|0.8,0,0,0,0,0,0,0,0,0,0,0,0,0,0,0,0,0,0,0,0,0.2,0,0,0,0,0,0,0,0,0,0,0,0,0,0,0,0",5,fixed_target_router,1.1650102908586222,1.1606881777716873,0.0043221130869348645,328.15,4,160.0,
10.1016/S0013-4686(99)00431-4,"10.1016/S0013-4686(99)00431-4|LiPF6|1|mol/l|v|0.5,0,0,0,0,0,0,0,0,0,0,0,0,0,0,0,0,0,0,0,0,0.5,0,0,0,0,0,0,0,0,0,0,0,0,0,0,0,0",5,cost_sensitive_budget_policy,0.9306006364705187,0.92699254594649,0.003608090524028662,293.4707224,4,160.0,0.0
10.1016/S0013-4686(99)00431-4,"10.1016/S0013-4686(99)00431-4|LiClO4|1|mol/l|v|0.2,0,0,0,0,0,0,0,0,0,0,0,0,0,0,0,0,0,0,0,0,0.8,0,0,0,0,0,0,0,0,0,0,0,0,0,0,0,0",5,cost_sensitive_budget_policy,1.1300498591247117,1.1243912796118178,0.005658579512893835,328.15,4,160.0,0.0
10.1016/S0013-4686(99)00431-4,"10.1016/S0013-4686(99)00431-4|LiClO4|1|mol/l|v|0.3,0,0,0,0,0,0,0,0,0,0,0,0,0,0,0,0,0,0,0,0,0.7,0,0,0,0,0,0,0,0,0,0,0,0,0,0,0,0",5,cost_sensitive_budget_policy,1.1997710739501317,1.1967757886962682,0.0029952852538635,328.15,4,160.0,0.0
10.1016/S0013-4686(99)00431-4,"10.1016/S0013-4686(99)00431-4|LiClO4|1|mol/l|v|0.4,0,0,0,0,0,0,0,0,0,0,0,0,0,0,0,0,0,0,0,0,0.6,0,0,0,0,0,0,0,0,0,0,0,0,0,0,0,0",5,cost_sensitive_budget_policy,1.2143730163103637,1.2103201494743128,0.0040528668360508835,328.15,4,160.0,0.0
10.1016/S0013-4686(99)00431-4,"10.1016/S0013-4686(99)00431-4|LiClO4|1|mol/l|v|0.5,0,0,0,0,0,0,0,0,0,0,0,0,0,0,0,0,0,0,0,0,0.5,0,0,0,0,0,0,0,0,0,0,0,0,0,0,0,0",5,cost_sensitive_budget_policy,1.2157642130448494,1.2117093078893153,0.004054905155534083,328.15,4,160.0,0.0
10.1016/S0013-4686(99)00431-4,"10.1016/S0013-4686(99)00431-4|LiClO4|1|mol/l|v|0.6,0,0,0,0,0,0,0,0,0,0,0,0,0,0,0,0,0,0,0,0,0.4,0,0,0,0,0,0,0,0,0,0,0,0,0,0,0,0",5,cost_sensitive_budget_policy,1.2135668122366363,1.2095990045355944,0.003967807701041881,328.15,4,160.0,0.0
10.1016/S0013-4686(99)00431-4,"10.1016/S0013-4686(99)00431-4|LiClO4|1|mol/l|v|0.7,0,0,0,0,0,0,0,0,0,0,0,0,0,0,0,0,0,0,0,0,0.3,0,0,0,0,0,0,0,0,0,0,0,0,0,0,0,0",5,cost_sensitive_budget_policy,1.195416891873461,1.1908939594716708,0.004522932401790136,328.15,4,160.0,0.0
10.1016/S0013-4686(99)00431-4,"10.1016/S0013-4686(99)00431-4|LiClO4|1|mol/l|v|0.8,0,0,0,0,0,0,0,0,0,0,0,0,0,0,0,0,0,0,0,0,0.2,0,0,0,0,0,0,0,0,0,0,0,0,0,0,0,0",5,cost_sensitive_budget_policy,1.1650102908586222,1.1606881777716873,0.0043221130869348645,328.15,4,160.0,0.0
10.1016/S0013-4686(99)00431-4,"10.1016/S0013-4686(99)00431-4|LiPF6|1|mol/l|v|0.5,0,0,0,0,0,0,0,0,0,0,0,0,0,0,0,0,0,0,0,0,0.5,0,0,0,0,0,0,0,0,0,0,0,0,0,0,0,0",5,cost_sensitive_budget_policy,0.9306006364705187,0.92699254594649,0.003608090524028662,293.4707224,4,160.0,0.0025
10.1016/S0013-4686(99)00431-4,"10.1016/S0013-4686(99)00431-4|LiClO4|1|mol/l|v|0.2,0,0,0,0,0,0,0,0,0,0,0,0,0,0,0,0,0,0,0,0,0.8,0,0,0,0,0,0,0,0,0,0,0,0,0,0,0,0",5,cost_sensitive_budget_policy,1.1300498591247117,1.1243912796118178,0.005658579512893835,328.15,4,160.0,0.0025
10.1016/S0013-4686(99)00431-4,"10.1016/S0013-4686(99)00431-4|LiClO4|1|mol/l|v|0.3,0,0,0,0,0,0,0,0,0,0,0,0,0,0,0,0,0,0,0,0,0.7,0,0,0,0,0,0,0,0,0,0,0,0,0,0,0,0",5,cost_sensitive_budget_policy,1.1997710739501317,1.1967757886962682,0.0029952852538635,328.15,4,160.0,0.0025
10.1016/S0013-4686(99)00431-4,"10.1016/S0013-4686(99)00431-4|LiClO4|1|mol/l|v|0.4,0,0,0,0,0,0,0,0,0,0,0,0,0,0,0,0,0,0,0,0,0.6,0,0,0,0,0,0,0,0,0,0,0,0,0,0,0,0",5,cost_sensitive_budget_policy,1.2143730163103637,1.2103201494743128,0.0040528668360508835,328.15,4,160.0,0.0025
10.1016/S0013-4686(99)00431-4,"10.1016/S0013-4686(99)00431-4|LiClO4|1|mol/l|v|0.5,0,0,0,0,0,0,0,0,0,0,0,0,0,0,0,0,0,0,0,0,0.5,0,0,0,0,0,0,0,0,0,0,0,0,0,0,0,0",5,cost_sensitive_budget_policy,1.2157642130448494,1.2117093078893153,0.004054905155534083,328.15,4,160.0,0.0025
10.1016/S0013-4686(99)00431-4,"10.1016/S0013-4686(99)00431-4|LiClO4|1|mol/l|v|0.6,0,0,0,0,0,0,0,0,0,0,0,0,0,0,0,0,0,0,0,0,0.4,0,0,0,0,0,0,0,0,0,0,0,0,0,0,0,0",5,cost_sensitive_budget_policy,1.2135668122366363,1.2095990045355944,0.003967807701041881,328.15,4,160.0,0.0025
10.1016/S0013-4686(99)00431-4,"10.1016/S0013-4686(99)00431-4|LiClO4|1|mol/l|v|0.7,0,0,0,0,0,0,0,0,0,0,0,0,0,0,0,0,0,0,0,0,0.3,0,0,0,0,0,0,0,0,0,0,0,0,0,0,0,0",5,cost_sensitive_budget_policy,1.195416891873461,1.1908939594716708,0.004522932401790136,328.15,4,160.0,0.0025
10.1016/S0013-4686(99)00431-4,"10.1016/S0013-4686(99)00431-4|LiClO4|1|mol/l|v|0.8,0,0,0,0,0,0,0,0,0,0,0,0,0,0,0,0,0,0,0,0,0.2,0,0,0,0,0,0,0,0,0,0,0,0,0,0,0,0",5,cost_sensitive_budget_policy,1.1650102908586222,1.1606881777716873,0.0043221130869348645,328.15,4,160.0,0.0025
10.1016/S0013-4686(99)00431-4,"10.1016/S0013-4686(99)00431-4|LiPF6|1|mol/l|v|0.5,0,0,0,0,0,0,0,0,0,0,0,0,0,0,0,0,0,0,0,0,0.5,0,0,0,0,0,0,0,0,0,0,0,0,0,0,0,0",5,cost_sensitive_budget_policy,0.9306006364705187,0.92699254594649,0.003608090524028662,293.4707224,4,160.0,0.005
10.1016/S0013-4686(99)00431-4,"10.1016/S0013-4686(99)00431-4|LiClO4|1|mol/l|v|0.2,0,0,0,0,0,0,0,0,0,0,0,0,0,0,0,0,0,0,0,0,0.8,0,0,0,0,0,0,0,0,0,0,0,0,0,0,0,0",5,cost_sensitive_budget_policy,1.1300498591247117,1.1243912796118178,0.005658579512893835,328.15,4,160.0,0.005
10.1016/S0013-4686(99)00431-4,"10.1016/S0013-4686(99)00431-4|LiClO4|1|mol/l|v|0.3,0,0,0,0,0,0,0,0,0,0,0,0,0,0,0,0,0,0,0,0,0.7,0,0,0,0,0,0,0,0,0,0,0,0,0,0,0,0",5,cost_sensitive_budget_policy,1.1997710739501317,1.1967757886962682,0.0029952852538635,328.15,4,160.0,0.005
10.1016/S0013-4686(99)00431-4,"10.1016/S0013-4686(99)00431-4|LiClO4|1|mol/l|v|0.4,0,0,0,0,0,0,0,0,0,0,0,0,0,0,0,0,0,0,0,0,0.6,0,0,0,0,0,0,0,0,0,0,0,0,0,0,0,0",5,cost_sensitive_budget_policy,1.2143730163103637,1.2103201494743128,0.0040528668360508835,328.15,4,160.0,0.005
10.1016/S0013-4686(99)00431-4,"10.1016/S0013-4686(99)00431-4|LiClO4|1|mol/l|v|0.5,0,0,0,0,0,0,0,0,0,0,0,0,0,0,0,0,0,0,0,0,0.5,0,0,0,0,0,0,0,0,0,0,0,0,0,0,0,0",5,cost_sensitive_budget_policy,1.2157642130448494,1.2117093078893153,0.004054905155534083,328.15,4,160.0,0.005
10.1016/S0013-4686(99)00431-4,"10.1016/S0013-4686(99)00431-4|LiClO4|1|mol/l|v|0.6,0,0,0,0,0,0,0,0,0,0,0,0,0,0,0,0,0,0,0,0,0.4,0,0,0,0,0,0,0,0,0,0,0,0,0,0,0,0",5,cost_sensitive_budget_policy,1.2135668122366363,1.2095990045355944,0.003967807701041881,328.15,4,160.0,0.005
10.1016/S0013-4686(99)00431-4,"10.1016/S0013-4686(99)00431-4|LiClO4|1|mol/l|v|0.7,0,0,0,0,0,0,0,0,0,0,0,0,0,0,0,0,0,0,0,0,0.3,0,0,0,0,0,0,0,0,0,0,0,0,0,0,0,0",5,cost_sensitive_budget_policy,1.195416891873461,1.1908939594716708,0.004522932401790136,328.15,4,160.0,0.005
10.1016/S0013-4686(99)00431-4,"10.1016/S0013-4686(99)00431-4|LiClO4|1|mol/l|v|0.8,0,0,0,0,0,0,0,0,0,0,0,0,0,0,0,0,0,0,0,0,0.2,0,0,0,0,0,0,0,0,0,0,0,0,0,0,0,0",5,cost_sensitive_budget_policy,1.1650102908586222,1.1606881777716873,0.0043221130869348645,328.15,4,160.0,0.005
10.1016/S0013-4686(99)00431-4,"10.1016/S0013-4686(99)00431-4|LiPF6|1|mol/l|v|0.5,0,0,0,0,0,0,0,0,0,0,0,0,0,0,0,0,0,0,0,0,0.5,0,0,0,0,0,0,0,0,0,0,0,0,0,0,0,0",4,cost_sensitive_budget_policy,0.9306006364705187,0.9243313161421662,0.006269320328352479,293.4707224,4,160.0,0.01
10.1016/S0013-4686(99)00431-4,"10.1016/S0013-4686(99)00431-4|LiClO4|1|mol/l|v|0.2,0,0,0,0,0,0,0,0,0,0,0,0,0,0,0,0,0,0,0,0,0.8,0,0,0,0,0,0,0,0,0,0,0,0,0,0,0,0",4,cost_sensitive_budget_policy,1.1300498591247117,1.1201912482299836,0.00985861089472806,328.15,4,160.0,0.01
10.1016/S0013-4686(99)00431-4,"10.1016/S0013-4686(99)00431-4|LiClO4|1|mol/l|v|0.3,0,0,0,0,0,0,0,0,0,0,0,0,0,0,0,0,0,0,0,0,0.7,0,0,0,0,0,0,0,0,0,0,0,0,0,0,0,0",4,cost_sensitive_budget_policy,1.1997710739501317,1.1945273512336658,0.005243722716465893,328.15,4,160.0,0.01
10.1016/S0013-4686(99)00431-4,"10.1016/S0013-4686(99)00431-4|LiClO4|1|mol/l|v|0.4,0,0,0,0,0,0,0,0,0,0,0,0,0,0,0,0,0,0,0,0,0.6,0,0,0,0,0,0,0,0,0,0,0,0,0,0,0,0",4,cost_sensitive_budget_policy,1.2143730163103637,1.208159028106863,0.006213988203500609,328.15,4,160.0,0.01
10.1016/S0013-4686(99)00431-4,"10.1016/S0013-4686(99)00431-4|LiClO4|1|mol/l|v|0.5,0,0,0,0,0,0,0,0,0,0,0,0,0,0,0,0,0,0,0,0,0.5,0,0,0,0,0,0,0,0,0,0,0,0,0,0,0,0",4,cost_sensitive_budget_policy,1.2157642130448494,1.2097535470211414,0.006010666023708033,328.15,4,160.0,0.01
10.1016/S0013-4686(99)00431-4,"10.1016/S0013-4686(99)00431-4|LiClO4|1|mol/l|v|0.6,0,0,0,0,0,0,0,0,0,0,0,0,0,0,0,0,0,0,0,0,0.4,0,0,0,0,0,0,0,0,0,0,0,0,0,0,0,0",4,cost_sensitive_budget_policy,1.2135668122366363,1.207367632012012,0.006199180224624401,328.15,4,160.0,0.01
10.1016/S0013-4686(99)00431-4,"10.1016/S0013-4686(99)00431-4|LiClO4|1|mol/l|v|0.7,0,0,0,0,0,0,0,0,0,0,0,0,0,0,0,0,0,0,0,0,0.3,0,0,0,0,0,0,0,0,0,0,0,0,0,0,0,0",4,cost_sensitive_budget_policy,1.195416891873461,1.189215761865033,0.006201130008427924,328.15,4,160.0,0.01
10.1016/S0013-4686(99)00431-4,"10.1016/S0013-4686(99)00431-4|LiClO4|1|mol/l|v|0.8,0,0,0,0,0,0,0,0,0,0,0,0,0,0,0,0,0,0,0,0,0.2,0,0,0,0,0,0,0,0,0,0,0,0,0,0,0,0",4,cost_sensitive_budget_policy,1.1650102908586222,1.1586259437749296,0.006384347083692621,328.15,4,160.0,0.01
10.1016/S0013-4686(99)00431-4,"10.1016/S0013-4686(99)00431-4|LiPF6|1|mol/l|v|0.5,0,0,0,0,0,0,0,0,0,0,0,0,0,0,0,0,0,0,0,0,0.5,0,0,0,0,0,0,0,0,0,0,0,0,0,0,0,0",3,cost_sensitive_budget_policy,0.9306006364705187,0.908466485189121,0.02213415128139773,293.4707224,4,160.0,0.02
10.1016/S0013-4686(99)00431-4,"10.1016/S0013-4686(99)00431-4|LiClO4|1|mol/l|v|0.2,0,0,0,0,0,0,0,0,0,0,0,0,0,0,0,0,0,0,0,0,0.8,0,0,0,0,0,0,0,0,0,0,0,0,0,0,0,0",3,cost_sensitive_budget_policy,1.1300498591247117,1.113632209487014,0.016417649637697762,328.15,4,160.0,0.02
10.1016/S0013-4686(99)00431-4,"10.1016/S0013-4686(99)00431-4|LiClO4|1|mol/l|v|0.3,0,0,0,0,0,0,0,0,0,0,0,0,0,0,0,0,0,0,0,0,0.7,0,0,0,0,0,0,0,0,0,0,0,0,0,0,0,0",3,cost_sensitive_budget_policy,1.1997710739501317,1.1876816691299243,0.012089404820207372,328.15,4,160.0,0.02
10.1016/S0013-4686(99)00431-4,"10.1016/S0013-4686(99)00431-4|LiClO4|1|mol/l|v|0.4,0,0,0,0,0,0,0,0,0,0,0,0,0,0,0,0,0,0,0,0,0.6,0,0,0,0,0,0,0,0,0,0,0,0,0,0,0,0",3,cost_sensitive_budget_policy,1.2143730163103637,1.200863123976165,0.013509892334198748,328.15,4,160.0,0.02
10.1016/S0013-4686(99)00431-4,"10.1016/S0013-4686(99)00431-4|LiClO4|1|mol/l|v|0.5,0,0,0,0,0,0,0,0,0,0,0,0,0,0,0,0,0,0,0,0,0.5,0,0,0,0,0,0,0,0,0,0,0,0,0,0,0,0",3,cost_sensitive_budget_policy,1.2157642130448494,1.2026634867588915,0.013100726285957931,328.15,4,160.0,0.02
10.1016/S0013-4686(99)00431-4,"10.1016/S0013-4686(99)00431-4|LiClO4|1|mol/l|v|0.6,0,0,0,0,0,0,0,0,0,0,0,0,0,0,0,0,0,0,0,0,0.4,0,0,0,0,0,0,0,0,0,0,0,0,0,0,0,0",3,cost_sensitive_budget_policy,1.2135668122366363,1.2001306924578148,0.013436119778821531,328.15,4,160.0,0.02
10.1016/S0013-4686(99)00431-4,"10.1016/S0013-4686(99)00431-4|LiClO4|1|mol/l|v|0.7,0,0,0,0,0,0,0,0,0,0,0,0,0,0,0,0,0,0,0,0,0.3,0,0,0,0,0,0,0,0,0,0,0,0,0,0,0,0",3,cost_sensitive_budget_policy,1.195416891873461,1.1842350675812523,0.011181824292208598,328.15,4,160.0,0.02
10.1016/S0013-4686(99)00431-4,"10.1016/S0013-4686(99)00431-4|LiClO4|1|mol/l|v|0.8,0,0,0,0,0,0,0,0,0,0,0,0,0,0,0,0,0,0,0,0,0.2,0,0,0,0,0,0,0,0,0,0,0,0,0,0,0,0",3,cost_sensitive_budget_policy,1.1650102908586222,1.1513271316714146,0.013683159187207528,328.15,4,160.0,0.02
10.1016/j.jpowsour.2010.12.040,"10.1016/j.jpowsour.2010.12.040|LiPF6|1|mol/l|v|0.3,0,0,0.7,0,0,0,0,0,0,0,0,0,0,0,0,0,0,0,0,0,0,0,0,0,0,0,0,0,0,0,0,0,0,0,0,0,0",3,fixed_target_router,1.195519125663633,1.184556027747087,0.010963097916546038,332.5401445,4,160.0,
10.1016/j.jpowsour.2010.12.040,"10.1016/j.jpowsour.2010.12.040|LiPF6|1|mol/l|v|0.3,0,0,0.7,0,0,0,0,0,0,0,0,0,0,0,0,0,0,0,0,0,0,0,0,0,0,0,0,0,0,0,0,0,0,0,0,0,0",4,fixed_target_router,1.195519125663633,1.1952113491399503,0.00030777652368274566,332.5401445,4,160.0,
10.1016/j.jpowsour.2010.12.040,"10.1016/j.jpowsour.2010.12.040|LiPF6|1|mol/l|v|0.3,0,0,0.7,0,0,0,0,0,0,0,0,0,0,0,0,0,0,0,0,0,0,0,0,0,0,0,0,0,0,0,0,0,0,0,0,0,0",5,fixed_target_router,1.195519125663633,1.1944794126524299,0.0010397130112032027,332.5401445,4,160.0,
10.1016/j.jpowsour.2010.12.040,"10.1016/j.jpowsour.2010.12.040|LiPF6|1|mol/l|v|0.3,0,0,0.7,0,0,0,0,0,0,0,0,0,0,0,0,0,0,0,0,0,0,0,0,0,0,0,0,0,0,0,0,0,0,0,0,0,0",5,cost_sensitive_budget_policy,1.195519125663633,1.1944794126524299,0.0010397130112032027,332.5401445,4,160.0,0.0
10.1016/j.jpowsour.2010.12.040,"10.1016/j.jpowsour.2010.12.040|LiPF6|1|mol/l|v|0.3,0,0,0.7,0,0,0,0,0,0,0,0,0,0,0,0,0,0,0,0,0,0,0,0,0,0,0,0,0,0,0,0,0,0,0,0,0,0",5,cost_sensitive_budget_policy,1.195519125663633,1.1944794126524299,0.0010397130112032027,332.5401445,4,160.0,0.0025
10.1016/j.jpowsour.2010.12.040,"10.1016/j.jpowsour.2010.12.040|LiPF6|1|mol/l|v|0.3,0,0,0.7,0,0,0,0,0,0,0,0,0,0,0,0,0,0,0,0,0,0,0,0,0,0,0,0,0,0,0,0,0,0,0,0,0,0",5,cost_sensitive_budget_policy,1.195519125663633,1.1944794126524299,0.0010397130112032027,332.5401445,4,160.0,0.005
10.1016/j.jpowsour.2010.12.040,"10.1016/j.jpowsour.2010.12.040|LiPF6|1|mol/l|v|0.3,0,0,0.7,0,0,0,0,0,0,0,0,0,0,0,0,0,0,0,0,0,0,0,0,0,0,0,0,0,0,0,0,0,0,0,0,0,0",5,cost_sensitive_budget_policy,1.195519125663633,1.1944794126524299,0.0010397130112032027,332.5401445,4,160.0,0.01
10.1016/j.jpowsour.2010.12.040,"10.1016/j.jpowsour.2010.12.040|LiPF6|1|mol/l|v|0.3,0,0,0.7,0,0,0,0,0,0,0,0,0,0,0,0,0,0,0,0,0,0,0,0,0,0,0,0,0,0,0,0,0,0,0,0,0,0",4,cost_sensitive_budget_policy,1.195519125663633,1.1952113491399503,0.00030777652368274566,332.5401445,4,160.0,0.02
10.1016/j.jpowsour.2011.06.030,"10.1016/j.jpowsour.2011.06.030|LiTDI|1|mol/l|w|0.5,0,0.5,0,0,0,0,0,0,0,0,0,0,0,0,0,0,0,0,0,0,0,0,0,0,0,0,0,0,0,0,0,0,0,0,0,0,0",3,fixed_target_router,1.0214510000966968,1.0292549172560967,0.007803917159399987,317.8075342,4,160.0,
10.1016/j.jpowsour.2011.06.030,"10.1016/j.jpowsour.2011.06.030|LiPDI|1|mol/l|w|0.5,0,0.5,0,0,0,0,0,0,0,0,0,0,0,0,0,0,0,0,0,0,0,0,0,0,0,0,0,0,0,0,0,0,0,0,0,0,0",3,fixed_target_router,0.9986070779006693,0.9999831012348973,0.0013760233342280381,317.9445205,4,160.0,
10.1016/j.jpowsour.2011.06.030,"10.1016/j.jpowsour.2011.06.030|LiPF6|1|mol/l|w|0.5,0,0.5,0,0,0,0,0,0,0,0,0,0,0,0,0,0,0,0,0,0,0,0,0,0,0,0,0,0,0,0,0,0,0,0,0,0,0",3,fixed_target_router,1.229901790420427,1.2259137091155894,0.003988081304837632,317.8075342,4,160.0,
10.1016/j.jpowsour.2011.06.030,"10.1016/j.jpowsour.2011.06.030|LiTDI|1|mol/l|w|0.5,0,0.5,0,0,0,0,0,0,0,0,0,0,0,0,0,0,0,0,0,0,0,0,0,0,0,0,0,0,0,0,0,0,0,0,0,0,0",4,fixed_target_router,1.0214510000966968,1.0248366627014007,0.003385662604703965,317.8075342,4,160.0,
10.1016/j.jpowsour.2011.06.030,"10.1016/j.jpowsour.2011.06.030|LiPDI|1|mol/l|w|0.5,0,0.5,0,0,0,0,0,0,0,0,0,0,0,0,0,0,0,0,0,0,0,0,0,0,0,0,0,0,0,0,0,0,0,0,0,0,0",4,fixed_target_router,0.9986070779006693,1.0117965899249841,0.013189512024314842,317.9445205,4,160.0,
10.1016/j.jpowsour.2011.06.030,"10.1016/j.jpowsour.2011.06.030|LiPF6|1|mol/l|w|0.5,0,0.5,0,0,0,0,0,0,0,0,0,0,0,0,0,0,0,0,0,0,0,0,0,0,0,0,0,0,0,0,0,0,0,0,0,0,0",4,fixed_target_router,1.229901790420427,1.231874675146401,0.0019728847259739,317.8075342,4,160.0,
10.1016/j.jpowsour.2011.06.030,"10.1016/j.jpowsour.2011.06.030|LiTDI|1|mol/l|w|0.5,0,0.5,0,0,0,0,0,0,0,0,0,0,0,0,0,0,0,0,0,0,0,0,0,0,0,0,0,0,0,0,0,0,0,0,0,0,0",5,fixed_target_router,1.0214510000966968,1.024475247132083,0.003024247035386285,317.8075342,4,160.0,
10.1016/j.jpowsour.2011.06.030,"10.1016/j.jpowsour.2011.06.030|LiPDI|1|mol/l|w|0.5,0,0.5,0,0,0,0,0,0,0,0,0,0,0,0,0,0,0,0,0,0,0,0,0,0,0,0,0,0,0,0,0,0,0,0,0,0,0",5,fixed_target_router,0.9986070779006693,1.0048090436587676,0.006201965758098282,317.9445205,4,160.0,
10.1016/j.jpowsour.2011.06.030,"10.1016/j.jpowsour.2011.06.030|LiPF6|1|mol/l|w|0.5,0,0.5,0,0,0,0,0,0,0,0,0,0,0,0,0,0,0,0,0,0,0,0,0,0,0,0,0,0,0,0,0,0,0,0,0,0,0",5,fixed_target_router,1.229901790420427,1.229554483526112,0.0003473068943149471,317.8075342,4,160.0,
10.1016/j.jpowsour.2011.06.030,"10.1016/j.jpowsour.2011.06.030|LiTDI|1|mol/l|w|0.5,0,0.5,0,0,0,0,0,0,0,0,0,0,0,0,0,0,0,0,0,0,0,0,0,0,0,0,0,0,0,0,0,0,0,0,0,0,0",5,cost_sensitive_budget_policy,1.0214510000966968,1.024475247132083,0.003024247035386285,317.8075342,4,160.0,0.0
10.1016/j.jpowsour.2011.06.030,"10.1016/j.jpowsour.2011.06.030|LiPDI|1|mol/l|w|0.5,0,0.5,0,0,0,0,0,0,0,0,0,0,0,0,0,0,0,0,0,0,0,0,0,0,0,0,0,0,0,0,0,0,0,0,0,0,0",5,cost_sensitive_budget_policy,0.9986070779006693,1.0048090436587676,0.006201965758098282,317.9445205,4,160.0,0.0
10.1016/j.jpowsour.2011.06.030,"10.1016/j.jpowsour.2011.06.030|LiPF6|1|mol/l|w|0.5,0,0.5,0,0,0,0,0,0,0,0,0,0,0,0,0,0,0,0,0,0,0,0,0,0,0,0,0,0,0,0,0,0,0,0,0,0,0",5,cost_sensitive_budget_policy,1.229901790420427,1.229554483526112,0.0003473068943149471,317.8075342,4,160.0,0.0
10.1016/j.jpowsour.2011.06.030,"10.1016/j.jpowsour.2011.06.030|LiTDI|1|mol/l|w|0.5,0,0.5,0,0,0,0,0,0,0,0,0,0,0,0,0,0,0,0,0,0,0,0,0,0,0,0,0,0,0,0,0,0,0,0,0,0,0",5,cost_sensitive_budget_policy,1.0214510000966968,1.024475247132083,0.003024247035386285,317.8075342,4,160.0,0.0025
10.1016/j.jpowsour.2011.06.030,"10.1016/j.jpowsour.2011.06.030|LiPDI|1|mol/l|w|0.5,0,0.5,0,0,0,0,0,0,0,0,0,0,0,0,0,0,0,0,0,0,0,0,0,0,0,0,0,0,0,0,0,0,0,0,0,0,0",5,cost_sensitive_budget_policy,0.9986070779006693,1.0048090436587676,0.006201965758098282,317.9445205,4,160.0,0.0025
10.1016/j.jpowsour.2011.06.030,"10.1016/j.jpowsour.2011.06.030|LiPF6|1|mol/l|w|0.5,0,0.5,0,0,0,0,0,0,0,0,0,0,0,0,0,0,0,0,0,0,0,0,0,0,0,0,0,0,0,0,0,0,0,0,0,0,0",5,cost_sensitive_budget_policy,1.229901790420427,1.229554483526112,0.0003473068943149471,317.8075342,4,160.0,0.0025
10.1016/j.jpowsour.2011.06.030,"10.1016/j.jpowsour.2011.06.030|LiTDI|1|mol/l|w|0.5,0,0.5,0,0,0,0,0,0,0,0,0,0,0,0,0,0,0,0,0,0,0,0,0,0,0,0,0,0,0,0,0,0,0,0,0,0,0",5,cost_sensitive_budget_policy,1.0214510000966968,1.024475247132083,0.003024247035386285,317.8075342,4,160.0,0.005
10.1016/j.jpowsour.2011.06.030,"10.1016/j.jpowsour.2011.06.030|LiPDI|1|mol/l|w|0.5,0,0.5,0,0,0,0,0,0,0,0,0,0,0,0,0,0,0,0,0,0,0,0,0,0,0,0,0,0,0,0,0,0,0,0,0,0,0",5,cost_sensitive_budget_policy,0.9986070779006693,1.0048090436587676,0.006201965758098282,317.9445205,4,160.0,0.005
10.1016/j.jpowsour.2011.06.030,"10.1016/j.jpowsour.2011.06.030|LiPF6|1|mol/l|w|0.5,0,0.5,0,0,0,0,0,0,0,0,0,0,0,0,0,0,0,0,0,0,0,0,0,0,0,0,0,0,0,0,0,0,0,0,0,0,0",5,cost_sensitive_budget_policy,1.229901790420427,1.229554483526112,0.0003473068943149471,317.8075342,4,160.0,0.005
10.1016/j.jpowsour.2011.06.030,"10.1016/j.jpowsour.2011.06.030|LiTDI|1|mol/l|w|0.5,0,0.5,0,0,0,0,0,0,0,0,0,0,0,0,0,0,0,0,0,0,0,0,0,0,0,0,0,0,0,0,0,0,0,0,0,0,0",4,cost_sensitive_budget_policy,1.0214510000966968,1.0248366627014007,0.003385662604703965,317.8075342,4,160.0,0.01
10.1016/j.jpowsour.2011.06.030,"10.1016/j.jpowsour.2011.06.030|LiPDI|1|mol/l|w|0.5,0,0.5,0,0,0,0,0,0,0,0,0,0,0,0,0,0,0,0,0,0,0,0,0,0,0,0,0,0,0,0,0,0,0,0,0,0,0",4,cost_sensitive_budget_policy,0.9986070779006693,1.0117965899249841,0.013189512024314842,317.9445205,4,160.0,0.01
10.1016/j.jpowsour.2011.06.030,"10.1016/j.jpowsour.2011.06.030|LiPF6|1|mol/l|w|0.5,0,0.5,0,0,0,0,0,0,0,0,0,0,0,0,0,0,0,0,0,0,0,0,0,0,0,0,0,0,0,0,0,0,0,0,0,0,0",4,cost_sensitive_budget_policy,1.229901790420427,1.231874675146401,0.0019728847259739,317.8075342,4,160.0,0.01
10.1016/j.jpowsour.2011.06.030,"10.1016/j.jpowsour.2011.06.030|LiTDI|1|mol/l|w|0.5,0,0.5,0,0,0,0,0,0,0,0,0,0,0,0,0,0,0,0,0,0,0,0,0,0,0,0,0,0,0,0,0,0,0,0,0,0,0",3,cost_sensitive_budget_policy,1.0214510000966968,1.0292549172560967,0.007803917159399987,317.8075342,4,160.0,0.02
10.1016/j.jpowsour.2011.06.030,"10.1016/j.jpowsour.2011.06.030|LiPDI|1|mol/l|w|0.5,0,0.5,0,0,0,0,0,0,0,0,0,0,0,0,0,0,0,0,0,0,0,0,0,0,0,0,0,0,0,0,0,0,0,0,0,0,0",3,cost_sensitive_budget_policy,0.9986070779006693,0.9999831012348973,0.0013760233342280381,317.9445205,4,160.0,0.02
10.1016/j.jpowsour.2011.06.030,"10.1016/j.jpowsour.2011.06.030|LiPF6|1|mol/l|w|0.5,0,0.5,0,0,0,0,0,0,0,0,0,0,0,0,0,0,0,0,0,0,0,0,0,0,0,0,0,0,0,0,0,0,0,0,0,0,0",3,cost_sensitive_budget_policy,1.229901790420427,1.2259137091155894,0.003988081304837632,317.8075342,4,160.0,0.02
10.1016/j.jpowsour.2011.07.071,"10.1016/j.jpowsour.2011.07.071|LiPF6|1|mol/l|mol|0.5,0,0.5,0,0,0,0,0,0,0,0,0,0,0,0,0,0,0,0,0,0,0,0,0,0,0,0,0,0,0,0,0,0,0,0,0,0,0",3,fixed_target_router,1.3532111755940726,1.3504455299896316,0.002765645604440925,354.0952676,4,160.0,
10.1016/j.jpowsour.2011.07.071,"10.1016/j.jpowsour.2011.07.071|LiTFSI|1|mol/l|mol|0.5,0,0.5,0,0,0,0,0,0,0,0,0,0,0,0,0,0,0,0,0,0,0,0,0,0,0,0,0,0,0,0,0,0,0,0,0,0,0",3,fixed_target_router,1.2006809430139878,1.198778386274146,0.0019025567398418541,334.9025673,4,160.0,
10.1016/j.jpowsour.2011.07.071,"10.1016/j.jpowsour.2011.07.071|LiPF6|1|mol/l|mol|0.5,0,0.5,0,0,0,0,0,0,0,0,0,0,0,0,0,0,0,0,0,0,0,0,0,0,0,0,0,0,0,0,0,0,0,0,0,0,0",4,fixed_target_router,1.3532111755940726,1.3518561813137402,0.0013549942803323667,354.0952676,4,160.0,
10.1016/j.jpowsour.2011.07.071,"10.1016/j.jpowsour.2011.07.071|LiTFSI|1|mol/l|mol|0.5,0,0.5,0,0,0,0,0,0,0,0,0,0,0,0,0,0,0,0,0,0,0,0,0,0,0,0,0,0,0,0,0,0,0,0,0,0,0",4,fixed_target_router,1.2006809430139878,1.198083029059534,0.0025979139544538565,334.9025673,4,160.0,
10.1016/j.jpowsour.2011.07.071,"10.1016/j.jpowsour.2011.07.071|LiPF6|1|mol/l|mol|0.5,0,0.5,0,0,0,0,0,0,0,0,0,0,0,0,0,0,0,0,0,0,0,0,0,0,0,0,0,0,0,0,0,0,0,0,0,0,0",5,fixed_target_router,1.3532111755940726,1.3504394003742657,0.0027717752198068712,354.0952676,4,160.0,
10.1016/j.jpowsour.2011.07.071,"10.1016/j.jpowsour.2011.07.071|LiTFSI|1|mol/l|mol|0.5,0,0.5,0,0,0,0,0,0,0,0,0,0,0,0,0,0,0,0,0,0,0,0,0,0,0,0,0,0,0,0,0,0,0,0,0,0,0",5,fixed_target_router,1.2006809430139878,1.1973431352909447,0.0033378077230430403,334.9025673,4,160.0,
10.1016/j.jpowsour.2011.07.071,"10.1016/j.jpowsour.2011.07.071|LiPF6|1|mol/l|mol|0.5,0,0.5,0,0,0,0,0,0,0,0,0,0,0,0,0,0,0,0,0,0,0,0,0,0,0,0,0,0,0,0,0,0,0,0,0,0,0",5,cost_sensitive_budget_policy,1.3532111755940726,1.3504394003742657,0.0027717752198068712,354.0952676,4,160.0,0.0
10.1016/j.jpowsour.2011.07.071,"10.1016/j.jpowsour.2011.07.071|LiTFSI|1|mol/l|mol|0.5,0,0.5,0,0,0,0,0,0,0,0,0,0,0,0,0,0,0,0,0,0,0,0,0,0,0,0,0,0,0,0,0,0,0,0,0,0,0",5,cost_sensitive_budget_policy,1.2006809430139878,1.1973431352909447,0.0033378077230430403,334.9025673,4,160.0,0.0
10.1016/j.jpowsour.2011.07.071,"10.1016/j.jpowsour.2011.07.071|LiPF6|1|mol/l|mol|0.5,0,0.5,0,0,0,0,0,0,0,0,0,0,0,0,0,0,0,0,0,0,0,0,0,0,0,0,0,0,0,0,0,0,0,0,0,0,0",5,cost_sensitive_budget_policy,1.3532111755940726,1.3504394003742657,0.0027717752198068712,354.0952676,4,160.0,0.0025
10.1016/j.jpowsour.2011.07.071,"10.1016/j.jpowsour.2011.07.071|LiTFSI|1|mol/l|mol|0.5,0,0.5,0,0,0,0,0,0,0,0,0,0,0,0,0,0,0,0,0,0,0,0,0,0,0,0,0,0,0,0,0,0,0,0,0,0,0",5,cost_sensitive_budget_policy,1.2006809430139878,1.1973431352909447,0.0033378077230430403,334.9025673,4,160.0,0.0025
10.1016/j.jpowsour.2011.07.071,"10.1016/j.jpowsour.2011.07.071|LiPF6|1|mol/l|mol|0.5,0,0.5,0,0,0,0,0,0,0,0,0,0,0,0,0,0,0,0,0,0,0,0,0,0,0,0,0,0,0,0,0,0,0,0,0,0,0",5,cost_sensitive_budget_policy,1.3532111755940726,1.3504394003742657,0.0027717752198068712,354.0952676,4,160.0,0.005
10.1016/j.jpowsour.2011.07.071,"10.1016/j.jpowsour.2011.07.071|LiTFSI|1|mol/l|mol|0.5,0,0.5,0,0,0,0,0,0,0,0,0,0,0,0,0,0,0,0,0,0,0,0,0,0,0,0,0,0,0,0,0,0,0,0,0,0,0",5,cost_sensitive_budget_policy,1.2006809430139878,1.1973431352909447,0.0033378077230430403,334.9025673,4,160.0,0.005
10.1016/j.jpowsour.2011.07.071,"10.1016/j.jpowsour.2011.07.071|LiPF6|1|mol/l|mol|0.5,0,0.5,0,0,0,0,0,0,0,0,0,0,0,0,0,0,0,0,0,0,0,0,0,0,0,0,0,0,0,0,0,0,0,0,0,0,0",4,cost_sensitive_budget_policy,1.3532111755940726,1.3518561813137402,0.0013549942803323667,354.0952676,4,160.0,0.01
10.1016/j.jpowsour.2011.07.071,"10.1016/j.jpowsour.2011.07.071|LiTFSI|1|mol/l|mol|0.5,0,0.5,0,0,0,0,0,0,0,0,0,0,0,0,0,0,0,0,0,0,0,0,0,0,0,0,0,0,0,0,0,0,0,0,0,0,0",4,cost_sensitive_budget_policy,1.2006809430139878,1.198083029059534,0.0025979139544538565,334.9025673,4,160.0,0.01
10.1016/j.jpowsour.2011.07.071,"10.1016/j.jpowsour.2011.07.071|LiPF6|1|mol/l|mol|0.5,0,0.5,0,0,0,0,0,0,0,0,0,0,0,0,0,0,0,0,0,0,0,0,0,0,0,0,0,0,0,0,0,0,0,0,0,0,0",4,cost_sensitive_budget_policy,1.3532111755940726,1.3518561813137402,0.0013549942803323667,354.0952676,4,160.0,0.02
10.1016/j.jpowsour.2011.07.071,"10.1016/j.jpowsour.2011.07.071|LiTFSI|1|mol/l|mol|0.5,0,0.5,0,0,0,0,0,0,0,0,0,0,0,0,0,0,0,0,0,0,0,0,0,0,0,0,0,0,0,0,0,0,0,0,0,0,0",4,cost_sensitive_budget_policy,1.2006809430139878,1.198083029059534,0.0025979139544538565,334.9025673,4,160.0,0.02
10.1021/JE020219O,"10.1021/JE020219O|LiPF6|1.9123|mol/kg|w|0,1,0,0,0,0,0,0,0,0,0,0,0,0,0,0,0,0,0,0,0,0,0,0,0,0,0,0,0,0,0,0,0,0,0,0,0,0",3,fixed_target_router,0.8671727511786498,0.8144586037297357,0.05271414744891412,332.15,4,160.0,
10.1021/JE020219O,"10.1021/JE020219O|LiPF6|1.6827|mol/kg|w|0,1,0,0,0,0,0,0,0,0,0,0,0,0,0,0,0,0,0,0,0,0,0,0,0,0,0,0,0,0,0,0,0,0,0,0,0,0",3,fixed_target_router,0.9384696883676453,0.9106801954646155,0.02778949290302979,332.15,4,160.0,
10.1021/JE020219O,"10.1021/JE020219O|LiPF6|1.445|mol/kg|w|0,1,0,0,0,0,0,0,0,0,0,0,0,0,0,0,0,0,0,0,0,0,0,0,0,0,0,0,0,0,0,0,0,0,0,0,0,0",3,fixed_target_router,1.0021660617565078,0.9495917427765631,0.05257431897994469,332.15,4,160.0,
10.1021/JE020219O,"10.1021/JE020219O|LiPF6|1.2341|mol/kg|w|0,1,0,0,0,0,0,0,0,0,0,0,0,0,0,0,0,0,0,0,0,0,0,0,0,0,0,0,0,0,0,0,0,0,0,0,0,0",3,fixed_target_router,1.0511525224473812,1.0195069380736403,0.031645584373740876,332.15,4,160.0,
10.1021/JE020219O,"10.1021/JE020219O|LiPF6|0.9089|mol/kg|w|0,1,0,0,0,0,0,0,0,0,0,0,0,0,0,0,0,0,0,0,0,0,0,0,0,0,0,0,0,0,0,0,0,0,0,0,0,0",3,fixed_target_router,1.089551882886454,1.066532038246059,0.023019844640395082,332.15,4,160.0,
10.1021/JE020219O,"10.1021/JE020219O|LiPF6|0.7799|mol/kg|w|0,1,0,0,0,0,0,0,0,0,0,0,0,0,0,0,0,0,0,0,0,0,0,0,0,0,0,0,0,0,0,0,0,0,0,0,0,0",3,fixed_target_router,1.0888445627270043,1.0616809974425574,0.027163565284446856,332.15,4,160.0,
10.1021/JE020219O,"10.1021/JE020219O|LiPF6|0.6659|mol/kg|w|0,1,0,0,0,0,0,0,0,0,0,0,0,0,0,0,0,0,0,0,0,0,0,0,0,0,0,0,0,0,0,0,0,0,0,0,0,0",3,fixed_target_router,1.077731179652392,1.0569275793976296,0.020803600254762467,332.15,4,160.0,
10.1021/JE020219O,"10.1021/JE020219O|LiPF6|0.5661|mol/kg|w|0,1,0,0,0,0,0,0,0,0,0,0,0,0,0,0,0,0,0,0,0,0,0,0,0,0,0,0,0,0,0,0,0,0,0,0,0,0",3,fixed_target_router,1.0572856444182146,1.0441530314384522,0.013132612979762426,332.15,4,160.0,
10.1021/JE020219O,"10.1021/JE020219O|LiPF6|0.4759|mol/kg|w|0,1,0,0,0,0,0,0,0,0,0,0,0,0,0,0,0,0,0,0,0,0,0,0,0,0,0,0,0,0,0,0,0,0,0,0,0,0",3,fixed_target_router,1.02816441942447,1.0150037847932187,0.013160634631251167,332.15,4,160.0,
10.1021/JE020219O,"10.1021/JE020219O|LiPF6|0.2801|mol/kg|w|0,1,0,0,0,0,0,0,0,0,0,0,0,0,0,0,0,0,0,0,0,0,0,0,0,0,0,0,0,0,0,0,0,0,0,0,0,0",3,fixed_target_router,0.9025467793139914,0.9025894532298965,4.2673915905067084e-05,332.15,4,160.0,
10.1021/JE020219O,"10.1021/JE020219O|LiPF6|2.1311|mol/kg|w|0,0.9,0,0,0.1,0,0,0,0,0,0,0,0,0,0,0,0,0,0,0,0,0,0,0,0,0,0,0,0,0,0,0,0,0,0,0,0,0",3,fixed_target_router,0.8326366275967033,0.7692201870322678,0.06341644056443552,332.15,4,160.0,
10.1021/JE020219O,"10.1021/JE020219O|LiPF6|1.9117|mol/kg|w|0,0.9,0,0,0.1,0,0,0,0,0,0,0,0,0,0,0,0,0,0,0,0,0,0,0,0,0,0,0,0,0,0,0,0,0,0,0,0,0",3,fixed_target_router,0.8953120244757873,0.8601572540233418,0.03515477045244553,332.15,4,160.0,
10.1021/JE020219O,"10.1021/JE020219O|LiPF6|1.6929|mol/kg|w|0,0.9,0,0,0.1,0,0,0,0,0,0,0,0,0,0,0,0,0,0,0,0,0,0,0,0,0,0,0,0,0,0,0,0,0,0,0,0,0",3,fixed_target_router,0.9664702637292844,0.9358448334620736,0.030625430267210763,332.15,4,160.0,
10.1021/JE020219O,"10.1021/JE020219O|LiPF6|1.4535|mol/kg|w|0,0.9,0,0,0.1,0,0,0,0,0,0,0,0,0,0,0,0,0,0,0,0,0,0,0,0,0,0,0,0,0,0,0,0,0,0,0,0,0",3,fixed_target_router,1.0261245167454502,0.9759679295055592,0.050156587239891026,332.15,4,160.0,
10.1021/JE020219O,"10.1021/JE020219O|LiPF6|1.2271|mol/kg|w|0,0.9,0,0,0.1,0,0,0,0,0,0,0,0,0,0,0,0,0,0,0,0,0,0,0,0,0,0,0,0,0,0,0,0,0,0,0,0,0",3,fixed_target_router,1.0751818546186915,1.051833055449654,0.023348799169037537,332.15,4,160.0,
10.1021/JE020219O,"10.1021/JE020219O|LiPF6|1.0532|mol/kg|w|0,0.9,0,0,0.1,0,0,0,0,0,0,0,0,0,0,0,0,0,0,0,0,0,0,0,0,0,0,0,0,0,0,0,0,0,0,0,0,0",3,fixed_target_router,1.0996806411092501,1.0766544362613508,0.0230262048478993,332.15,4,160.0,
10.1021/JE020219O,"10.1021/JE020219O|LiPF6|0.8954|mol/kg|w|0,0.9,0,0,0.1,0,0,0,0,0,0,0,0,0,0,0,0,0,0,0,0,0,0,0,0,0,0,0,0,0,0,0,0,0,0,0,0,0",3,fixed_target_router,1.1092409685882032,1.0821323916263386,0.02710857696186464,332.15,4,160.0,
10.1021/JE020219O,"10.1021/JE020219O|LiPF6|0.7652|mol/kg|w|0,0.9,0,0,0.1,0,0,0,0,0,0,0,0,0,0,0,0,0,0,0,0,0,0,0,0,0,0,0,0,0,0,0,0,0,0,0,0,0",3,fixed_target_router,1.1058506743851435,1.0870808453998198,0.018769828985323755,332.15,4,160.0,
10.1021/JE020219O,"10.1021/JE020219O|LiPF6|0.4603|mol/kg|w|0,0.9,0,0,0.1,0,0,0,0,0,0,0,0,0,0,0,0,0,0,0,0,0,0,0,0,0,0,0,0,0,0,0,0,0,0,0,0,0",3,fixed_target_router,1.0374264979406236,1.0278005017191953,0.009625996221428235,332.15,4,160.0,
10.1021/JE020219O,"10.1021/JE020219O|LiPF6|0.3839|mol/kg|w|0,0.9,0,0,0.1,0,0,0,0,0,0,0,0,0,0,0,0,0,0,0,0,0,0,0,0,0,0,0,0,0,0,0,0,0,0,0,0,0",3,fixed_target_router,0.9976921179417265,0.9879165678105251,0.00977555013120146,332.15,4,160.0,
10.1021/JE020219O,"10.1021/JE020219O|LiPF6|0.3086|mol/kg|w|0,0.9,0,0,0.1,0,0,0,0,0,0,0,0,0,0,0,0,0,0,0,0,0,0,0,0,0,0,0,0,0,0,0,0,0,0,0,0,0",3,fixed_target_router,0.9434450490250305,0.9358825210841156,0.007562527940914832,332.15,4,160.0,
10.1021/JE020219O,"10.1021/JE020219O|LiPF6|2.3728|mol/kg|w|0,0.8,0,0,0.2,0,0,0,0,0,0,0,0,0,0,0,0,0,0,0,0,0,0,0,0,0,0,0,0,0,0,0,0,0,0,0,0,0",3,fixed_target_router,0.7781512503836436,0.7097550882141908,0.06839616216945288,332.15,4,160.0,
10.1021/JE020219O,"10.1021/JE020219O|LiPF6|2.1648|mol/kg|w|0,0.8,0,0,0.2,0,0,0,0,0,0,0,0,0,0,0,0,0,0,0,0,0,0,0,0,0,0,0,0,0,0,0,0,0,0,0,0,0",3,fixed_target_router,0.8586574840908079,0.8159253469115642,0.042732137179243734,332.15,4,160.0,
10.1021/JE020219O,"10.1021/JE020219O|LiPF6|1.9482|mol/kg|w|0,0.8,0,0,0.2,0,0,0,0,0,0,0,0,0,0,0,0,0,0,0,0,0,0,0,0,0,0,0,0,0,0,0,0,0,0,0,0,0",3,fixed_target_router,0.9159799141402244,0.8942304010462265,0.021749513093997863,332.15,4,160.0,
10.1021/JE020219O,"10.1021/JE020219O|LiPF6|1.7321|mol/kg|w|0,0.8,0,0,0.2,0,0,0,0,0,0,0,0,0,0,0,0,0,0,0,0,0,0,0,0,0,0,0,0,0,0,0,0,0,0,0,0,0",3,fixed_target_router,0.9824521513849896,0.9253473103335221,0.057104841051467514,332.15,4,160.0,
10.1021/JE020219O,"10.1021/JE020219O|LiPF6|1.4764|mol/kg|w|0,0.8,0,0,0.2,0,0,0,0,0,0,0,0,0,0,0,0,0,0,0,0,0,0,0,0,0,0,0,0,0,0,0,0,0,0,0,0,0",3,fixed_target_router,1.044539760392411,1.0186406417569072,0.02589911863550376,332.15,4,160.0,
10.1021/JE020219O,"10.1021/JE020219O|LiPF6|1.2444|mol/kg|w|0,0.8,0,0,0.2,0,0,0,0,0,0,0,0,0,0,0,0,0,0,0,0,0,0,0,0,0,0,0,0,0,0,0,0,0,0,0,0,0",3,fixed_target_router,1.0923696996291206,1.0731273668096692,0.019242332819451313,332.15,4,160.0,
10.1021/JE020219O,"10.1021/JE020219O|LiPF6|0.7537|mol/kg|w|0,0.8,0,0,0.2,0,0,0,0,0,0,0,0,0,0,0,0,0,0,0,0,0,0,0,0,0,0,0,0,0,0,0,0,0,0,0,0,0",3,fixed_target_router,1.1182647260894794,1.1095329620246852,0.008731764064794145,332.15,4,160.0,
10.1021/JE020219O,"10.1021/JE020219O|LiPF6|0.6385|mol/kg|w|0,0.8,0,0,0.2,0,0,0,0,0,0,0,0,0,0,0,0,0,0,0,0,0,0,0,0,0,0,0,0,0,0,0,0,0,0,0,0,0",3,fixed_target_router,1.1024337056813363,1.09417032661978,0.008263379061556275,332.15,4,160.0,
10.1021/JE020219O,"10.1021/JE020219O|LiPF6|0.538|mol/kg|w|0,0.8,0,0,0.2,0,0,0,0,0,0,0,0,0,0,0,0,0,0,0,0,0,0,0,0,0,0,0,0,0,0,0,0,0,0,0,0,0",3,fixed_target_router,1.0766404436703418,1.0708333678857767,0.0058070757845651855,332.15,4,160.0,
10.1021/JE020219O,"10.1021/JE020219O|LiPF6|0.4496|mol/kg|w|0,0.8,0,0,0.2,0,0,0,0,0,0,0,0,0,0,0,0,0,0,0,0,0,0,0,0,0,0,0,0,0,0,0,0,0,0,0,0,0",3,fixed_target_router,1.0433622780211296,1.0380177644222934,0.0053445135988361425,332.15,4,160.0,
10.1021/JE020219O,"10.1021/JE020219O|LiPF6|0.3704|mol/kg|w|0,0.8,0,0,0.2,0,0,0,0,0,0,0,0,0,0,0,0,0,0,0,0,0,0,0,0,0,0,0,0,0,0,0,0,0,0,0,0,0",3,fixed_target_router,0.9998262474544124,0.9923583583194207,0.007467889134991745,332.15,4,160.0,
10.1021/JE020219O,"10.1021/JE020219O|LiPF6|0.2848|mol/kg|w|0,0.8,0,0,0.2,0,0,0,0,0,0,0,0,0,0,0,0,0,0,0,0,0,0,0,0,0,0,0,0,0,0,0,0,0,0,0,0,0",3,fixed_target_router,0.9318645134920318,0.9312298507428068,0.0006346627492249679,332.15,4,160.0,
10.1021/JE020219O,"10.1021/JE020219O|LiPF6|2.1265|mol/kg|w|0,0.7,0,0,0.3,0,0,0,0,0,0,0,0,0,0,0,0,0,0,0,0,0,0,0,0,0,0,0,0,0,0,0,0,0,0,0,0,0",3,fixed_target_router,0.8856438718357639,0.8642674858194115,0.02137638601635239,332.15,4,160.0,
10.1021/JE020219O,"10.1021/JE020219O|LiPF6|1.9194|mol/kg|w|0,0.7,0,0,0.3,0,0,0,0,0,0,0,0,0,0,0,0,0,0,0,0,0,0,0,0,0,0,0,0,0,0,0,0,0,0,0,0,0",3,fixed_target_router,0.9436923271060167,0.9159312335362408,0.027761093569775852,332.15,4,160.0,
10.1021/JE020219O,"10.1021/JE020219O|LiPF6|1.4664|mol/kg|w|0,0.7,0,0,0.3,0,0,0,0,0,0,0,0,0,0,0,0,0,0,0,0,0,0,0,0,0,0,0,0,0,0,0,0,0,0,0,0,0",3,fixed_target_router,1.0561422620590524,1.0408058117439354,0.01533645031511699,332.15,4,160.0,
10.1021/JE020219O,"10.1021/JE020219O|LiPF6|1.2514|mol/kg|w|0,0.7,0,0,0.3,0,0,0,0,0,0,0,0,0,0,0,0,0,0,0,0,0,0,0,0,0,0,0,0,0,0,0,0,0,0,0,0,0",3,fixed_target_router,1.0965624383741355,1.0799434871883715,0.016618951185763953,332.15,4,160.0,
10.1021/JE020219O,"10.1021/JE020219O|LiPF6|1.0685|mol/kg|w|0,0.7,0,0,0.3,0,0,0,0,0,0,0,0,0,0,0,0,0,0,0,0,0,0,0,0,0,0,0,0,0,0,0,0,0,0,0,0,0",3,fixed_target_router,1.1176026916900843,1.0979070534357902,0.0196956382542941,332.15,4,160.0,
10.1021/JE020219O,"10.1021/JE020219O|LiPF6|0.9088|mol/kg|w|0,0.7,0,0,0.3,0,0,0,0,0,0,0,0,0,0,0,0,0,0,0,0,0,0,0,0,0,0,0,0,0,0,0,0,0,0,0,0,0",3,fixed_target_router,1.1231980750319988,1.1174155601841904,0.00578251484780834,332.15,4,160.0,
10.1021/JE020219O,"10.1021/JE020219O|LiPF6|0.6653|mol/kg|w|0,0.7,0,0,0.3,0,0,0,0,0,0,0,0,0,0,0,0,0,0,0,0,0,0,0,0,0,0,0,0,0,0,0,0,0,0,0,0,0",3,fixed_target_router,1.104145550554008,1.0861089690998957,0.018036581454112355,332.15,4,160.0,
10.1021/JE020219O,"10.1021/JE020219O|LiPF6|0.5658|mol/kg|w|0,0.7,0,0,0.3,0,0,0,0,0,0,0,0,0,0,0,0,0,0,0,0,0,0,0,0,0,0,0,0,0,0,0,0,0,0,0,0,0",3,fixed_target_router,1.0791812460476249,1.0610062686170343,0.0181749774305906,332.15,4,160.0,
10.1021/JE020219O,"10.1021/JE020219O|LiPF6|0.3992|mol/kg|w|0,0.7,0,0,0.3,0,0,0,0,0,0,0,0,0,0,0,0,0,0,0,0,0,0,0,0,0,0,0,0,0,0,0,0,0,0,0,0,0",3,fixed_target_router,1.00774777800074,1.0109429524335434,0.0031951744328033715,332.15,4,160.0,
10.1021/JE020219O,"10.1021/JE020219O|LiPF6|0.302|mol/kg|w|0,0.7,0,0,0.3,0,0,0,0,0,0,0,0,0,0,0,0,0,0,0,0,0,0,0,0,0,0,0,0,0,0,0,0,0,0,0,0,0",3,fixed_target_router,0.9435439771534544,0.9476220776628197,0.004078100509365301,332.15,4,160.0,
10.1021/JE020219O,"10.1021/JE020219O|LiPF6|2.3304|mol/kg|w|0,0.6,0,0,0.4,0,0,0,0,0,0,0,0,0,0,0,0,0,0,0,0,0,0,0,0,0,0,0,0,0,0,0,0,0,0,0,0,0",3,fixed_target_router,0.8391007827071532,0.8219976782547813,0.017103104452371842,332.15,4,160.0,
10.1021/JE020219O,"10.1021/JE020219O|LiPF6|2.1375|mol/kg|w|0,0.6,0,0,0.4,0,0,0,0,0,0,0,0,0,0,0,0,0,0,0,0,0,0,0,0,0,0,0,0,0,0,0,0,0,0,0,0,0",3,fixed_target_router,0.899984562549391,0.8814933338860651,0.018491228663325865,332.15,4,160.0,
10.1021/JE020219O,"10.1021/JE020219O|LiPF6|1.7328|mol/kg|w|0,0.6,0,0,0.4,0,0,0,0,0,0,0,0,0,0,0,0,0,0,0,0,0,0,0,0,0,0,0,0,0,0,0,0,0,0,0,0,0",3,fixed_target_router,1.0051805125037803,0.9846718712973336,0.020508641206446687,332.15,4,160.0,
10.1021/JE020219O,"10.1021/JE020219O|LiPF6|1.5041|mol/kg|w|0,0.6,0,0,0.4,0,0,0,0,0,0,0,0,0,0,0,0,0,0,0,0,0,0,0,0,0,0,0,0,0,0,0,0,0,0,0,0,0",3,fixed_target_router,1.052693941924968,1.0470188876868023,0.005675054238165611,332.15,4,160.0,
10.1021/JE020219O,"10.1021/JE020219O|LiPF6|1.2952|mol/kg|w|0,0.6,0,0,0.4,0,0,0,0,0,0,0,0,0,0,0,0,0,0,0,0,0,0,0,0,0,0,0,0,0,0,0,0,0,0,0,0,0",3,fixed_target_router,1.0906107078284066,1.0673681261139683,0.02324258171443838,332.15,4,160.0,
10.1021/JE020219O,"10.1021/JE020219O|LiPF6|1.1019|mol/kg|w|0,0.6,0,0,0.4,0,0,0,0,0,0,0,0,0,0,0,0,0,0,0,0,0,0,0,0,0,0,0,0,0,0,0,0,0,0,0,0,0",3,fixed_target_router,1.1122697684172707,1.1018730687498148,0.010396699667455822,332.15,4,160.0,
10.1021/JE020219O,"10.1021/JE020219O|LiPF6|0.7987|mol/kg|w|0,0.6,0,0,0.4,0,0,0,0,0,0,0,0,0,0,0,0,0,0,0,0,0,0,0,0,0,0,0,0,0,0,0,0,0,0,0,0,0",3,fixed_target_router,1.1126050015345745,1.107925072761788,0.004679928772786557,332.15,4,160.0,
10.1021/JE020219O,"10.1021/JE020219O|LiPF6|0.6859|mol/kg|w|0,0.6,0,0,0.4,0,0,0,0,0,0,0,0,0,0,0,0,0,0,0,0,0,0,0,0,0,0,0,0,0,0,0,0,0,0,0,0,0",3,fixed_target_router,1.0989896394011773,1.0994913060238545,0.0005016666226771438,332.15,4,160.0,
10.1021/JE020219O,"10.1021/JE020219O|LiPF6|0.5857|mol/kg|w|0,0.6,0,0,0.4,0,0,0,0,0,0,0,0,0,0,0,0,0,0,0,0,0,0,0,0,0,0,0,0,0,0,0,0,0,0,0,0,0",3,fixed_target_router,1.0773679052841565,1.0764554494555263,0.0009124558286301987,332.15,4,160.0,
10.1021/JE020219O,"10.1021/JE020219O|LiPF6|0.4233|mol/kg|w|0,0.6,0,0,0.4,0,0,0,0,0,0,0,0,0,0,0,0,0,0,0,0,0,0,0,0,0,0,0,0,0,0,0,0,0,0,0,0,0",3,fixed_target_router,1.0153597554092142,1.0189132592992658,0.0035535038900516014,332.15,4,160.0,
10.1021/JE020219O,"10.1021/JE020219O|LiPF6|0.3256|mol/kg|w|0,0.6,0,0,0.4,0,0,0,0,0,0,0,0,0,0,0,0,0,0,0,0,0,0,0,0,0,0,0,0,0,0,0,0,0,0,0,0,0",3,fixed_target_router,0.951823035315912,0.958231798943318,0.0064087636274060555,332.15,4,160.0,
10.1021/JE020219O,"10.1021/JE020219O|LiPF6|2.3128|mol/kg|w|0,0.5,0,0,0.5,0,0,0,0,0,0,0,0,0,0,0,0,0,0,0,0,0,0,0,0,0,0,0,0,0,0,0,0,0,0,0,0,0",3,fixed_target_router,0.8620120512502166,0.8499442686711298,0.012067782579086805,332.15,4,160.0,
10.1021/JE020219O,"10.1021/JE020219O|LiPF6|1.7117|mol/kg|w|0,0.5,0,0,0.5,0,0,0,0,0,0,0,0,0,0,0,0,0,0,0,0,0,0,0,0,0,0,0,0,0,0,0,0,0,0,0,0,0",3,fixed_target_router,1.0141003215196205,1.0050329572932846,0.009067364226335917,332.15,4,160.0,
10.1021/JE020219O,"10.1021/JE020219O|LiPF6|1.4766|mol/kg|w|0,0.5,0,0,0.5,0,0,0,0,0,0,0,0,0,0,0,0,0,0,0,0,0,0,0,0,0,0,0,0,0,0,0,0,0,0,0,0,0",3,fixed_target_router,1.0546130545568877,1.0433972570448733,0.011215797512014403,332.15,4,160.0,
10.1021/JE020219O,"10.1021/JE020219O|LiPF6|1.2604|mol/kg|w|0,0.5,0,0,0.5,0,0,0,0,0,0,0,0,0,0,0,0,0,0,0,0,0,0,0,0,0,0,0,0,0,0,0,0,0,0,0,0,0",3,fixed_target_router,1.0863598306747482,1.0775702999784766,0.00878953069627153,332.15,4,160.0,
10.1021/JE020219O,"10.1021/JE020219O|LiPF6|1.0593|mol/kg|w|0,0.5,0,0,0.5,0,0,0,0,0,0,0,0,0,0,0,0,0,0,0,0,0,0,0,0,0,0,0,0,0,0,0,0,0,0,0,0,0",3,fixed_target_router,1.1017470739463662,1.0982289147600526,0.0035181591863135964,332.15,4,160.0,
10.1021/JE020219O,"10.1021/JE020219O|LiPF6|0.8937|mol/kg|w|0,0.5,0,0,0.5,0,0,0,0,0,0,0,0,0,0,0,0,0,0,0,0,0,0,0,0,0,0,0,0,0,0,0,0,0,0,0,0,0",3,fixed_target_router,1.1010593549081156,1.1017749964006573,0.0007156414925417742,332.15,4,160.0,
10.1021/JE020219O,"10.1021/JE020219O|LiPF6|0.6541|mol/kg|w|0,0.5,0,0,0.5,0,0,0,0,0,0,0,0,0,0,0,0,0,0,0,0,0,0,0,0,0,0,0,0,0,0,0,0,0,0,0,0,0",3,fixed_target_router,1.0722498976135149,1.0778198035137858,0.005569905900270955,332.15,4,160.0,
10.1021/JE020219O,"10.1021/JE020219O|LiPF6|0.5547|mol/kg|w|0,0.5,0,0,0.5,0,0,0,0,0,0,0,0,0,0,0,0,0,0,0,0,0,0,0,0,0,0,0,0,0,0,0,0,0,0,0,0,0",3,fixed_target_router,1.0461047872460387,1.053761013829519,0.007656226583480308,332.15,4,160.0,
10.1021/JE020219O,"10.1021/JE020219O|LiPF6|0.3855|mol/kg|w|0,0.5,0,0,0.5,0,0,0,0,0,0,0,0,0,0,0,0,0,0,0,0,0,0,0,0,0,0,0,0,0,0,0,0,0,0,0,0,0",3,fixed_target_router,0.9702073588068546,0.9813854971079272,0.011178138301072615,332.15,4,160.0,
10.1021/JE020219O,"10.1021/JE020219O|LiPF6|2.3386|mol/kg|w|0,0.4,0,0,0.6,0,0,0,0,0,0,0,0,0,0,0,0,0,0,0,0,0,0,0,0,0,0,0,0,0,0,0,0,0,0,0,0,0",3,fixed_target_router,0.8629657589777625,0.856789388443755,0.006176370534007547,332.15,4,160.0,
10.1021/JE020219O,"10.1021/JE020219O|LiPF6|1.9321|mol/kg|w|0,0.4,0,0,0.6,0,0,0,0,0,0,0,0,0,0,0,0,0,0,0,0,0,0,0,0,0,0,0,0,0,0,0,0,0,0,0,0,0",3,fixed_target_router,0.9577987749299979,0.9537927471743899,0.004006027755607988,332.15,4,160.0,
10.1021/JE020219O,"10.1021/JE020219O|LiPF6|1.7176|mol/kg|w|0,0.4,0,0,0.6,0,0,0,0,0,0,0,0,0,0,0,0,0,0,0,0,0,0,0,0,0,0,0,0,0,0,0,0,0,0,0,0,0",3,fixed_target_router,1.0056094453602804,0.9801126172836953,0.025496828076585154,332.15,4,160.0,
10.1021/JE020219O,"10.1021/JE020219O|LiPF6|1.4605|mol/kg|w|0,0.4,0,0,0.6,0,0,0,0,0,0,0,0,0,0,0,0,0,0,0,0,0,0,0,0,0,0,0,0,0,0,0,0,0,0,0,0,0",3,fixed_target_router,1.0413926851582251,1.0372738743369276,0.004118810821297503,332.15,4,160.0,
10.1021/JE020219O,"10.1021/JE020219O|LiPF6|1.2325|mol/kg|w|0,0.4,0,0,0.6,0,0,0,0,0,0,0,0,0,0,0,0,0,0,0,0,0,0,0,0,0,0,0,0,0,0,0,0,0,0,0,0,0",3,fixed_target_router,1.0666985504229953,1.0641499030866997,0.002548647336295673,332.15,4,160.0,
10.1021/JE020219O,"10.1021/JE020219O|LiPF6|1.0464|mol/kg|w|0,0.4,0,0,0.6,0,0,0,0,0,0,0,0,0,0,0,0,0,0,0,0,0,0,0,0,0,0,0,0,0,0,0,0,0,0,0,0,0",3,fixed_target_router,1.0737183503461227,1.075853991808636,0.002135641462513327,332.15,4,160.0,
10.1021/JE020219O,"10.1021/JE020219O|LiPF6|0.8843|mol/kg|w|0,0.4,0,0,0.6,0,0,0,0,0,0,0,0,0,0,0,0,0,0,0,0,0,0,0,0,0,0,0,0,0,0,0,0,0,0,0,0,0",3,fixed_target_router,1.06781451116184,1.0733609600308402,0.005546448869000242,332.15,4,160.0,
10.1021/JE020219O,"10.1021/JE020219O|LiPF6|0.7501|mol/kg|w|0,0.4,0,0,0.6,0,0,0,0,0,0,0,0,0,0,0,0,0,0,0,0,0,0,0,0,0,0,0,0,0,0,0,0,0,0,0,0,0",3,fixed_target_router,1.0523090996473234,1.0625055834822101,0.010196483834886694,332.15,4,160.0,
10.1021/JE020219O,"10.1021/JE020219O|LiPF6|0.6372|mol/kg|w|0,0.4,0,0,0.6,0,0,0,0,0,0,0,0,0,0,0,0,0,0,0,0,0,0,0,0,0,0,0,0,0,0,0,0,0,0,0,0,0",3,fixed_target_router,1.0297894708318556,1.0414787532636005,0.01168928243174494,332.15,4,160.0,
10.1021/JE020219O,"10.1021/JE020219O|LiPF6|0.3622|mol/kg|w|0,0.4,0,0,0.6,0,0,0,0,0,0,0,0,0,0,0,0,0,0,0,0,0,0,0,0,0,0,0,0,0,0,0,0,0,0,0,0,0",3,fixed_target_router,0.9100905455940682,0.9098113582868355,0.0002791873072327533,332.15,4,160.0,
10.1021/JE020219O,"10.1021/JE020219O|LiPF6|2.3162|mol/kg|w|0,0.3,0,0,0.7,0,0,0,0,0,0,0,0,0,0,0,0,0,0,0,0,0,0,0,0,0,0,0,0,0,0,0,0,0,0,0,0,0",3,fixed_target_router,0.8675853265470362,0.8650185497409018,0.0025667768061344853,332.15,4,160.0,
10.1021/JE020219O,"10.1021/JE020219O|LiPF6|2.13|mol/kg|w|0,0.3,0,0,0.7,0,0,0,0,0,0,0,0,0,0,0,0,0,0,0,0,0,0,0,0,0,0,0,0,0,0,0,0,0,0,0,0,0",3,fixed_target_router,0.9105710484812585,0.9103883243742925,0.0001827241069659591,332.15,4,160.0,
10.1021/JE020219O,"10.1021/JE020219O|LiPF6|1.9264|mol/kg|w|0,0.3,0,0,0.7,0,0,0,0,0,0,0,0,0,0,0,0,0,0,0,0,0,0,0,0,0,0,0,0,0,0,0,0,0,0,0,0,0",3,fixed_target_router,0.9462557071993973,0.9447438707428283,0.001511836456569049,332.15,4,160.0,
10.1021/JE020219O,"10.1021/JE020219O|LiPF6|1.7204|mol/kg|w|0,0.3,0,0,0.7,0,0,0,0,0,0,0,0,0,0,0,0,0,0,0,0,0,0,0,0,0,0,0,0,0,0,0,0,0,0,0,0,0",3,fixed_target_router,0.982361701633147,0.9769527165361686,0.005408985096978403,332.15,4,160.0,
10.1021/JE020219O,"10.1021/JE020219O|LiPF6|1.4776|mol/kg|w|0,0.3,0,0,0.7,0,0,0,0,0,0,0,0,0,0,0,0,0,0,0,0,0,0,0,0,0,0,0,0,0,0,0,0,0,0,0,0,0",3,fixed_target_router,1.0098756337121602,1.0091273594832761,0.0007482742288840161,332.15,4,160.0,
10.1021/JE020219O,"10.1021/JE020219O|LiPF6|1.2541|mol/kg|w|0,0.3,0,0,0.7,0,0,0,0,0,0,0,0,0,0,0,0,0,0,0,0,0,0,0,0,0,0,0,0,0,0,0,0,0,0,0,0,0",3,fixed_target_router,1.0257153839013406,1.028257839396781,0.002542455495440299,332.15,4,160.0,
10.1021/JE020219O,"10.1021/JE020219O|LiPF6|1.0635|mol/kg|w|0,0.3,0,0,0.7,0,0,0,0,0,0,0,0,0,0,0,0,0,0,0,0,0,0,0,0,0,0,0,0,0,0,0,0,0,0,0,0,0",3,fixed_target_router,1.0265332645232967,1.0338999889544664,0.007366724431169702,332.15,4,160.0,
10.1021/JE020219O,"10.1021/JE020219O|LiPF6|0.764|mol/kg|w|0,0.3,0,0,0.7,0,0,0,0,0,0,0,0,0,0,0,0,0,0,0,0,0,0,0,0,0,0,0,0,0,0,0,0,0,0,0,0,0",3,fixed_target_router,0.9931274851057101,1.0106364511776564,0.017508966071946297,332.15,4,160.0,
10.1021/JE020219O,"10.1021/JE020219O|LiPF6|0.6483|mol/kg|w|0,0.3,0,0,0.7,0,0,0,0,0,0,0,0,0,0,0,0,0,0,0,0,0,0,0,0,0,0,0,0,0,0,0,0,0,0,0,0,0",3,fixed_target_router,0.9653898702151223,0.9704274498945185,0.005037579679396109,332.15,4,160.0,
10.1021/JE020219O,"10.1021/JE020219O|LiPF6|0.55|mol/kg|w|0,0.3,0,0,0.7,0,0,0,0,0,0,0,0,0,0,0,0,0,0,0,0,0,0,0,0,0,0,0,0,0,0,0,0,0,0,0,0,0",3,fixed_target_router,0.9320169064342013,0.9312661176789245,0.0007507887552767878,332.15,4,160.0,
10.1021/JE020219O,"10.1021/JE020219O|LiPF6|0.4612|mol/kg|w|0,0.3,0,0,0.7,0,0,0,0,0,0,0,0,0,0,0,0,0,0,0,0,0,0,0,0,0,0,0,0,0,0,0,0,0,0,0,0,0",3,fixed_target_router,0.8918161195248605,0.8936195822119652,0.00180346268710474,332.15,4,160.0,
10.1021/JE020219O,"10.1021/JE020219O|LiPF6|0.3773|mol/kg|w|0,0.3,0,0,0.7,0,0,0,0,0,0,0,0,0,0,0,0,0,0,0,0,0,0,0,0,0,0,0,0,0,0,0,0,0,0,0,0,0",3,fixed_target_router,0.8402943316114362,0.8464598144620485,0.006165482850612358,332.15,4,160.0,
10.1021/JE020219O,"10.1021/JE020219O|LiPF6|0.2585|mol/kg|w|0,0.3,0,0,0.7,0,0,0,0,0,0,0,0,0,0,0,0,0,0,0,0,0,0,0,0,0,0,0,0,0,0,0,0,0,0,0,0,0",3,fixed_target_router,0.7329563695756246,0.7431926554064977,0.010236285830873104,332.15,4,160.0,
10.1021/JE020219O,"10.1021/JE020219O|LiPF6|1.9123|mol/kg|w|0,1,0,0,0,0,0,0,0,0,0,0,0,0,0,0,0,0,0,0,0,0,0,0,0,0,0,0,0,0,0,0,0,0,0,0,0,0",4,fixed_target_router,0.8671727511786498,0.9065211482887365,0.03934839711008675,332.15,4,160.0,
10.1021/JE020219O,"10.1021/JE020219O|LiPF6|1.6827|mol/kg|w|0,1,0,0,0,0,0,0,0,0,0,0,0,0,0,0,0,0,0,0,0,0,0,0,0,0,0,0,0,0,0,0,0,0,0,0,0,0",4,fixed_target_router,0.9384696883676453,0.9628031319272812,0.024333443559635848,332.15,4,160.0,
10.1021/JE020219O,"10.1021/JE020219O|LiPF6|1.445|mol/kg|w|0,1,0,0,0,0,0,0,0,0,0,0,0,0,0,0,0,0,0,0,0,0,0,0,0,0,0,0,0,0,0,0,0,0,0,0,0,0",4,fixed_target_router,1.0021660617565078,1.0271230110391258,0.024956949282618046,332.15,4,160.0,
10.1021/JE020219O,"10.1021/JE020219O|LiPF6|1.2341|mol/kg|w|0,1,0,0,0,0,0,0,0,0,0,0,0,0,0,0,0,0,0,0,0,0,0,0,0,0,0,0,0,0,0,0,0,0,0,0,0,0",4,fixed_target_router,1.0511525224473812,1.0624144801190856,0.011261957671704348,332.15,4,160.0,
10.1021/JE020219O,"10.1021/JE020219O|LiPF6|0.9089|mol/kg|w|0,1,0,0,0,0,0,0,0,0,0,0,0,0,0,0,0,0,0,0,0,0,0,0,0,0,0,0,0,0,0,0,0,0,0,0,0,0",4,fixed_target_router,1.089551882886454,1.0953463506423022,0.005794467755848132,332.15,4,160.0,
10.1021/JE020219O,"10.1021/JE020219O|LiPF6|0.7799|mol/kg|w|0,1,0,0,0,0,0,0,0,0,0,0,0,0,0,0,0,0,0,0,0,0,0,0,0,0,0,0,0,0,0,0,0,0,0,0,0,0",4,fixed_target_router,1.0888445627270043,1.092721730793154,0.0038771680661497943,332.15,4,160.0,
10.1021/JE020219O,"10.1021/JE020219O|LiPF6|0.6659|mol/kg|w|0,1,0,0,0,0,0,0,0,0,0,0,0,0,0,0,0,0,0,0,0,0,0,0,0,0,0,0,0,0,0,0,0,0,0,0,0,0",4,fixed_target_router,1.077731179652392,1.0798121868497648,0.0020810071973726973,332.15,4,160.0,
10.1021/JE020219O,"10.1021/JE020219O|LiPF6|0.5661|mol/kg|w|0,1,0,0,0,0,0,0,0,0,0,0,0,0,0,0,0,0,0,0,0,0,0,0,0,0,0,0,0,0,0,0,0,0,0,0,0,0",4,fixed_target_router,1.0572856444182146,1.0582547199642358,0.0009690755460212142,332.15,4,160.0,
10.1021/JE020219O,"10.1021/JE020219O|LiPF6|0.4759|mol/kg|w|0,1,0,0,0,0,0,0,0,0,0,0,0,0,0,0,0,0,0,0,0,0,0,0,0,0,0,0,0,0,0,0,0,0,0,0,0,0",4,fixed_target_router,1.02816441942447,1.0280893873089443,7.50321155256195e-05,332.15,4,160.0,
10.1021/JE020219O,"10.1021/JE020219O|LiPF6|0.2801|mol/kg|w|0,1,0,0,0,0,0,0,0,0,0,0,0,0,0,0,0,0,0,0,0,0,0,0,0,0,0,0,0,0,0,0,0,0,0,0,0,0",4,fixed_target_router,0.9025467793139914,0.8996595553166785,0.0028872239973128933,332.15,4,160.0,
10.1021/JE020219O,"10.1021/JE020219O|LiPF6|2.1311|mol/kg|w|0,0.9,0,0,0.1,0,0,0,0,0,0,0,0,0,0,0,0,0,0,0,0,0,0,0,0,0,0,0,0,0,0,0,0,0,0,0,0,0",4,fixed_target_router,0.8326366275967033,0.8693657410074804,0.036729113410777114,332.15,4,160.0,
10.1021/JE020219O,"10.1021/JE020219O|LiPF6|1.9117|mol/kg|w|0,0.9,0,0,0.1,0,0,0,0,0,0,0,0,0,0,0,0,0,0,0,0,0,0,0,0,0,0,0,0,0,0,0,0,0,0,0,0,0",4,fixed_target_router,0.8953120244757873,0.9263444803553194,0.031032455879532073,332.15,4,160.0,
10.1021/JE020219O,"10.1021/JE020219O|LiPF6|1.6929|mol/kg|w|0,0.9,0,0,0.1,0,0,0,0,0,0,0,0,0,0,0,0,0,0,0,0,0,0,0,0,0,0,0,0,0,0,0,0,0,0,0,0,0",4,fixed_target_router,0.9664702637292844,0.9879075826127806,0.021437318883496204,332.15,4,160.0,
10.1021/JE020219O,"10.1021/JE020219O|LiPF6|1.4535|mol/kg|w|0,0.9,0,0,0.1,0,0,0,0,0,0,0,0,0,0,0,0,0,0,0,0,0,0,0,0,0,0,0,0,0,0,0,0,0,0,0,0,0",4,fixed_target_router,1.0261245167454502,1.0485530737801014,0.022428557034651186,332.15,4,160.0,
10.1021/JE020219O,"10.1021/JE020219O|LiPF6|1.2271|mol/kg|w|0,0.9,0,0,0.1,0,0,0,0,0,0,0,0,0,0,0,0,0,0,0,0,0,0,0,0,0,0,0,0,0,0,0,0,0,0,0,0,0",4,fixed_target_router,1.0751818546186915,1.0845006203466325,0.009318765727940992,332.15,4,160.0,
10.1021/JE020219O,"10.1021/JE020219O|LiPF6|1.0532|mol/kg|w|0,0.9,0,0,0.1,0,0,0,0,0,0,0,0,0,0,0,0,0,0,0,0,0,0,0,0,0,0,0,0,0,0,0,0,0,0,0,0,0",4,fixed_target_router,1.0996806411092501,1.1058955738647482,0.006214932755498115,332.15,4,160.0,
10.1021/JE020219O,"10.1021/JE020219O|LiPF6|0.8954|mol/kg|w|0,0.9,0,0,0.1,0,0,0,0,0,0,0,0,0,0,0,0,0,0,0,0,0,0,0,0,0,0,0,0,0,0,0,0,0,0,0,0,0",4,fixed_target_router,1.1092409685882032,1.1131322135130375,0.0038912449248342806,332.15,4,160.0,
10.1021/JE020219O,"10.1021/JE020219O|LiPF6|0.7652|mol/kg|w|0,0.9,0,0,0.1,0,0,0,0,0,0,0,0,0,0,0,0,0,0,0,0,0,0,0,0,0,0,0,0,0,0,0,0,0,0,0,0,0",4,fixed_target_router,1.1058506743851435,1.1082056987200064,0.0023550243348628985,332.15,4,160.0,
10.1021/JE020219O,"10.1021/JE020219O|LiPF6|0.4603|mol/kg|w|0,0.9,0,0,0.1,0,0,0,0,0,0,0,0,0,0,0,0,0,0,0,0,0,0,0,0,0,0,0,0,0,0,0,0,0,0,0,0,0",4,fixed_target_router,1.0374264979406236,1.0359534351131168,0.0014730628275068103,332.15,4,160.0,
10.1021/JE020219O,"10.1021/JE020219O|LiPF6|0.3839|mol/kg|w|0,0.9,0,0,0.1,0,0,0,0,0,0,0,0,0,0,0,0,0,0,0,0,0,0,0,0,0,0,0,0,0,0,0,0,0,0,0,0,0",4,fixed_target_router,0.9976921179417265,0.9956656877588055,0.002026430182921035,332.15,4,160.0,
10.1021/JE020219O,"10.1021/JE020219O|LiPF6|0.3086|mol/kg|w|0,0.9,0,0,0.1,0,0,0,0,0,0,0,0,0,0,0,0,0,0,0,0,0,0,0,0,0,0,0,0,0,0,0,0,0,0,0,0,0",4,fixed_target_router,0.9434450490250305,0.9400213482794147,0.00342370074561571,332.15,4,160.0,
10.1021/JE020219O,"10.1021/JE020219O|LiPF6|2.3728|mol/kg|w|0,0.8,0,0,0.2,0,0,0,0,0,0,0,0,0,0,0,0,0,0,0,0,0,0,0,0,0,0,0,0,0,0,0,0,0,0,0,0,0",4,fixed_target_router,0.7781512503836436,0.8159703286705104,0.037819078286866814,332.15,4,160.0,
10.1021/JE020219O,"10.1021/JE020219O|LiPF6|2.1648|mol/kg|w|0,0.8,0,0,0.2,0,0,0,0,0,0,0,0,0,0,0,0,0,0,0,0,0,0,0,0,0,0,0,0,0,0,0,0,0,0,0,0,0",4,fixed_target_router,0.8586574840908079,0.890327986840775,0.03167050274996708,332.15,4,160.0,
10.1021/JE020219O,"10.1021/JE020219O|LiPF6|1.9482|mol/kg|w|0,0.8,0,0,0.2,0,0,0,0,0,0,0,0,0,0,0,0,0,0,0,0,0,0,0,0,0,0,0,0,0,0,0,0,0,0,0,0,0",4,fixed_target_router,0.9159799141402244,0.9426493618922833,0.026669447752058928,332.15,4,160.0,
10.1021/JE020219O,"10.1021/JE020219O|LiPF6|1.7321|mol/kg|w|0,0.8,0,0,0.2,0,0,0,0,0,0,0,0,0,0,0,0,0,0,0,0,0,0,0,0,0,0,0,0,0,0,0,0,0,0,0,0,0",4,fixed_target_router,0.9824521513849896,1.0010069207167036,0.01855476933171396,332.15,4,160.0,
10.1021/JE020219O,"10.1021/JE020219O|LiPF6|1.4764|mol/kg|w|0,0.8,0,0,0.2,0,0,0,0,0,0,0,0,0,0,0,0,0,0,0,0,0,0,0,0,0,0,0,0,0,0,0,0,0,0,0,0,0",4,fixed_target_router,1.044539760392411,1.0648195876728492,0.02027982728043831,332.15,4,160.0,
10.1021/JE020219O,"10.1021/JE020219O|LiPF6|1.2444|mol/kg|w|0,0.8,0,0,0.2,0,0,0,0,0,0,0,0,0,0,0,0,0,0,0,0,0,0,0,0,0,0,0,0,0,0,0,0,0,0,0,0,0",4,fixed_target_router,1.0923696996291206,1.1003464153275353,0.007976715698414738,332.15,4,160.0,
10.1021/JE020219O,"10.1021/JE020219O|LiPF6|0.7537|mol/kg|w|0,0.8,0,0,0.2,0,0,0,0,0,0,0,0,0,0,0,0,0,0,0,0,0,0,0,0,0,0,0,0,0,0,0,0,0,0,0,0,0",4,fixed_target_router,1.1182647260894794,1.1197978266586937,0.0015331005692142963,332.15,4,160.0,
10.1021/JE020219O,"10.1021/JE020219O|LiPF6|0.6385|mol/kg|w|0,0.8,0,0,0.2,0,0,0,0,0,0,0,0,0,0,0,0,0,0,0,0,0,0,0,0,0,0,0,0,0,0,0,0,0,0,0,0,0",4,fixed_target_router,1.1024337056813363,1.10229143366826,0.00014227201307615012,332.15,4,160.0,
10.1021/JE020219O,"10.1021/JE020219O|LiPF6|0.538|mol/kg|w|0,0.8,0,0,0.2,0,0,0,0,0,0,0,0,0,0,0,0,0,0,0,0,0,0,0,0,0,0,0,0,0,0,0,0,0,0,0,0,0",4,fixed_target_router,1.0766404436703418,1.0760323740387359,0.0006080696316059786,332.15,4,160.0,
10.1021/JE020219O,"10.1021/JE020219O|LiPF6|0.4496|mol/kg|w|0,0.8,0,0,0.2,0,0,0,0,0,0,0,0,0,0,0,0,0,0,0,0,0,0,0,0,0,0,0,0,0,0,0,0,0,0,0,0,0",4,fixed_target_router,1.0433622780211296,1.0417100733556197,0.00165220466550986,332.15,4,160.0,
10.1021/JE020219O,"10.1021/JE020219O|LiPF6|0.3704|mol/kg|w|0,0.8,0,0,0.2,0,0,0,0,0,0,0,0,0,0,0,0,0,0,0,0,0,0,0,0,0,0,0,0,0,0,0,0,0,0,0,0,0",4,fixed_target_router,0.9998262474544124,0.9972631849024908,0.0025630625519216244,332.15,4,160.0,
10.1021/JE020219O,"10.1021/JE020219O|LiPF6|0.2848|mol/kg|w|0,0.8,0,0,0.2,0,0,0,0,0,0,0,0,0,0,0,0,0,0,0,0,0,0,0,0,0,0,0,0,0,0,0,0,0,0,0,0,0",4,fixed_target_router,0.9318645134920318,0.92822611678982,0.003638396702211777,332.15,4,160.0,
10.1021/JE020219O,"10.1021/JE020219O|LiPF6|2.1265|mol/kg|w|0,0.7,0,0,0.3,0,0,0,0,0,0,0,0,0,0,0,0,0,0,0,0,0,0,0,0,0,0,0,0,0,0,0,0,0,0,0,0,0",4,fixed_target_router,0.8856438718357639,0.9103383205754516,0.024694448739687735,332.15,4,160.0,
10.1021/JE020219O,"10.1021/JE020219O|LiPF6|1.9194|mol/kg|w|0,0.7,0,0,0.3,0,0,0,0,0,0,0,0,0,0,0,0,0,0,0,0,0,0,0,0,0,0,0,0,0,0,0,0,0,0,0,0,0",4,fixed_target_router,0.9436923271060167,0.9687574580104814,0.025065130904464716,332.15,4,160.0,
10.1021/JE020219O,"10.1021/JE020219O|LiPF6|1.4664|mol/kg|w|0,0.7,0,0,0.3,0,0,0,0,0,0,0,0,0,0,0,0,0,0,0,0,0,0,0,0,0,0,0,0,0,0,0,0,0,0,0,0,0",4,fixed_target_router,1.0561422620590524,1.073443568465617,0.017301306406564576,332.15,4,160.0,
10.1021/JE020219O,"10.1021/JE020219O|LiPF6|1.2514|mol/kg|w|0,0.7,0,0,0.3,0,0,0,0,0,0,0,0,0,0,0,0,0,0,0,0,0,0,0,0,0,0,0,0,0,0,0,0,0,0,0,0,0",4,fixed_target_router,1.0965624383741355,1.106541946557567,0.009979508183431518,332.15,4,160.0,
10.1021/JE020219O,"10.1021/JE020219O|LiPF6|1.0685|mol/kg|w|0,0.7,0,0,0.3,0,0,0,0,0,0,0,0,0,0,0,0,0,0,0,0,0,0,0,0,0,0,0,0,0,0,0,0,0,0,0,0,0",4,fixed_target_router,1.1176026916900843,1.120557286579594,0.0029545948895097762,332.15,4,160.0,
10.1021/JE020219O,"10.1021/JE020219O|LiPF6|0.9088|mol/kg|w|0,0.7,0,0,0.3,0,0,0,0,0,0,0,0,0,0,0,0,0,0,0,0,0,0,0,0,0,0,0,0,0,0,0,0,0,0,0,0,0",4,fixed_target_router,1.1231980750319988,1.1287114739477049,0.005513398915706125,332.15,4,160.0,
10.1021/JE020219O,"10.1021/JE020219O|LiPF6|0.6653|mol/kg|w|0,0.7,0,0,0.3,0,0,0,0,0,0,0,0,0,0,0,0,0,0,0,0,0,0,0,0,0,0,0,0,0,0,0,0,0,0,0,0,0",4,fixed_target_router,1.104145550554008,1.0992565534774592,0.004888997076548884,332.15,4,160.0,
10.1021/JE020219O,"10.1021/JE020219O|LiPF6|0.5658|mol/kg|w|0,0.7,0,0,0.3,0,0,0,0,0,0,0,0,0,0,0,0,0,0,0,0,0,0,0,0,0,0,0,0,0,0,0,0,0,0,0,0,0",4,fixed_target_router,1.0791812460476249,1.0715660160924485,0.007615229955176384,332.15,4,160.0,
10.1021/JE020219O,"10.1021/JE020219O|LiPF6|0.3992|mol/kg|w|0,0.7,0,0,0.3,0,0,0,0,0,0,0,0,0,0,0,0,0,0,0,0,0,0,0,0,0,0,0,0,0,0,0,0,0,0,0,0,0",4,fixed_target_router,1.00774777800074,1.0141177071197882,0.006369929119048212,332.15,4,160.0,
10.1021/JE020219O,"10.1021/JE020219O|LiPF6|0.302|mol/kg|w|0,0.7,0,0,0.3,0,0,0,0,0,0,0,0,0,0,0,0,0,0,0,0,0,0,0,0,0,0,0,0,0,0,0,0,0,0,0,0,0",4,fixed_target_router,0.9435439771534544,0.9436816901420828,0.0001377129886284134,332.15,4,160.0,
10.1021/JE020219O,"10.1021/JE020219O|LiPF6|2.3304|mol/kg|w|0,0.6,0,0,0.4,0,0,0,0,0,0,0,0,0,0,0,0,0,0,0,0,0,0,0,0,0,0,0,0,0,0,0,0,0,0,0,0,0",4,fixed_target_router,0.8391007827071532,0.8612100985151827,0.02210931580802955,332.15,4,160.0,
10.1021/JE020219O,"10.1021/JE020219O|LiPF6|2.1375|mol/kg|w|0,0.6,0,0,0.4,0,0,0,0,0,0,0,0,0,0,0,0,0,0,0,0,0,0,0,0,0,0,0,0,0,0,0,0,0,0,0,0,0",4,fixed_target_router,0.899984562549391,0.9192362558926876,0.019251693343296683,332.15,4,160.0,
10.1021/JE020219O,"10.1021/JE020219O|LiPF6|1.7328|mol/kg|w|0,0.6,0,0,0.4,0,0,0,0,0,0,0,0,0,0,0,0,0,0,0,0,0,0,0,0,0,0,0,0,0,0,0,0,0,0,0,0,0",4,fixed_target_router,1.0051805125037803,1.0173705739659022,0.012190061462121982,332.15,4,160.0,
10.1021/JE020219O,"10.1021/JE020219O|LiPF6|1.5041|mol/kg|w|0,0.6,0,0,0.4,0,0,0,0,0,0,0,0,0,0,0,0,0,0,0,0,0,0,0,0,0,0,0,0,0,0,0,0,0,0,0,0,0",4,fixed_target_router,1.052693941924968,1.068167107659912,0.015473165734944061,332.15,4,160.0,
10.1021/JE020219O,"10.1021/JE020219O|LiPF6|1.2952|mol/kg|w|0,0.6,0,0,0.4,0,0,0,0,0,0,0,0,0,0,0,0,0,0,0,0,0,0,0,0,0,0,0,0,0,0,0,0,0,0,0,0,0",4,fixed_target_router,1.0906107078284066,1.0968288437647304,0.00621813593632381,332.15,4,160.0,
10.1021/JE020219O,"10.1021/JE020219O|LiPF6|1.1019|mol/kg|w|0,0.6,0,0,0.4,0,0,0,0,0,0,0,0,0,0,0,0,0,0,0,0,0,0,0,0,0,0,0,0,0,0,0,0,0,0,0,0,0",4,fixed_target_router,1.1122697684172707,1.1161010783701215,0.0038313099528508587,332.15,4,160.0,
10.1021/JE020219O,"10.1021/JE020219O|LiPF6|0.7987|mol/kg|w|0,0.6,0,0,0.4,0,0,0,0,0,0,0,0,0,0,0,0,0,0,0,0,0,0,0,0,0,0,0,0,0,0,0,0,0,0,0,0,0",4,fixed_target_router,1.1126050015345745,1.1136984433562311,0.0010934418216566044,332.15,4,160.0,
10.1021/JE020219O,"10.1021/JE020219O|LiPF6|0.6859|mol/kg|w|0,0.6,0,0,0.4,0,0,0,0,0,0,0,0,0,0,0,0,0,0,0,0,0,0,0,0,0,0,0,0,0,0,0,0,0,0,0,0,0",4,fixed_target_router,1.0989896394011773,1.098459137285413,0.0005305021157644418,332.15,4,160.0,
10.1021/JE020219O,"10.1021/JE020219O|LiPF6|0.5857|mol/kg|w|0,0.6,0,0,0.4,0,0,0,0,0,0,0,0,0,0,0,0,0,0,0,0,0,0,0,0,0,0,0,0,0,0,0,0,0,0,0,0,0",4,fixed_target_router,1.0773679052841565,1.0757849166488296,0.0015829886353269096,332.15,4,160.0,
10.1021/JE020219O,"10.1021/JE020219O|LiPF6|0.4233|mol/kg|w|0,0.6,0,0,0.4,0,0,0,0,0,0,0,0,0,0,0,0,0,0,0,0,0,0,0,0,0,0,0,0,0,0,0,0,0,0,0,0,0",4,fixed_target_router,1.0153597554092142,1.0124855865566036,0.0028741688526106035,332.15,4,160.0,
10.1021/JE020219O,"10.1021/JE020219O|LiPF6|0.3256|mol/kg|w|0,0.6,0,0,0.4,0,0,0,0,0,0,0,0,0,0,0,0,0,0,0,0,0,0,0,0,0,0,0,0,0,0,0,0,0,0,0,0,0",4,fixed_target_router,0.951823035315912,0.9484130980704036,0.00340993724550831,332.15,4,160.0,
10.1021/JE020219O,"10.1021/JE020219O|LiPF6|2.3128|mol/kg|w|0,0.5,0,0,0.5,0,0,0,0,0,0,0,0,0,0,0,0,0,0,0,0,0,0,0,0,0,0,0,0,0,0,0,0,0,0,0,0,0",4,fixed_target_router,0.8620120512502166,0.8784142153500796,0.016402164099862948,332.15,4,160.0,
10.1021/JE020219O,"10.1021/JE020219O|LiPF6|1.7117|mol/kg|w|0,0.5,0,0,0.5,0,0,0,0,0,0,0,0,0,0,0,0,0,0,0,0,0,0,0,0,0,0,0,0,0,0,0,0,0,0,0,0,0",4,fixed_target_router,1.0141003215196205,1.0233879604234848,0.009287638903864304,332.15,4,160.0,
10.1021/JE020219O,"10.1021/JE020219O|LiPF6|1.4766|mol/kg|w|0,0.5,0,0,0.5,0,0,0,0,0,0,0,0,0,0,0,0,0,0,0,0,0,0,0,0,0,0,0,0,0,0,0,0,0,0,0,0,0",4,fixed_target_router,1.0546130545568877,1.0675680712218125,0.012955016664924823,332.15,4,160.0,
10.1021/JE020219O,"10.1021/JE020219O|LiPF6|1.2604|mol/kg|w|0,0.5,0,0,0.5,0,0,0,0,0,0,0,0,0,0,0,0,0,0,0,0,0,0,0,0,0,0,0,0,0,0,0,0,0,0,0,0,0",4,fixed_target_router,1.0863598306747482,1.0915005221694065,0.005140691494658345,332.15,4,160.0,
10.1021/JE020219O,"10.1021/JE020219O|LiPF6|1.0593|mol/kg|w|0,0.5,0,0,0.5,0,0,0,0,0,0,0,0,0,0,0,0,0,0,0,0,0,0,0,0,0,0,0,0,0,0,0,0,0,0,0,0,0",4,fixed_target_router,1.1017470739463662,1.1047321900624605,0.0029851161160943107,332.15,4,160.0,
10.1021/JE020219O,"10.1021/JE020219O|LiPF6|0.8937|mol/kg|w|0,0.5,0,0,0.5,0,0,0,0,0,0,0,0,0,0,0,0,0,0,0,0,0,0,0,0,0,0,0,0,0,0,0,0,0,0,0,0,0",4,fixed_target_router,1.1010593549081156,1.102690844262195,0.0016314893540794184,332.15,4,160.0,
10.1021/JE020219O,"10.1021/JE020219O|LiPF6|0.6541|mol/kg|w|0,0.5,0,0,0.5,0,0,0,0,0,0,0,0,0,0,0,0,0,0,0,0,0,0,0,0,0,0,0,0,0,0,0,0,0,0,0,0,0",4,fixed_target_router,1.0722498976135149,1.0719279495162979,0.00032194809721697304,332.15,4,160.0,
10.1021/JE020219O,"10.1021/JE020219O|LiPF6|0.5547|mol/kg|w|0,0.5,0,0,0.5,0,0,0,0,0,0,0,0,0,0,0,0,0,0,0,0,0,0,0,0,0,0,0,0,0,0,0,0,0,0,0,0,0",4,fixed_target_router,1.0461047872460387,1.0450832195720725,0.0010215676739662172,332.15,4,160.0,
10.1021/JE020219O,"10.1021/JE020219O|LiPF6|0.3855|mol/kg|w|0,0.5,0,0,0.5,0,0,0,0,0,0,0,0,0,0,0,0,0,0,0,0,0,0,0,0,0,0,0,0,0,0,0,0,0,0,0,0,0",4,fixed_target_router,0.9702073588068546,0.9674741322621496,0.002733226544704981,332.15,4,160.0,
10.1021/JE020219O,"10.1021/JE020219O|LiPF6|2.3386|mol/kg|w|0,0.4,0,0,0.6,0,0,0,0,0,0,0,0,0,0,0,0,0,0,0,0,0,0,0,0,0,0,0,0,0,0,0,0,0,0,0,0,0",4,fixed_target_router,0.8629657589777625,0.874671361303917,0.011705602326154474,332.15,4,160.0,
10.1021/JE020219O,"10.1021/JE020219O|LiPF6|1.9321|mol/kg|w|0,0.4,0,0,0.6,0,0,0,0,0,0,0,0,0,0,0,0,0,0,0,0,0,0,0,0,0,0,0,0,0,0,0,0,0,0,0,0,0",4,fixed_target_router,0.9577987749299979,0.9680352569548929,0.010236482024895022,332.15,4,160.0,
10.1021/JE020219O,"10.1021/JE020219O|LiPF6|1.7176|mol/kg|w|0,0.4,0,0,0.6,0,0,0,0,0,0,0,0,0,0,0,0,0,0,0,0,0,0,0,0,0,0,0,0,0,0,0,0,0,0,0,0,0",4,fixed_target_router,1.0056094453602804,1.0125186333682046,0.006909188007924172,332.15,4,160.0,
10.1021/JE020219O,"10.1021/JE020219O|LiPF6|1.4605|mol/kg|w|0,0.4,0,0,0.6,0,0,0,0,0,0,0,0,0,0,0,0,0,0,0,0,0,0,0,0,0,0,0,0,0,0,0,0,0,0,0,0,0",4,fixed_target_router,1.0413926851582251,1.0518938288094521,0.010501143651227007,332.15,4,160.0,
10.1021/JE020219O,"10.1021/JE020219O|LiPF6|1.2325|mol/kg|w|0,0.4,0,0,0.6,0,0,0,0,0,0,0,0,0,0,0,0,0,0,0,0,0,0,0,0,0,0,0,0,0,0,0,0,0,0,0,0,0",4,fixed_target_router,1.0666985504229953,1.0703959992193528,0.003697448796357472,332.15,4,160.0,
10.1021/JE020219O,"10.1021/JE020219O|LiPF6|1.0464|mol/kg|w|0,0.4,0,0,0.6,0,0,0,0,0,0,0,0,0,0,0,0,0,0,0,0,0,0,0,0,0,0,0,0,0,0,0,0,0,0,0,0,0",4,fixed_target_router,1.0737183503461227,1.0764863603010273,0.00276800995490456,332.15,4,160.0,
10.1021/JE020219O,"10.1021/JE020219O|LiPF6|0.8843|mol/kg|w|0,0.4,0,0,0.6,0,0,0,0,0,0,0,0,0,0,0,0,0,0,0,0,0,0,0,0,0,0,0,0,0,0,0,0,0,0,0,0,0",4,fixed_target_router,1.06781451116184,1.0696990549701593,0.0018845438083192612,332.15,4,160.0,
10.1021/JE020219O,"10.1021/JE020219O|LiPF6|0.7501|mol/kg|w|0,0.4,0,0,0.6,0,0,0,0,0,0,0,0,0,0,0,0,0,0,0,0,0,0,0,0,0,0,0,0,0,0,0,0,0,0,0,0,0",4,fixed_target_router,1.0523090996473234,1.0536374440345482,0.0013283443872247336,332.15,4,160.0,
10.1021/JE020219O,"10.1021/JE020219O|LiPF6|0.6372|mol/kg|w|0,0.4,0,0,0.6,0,0,0,0,0,0,0,0,0,0,0,0,0,0,0,0,0,0,0,0,0,0,0,0,0,0,0,0,0,0,0,0,0",4,fixed_target_router,1.0297894708318556,1.029760536082045,2.893474981058297e-05,332.15,4,160.0,
10.1021/JE020219O,"10.1021/JE020219O|LiPF6|0.3622|mol/kg|w|0,0.4,0,0,0.6,0,0,0,0,0,0,0,0,0,0,0,0,0,0,0,0,0,0,0,0,0,0,0,0,0,0,0,0,0,0,0,0,0",4,fixed_target_router,0.9100905455940682,0.9079782426133148,0.0021123029807533777,332.15,4,160.0,
10.1021/JE020219O,"10.1021/JE020219O|LiPF6|2.3162|mol/kg|w|0,0.3,0,0,0.7,0,0,0,0,0,0,0,0,0,0,0,0,0,0,0,0,0,0,0,0,0,0,0,0,0,0,0,0,0,0,0,0,0",4,fixed_target_router,0.8675853265470362,0.8749410904349082,0.007355763887871958,332.15,4,160.0,
10.1021/JE020219O,"10.1021/JE020219O|LiPF6|2.13|mol/kg|w|0,0.3,0,0,0.7,0,0,0,0,0,0,0,0,0,0,0,0,0,0,0,0,0,0,0,0,0,0,0,0,0,0,0,0,0,0,0,0,0",4,fixed_target_router,0.9105710484812585,0.9166859731700334,0.0061149246887749475,332.15,4,160.0,
10.1021/JE020219O,"10.1021/JE020219O|LiPF6|1.9264|mol/kg|w|0,0.3,0,0,0.7,0,0,0,0,0,0,0,0,0,0,0,0,0,0,0,0,0,0,0,0,0,0,0,0,0,0,0,0,0,0,0,0,0",4,fixed_target_router,0.9462557071993973,0.9532969806164082,0.007041273417010885,332.15,4,160.0,
10.1021/JE020219O,"10.1021/JE020219O|LiPF6|1.7204|mol/kg|w|0,0.3,0,0,0.7,0,0,0,0,0,0,0,0,0,0,0,0,0,0,0,0,0,0,0,0,0,0,0,0,0,0,0,0,0,0,0,0,0",4,fixed_target_router,0.982361701633147,0.9870423374705486,0.004680635837401637,332.15,4,160.0,
10.1021/JE020219O,"10.1021/JE020219O|LiPF6|1.4776|mol/kg|w|0,0.3,0,0,0.7,0,0,0,0,0,0,0,0,0,0,0,0,0,0,0,0,0,0,0,0,0,0,0,0,0,0,0,0,0,0,0,0,0",4,fixed_target_router,1.0098756337121602,1.0184993838225296,0.008623750110369421,332.15,4,160.0,
10.1021/JE020219O,"10.1021/JE020219O|LiPF6|1.2541|mol/kg|w|0,0.3,0,0,0.7,0,0,0,0,0,0,0,0,0,0,0,0,0,0,0,0,0,0,0,0,0,0,0,0,0,0,0,0,0,0,0,0,0",4,fixed_target_router,1.0257153839013406,1.0288323069757168,0.0031169230743761656,332.15,4,160.0,
10.1021/JE020219O,"10.1021/JE020219O|LiPF6|1.0635|mol/kg|w|0,0.3,0,0,0.7,0,0,0,0,0,0,0,0,0,0,0,0,0,0,0,0,0,0,0,0,0,0,0,0,0,0,0,0,0,0,0,0,0",4,fixed_target_router,1.0265332645232967,1.0289015379129485,0.0023682733896517316,332.15,4,160.0,
10.1021/JE020219O,"10.1021/JE020219O|LiPF6|0.764|mol/kg|w|0,0.3,0,0,0.7,0,0,0,0,0,0,0,0,0,0,0,0,0,0,0,0,0,0,0,0,0,0,0,0,0,0,0,0,0,0,0,0,0",4,fixed_target_router,0.9931274851057101,0.9950036291180605,0.001876144012350367,332.15,4,160.0,
10.1021/JE020219O,"10.1021/JE020219O|LiPF6|0.6483|mol/kg|w|0,0.3,0,0,0.7,0,0,0,0,0,0,0,0,0,0,0,0,0,0,0,0,0,0,0,0,0,0,0,0,0,0,0,0,0,0,0,0,0",4,fixed_target_router,0.9653898702151223,0.9666133752436455,0.0012235050285231974,332.15,4,160.0,
10.1021/JE020219O,"10.1021/JE020219O|LiPF6|0.55|mol/kg|w|0,0.3,0,0,0.7,0,0,0,0,0,0,0,0,0,0,0,0,0,0,0,0,0,0,0,0,0,0,0,0,0,0,0,0,0,0,0,0,0",4,fixed_target_router,0.9320169064342013,0.9327590361967827,0.0007421297625813672,332.15,4,160.0,
10.1021/JE020219O,"10.1021/JE020219O|LiPF6|0.4612|mol/kg|w|0,0.3,0,0,0.7,0,0,0,0,0,0,0,0,0,0,0,0,0,0,0,0,0,0,0,0,0,0,0,0,0,0,0,0,0,0,0,0,0",4,fixed_target_router,0.8918161195248605,0.8921275865426093,0.0003114670177487566,332.15,4,160.0,
10.1021/JE020219O,"10.1021/JE020219O|LiPF6|0.3773|mol/kg|w|0,0.3,0,0,0.7,0,0,0,0,0,0,0,0,0,0,0,0,0,0,0,0,0,0,0,0,0,0,0,0,0,0,0,0,0,0,0,0,0",4,fixed_target_router,0.8402943316114362,0.8404596160672726,0.00016528445583641194,332.15,4,160.0,
10.1021/JE020219O,"10.1021/JE020219O|LiPF6|0.2585|mol/kg|w|0,0.3,0,0,0.7,0,0,0,0,0,0,0,0,0,0,0,0,0,0,0,0,0,0,0,0,0,0,0,0,0,0,0,0,0,0,0,0,0",4,fixed_target_router,0.7329563695756246,0.7320184929728671,0.0009378766027574592,332.15,4,160.0,
10.1021/JE020219O,"10.1021/JE020219O|LiPF6|1.9123|mol/kg|w|0,1,0,0,0,0,0,0,0,0,0,0,0,0,0,0,0,0,0,0,0,0,0,0,0,0,0,0,0,0,0,0,0,0,0,0,0,0",5,fixed_target_router,0.8671727511786498,0.8934591143195081,0.026286363140858304,332.15,4,160.0,
10.1021/JE020219O,"10.1021/JE020219O|LiPF6|1.6827|mol/kg|w|0,1,0,0,0,0,0,0,0,0,0,0,0,0,0,0,0,0,0,0,0,0,0,0,0,0,0,0,0,0,0,0,0,0,0,0,0,0",5,fixed_target_router,0.9384696883676453,0.9537701783700163,0.015300490002370992,332.15,4,160.0,
10.1021/JE020219O,"10.1021/JE020219O|LiPF6|1.445|mol/kg|w|0,1,0,0,0,0,0,0,0,0,0,0,0,0,0,0,0,0,0,0,0,0,0,0,0,0,0,0,0,0,0,0,0,0,0,0,0,0",5,fixed_target_router,1.0021660617565078,1.017945962350211,0.015779900593703156,332.15,4,160.0,
10.1021/JE020219O,"10.1021/JE020219O|LiPF6|1.2341|mol/kg|w|0,1,0,0,0,0,0,0,0,0,0,0,0,0,0,0,0,0,0,0,0,0,0,0,0,0,0,0,0,0,0,0,0,0,0,0,0,0",5,fixed_target_router,1.0511525224473812,1.057795533967879,0.0066430115204978435,332.15,4,160.0,
10.1021/JE020219O,"10.1021/JE020219O|LiPF6|0.9089|mol/kg|w|0,1,0,0,0,0,0,0,0,0,0,0,0,0,0,0,0,0,0,0,0,0,0,0,0,0,0,0,0,0,0,0,0,0,0,0,0,0",5,fixed_target_router,1.089551882886454,1.0932761804220885,0.0037242975356344132,332.15,4,160.0,
10.1021/JE020219O,"10.1021/JE020219O|LiPF6|0.7799|mol/kg|w|0,1,0,0,0,0,0,0,0,0,0,0,0,0,0,0,0,0,0,0,0,0,0,0,0,0,0,0,0,0,0,0,0,0,0,0,0,0",5,fixed_target_router,1.0888445627270043,1.0914491354412512,0.0026045727142469666,332.15,4,160.0,
10.1021/JE020219O,"10.1021/JE020219O|LiPF6|0.6659|mol/kg|w|0,1,0,0,0,0,0,0,0,0,0,0,0,0,0,0,0,0,0,0,0,0,0,0,0,0,0,0,0,0,0,0,0,0,0,0,0,0",5,fixed_target_router,1.077731179652392,1.0791580226151718,0.0014268429627797286,332.15,4,160.0,
10.1021/JE020219O,"10.1021/JE020219O|LiPF6|0.5661|mol/kg|w|0,1,0,0,0,0,0,0,0,0,0,0,0,0,0,0,0,0,0,0,0,0,0,0,0,0,0,0,0,0,0,0,0,0,0,0,0,0",5,fixed_target_router,1.0572856444182146,1.0579081229242135,0.0006224785059989468,332.15,4,160.0,
10.1021/JE020219O,"10.1021/JE020219O|LiPF6|0.4759|mol/kg|w|0,1,0,0,0,0,0,0,0,0,0,0,0,0,0,0,0,0,0,0,0,0,0,0,0,0,0,0,0,0,0,0,0,0,0,0,0,0",5,fixed_target_router,1.02816441942447,1.0283380956584667,0.0001736762339967779,332.15,4,160.0,
10.1021/JE020219O,"10.1021/JE020219O|LiPF6|0.2801|mol/kg|w|0,1,0,0,0,0,0,0,0,0,0,0,0,0,0,0,0,0,0,0,0,0,0,0,0,0,0,0,0,0,0,0,0,0,0,0,0,0",5,fixed_target_router,0.9025467793139914,0.9006567603056509,0.0018900190083405155,332.15,4,160.0,
10.1021/JE020219O,"10.1021/JE020219O|LiPF6|2.1311|mol/kg|w|0,0.9,0,0,0.1,0,0,0,0,0,0,0,0,0,0,0,0,0,0,0,0,0,0,0,0,0,0,0,0,0,0,0,0,0,0,0,0,0",5,fixed_target_router,0.8326366275967033,0.8558306986687927,0.023194071072089373,332.15,4,160.0,
10.1021/JE020219O,"10.1021/JE020219O|LiPF6|1.9117|mol/kg|w|0,0.9,0,0,0.1,0,0,0,0,0,0,0,0,0,0,0,0,0,0,0,0,0,0,0,0,0,0,0,0,0,0,0,0,0,0,0,0,0",5,fixed_target_router,0.8953120244757873,0.9151531243611766,0.01984109988538929,332.15,4,160.0,
10.1021/JE020219O,"10.1021/JE020219O|LiPF6|1.6929|mol/kg|w|0,0.9,0,0,0.1,0,0,0,0,0,0,0,0,0,0,0,0,0,0,0,0,0,0,0,0,0,0,0,0,0,0,0,0,0,0,0,0,0",5,fixed_target_router,0.9664702637292844,0.9799484828296536,0.013478219100369282,332.15,4,160.0,
10.1021/JE020219O,"10.1021/JE020219O|LiPF6|1.4535|mol/kg|w|0,0.9,0,0,0.1,0,0,0,0,0,0,0,0,0,0,0,0,0,0,0,0,0,0,0,0,0,0,0,0,0,0,0,0,0,0,0,0,0",5,fixed_target_router,1.0261245167454502,1.0404314967823212,0.01430698003687092,332.15,4,160.0,
10.1021/JE020219O,"10.1021/JE020219O|LiPF6|1.2271|mol/kg|w|0,0.9,0,0,0.1,0,0,0,0,0,0,0,0,0,0,0,0,0,0,0,0,0,0,0,0,0,0,0,0,0,0,0,0,0,0,0,0,0",5,fixed_target_router,1.0751818546186915,1.080588062172309,0.005406207553617426,332.15,4,160.0,
10.1021/JE020219O,"10.1021/JE020219O|LiPF6|1.0532|mol/kg|w|0,0.9,0,0,0.1,0,0,0,0,0,0,0,0,0,0,0,0,0,0,0,0,0,0,0,0,0,0,0,0,0,0,0,0,0,0,0,0,0",5,fixed_target_router,1.0996806411092501,1.1034743328758512,0.0037936917666010483,332.15,4,160.0,
10.1021/JE020219O,"10.1021/JE020219O|LiPF6|0.8954|mol/kg|w|0,0.9,0,0,0.1,0,0,0,0,0,0,0,0,0,0,0,0,0,0,0,0,0,0,0,0,0,0,0,0,0,0,0,0,0,0,0,0,0",5,fixed_target_router,1.1092409685882032,1.111499422434248,0.002258453846044839,332.15,4,160.0,
10.1021/JE020219O,"10.1021/JE020219O|LiPF6|0.7652|mol/kg|w|0,0.9,0,0,0.1,0,0,0,0,0,0,0,0,0,0,0,0,0,0,0,0,0,0,0,0,0,0,0,0,0,0,0,0,0,0,0,0,0",5,fixed_target_router,1.1058506743851435,1.1072612082856246,0.0014105339004810702,332.15,4,160.0,
10.1021/JE020219O,"10.1021/JE020219O|LiPF6|0.4603|mol/kg|w|0,0.9,0,0,0.1,0,0,0,0,0,0,0,0,0,0,0,0,0,0,0,0,0,0,0,0,0,0,0,0,0,0,0,0,0,0,0,0,0",5,fixed_target_router,1.0374264979406236,1.036628775508723,0.0007977224319006826,332.15,4,160.0,
10.1021/JE020219O,"10.1021/JE020219O|LiPF6|0.3839|mol/kg|w|0,0.9,0,0,0.1,0,0,0,0,0,0,0,0,0,0,0,0,0,0,0,0,0,0,0,0,0,0,0,0,0,0,0,0,0,0,0,0,0",5,fixed_target_router,0.9976921179417265,0.9963766500663982,0.0013154678753283244,332.15,4,160.0,
10.1021/JE020219O,"10.1021/JE020219O|LiPF6|0.3086|mol/kg|w|0,0.9,0,0,0.1,0,0,0,0,0,0,0,0,0,0,0,0,0,0,0,0,0,0,0,0,0,0,0,0,0,0,0,0,0,0,0,0,0",5,fixed_target_router,0.9434450490250305,0.9411709725369141,0.0022740764881163944,332.15,4,160.0,
10.1021/JE020219O,"10.1021/JE020219O|LiPF6|2.3728|mol/kg|w|0,0.8,0,0,0.2,0,0,0,0,0,0,0,0,0,0,0,0,0,0,0,0,0,0,0,0,0,0,0,0,0,0,0,0,0,0,0,0,0",5,fixed_target_router,0.7781512503836436,0.8022121164022442,0.02406086601860058,332.15,4,160.0,
10.1021/JE020219O,"10.1021/JE020219O|LiPF6|2.1648|mol/kg|w|0,0.8,0,0,0.2,0,0,0,0,0,0,0,0,0,0,0,0,0,0,0,0,0,0,0,0,0,0,0,0,0,0,0,0,0,0,0,0,0",5,fixed_target_router,0.8586574840908079,0.8784851273518552,0.019827643261047356,332.15,4,160.0,
10.1021/JE020219O,"10.1021/JE020219O|LiPF6|1.9482|mol/kg|w|0,0.8,0,0,0.2,0,0,0,0,0,0,0,0,0,0,0,0,0,0,0,0,0,0,0,0,0,0,0,0,0,0,0,0,0,0,0,0,0",5,fixed_target_router,0.9159799141402244,0.9329275999542312,0.016947685814006852,332.15,4,160.0,
10.1021/JE020219O,"10.1021/JE020219O|LiPF6|1.7321|mol/kg|w|0,0.8,0,0,0.2,0,0,0,0,0,0,0,0,0,0,0,0,0,0,0,0,0,0,0,0,0,0,0,0,0,0,0,0,0,0,0,0,0",5,fixed_target_router,0.9824521513849896,0.9940459342116166,0.01159378282662693,332.15,4,160.0,
10.1021/JE020219O,"10.1021/JE020219O|LiPF6|1.4764|mol/kg|w|0,0.8,0,0,0.2,0,0,0,0,0,0,0,0,0,0,0,0,0,0,0,0,0,0,0,0,0,0,0,0,0,0,0,0,0,0,0,0,0",5,fixed_target_router,1.044539760392411,1.0575602128694772,0.013020452477066291,332.15,4,160.0,
10.1021/JE020219O,"10.1021/JE020219O|LiPF6|1.2444|mol/kg|w|0,0.8,0,0,0.2,0,0,0,0,0,0,0,0,0,0,0,0,0,0,0,0,0,0,0,0,0,0,0,0,0,0,0,0,0,0,0,0,0",5,fixed_target_router,1.0923696996291206,1.0967627093514483,0.004393009722327701,332.15,4,160.0,
10.1021/JE020219O,"10.1021/JE020219O|LiPF6|0.7537|mol/kg|w|0,0.8,0,0,0.2,0,0,0,0,0,0,0,0,0,0,0,0,0,0,0,0,0,0,0,0,0,0,0,0,0,0,0,0,0,0,0,0,0",5,fixed_target_router,1.1182647260894794,1.1192258668090005,0.0009611407195211363,332.15,4,160.0,
10.1021/JE020219O,"10.1021/JE020219O|LiPF6|0.6385|mol/kg|w|0,0.8,0,0,0.2,0,0,0,0,0,0,0,0,0,0,0,0,0,0,0,0,0,0,0,0,0,0,0,0,0,0,0,0,0,0,0,0,0",5,fixed_target_router,1.1024337056813363,1.1021015737174185,0.0003321319639177922,332.15,4,160.0,
10.1021/JE020219O,"10.1021/JE020219O|LiPF6|0.538|mol/kg|w|0,0.8,0,0,0.2,0,0,0,0,0,0,0,0,0,0,0,0,0,0,0,0,0,0,0,0,0,0,0,0,0,0,0,0,0,0,0,0,0",5,fixed_target_router,1.0766404436703418,1.0761592567588316,0.00048118691151022297,332.15,4,160.0,
10.1021/JE020219O,"10.1021/JE020219O|LiPF6|0.4496|mol/kg|w|0,0.8,0,0,0.2,0,0,0,0,0,0,0,0,0,0,0,0,0,0,0,0,0,0,0,0,0,0,0,0,0,0,0,0,0,0,0,0,0",5,fixed_target_router,1.0433622780211296,1.0424618732400603,0.0009004047810692306,332.15,4,160.0,
10.1021/JE020219O,"10.1021/JE020219O|LiPF6|0.3704|mol/kg|w|0,0.8,0,0,0.2,0,0,0,0,0,0,0,0,0,0,0,0,0,0,0,0,0,0,0,0,0,0,0,0,0,0,0,0,0,0,0,0,0",5,fixed_target_router,0.9998262474544124,0.998093781184901,0.0017324662695114013,332.15,4,160.0,
10.1021/JE020219O,"10.1021/JE020219O|LiPF6|0.2848|mol/kg|w|0,0.8,0,0,0.2,0,0,0,0,0,0,0,0,0,0,0,0,0,0,0,0,0,0,0,0,0,0,0,0,0,0,0,0,0,0,0,0,0",5,fixed_target_router,0.9318645134920318,0.9294395075597655,0.0024250059322663553,332.15,4,160.0,
10.1021/JE020219O,"10.1021/JE020219O|LiPF6|2.1265|mol/kg|w|0,0.7,0,0,0.3,0,0,0,0,0,0,0,0,0,0,0,0,0,0,0,0,0,0,0,0,0,0,0,0,0,0,0,0,0,0,0,0,0",5,fixed_target_router,0.8856438718357639,0.9009742501038651,0.015330378268101241,332.15,4,160.0,
10.1021/JE020219O,"10.1021/JE020219O|LiPF6|1.9194|mol/kg|w|0,0.7,0,0,0.3,0,0,0,0,0,0,0,0,0,0,0,0,0,0,0,0,0,0,0,0,0,0,0,0,0,0,0,0,0,0,0,0,0",5,fixed_target_router,0.9436923271060167,0.9605276635682731,0.016835336462256434,332.15,4,160.0,
10.1021/JE020219O,"10.1021/JE020219O|LiPF6|1.4664|mol/kg|w|0,0.7,0,0,0.3,0,0,0,0,0,0,0,0,0,0,0,0,0,0,0,0,0,0,0,0,0,0,0,0,0,0,0,0,0,0,0,0,0",5,fixed_target_router,1.0561422620590524,1.0673631031003075,0.011220841041255092,332.15,4,160.0,
10.1021/JE020219O,"10.1021/JE020219O|LiPF6|1.2514|mol/kg|w|0,0.7,0,0,0.3,0,0,0,0,0,0,0,0,0,0,0,0,0,0,0,0,0,0,0,0,0,0,0,0,0,0,0,0,0,0,0,0,0",5,fixed_target_router,1.0965624383741355,1.0981466662894197,0.001584227915284231,332.15,4,160.0,
10.1021/JE020219O,"10.1021/JE020219O|LiPF6|1.0685|mol/kg|w|0,0.7,0,0,0.3,0,0,0,0,0,0,0,0,0,0,0,0,0,0,0,0,0,0,0,0,0,0,0,0,0,0,0,0,0,0,0,0,0",5,fixed_target_router,1.1176026916900843,1.1194503378792922,0.0018476461892078522,332.15,4,160.0,
10.1021/JE020219O,"10.1021/JE020219O|LiPF6|0.9088|mol/kg|w|0,0.7,0,0,0.3,0,0,0,0,0,0,0,0,0,0,0,0,0,0,0,0,0,0,0,0,0,0,0,0,0,0,0,0,0,0,0,0,0",5,fixed_target_router,1.1231980750319988,1.1262960636998784,0.003097988667879692,332.15,4,160.0,
10.1021/JE020219O,"10.1021/JE020219O|LiPF6|0.6653|mol/kg|w|0,0.7,0,0,0.3,0,0,0,0,0,0,0,0,0,0,0,0,0,0,0,0,0,0,0,0,0,0,0,0,0,0,0,0,0,0,0,0,0",5,fixed_target_router,1.104145550554008,1.100341217365694,0.0038043331883141907,332.15,4,160.0,
10.1021/JE020219O,"10.1021/JE020219O|LiPF6|0.5658|mol/kg|w|0,0.7,0,0,0.3,0,0,0,0,0,0,0,0,0,0,0,0,0,0,0,0,0,0,0,0,0,0,0,0,0,0,0,0,0,0,0,0,0",5,fixed_target_router,1.0791812460476249,1.0732302580126365,0.0059509880349883915,332.15,4,160.0,
10.1021/JE020219O,"10.1021/JE020219O|LiPF6|0.3992|mol/kg|w|0,0.7,0,0,0.3,0,0,0,0,0,0,0,0,0,0,0,0,0,0,0,0,0,0,0,0,0,0,0,0,0,0,0,0,0,0,0,0,0",5,fixed_target_router,1.00774777800074,1.0132311502676332,0.005483372266893216,332.15,4,160.0,
10.1021/JE020219O,"10.1021/JE020219O|LiPF6|0.302|mol/kg|w|0,0.7,0,0,0.3,0,0,0,0,0,0,0,0,0,0,0,0,0,0,0,0,0,0,0,0,0,0,0,0,0,0,0,0,0,0,0,0,0",5,fixed_target_router,0.9435439771534544,0.9410922191746852,0.0024517579787691757,332.15,4,160.0,
10.1021/JE020219O,"10.1021/JE020219O|LiPF6|2.3304|mol/kg|w|0,0.6,0,0,0.4,0,0,0,0,0,0,0,0,0,0,0,0,0,0,0,0,0,0,0,0,0,0,0,0,0,0,0,0,0,0,0,0,0",5,fixed_target_router,0.8391007827071532,0.8529401666628105,0.013839383955657314,332.15,4,160.0,
10.1021/JE020219O,"10.1021/JE020219O|LiPF6|2.1375|mol/kg|w|0,0.6,0,0,0.4,0,0,0,0,0,0,0,0,0,0,0,0,0,0,0,0,0,0,0,0,0,0,0,0,0,0,0,0,0,0,0,0,0",5,fixed_target_router,0.899984562549391,0.9117443075082352,0.011759744958844243,332.15,4,160.0,
10.1021/JE020219O,"10.1021/JE020219O|LiPF6|1.7328|mol/kg|w|0,0.6,0,0,0.4,0,0,0,0,0,0,0,0,0,0,0,0,0,0,0,0,0,0,0,0,0,0,0,0,0,0,0,0,0,0,0,0,0",5,fixed_target_router,1.0051805125037803,1.0127879665070445,0.007607454003264236,332.15,4,160.0,
10.1021/JE020219O,"10.1021/JE020219O|LiPF6|1.5041|mol/kg|w|0,0.6,0,0,0.4,0,0,0,0,0,0,0,0,0,0,0,0,0,0,0,0,0,0,0,0,0,0,0,0,0,0,0,0,0,0,0,0,0",5,fixed_target_router,1.052693941924968,1.062709577765054,0.010015635840086023,332.15,4,160.0,
10.1021/JE020219O,"10.1021/JE020219O|LiPF6|1.2952|mol/kg|w|0,0.6,0,0,0.4,0,0,0,0,0,0,0,0,0,0,0,0,0,0,0,0,0,0,0,0,0,0,0,0,0,0,0,0,0,0,0,0,0",5,fixed_target_router,1.0906107078284066,1.0939250191867878,0.003314311358381117,332.15,4,160.0,
10.1021/JE020219O,"10.1021/JE020219O|LiPF6|1.1019|mol/kg|w|0,0.6,0,0,0.4,0,0,0,0,0,0,0,0,0,0,0,0,0,0,0,0,0,0,0,0,0,0,0,0,0,0,0,0,0,0,0,0,0",5,fixed_target_router,1.1122697684172707,1.1144659742804977,0.0021962058632269965,332.15,4,160.0,
10.1021/JE020219O,"10.1021/JE020219O|LiPF6|0.7987|mol/kg|w|0,0.6,0,0,0.4,0,0,0,0,0,0,0,0,0,0,0,0,0,0,0,0,0,0,0,0,0,0,0,0,0,0,0,0,0,0,0,0,0",5,fixed_target_router,1.1126050015345745,1.113285901694438,0.0006809001598635511,332.15,4,160.0,
10.1021/JE020219O,"10.1021/JE020219O|LiPF6|0.6859|mol/kg|w|0,0.6,0,0,0.4,0,0,0,0,0,0,0,0,0,0,0,0,0,0,0,0,0,0,0,0,0,0,0,0,0,0,0,0,0,0,0,0,0",5,fixed_target_router,1.0989896394011773,1.0985487049503488,0.0004409344508284896,332.15,4,160.0,
10.1021/JE020219O,"10.1021/JE020219O|LiPF6|0.5857|mol/kg|w|0,0.6,0,0,0.4,0,0,0,0,0,0,0,0,0,0,0,0,0,0,0,0,0,0,0,0,0,0,0,0,0,0,0,0,0,0,0,0,0",5,fixed_target_router,1.0773679052841565,1.076266391051234,0.0011015142329224847,332.15,4,160.0,
10.1021/JE020219O,"10.1021/JE020219O|LiPF6|0.4233|mol/kg|w|0,0.6,0,0,0.4,0,0,0,0,0,0,0,0,0,0,0,0,0,0,0,0,0,0,0,0,0,0,0,0,0,0,0,0,0,0,0,0,0",5,fixed_target_router,1.0153597554092142,1.0134860747171204,0.0018736806920938154,332.15,4,160.0,
10.1021/JE020219O,"10.1021/JE020219O|LiPF6|0.3256|mol/kg|w|0,0.6,0,0,0.4,0,0,0,0,0,0,0,0,0,0,0,0,0,0,0,0,0,0,0,0,0,0,0,0,0,0,0,0,0,0,0,0,0",5,fixed_target_router,0.951823035315912,0.9496352251666095,0.0021878101493024715,332.15,4,160.0,
10.1021/JE020219O,"10.1021/JE020219O|LiPF6|2.3128|mol/kg|w|0,0.5,0,0,0.5,0,0,0,0,0,0,0,0,0,0,0,0,0,0,0,0,0,0,0,0,0,0,0,0,0,0,0,0,0,0,0,0,0",5,fixed_target_router,0.8620120512502166,0.8722065839583677,0.010194532708151072,332.15,4,160.0,
10.1021/JE020219O,"10.1021/JE020219O|LiPF6|1.7117|mol/kg|w|0,0.5,0,0,0.5,0,0,0,0,0,0,0,0,0,0,0,0,0,0,0,0,0,0,0,0,0,0,0,0,0,0,0,0,0,0,0,0,0",5,fixed_target_router,1.0141003215196205,1.0198478239543711,0.00574750243475064,332.15,4,160.0,
10.1021/JE020219O,"10.1021/JE020219O|LiPF6|1.4766|mol/kg|w|0,0.5,0,0,0.5,0,0,0,0,0,0,0,0,0,0,0,0,0,0,0,0,0,0,0,0,0,0,0,0,0,0,0,0,0,0,0,0,0",5,fixed_target_router,1.0546130545568877,1.0631293838493976,0.008516329292509894,332.15,4,160.0,
10.1021/JE020219O,"10.1021/JE020219O|LiPF6|1.2604|mol/kg|w|0,0.5,0,0,0.5,0,0,0,0,0,0,0,0,0,0,0,0,0,0,0,0,0,0,0,0,0,0,0,0,0,0,0,0,0,0,0,0,0",5,fixed_target_router,1.0863598306747482,1.0892384204565735,0.0028785897818253137,332.15,4,160.0,
10.1021/JE020219O,"10.1021/JE020219O|LiPF6|1.0593|mol/kg|w|0,0.5,0,0,0.5,0,0,0,0,0,0,0,0,0,0,0,0,0,0,0,0,0,0,0,0,0,0,0,0,0,0,0,0,0,0,0,0,0",5,fixed_target_router,1.1017470739463662,1.1031981477780217,0.0014510738316555472,332.15,4,160.0,
10.1021/JE020219O,"10.1021/JE020219O|LiPF6|0.8937|mol/kg|w|0,0.5,0,0,0.5,0,0,0,0,0,0,0,0,0,0,0,0,0,0,0,0,0,0,0,0,0,0,0,0,0,0,0,0,0,0,0,0,0",5,fixed_target_router,1.1010593549081156,1.1020911274133178,0.0010317725052022553,332.15,4,160.0,
10.1021/JE020219O,"10.1021/JE020219O|LiPF6|0.6541|mol/kg|w|0,0.5,0,0,0.5,0,0,0,0,0,0,0,0,0,0,0,0,0,0,0,0,0,0,0,0,0,0,0,0,0,0,0,0,0,0,0,0,0",5,fixed_target_router,1.0722498976135149,1.0720987427096393,0.00015115490387551667,332.15,4,160.0,
10.1021/JE020219O,"10.1021/JE020219O|LiPF6|0.5547|mol/kg|w|0,0.5,0,0,0.5,0,0,0,0,0,0,0,0,0,0,0,0,0,0,0,0,0,0,0,0,0,0,0,0,0,0,0,0,0,0,0,0,0",5,fixed_target_router,1.0461047872460387,1.0454535795983606,0.0006512076476781203,332.15,4,160.0,
10.1021/JE020219O,"10.1021/JE020219O|LiPF6|0.3855|mol/kg|w|0,0.5,0,0,0.5,0,0,0,0,0,0,0,0,0,0,0,0,0,0,0,0,0,0,0,0,0,0,0,0,0,0,0,0,0,0,0,0,0",5,fixed_target_router,0.9702073588068546,0.9684571944211761,0.0017501643856785432,332.15,4,160.0,
10.1021/JE020219O,"10.1021/JE020219O|LiPF6|2.3386|mol/kg|w|0,0.4,0,0,0.6,0,0,0,0,0,0,0,0,0,0,0,0,0,0,0,0,0,0,0,0,0,0,0,0,0,0,0,0,0,0,0,0,0",5,fixed_target_router,0.8629657589777625,0.8701524052005216,0.007186646222759108,332.15,4,160.0,
10.1021/JE020219O,"10.1021/JE020219O|LiPF6|1.9321|mol/kg|w|0,0.4,0,0,0.6,0,0,0,0,0,0,0,0,0,0,0,0,0,0,0,0,0,0,0,0,0,0,0,0,0,0,0,0,0,0,0,0,0",5,fixed_target_router,0.9577987749299979,0.9644412685159409,0.006642493585943043,332.15,4,160.0,
10.1021/JE020219O,"10.1021/JE020219O|LiPF6|1.7176|mol/kg|w|0,0.4,0,0,0.6,0,0,0,0,0,0,0,0,0,0,0,0,0,0,0,0,0,0,0,0,0,0,0,0,0,0,0,0,0,0,0,0,0",5,fixed_target_router,1.0056094453602804,1.009788179795647,0.004178734435366538,332.15,4,160.0,
10.1021/JE020219O,"10.1021/JE020219O|LiPF6|1.4605|mol/kg|w|0,0.4,0,0,0.6,0,0,0,0,0,0,0,0,0,0,0,0,0,0,0,0,0,0,0,0,0,0,0,0,0,0,0,0,0,0,0,0,0",5,fixed_target_router,1.0413926851582251,1.0483589402490079,0.006966255090782747,332.15,4,160.0,
10.1021/JE020219O,"10.1021/JE020219O|LiPF6|1.2325|mol/kg|w|0,0.4,0,0,0.6,0,0,0,0,0,0,0,0,0,0,0,0,0,0,0,0,0,0,0,0,0,0,0,0,0,0,0,0,0,0,0,0,0",5,fixed_target_router,1.0666985504229953,1.0687867395818418,0.002088189158846454,332.15,4,160.0,
10.1021/JE020219O,"10.1021/JE020219O|LiPF6|1.0464|mol/kg|w|0,0.4,0,0,0.6,0,0,0,0,0,0,0,0,0,0,0,0,0,0,0,0,0,0,0,0,0,0,0,0,0,0,0,0,0,0,0,0,0",5,fixed_target_router,1.0737183503461227,1.0751924096510965,0.001474059304973796,332.15,4,160.0,
10.1021/JE020219O,"10.1021/JE020219O|LiPF6|0.8843|mol/kg|w|0,0.4,0,0,0.6,0,0,0,0,0,0,0,0,0,0,0,0,0,0,0,0,0,0,0,0,0,0,0,0,0,0,0,0,0,0,0,0,0",5,fixed_target_router,1.06781451116184,1.0691345653242317,0.0013200541623916706,332.15,4,160.0,
10.1021/JE020219O,"10.1021/JE020219O|LiPF6|0.7501|mol/kg|w|0,0.4,0,0,0.6,0,0,0,0,0,0,0,0,0,0,0,0,0,0,0,0,0,0,0,0,0,0,0,0,0,0,0,0,0,0,0,0,0",5,fixed_target_router,1.0523090996473234,1.053175365935004,0.000866266287680606,332.15,4,160.0,
10.1021/JE020219O,"10.1021/JE020219O|LiPF6|0.6372|mol/kg|w|0,0.4,0,0,0.6,0,0,0,0,0,0,0,0,0,0,0,0,0,0,0,0,0,0,0,0,0,0,0,0,0,0,0,0,0,0,0,0,0",5,fixed_target_router,1.0297894708318556,1.0298481306144116,5.865978255603643e-05,332.15,4,160.0,
10.1021/JE020219O,"10.1021/JE020219O|LiPF6|0.3622|mol/kg|w|0,0.4,0,0,0.6,0,0,0,0,0,0,0,0,0,0,0,0,0,0,0,0,0,0,0,0,0,0,0,0,0,0,0,0,0,0,0,0,0",5,fixed_target_router,0.9100905455940682,0.9087759139635355,0.0013146316305326922,332.15,4,160.0,
10.1021/JE020219O,"10.1021/JE020219O|LiPF6|2.3162|mol/kg|w|0,0.3,0,0,0.7,0,0,0,0,0,0,0,0,0,0,0,0,0,0,0,0,0,0,0,0,0,0,0,0,0,0,0,0,0,0,0,0,0",5,fixed_target_router,0.8675853265470362,0.8723138641082127,0.004728537561176416,332.15,4,160.0,
10.1021/JE020219O,"10.1021/JE020219O|LiPF6|2.13|mol/kg|w|0,0.3,0,0,0.7,0,0,0,0,0,0,0,0,0,0,0,0,0,0,0,0,0,0,0,0,0,0,0,0,0,0,0,0,0,0,0,0,0",5,fixed_target_router,0.9105710484812585,0.9142888981828377,0.003717849701579179,332.15,4,160.0,
10.1021/JE020219O,"10.1021/JE020219O|LiPF6|1.9264|mol/kg|w|0,0.3,0,0,0.7,0,0,0,0,0,0,0,0,0,0,0,0,0,0,0,0,0,0,0,0,0,0,0,0,0,0,0,0,0,0,0,0,0",5,fixed_target_router,0.9462557071993973,0.9508585191821028,0.0046028119827055125,332.15,4,160.0,
10.1021/JE020219O,"10.1021/JE020219O|LiPF6|1.7204|mol/kg|w|0,0.3,0,0,0.7,0,0,0,0,0,0,0,0,0,0,0,0,0,0,0,0,0,0,0,0,0,0,0,0,0,0,0,0,0,0,0,0,0",5,fixed_target_router,0.982361701633147,0.9850579068836243,0.0026962052504773126,332.15,4,160.0,
10.1021/JE020219O,"10.1021/JE020219O|LiPF6|1.4776|mol/kg|w|0,0.3,0,0,0.7,0,0,0,0,0,0,0,0,0,0,0,0,0,0,0,0,0,0,0,0,0,0,0,0,0,0,0,0,0,0,0,0,0",5,fixed_target_router,1.0098756337121602,1.015272711846614,0.005397078134453892,332.15,4,160.0,
10.1021/JE020219O,"10.1021/JE020219O|LiPF6|1.2541|mol/kg|w|0,0.3,0,0,0.7,0,0,0,0,0,0,0,0,0,0,0,0,0,0,0,0,0,0,0,0,0,0,0,0,0,0,0,0,0,0,0,0,0",5,fixed_target_router,1.0257153839013406,1.0274119131054618,0.001696529204121111,332.15,4,160.0,
10.1021/JE020219O,"10.1021/JE020219O|LiPF6|1.0635|mol/kg|w|0,0.3,0,0,0.7,0,0,0,0,0,0,0,0,0,0,0,0,0,0,0,0,0,0,0,0,0,0,0,0,0,0,0,0,0,0,0,0,0",5,fixed_target_router,1.0265332645232967,1.0277495844832247,0.0012163199599279917,332.15,4,160.0,
10.1021/JE020219O,"10.1021/JE020219O|LiPF6|0.764|mol/kg|w|0,0.3,0,0,0.7,0,0,0,0,0,0,0,0,0,0,0,0,0,0,0,0,0,0,0,0,0,0,0,0,0,0,0,0,0,0,0,0,0",5,fixed_target_router,0.9931274851057101,0.9944302059914674,0.0013027208857572248,332.15,4,160.0,
10.1021/JE020219O,"10.1021/JE020219O|LiPF6|0.6483|mol/kg|w|0,0.3,0,0,0.7,0,0,0,0,0,0,0,0,0,0,0,0,0,0,0,0,0,0,0,0,0,0,0,0,0,0,0,0,0,0,0,0,0",5,fixed_target_router,0.9653898702151223,0.9663640401227633,0.0009741699076409871,332.15,4,160.0,
10.1021/JE020219O,"10.1021/JE020219O|LiPF6|0.55|mol/kg|w|0,0.3,0,0,0.7,0,0,0,0,0,0,0,0,0,0,0,0,0,0,0,0,0,0,0,0,0,0,0,0,0,0,0,0,0,0,0,0,0",5,fixed_target_router,0.9320169064342013,0.9326047904575296,0.0005878840233283222,332.15,4,160.0,
10.1021/JE020219O,"10.1021/JE020219O|LiPF6|0.4612|mol/kg|w|0,0.3,0,0,0.7,0,0,0,0,0,0,0,0,0,0,0,0,0,0,0,0,0,0,0,0,0,0,0,0,0,0,0,0,0,0,0,0,0",5,fixed_target_router,0.8918161195248605,0.8921891317497455,0.0003730122248849499,332.15,4,160.0,
10.1021/JE020219O,"10.1021/JE020219O|LiPF6|0.3773|mol/kg|w|0,0.3,0,0,0.7,0,0,0,0,0,0,0,0,0,0,0,0,0,0,0,0,0,0,0,0,0,0,0,0,0,0,0,0,0,0,0,0,0",5,fixed_target_router,0.8402943316114362,0.8406259369809214,0.00033160536948517727,332.15,4,160.0,
10.1021/JE020219O,"10.1021/JE020219O|LiPF6|0.2585|mol/kg|w|0,0.3,0,0,0.7,0,0,0,0,0,0,0,0,0,0,0,0,0,0,0,0,0,0,0,0,0,0,0,0,0,0,0,0,0,0,0,0,0",5,fixed_target_router,0.7329563695756246,0.7324068276934482,0.0005495418821763742,332.15,4,160.0,
10.1021/JE020219O,"10.1021/JE020219O|LiPF6|1.9123|mol/kg|w|0,1,0,0,0,0,0,0,0,0,0,0,0,0,0,0,0,0,0,0,0,0,0,0,0,0,0,0,0,0,0,0,0,0,0,0,0,0",5,cost_sensitive_budget_policy,0.8671727511786498,0.8934591143195081,0.026286363140858304,332.15,4,160.0,0.0
10.1021/JE020219O,"10.1021/JE020219O|LiPF6|1.6827|mol/kg|w|0,1,0,0,0,0,0,0,0,0,0,0,0,0,0,0,0,0,0,0,0,0,0,0,0,0,0,0,0,0,0,0,0,0,0,0,0,0",5,cost_sensitive_budget_policy,0.9384696883676453,0.9537701783700163,0.015300490002370992,332.15,4,160.0,0.0
10.1021/JE020219O,"10.1021/JE020219O|LiPF6|1.445|mol/kg|w|0,1,0,0,0,0,0,0,0,0,0,0,0,0,0,0,0,0,0,0,0,0,0,0,0,0,0,0,0,0,0,0,0,0,0,0,0,0",5,cost_sensitive_budget_policy,1.0021660617565078,1.017945962350211,0.015779900593703156,332.15,4,160.0,0.0
10.1021/JE020219O,"10.1021/JE020219O|LiPF6|1.2341|mol/kg|w|0,1,0,0,0,0,0,0,0,0,0,0,0,0,0,0,0,0,0,0,0,0,0,0,0,0,0,0,0,0,0,0,0,0,0,0,0,0",5,cost_sensitive_budget_policy,1.0511525224473812,1.057795533967879,0.0066430115204978435,332.15,4,160.0,0.0
10.1021/JE020219O,"10.1021/JE020219O|LiPF6|0.9089|mol/kg|w|0,1,0,0,0,0,0,0,0,0,0,0,0,0,0,0,0,0,0,0,0,0,0,0,0,0,0,0,0,0,0,0,0,0,0,0,0,0",5,cost_sensitive_budget_policy,1.089551882886454,1.0932761804220885,0.0037242975356344132,332.15,4,160.0,0.0
10.1021/JE020219O,"10.1021/JE020219O|LiPF6|0.7799|mol/kg|w|0,1,0,0,0,0,0,0,0,0,0,0,0,0,0,0,0,0,0,0,0,0,0,0,0,0,0,0,0,0,0,0,0,0,0,0,0,0",5,cost_sensitive_budget_policy,1.0888445627270043,1.0914491354412512,0.0026045727142469666,332.15,4,160.0,0.0
10.1021/JE020219O,"10.1021/JE020219O|LiPF6|0.6659|mol/kg|w|0,1,0,0,0,0,0,0,0,0,0,0,0,0,0,0,0,0,0,0,0,0,0,0,0,0,0,0,0,0,0,0,0,0,0,0,0,0",5,cost_sensitive_budget_policy,1.077731179652392,1.0791580226151718,0.0014268429627797286,332.15,4,160.0,0.0
10.1021/JE020219O,"10.1021/JE020219O|LiPF6|0.5661|mol/kg|w|0,1,0,0,0,0,0,0,0,0,0,0,0,0,0,0,0,0,0,0,0,0,0,0,0,0,0,0,0,0,0,0,0,0,0,0,0,0",5,cost_sensitive_budget_policy,1.0572856444182146,1.0579081229242135,0.0006224785059989468,332.15,4,160.0,0.0
10.1021/JE020219O,"10.1021/JE020219O|LiPF6|0.4759|mol/kg|w|0,1,0,0,0,0,0,0,0,0,0,0,0,0,0,0,0,0,0,0,0,0,0,0,0,0,0,0,0,0,0,0,0,0,0,0,0,0",5,cost_sensitive_budget_policy,1.02816441942447,1.0283380956584667,0.0001736762339967779,332.15,4,160.0,0.0
10.1021/JE020219O,"10.1021/JE020219O|LiPF6|0.2801|mol/kg|w|0,1,0,0,0,0,0,0,0,0,0,0,0,0,0,0,0,0,0,0,0,0,0,0,0,0,0,0,0,0,0,0,0,0,0,0,0,0",5,cost_sensitive_budget_policy,0.9025467793139914,0.9006567603056509,0.0018900190083405155,332.15,4,160.0,0.0
10.1021/JE020219O,"10.1021/JE020219O|LiPF6|2.1311|mol/kg|w|0,0.9,0,0,0.1,0,0,0,0,0,0,0,0,0,0,0,0,0,0,0,0,0,0,0,0,0,0,0,0,0,0,0,0,0,0,0,0,0",5,cost_sensitive_budget_policy,0.8326366275967033,0.8558306986687927,0.023194071072089373,332.15,4,160.0,0.0
10.1021/JE020219O,"10.1021/JE020219O|LiPF6|1.9117|mol/kg|w|0,0.9,0,0,0.1,0,0,0,0,0,0,0,0,0,0,0,0,0,0,0,0,0,0,0,0,0,0,0,0,0,0,0,0,0,0,0,0,0",5,cost_sensitive_budget_policy,0.8953120244757873,0.9151531243611766,0.01984109988538929,332.15,4,160.0,0.0
10.1021/JE020219O,"10.1021/JE020219O|LiPF6|1.6929|mol/kg|w|0,0.9,0,0,0.1,0,0,0,0,0,0,0,0,0,0,0,0,0,0,0,0,0,0,0,0,0,0,0,0,0,0,0,0,0,0,0,0,0",5,cost_sensitive_budget_policy,0.9664702637292844,0.9799484828296536,0.013478219100369282,332.15,4,160.0,0.0
10.1021/JE020219O,"10.1021/JE020219O|LiPF6|1.4535|mol/kg|w|0,0.9,0,0,0.1,0,0,0,0,0,0,0,0,0,0,0,0,0,0,0,0,0,0,0,0,0,0,0,0,0,0,0,0,0,0,0,0,0",5,cost_sensitive_budget_policy,1.0261245167454502,1.0404314967823212,0.01430698003687092,332.15,4,160.0,0.0
10.1021/JE020219O,"10.1021/JE020219O|LiPF6|1.2271|mol/kg|w|0,0.9,0,0,0.1,0,0,0,0,0,0,0,0,0,0,0,0,0,0,0,0,0,0,0,0,0,0,0,0,0,0,0,0,0,0,0,0,0",5,cost_sensitive_budget_policy,1.0751818546186915,1.080588062172309,0.005406207553617426,332.15,4,160.0,0.0
10.1021/JE020219O,"10.1021/JE020219O|LiPF6|1.0532|mol/kg|w|0,0.9,0,0,0.1,0,0,0,0,0,0,0,0,0,0,0,0,0,0,0,0,0,0,0,0,0,0,0,0,0,0,0,0,0,0,0,0,0",5,cost_sensitive_budget_policy,1.0996806411092501,1.1034743328758512,0.0037936917666010483,332.15,4,160.0,0.0
10.1021/JE020219O,"10.1021/JE020219O|LiPF6|0.8954|mol/kg|w|0,0.9,0,0,0.1,0,0,0,0,0,0,0,0,0,0,0,0,0,0,0,0,0,0,0,0,0,0,0,0,0,0,0,0,0,0,0,0,0",5,cost_sensitive_budget_policy,1.1092409685882032,1.111499422434248,0.002258453846044839,332.15,4,160.0,0.0
10.1021/JE020219O,"10.1021/JE020219O|LiPF6|0.7652|mol/kg|w|0,0.9,0,0,0.1,0,0,0,0,0,0,0,0,0,0,0,0,0,0,0,0,0,0,0,0,0,0,0,0,0,0,0,0,0,0,0,0,0",5,cost_sensitive_budget_policy,1.1058506743851435,1.1072612082856246,0.0014105339004810702,332.15,4,160.0,0.0
10.1021/JE020219O,"10.1021/JE020219O|LiPF6|0.4603|mol/kg|w|0,0.9,0,0,0.1,0,0,0,0,0,0,0,0,0,0,0,0,0,0,0,0,0,0,0,0,0,0,0,0,0,0,0,0,0,0,0,0,0",5,cost_sensitive_budget_policy,1.0374264979406236,1.036628775508723,0.0007977224319006826,332.15,4,160.0,0.0
10.1021/JE020219O,"10.1021/JE020219O|LiPF6|0.3839|mol/kg|w|0,0.9,0,0,0.1,0,0,0,0,0,0,0,0,0,0,0,0,0,0,0,0,0,0,0,0,0,0,0,0,0,0,0,0,0,0,0,0,0",5,cost_sensitive_budget_policy,0.9976921179417265,0.9963766500663982,0.0013154678753283244,332.15,4,160.0,0.0
10.1021/JE020219O,"10.1021/JE020219O|LiPF6|0.3086|mol/kg|w|0,0.9,0,0,0.1,0,0,0,0,0,0,0,0,0,0,0,0,0,0,0,0,0,0,0,0,0,0,0,0,0,0,0,0,0,0,0,0,0",5,cost_sensitive_budget_policy,0.9434450490250305,0.9411709725369141,0.0022740764881163944,332.15,4,160.0,0.0
10.1021/JE020219O,"10.1021/JE020219O|LiPF6|2.3728|mol/kg|w|0,0.8,0,0,0.2,0,0,0,0,0,0,0,0,0,0,0,0,0,0,0,0,0,0,0,0,0,0,0,0,0,0,0,0,0,0,0,0,0",5,cost_sensitive_budget_policy,0.7781512503836436,0.8022121164022442,0.02406086601860058,332.15,4,160.0,0.0
10.1021/JE020219O,"10.1021/JE020219O|LiPF6|2.1648|mol/kg|w|0,0.8,0,0,0.2,0,0,0,0,0,0,0,0,0,0,0,0,0,0,0,0,0,0,0,0,0,0,0,0,0,0,0,0,0,0,0,0,0",5,cost_sensitive_budget_policy,0.8586574840908079,0.8784851273518552,0.019827643261047356,332.15,4,160.0,0.0
10.1021/JE020219O,"10.1021/JE020219O|LiPF6|1.9482|mol/kg|w|0,0.8,0,0,0.2,0,0,0,0,0,0,0,0,0,0,0,0,0,0,0,0,0,0,0,0,0,0,0,0,0,0,0,0,0,0,0,0,0",5,cost_sensitive_budget_policy,0.9159799141402244,0.9329275999542312,0.016947685814006852,332.15,4,160.0,0.0
10.1021/JE020219O,"10.1021/JE020219O|LiPF6|1.7321|mol/kg|w|0,0.8,0,0,0.2,0,0,0,0,0,0,0,0,0,0,0,0,0,0,0,0,0,0,0,0,0,0,0,0,0,0,0,0,0,0,0,0,0",5,cost_sensitive_budget_policy,0.9824521513849896,0.9940459342116166,0.01159378282662693,332.15,4,160.0,0.0
10.1021/JE020219O,"10.1021/JE020219O|LiPF6|1.4764|mol/kg|w|0,0.8,0,0,0.2,0,0,0,0,0,0,0,0,0,0,0,0,0,0,0,0,0,0,0,0,0,0,0,0,0,0,0,0,0,0,0,0,0",5,cost_sensitive_budget_policy,1.044539760392411,1.0575602128694772,0.013020452477066291,332.15,4,160.0,0.0
10.1021/JE020219O,"10.1021/JE020219O|LiPF6|1.2444|mol/kg|w|0,0.8,0,0,0.2,0,0,0,0,0,0,0,0,0,0,0,0,0,0,0,0,0,0,0,0,0,0,0,0,0,0,0,0,0,0,0,0,0",5,cost_sensitive_budget_policy,1.0923696996291206,1.0967627093514483,0.004393009722327701,332.15,4,160.0,0.0
10.1021/JE020219O,"10.1021/JE020219O|LiPF6|0.7537|mol/kg|w|0,0.8,0,0,0.2,0,0,0,0,0,0,0,0,0,0,0,0,0,0,0,0,0,0,0,0,0,0,0,0,0,0,0,0,0,0,0,0,0",5,cost_sensitive_budget_policy,1.1182647260894794,1.1192258668090005,0.0009611407195211363,332.15,4,160.0,0.0
10.1021/JE020219O,"10.1021/JE020219O|LiPF6|0.6385|mol/kg|w|0,0.8,0,0,0.2,0,0,0,0,0,0,0,0,0,0,0,0,0,0,0,0,0,0,0,0,0,0,0,0,0,0,0,0,0,0,0,0,0",5,cost_sensitive_budget_policy,1.1024337056813363,1.1021015737174185,0.0003321319639177922,332.15,4,160.0,0.0
10.1021/JE020219O,"10.1021/JE020219O|LiPF6|0.538|mol/kg|w|0,0.8,0,0,0.2,0,0,0,0,0,0,0,0,0,0,0,0,0,0,0,0,0,0,0,0,0,0,0,0,0,0,0,0,0,0,0,0,0",5,cost_sensitive_budget_policy,1.0766404436703418,1.0761592567588316,0.00048118691151022297,332.15,4,160.0,0.0
10.1021/JE020219O,"10.1021/JE020219O|LiPF6|0.4496|mol/kg|w|0,0.8,0,0,0.2,0,0,0,0,0,0,0,0,0,0,0,0,0,0,0,0,0,0,0,0,0,0,0,0,0,0,0,0,0,0,0,0,0",5,cost_sensitive_budget_policy,1.0433622780211296,1.0424618732400603,0.0009004047810692306,332.15,4,160.0,0.0
10.1021/JE020219O,"10.1021/JE020219O|LiPF6|0.3704|mol/kg|w|0,0.8,0,0,0.2,0,0,0,0,0,0,0,0,0,0,0,0,0,0,0,0,0,0,0,0,0,0,0,0,0,0,0,0,0,0,0,0,0",5,cost_sensitive_budget_policy,0.9998262474544124,0.998093781184901,0.0017324662695114013,332.15,4,160.0,0.0
10.1021/JE020219O,"10.1021/JE020219O|LiPF6|0.2848|mol/kg|w|0,0.8,0,0,0.2,0,0,0,0,0,0,0,0,0,0,0,0,0,0,0,0,0,0,0,0,0,0,0,0,0,0,0,0,0,0,0,0,0",5,cost_sensitive_budget_policy,0.9318645134920318,0.9294395075597655,0.0024250059322663553,332.15,4,160.0,0.0
10.1021/JE020219O,"10.1021/JE020219O|LiPF6|2.1265|mol/kg|w|0,0.7,0,0,0.3,0,0,0,0,0,0,0,0,0,0,0,0,0,0,0,0,0,0,0,0,0,0,0,0,0,0,0,0,0,0,0,0,0",5,cost_sensitive_budget_policy,0.8856438718357639,0.9009742501038651,0.015330378268101241,332.15,4,160.0,0.0
10.1021/JE020219O,"10.1021/JE020219O|LiPF6|1.9194|mol/kg|w|0,0.7,0,0,0.3,0,0,0,0,0,0,0,0,0,0,0,0,0,0,0,0,0,0,0,0,0,0,0,0,0,0,0,0,0,0,0,0,0",5,cost_sensitive_budget_policy,0.9436923271060167,0.9605276635682731,0.016835336462256434,332.15,4,160.0,0.0
10.1021/JE020219O,"10.1021/JE020219O|LiPF6|1.4664|mol/kg|w|0,0.7,0,0,0.3,0,0,0,0,0,0,0,0,0,0,0,0,0,0,0,0,0,0,0,0,0,0,0,0,0,0,0,0,0,0,0,0,0",5,cost_sensitive_budget_policy,1.0561422620590524,1.0673631031003075,0.011220841041255092,332.15,4,160.0,0.0
10.1021/JE020219O,"10.1021/JE020219O|LiPF6|1.2514|mol/kg|w|0,0.7,0,0,0.3,0,0,0,0,0,0,0,0,0,0,0,0,0,0,0,0,0,0,0,0,0,0,0,0,0,0,0,0,0,0,0,0,0",5,cost_sensitive_budget_policy,1.0965624383741355,1.0981466662894197,0.001584227915284231,332.15,4,160.0,0.0
10.1021/JE020219O,"10.1021/JE020219O|LiPF6|1.0685|mol/kg|w|0,0.7,0,0,0.3,0,0,0,0,0,0,0,0,0,0,0,0,0,0,0,0,0,0,0,0,0,0,0,0,0,0,0,0,0,0,0,0,0",5,cost_sensitive_budget_policy,1.1176026916900843,1.1194503378792922,0.0018476461892078522,332.15,4,160.0,0.0
10.1021/JE020219O,"10.1021/JE020219O|LiPF6|0.9088|mol/kg|w|0,0.7,0,0,0.3,0,0,0,0,0,0,0,0,0,0,0,0,0,0,0,0,0,0,0,0,0,0,0,0,0,0,0,0,0,0,0,0,0",5,cost_sensitive_budget_policy,1.1231980750319988,1.1262960636998784,0.003097988667879692,332.15,4,160.0,0.0
10.1021/JE020219O,"10.1021/JE020219O|LiPF6|0.6653|mol/kg|w|0,0.7,0,0,0.3,0,0,0,0,0,0,0,0,0,0,0,0,0,0,0,0,0,0,0,0,0,0,0,0,0,0,0,0,0,0,0,0,0",5,cost_sensitive_budget_policy,1.104145550554008,1.100341217365694,0.0038043331883141907,332.15,4,160.0,0.0
10.1021/JE020219O,"10.1021/JE020219O|LiPF6|0.5658|mol/kg|w|0,0.7,0,0,0.3,0,0,0,0,0,0,0,0,0,0,0,0,0,0,0,0,0,0,0,0,0,0,0,0,0,0,0,0,0,0,0,0,0",5,cost_sensitive_budget_policy,1.0791812460476249,1.0732302580126365,0.0059509880349883915,332.15,4,160.0,0.0
10.1021/JE020219O,"10.1021/JE020219O|LiPF6|0.3992|mol/kg|w|0,0.7,0,0,0.3,0,0,0,0,0,0,0,0,0,0,0,0,0,0,0,0,0,0,0,0,0,0,0,0,0,0,0,0,0,0,0,0,0",5,cost_sensitive_budget_policy,1.00774777800074,1.0132311502676332,0.005483372266893216,332.15,4,160.0,0.0
10.1021/JE020219O,"10.1021/JE020219O|LiPF6|0.302|mol/kg|w|0,0.7,0,0,0.3,0,0,0,0,0,0,0,0,0,0,0,0,0,0,0,0,0,0,0,0,0,0,0,0,0,0,0,0,0,0,0,0,0",5,cost_sensitive_budget_policy,0.9435439771534544,0.9410922191746852,0.0024517579787691757,332.15,4,160.0,0.0
10.1021/JE020219O,"10.1021/JE020219O|LiPF6|2.3304|mol/kg|w|0,0.6,0,0,0.4,0,0,0,0,0,0,0,0,0,0,0,0,0,0,0,0,0,0,0,0,0,0,0,0,0,0,0,0,0,0,0,0,0",5,cost_sensitive_budget_policy,0.8391007827071532,0.8529401666628105,0.013839383955657314,332.15,4,160.0,0.0
10.1021/JE020219O,"10.1021/JE020219O|LiPF6|2.1375|mol/kg|w|0,0.6,0,0,0.4,0,0,0,0,0,0,0,0,0,0,0,0,0,0,0,0,0,0,0,0,0,0,0,0,0,0,0,0,0,0,0,0,0",5,cost_sensitive_budget_policy,0.899984562549391,0.9117443075082352,0.011759744958844243,332.15,4,160.0,0.0
10.1021/JE020219O,"10.1021/JE020219O|LiPF6|1.7328|mol/kg|w|0,0.6,0,0,0.4,0,0,0,0,0,0,0,0,0,0,0,0,0,0,0,0,0,0,0,0,0,0,0,0,0,0,0,0,0,0,0,0,0",5,cost_sensitive_budget_policy,1.0051805125037803,1.0127879665070445,0.007607454003264236,332.15,4,160.0,0.0
10.1021/JE020219O,"10.1021/JE020219O|LiPF6|1.5041|mol/kg|w|0,0.6,0,0,0.4,0,0,0,0,0,0,0,0,0,0,0,0,0,0,0,0,0,0,0,0,0,0,0,0,0,0,0,0,0,0,0,0,0",5,cost_sensitive_budget_policy,1.052693941924968,1.062709577765054,0.010015635840086023,332.15,4,160.0,0.0
10.1021/JE020219O,"10.1021/JE020219O|LiPF6|1.2952|mol/kg|w|0,0.6,0,0,0.4,0,0,0,0,0,0,0,0,0,0,0,0,0,0,0,0,0,0,0,0,0,0,0,0,0,0,0,0,0,0,0,0,0",5,cost_sensitive_budget_policy,1.0906107078284066,1.0939250191867878,0.003314311358381117,332.15,4,160.0,0.0
10.1021/JE020219O,"10.1021/JE020219O|LiPF6|1.1019|mol/kg|w|0,0.6,0,0,0.4,0,0,0,0,0,0,0,0,0,0,0,0,0,0,0,0,0,0,0,0,0,0,0,0,0,0,0,0,0,0,0,0,0",5,cost_sensitive_budget_policy,1.1122697684172707,1.1144659742804977,0.0021962058632269965,332.15,4,160.0,0.0
10.1021/JE020219O,"10.1021/JE020219O|LiPF6|0.7987|mol/kg|w|0,0.6,0,0,0.4,0,0,0,0,0,0,0,0,0,0,0,0,0,0,0,0,0,0,0,0,0,0,0,0,0,0,0,0,0,0,0,0,0",5,cost_sensitive_budget_policy,1.1126050015345745,1.113285901694438,0.0006809001598635511,332.15,4,160.0,0.0
10.1021/JE020219O,"10.1021/JE020219O|LiPF6|0.6859|mol/kg|w|0,0.6,0,0,0.4,0,0,0,0,0,0,0,0,0,0,0,0,0,0,0,0,0,0,0,0,0,0,0,0,0,0,0,0,0,0,0,0,0",5,cost_sensitive_budget_policy,1.0989896394011773,1.0985487049503488,0.0004409344508284896,332.15,4,160.0,0.0
10.1021/JE020219O,"10.1021/JE020219O|LiPF6|0.5857|mol/kg|w|0,0.6,0,0,0.4,0,0,0,0,0,0,0,0,0,0,0,0,0,0,0,0,0,0,0,0,0,0,0,0,0,0,0,0,0,0,0,0,0",5,cost_sensitive_budget_policy,1.0773679052841565,1.076266391051234,0.0011015142329224847,332.15,4,160.0,0.0
10.1021/JE020219O,"10.1021/JE020219O|LiPF6|0.4233|mol/kg|w|0,0.6,0,0,0.4,0,0,0,0,0,0,0,0,0,0,0,0,0,0,0,0,0,0,0,0,0,0,0,0,0,0,0,0,0,0,0,0,0",5,cost_sensitive_budget_policy,1.0153597554092142,1.0134860747171204,0.0018736806920938154,332.15,4,160.0,0.0
10.1021/JE020219O,"10.1021/JE020219O|LiPF6|0.3256|mol/kg|w|0,0.6,0,0,0.4,0,0,0,0,0,0,0,0,0,0,0,0,0,0,0,0,0,0,0,0,0,0,0,0,0,0,0,0,0,0,0,0,0",5,cost_sensitive_budget_policy,0.951823035315912,0.9496352251666095,0.0021878101493024715,332.15,4,160.0,0.0
10.1021/JE020219O,"10.1021/JE020219O|LiPF6|2.3128|mol/kg|w|0,0.5,0,0,0.5,0,0,0,0,0,0,0,0,0,0,0,0,0,0,0,0,0,0,0,0,0,0,0,0,0,0,0,0,0,0,0,0,0",5,cost_sensitive_budget_policy,0.8620120512502166,0.8722065839583677,0.010194532708151072,332.15,4,160.0,0.0
10.1021/JE020219O,"10.1021/JE020219O|LiPF6|1.7117|mol/kg|w|0,0.5,0,0,0.5,0,0,0,0,0,0,0,0,0,0,0,0,0,0,0,0,0,0,0,0,0,0,0,0,0,0,0,0,0,0,0,0,0",5,cost_sensitive_budget_policy,1.0141003215196205,1.0198478239543711,0.00574750243475064,332.15,4,160.0,0.0
10.1021/JE020219O,"10.1021/JE020219O|LiPF6|1.4766|mol/kg|w|0,0.5,0,0,0.5,0,0,0,0,0,0,0,0,0,0,0,0,0,0,0,0,0,0,0,0,0,0,0,0,0,0,0,0,0,0,0,0,0",5,cost_sensitive_budget_policy,1.0546130545568877,1.0631293838493976,0.008516329292509894,332.15,4,160.0,0.0
10.1021/JE020219O,"10.1021/JE020219O|LiPF6|1.2604|mol/kg|w|0,0.5,0,0,0.5,0,0,0,0,0,0,0,0,0,0,0,0,0,0,0,0,0,0,0,0,0,0,0,0,0,0,0,0,0,0,0,0,0",5,cost_sensitive_budget_policy,1.0863598306747482,1.0892384204565735,0.0028785897818253137,332.15,4,160.0,0.0
10.1021/JE020219O,"10.1021/JE020219O|LiPF6|1.0593|mol/kg|w|0,0.5,0,0,0.5,0,0,0,0,0,0,0,0,0,0,0,0,0,0,0,0,0,0,0,0,0,0,0,0,0,0,0,0,0,0,0,0,0",5,cost_sensitive_budget_policy,1.1017470739463662,1.1031981477780217,0.0014510738316555472,332.15,4,160.0,0.0
10.1021/JE020219O,"10.1021/JE020219O|LiPF6|0.8937|mol/kg|w|0,0.5,0,0,0.5,0,0,0,0,0,0,0,0,0,0,0,0,0,0,0,0,0,0,0,0,0,0,0,0,0,0,0,0,0,0,0,0,0",5,cost_sensitive_budget_policy,1.1010593549081156,1.1020911274133178,0.0010317725052022553,332.15,4,160.0,0.0
10.1021/JE020219O,"10.1021/JE020219O|LiPF6|0.6541|mol/kg|w|0,0.5,0,0,0.5,0,0,0,0,0,0,0,0,0,0,0,0,0,0,0,0,0,0,0,0,0,0,0,0,0,0,0,0,0,0,0,0,0",5,cost_sensitive_budget_policy,1.0722498976135149,1.0720987427096393,0.00015115490387551667,332.15,4,160.0,0.0
10.1021/JE020219O,"10.1021/JE020219O|LiPF6|0.5547|mol/kg|w|0,0.5,0,0,0.5,0,0,0,0,0,0,0,0,0,0,0,0,0,0,0,0,0,0,0,0,0,0,0,0,0,0,0,0,0,0,0,0,0",5,cost_sensitive_budget_policy,1.0461047872460387,1.0454535795983606,0.0006512076476781203,332.15,4,160.0,0.0
10.1021/JE020219O,"10.1021/JE020219O|LiPF6|0.3855|mol/kg|w|0,0.5,0,0,0.5,0,0,0,0,0,0,0,0,0,0,0,0,0,0,0,0,0,0,0,0,0,0,0,0,0,0,0,0,0,0,0,0,0",5,cost_sensitive_budget_policy,0.9702073588068546,0.9684571944211761,0.0017501643856785432,332.15,4,160.0,0.0
10.1021/JE020219O,"10.1021/JE020219O|LiPF6|2.3386|mol/kg|w|0,0.4,0,0,0.6,0,0,0,0,0,0,0,0,0,0,0,0,0,0,0,0,0,0,0,0,0,0,0,0,0,0,0,0,0,0,0,0,0",5,cost_sensitive_budget_policy,0.8629657589777625,0.8701524052005216,0.007186646222759108,332.15,4,160.0,0.0
10.1021/JE020219O,"10.1021/JE020219O|LiPF6|1.9321|mol/kg|w|0,0.4,0,0,0.6,0,0,0,0,0,0,0,0,0,0,0,0,0,0,0,0,0,0,0,0,0,0,0,0,0,0,0,0,0,0,0,0,0",5,cost_sensitive_budget_policy,0.9577987749299979,0.9644412685159409,0.006642493585943043,332.15,4,160.0,0.0
10.1021/JE020219O,"10.1021/JE020219O|LiPF6|1.7176|mol/kg|w|0,0.4,0,0,0.6,0,0,0,0,0,0,0,0,0,0,0,0,0,0,0,0,0,0,0,0,0,0,0,0,0,0,0,0,0,0,0,0,0",5,cost_sensitive_budget_policy,1.0056094453602804,1.009788179795647,0.004178734435366538,332.15,4,160.0,0.0
10.1021/JE020219O,"10.1021/JE020219O|LiPF6|1.4605|mol/kg|w|0,0.4,0,0,0.6,0,0,0,0,0,0,0,0,0,0,0,0,0,0,0,0,0,0,0,0,0,0,0,0,0,0,0,0,0,0,0,0,0",5,cost_sensitive_budget_policy,1.0413926851582251,1.0483589402490079,0.006966255090782747,332.15,4,160.0,0.0
10.1021/JE020219O,"10.1021/JE020219O|LiPF6|1.2325|mol/kg|w|0,0.4,0,0,0.6,0,0,0,0,0,0,0,0,0,0,0,0,0,0,0,0,0,0,0,0,0,0,0,0,0,0,0,0,0,0,0,0,0",5,cost_sensitive_budget_policy,1.0666985504229953,1.0687867395818418,0.002088189158846454,332.15,4,160.0,0.0
10.1021/JE020219O,"10.1021/JE020219O|LiPF6|1.0464|mol/kg|w|0,0.4,0,0,0.6,0,0,0,0,0,0,0,0,0,0,0,0,0,0,0,0,0,0,0,0,0,0,0,0,0,0,0,0,0,0,0,0,0",5,cost_sensitive_budget_policy,1.0737183503461227,1.0751924096510965,0.001474059304973796,332.15,4,160.0,0.0
10.1021/JE020219O,"10.1021/JE020219O|LiPF6|0.8843|mol/kg|w|0,0.4,0,0,0.6,0,0,0,0,0,0,0,0,0,0,0,0,0,0,0,0,0,0,0,0,0,0,0,0,0,0,0,0,0,0,0,0,0",5,cost_sensitive_budget_policy,1.06781451116184,1.0691345653242317,0.0013200541623916706,332.15,4,160.0,0.0
10.1021/JE020219O,"10.1021/JE020219O|LiPF6|0.7501|mol/kg|w|0,0.4,0,0,0.6,0,0,0,0,0,0,0,0,0,0,0,0,0,0,0,0,0,0,0,0,0,0,0,0,0,0,0,0,0,0,0,0,0",5,cost_sensitive_budget_policy,1.0523090996473234,1.053175365935004,0.000866266287680606,332.15,4,160.0,0.0
10.1021/JE020219O,"10.1021/JE020219O|LiPF6|0.6372|mol/kg|w|0,0.4,0,0,0.6,0,0,0,0,0,0,0,0,0,0,0,0,0,0,0,0,0,0,0,0,0,0,0,0,0,0,0,0,0,0,0,0,0",5,cost_sensitive_budget_policy,1.0297894708318556,1.0298481306144116,5.865978255603643e-05,332.15,4,160.0,0.0
10.1021/JE020219O,"10.1021/JE020219O|LiPF6|0.3622|mol/kg|w|0,0.4,0,0,0.6,0,0,0,0,0,0,0,0,0,0,0,0,0,0,0,0,0,0,0,0,0,0,0,0,0,0,0,0,0,0,0,0,0",5,cost_sensitive_budget_policy,0.9100905455940682,0.9087759139635355,0.0013146316305326922,332.15,4,160.0,0.0
10.1021/JE020219O,"10.1021/JE020219O|LiPF6|2.3162|mol/kg|w|0,0.3,0,0,0.7,0,0,0,0,0,0,0,0,0,0,0,0,0,0,0,0,0,0,0,0,0,0,0,0,0,0,0,0,0,0,0,0,0",5,cost_sensitive_budget_policy,0.8675853265470362,0.8723138641082127,0.004728537561176416,332.15,4,160.0,0.0
10.1021/JE020219O,"10.1021/JE020219O|LiPF6|2.13|mol/kg|w|0,0.3,0,0,0.7,0,0,0,0,0,0,0,0,0,0,0,0,0,0,0,0,0,0,0,0,0,0,0,0,0,0,0,0,0,0,0,0,0",5,cost_sensitive_budget_policy,0.9105710484812585,0.9142888981828377,0.003717849701579179,332.15,4,160.0,0.0
10.1021/JE020219O,"10.1021/JE020219O|LiPF6|1.9264|mol/kg|w|0,0.3,0,0,0.7,0,0,0,0,0,0,0,0,0,0,0,0,0,0,0,0,0,0,0,0,0,0,0,0,0,0,0,0,0,0,0,0,0",5,cost_sensitive_budget_policy,0.9462557071993973,0.9508585191821028,0.0046028119827055125,332.15,4,160.0,0.0
10.1021/JE020219O,"10.1021/JE020219O|LiPF6|1.7204|mol/kg|w|0,0.3,0,0,0.7,0,0,0,0,0,0,0,0,0,0,0,0,0,0,0,0,0,0,0,0,0,0,0,0,0,0,0,0,0,0,0,0,0",5,cost_sensitive_budget_policy,0.982361701633147,0.9850579068836243,0.0026962052504773126,332.15,4,160.0,0.0
10.1021/JE020219O,"10.1021/JE020219O|LiPF6|1.4776|mol/kg|w|0,0.3,0,0,0.7,0,0,0,0,0,0,0,0,0,0,0,0,0,0,0,0,0,0,0,0,0,0,0,0,0,0,0,0,0,0,0,0,0",5,cost_sensitive_budget_policy,1.0098756337121602,1.015272711846614,0.005397078134453892,332.15,4,160.0,0.0
10.1021/JE020219O,"10.1021/JE020219O|LiPF6|1.2541|mol/kg|w|0,0.3,0,0,0.7,0,0,0,0,0,0,0,0,0,0,0,0,0,0,0,0,0,0,0,0,0,0,0,0,0,0,0,0,0,0,0,0,0",5,cost_sensitive_budget_policy,1.0257153839013406,1.0274119131054618,0.001696529204121111,332.15,4,160.0,0.0
10.1021/JE020219O,"10.1021/JE020219O|LiPF6|1.0635|mol/kg|w|0,0.3,0,0,0.7,0,0,0,0,0,0,0,0,0,0,0,0,0,0,0,0,0,0,0,0,0,0,0,0,0,0,0,0,0,0,0,0,0",5,cost_sensitive_budget_policy,1.0265332645232967,1.0277495844832247,0.0012163199599279917,332.15,4,160.0,0.0
10.1021/JE020219O,"10.1021/JE020219O|LiPF6|0.764|mol/kg|w|0,0.3,0,0,0.7,0,0,0,0,0,0,0,0,0,0,0,0,0,0,0,0,0,0,0,0,0,0,0,0,0,0,0,0,0,0,0,0,0",5,cost_sensitive_budget_policy,0.9931274851057101,0.9944302059914674,0.0013027208857572248,332.15,4,160.0,0.0
10.1021/JE020219O,"10.1021/JE020219O|LiPF6|0.6483|mol/kg|w|0,0.3,0,0,0.7,0,0,0,0,0,0,0,0,0,0,0,0,0,0,0,0,0,0,0,0,0,0,0,0,0,0,0,0,0,0,0,0,0",5,cost_sensitive_budget_policy,0.9653898702151223,0.9663640401227633,0.0009741699076409871,332.15,4,160.0,0.0
10.1021/JE020219O,"10.1021/JE020219O|LiPF6|0.55|mol/kg|w|0,0.3,0,0,0.7,0,0,0,0,0,0,0,0,0,0,0,0,0,0,0,0,0,0,0,0,0,0,0,0,0,0,0,0,0,0,0,0,0",5,cost_sensitive_budget_policy,0.9320169064342013,0.9326047904575296,0.0005878840233283222,332.15,4,160.0,0.0
10.1021/JE020219O,"10.1021/JE020219O|LiPF6|0.4612|mol/kg|w|0,0.3,0,0,0.7,0,0,0,0,0,0,0,0,0,0,0,0,0,0,0,0,0,0,0,0,0,0,0,0,0,0,0,0,0,0,0,0,0",5,cost_sensitive_budget_policy,0.8918161195248605,0.8921891317497455,0.0003730122248849499,332.15,4,160.0,0.0
10.1021/JE020219O,"10.1021/JE020219O|LiPF6|0.3773|mol/kg|w|0,0.3,0,0,0.7,0,0,0,0,0,0,0,0,0,0,0,0,0,0,0,0,0,0,0,0,0,0,0,0,0,0,0,0,0,0,0,0,0",5,cost_sensitive_budget_policy,0.8402943316114362,0.8406259369809214,0.00033160536948517727,332.15,4,160.0,0.0
10.1021/JE020219O,"10.1021/JE020219O|LiPF6|0.2585|mol/kg|w|0,0.3,0,0,0.7,0,0,0,0,0,0,0,0,0,0,0,0,0,0,0,0,0,0,0,0,0,0,0,0,0,0,0,0,0,0,0,0,0",5,cost_sensitive_budget_policy,0.7329563695756246,0.7324068276934482,0.0005495418821763742,332.15,4,160.0,0.0
10.1021/JE020219O,"10.1021/JE020219O|LiPF6|1.9123|mol/kg|w|0,1,0,0,0,0,0,0,0,0,0,0,0,0,0,0,0,0,0,0,0,0,0,0,0,0,0,0,0,0,0,0,0,0,0,0,0,0",5,cost_sensitive_budget_policy,0.8671727511786498,0.8934591143195081,0.026286363140858304,332.15,4,160.0,0.0025
10.1021/JE020219O,"10.1021/JE020219O|LiPF6|1.6827|mol/kg|w|0,1,0,0,0,0,0,0,0,0,0,0,0,0,0,0,0,0,0,0,0,0,0,0,0,0,0,0,0,0,0,0,0,0,0,0,0,0",5,cost_sensitive_budget_policy,0.9384696883676453,0.9537701783700163,0.015300490002370992,332.15,4,160.0,0.0025
10.1021/JE020219O,"10.1021/JE020219O|LiPF6|1.445|mol/kg|w|0,1,0,0,0,0,0,0,0,0,0,0,0,0,0,0,0,0,0,0,0,0,0,0,0,0,0,0,0,0,0,0,0,0,0,0,0,0",5,cost_sensitive_budget_policy,1.0021660617565078,1.017945962350211,0.015779900593703156,332.15,4,160.0,0.0025
10.1021/JE020219O,"10.1021/JE020219O|LiPF6|1.2341|mol/kg|w|0,1,0,0,0,0,0,0,0,0,0,0,0,0,0,0,0,0,0,0,0,0,0,0,0,0,0,0,0,0,0,0,0,0,0,0,0,0",5,cost_sensitive_budget_policy,1.0511525224473812,1.057795533967879,0.0066430115204978435,332.15,4,160.0,0.0025
10.1021/JE020219O,"10.1021/JE020219O|LiPF6|0.9089|mol/kg|w|0,1,0,0,0,0,0,0,0,0,0,0,0,0,0,0,0,0,0,0,0,0,0,0,0,0,0,0,0,0,0,0,0,0,0,0,0,0",5,cost_sensitive_budget_policy,1.089551882886454,1.0932761804220885,0.0037242975356344132,332.15,4,160.0,0.0025
10.1021/JE020219O,"10.1021/JE020219O|LiPF6|0.7799|mol/kg|w|0,1,0,0,0,0,0,0,0,0,0,0,0,0,0,0,0,0,0,0,0,0,0,0,0,0,0,0,0,0,0,0,0,0,0,0,0,0",5,cost_sensitive_budget_policy,1.0888445627270043,1.0914491354412512,0.0026045727142469666,332.15,4,160.0,0.0025
10.1021/JE020219O,"10.1021/JE020219O|LiPF6|0.6659|mol/kg|w|0,1,0,0,0,0,0,0,0,0,0,0,0,0,0,0,0,0,0,0,0,0,0,0,0,0,0,0,0,0,0,0,0,0,0,0,0,0",5,cost_sensitive_budget_policy,1.077731179652392,1.0791580226151718,0.0014268429627797286,332.15,4,160.0,0.0025
10.1021/JE020219O,"10.1021/JE020219O|LiPF6|0.5661|mol/kg|w|0,1,0,0,0,0,0,0,0,0,0,0,0,0,0,0,0,0,0,0,0,0,0,0,0,0,0,0,0,0,0,0,0,0,0,0,0,0",5,cost_sensitive_budget_policy,1.0572856444182146,1.0579081229242135,0.0006224785059989468,332.15,4,160.0,0.0025
10.1021/JE020219O,"10.1021/JE020219O|LiPF6|0.4759|mol/kg|w|0,1,0,0,0,0,0,0,0,0,0,0,0,0,0,0,0,0,0,0,0,0,0,0,0,0,0,0,0,0,0,0,0,0,0,0,0,0",5,cost_sensitive_budget_policy,1.02816441942447,1.0283380956584667,0.0001736762339967779,332.15,4,160.0,0.0025
10.1021/JE020219O,"10.1021/JE020219O|LiPF6|0.2801|mol/kg|w|0,1,0,0,0,0,0,0,0,0,0,0,0,0,0,0,0,0,0,0,0,0,0,0,0,0,0,0,0,0,0,0,0,0,0,0,0,0",5,cost_sensitive_budget_policy,0.9025467793139914,0.9006567603056509,0.0018900190083405155,332.15,4,160.0,0.0025
10.1021/JE020219O,"10.1021/JE020219O|LiPF6|2.1311|mol/kg|w|0,0.9,0,0,0.1,0,0,0,0,0,0,0,0,0,0,0,0,0,0,0,0,0,0,0,0,0,0,0,0,0,0,0,0,0,0,0,0,0",5,cost_sensitive_budget_policy,0.8326366275967033,0.8558306986687927,0.023194071072089373,332.15,4,160.0,0.0025
10.1021/JE020219O,"10.1021/JE020219O|LiPF6|1.9117|mol/kg|w|0,0.9,0,0,0.1,0,0,0,0,0,0,0,0,0,0,0,0,0,0,0,0,0,0,0,0,0,0,0,0,0,0,0,0,0,0,0,0,0",5,cost_sensitive_budget_policy,0.8953120244757873,0.9151531243611766,0.01984109988538929,332.15,4,160.0,0.0025
10.1021/JE020219O,"10.1021/JE020219O|LiPF6|1.6929|mol/kg|w|0,0.9,0,0,0.1,0,0,0,0,0,0,0,0,0,0,0,0,0,0,0,0,0,0,0,0,0,0,0,0,0,0,0,0,0,0,0,0,0",5,cost_sensitive_budget_policy,0.9664702637292844,0.9799484828296536,0.013478219100369282,332.15,4,160.0,0.0025
10.1021/JE020219O,"10.1021/JE020219O|LiPF6|1.4535|mol/kg|w|0,0.9,0,0,0.1,0,0,0,0,0,0,0,0,0,0,0,0,0,0,0,0,0,0,0,0,0,0,0,0,0,0,0,0,0,0,0,0,0",5,cost_sensitive_budget_policy,1.0261245167454502,1.0404314967823212,0.01430698003687092,332.15,4,160.0,0.0025
10.1021/JE020219O,"10.1021/JE020219O|LiPF6|1.2271|mol/kg|w|0,0.9,0,0,0.1,0,0,0,0,0,0,0,0,0,0,0,0,0,0,0,0,0,0,0,0,0,0,0,0,0,0,0,0,0,0,0,0,0",5,cost_sensitive_budget_policy,1.0751818546186915,1.080588062172309,0.005406207553617426,332.15,4,160.0,0.0025
10.1021/JE020219O,"10.1021/JE020219O|LiPF6|1.0532|mol/kg|w|0,0.9,0,0,0.1,0,0,0,0,0,0,0,0,0,0,0,0,0,0,0,0,0,0,0,0,0,0,0,0,0,0,0,0,0,0,0,0,0",5,cost_sensitive_budget_policy,1.0996806411092501,1.1034743328758512,0.0037936917666010483,332.15,4,160.0,0.0025
10.1021/JE020219O,"10.1021/JE020219O|LiPF6|0.8954|mol/kg|w|0,0.9,0,0,0.1,0,0,0,0,0,0,0,0,0,0,0,0,0,0,0,0,0,0,0,0,0,0,0,0,0,0,0,0,0,0,0,0,0",5,cost_sensitive_budget_policy,1.1092409685882032,1.111499422434248,0.002258453846044839,332.15,4,160.0,0.0025
10.1021/JE020219O,"10.1021/JE020219O|LiPF6|0.7652|mol/kg|w|0,0.9,0,0,0.1,0,0,0,0,0,0,0,0,0,0,0,0,0,0,0,0,0,0,0,0,0,0,0,0,0,0,0,0,0,0,0,0,0",5,cost_sensitive_budget_policy,1.1058506743851435,1.1072612082856246,0.0014105339004810702,332.15,4,160.0,0.0025
10.1021/JE020219O,"10.1021/JE020219O|LiPF6|0.4603|mol/kg|w|0,0.9,0,0,0.1,0,0,0,0,0,0,0,0,0,0,0,0,0,0,0,0,0,0,0,0,0,0,0,0,0,0,0,0,0,0,0,0,0",5,cost_sensitive_budget_policy,1.0374264979406236,1.036628775508723,0.0007977224319006826,332.15,4,160.0,0.0025
10.1021/JE020219O,"10.1021/JE020219O|LiPF6|0.3839|mol/kg|w|0,0.9,0,0,0.1,0,0,0,0,0,0,0,0,0,0,0,0,0,0,0,0,0,0,0,0,0,0,0,0,0,0,0,0,0,0,0,0,0",5,cost_sensitive_budget_policy,0.9976921179417265,0.9963766500663982,0.0013154678753283244,332.15,4,160.0,0.0025
10.1021/JE020219O,"10.1021/JE020219O|LiPF6|0.3086|mol/kg|w|0,0.9,0,0,0.1,0,0,0,0,0,0,0,0,0,0,0,0,0,0,0,0,0,0,0,0,0,0,0,0,0,0,0,0,0,0,0,0,0",5,cost_sensitive_budget_policy,0.9434450490250305,0.9411709725369141,0.0022740764881163944,332.15,4,160.0,0.0025
10.1021/JE020219O,"10.1021/JE020219O|LiPF6|2.3728|mol/kg|w|0,0.8,0,0,0.2,0,0,0,0,0,0,0,0,0,0,0,0,0,0,0,0,0,0,0,0,0,0,0,0,0,0,0,0,0,0,0,0,0",5,cost_sensitive_budget_policy,0.7781512503836436,0.8022121164022442,0.02406086601860058,332.15,4,160.0,0.0025
10.1021/JE020219O,"10.1021/JE020219O|LiPF6|2.1648|mol/kg|w|0,0.8,0,0,0.2,0,0,0,0,0,0,0,0,0,0,0,0,0,0,0,0,0,0,0,0,0,0,0,0,0,0,0,0,0,0,0,0,0",5,cost_sensitive_budget_policy,0.8586574840908079,0.8784851273518552,0.019827643261047356,332.15,4,160.0,0.0025
10.1021/JE020219O,"10.1021/JE020219O|LiPF6|1.9482|mol/kg|w|0,0.8,0,0,0.2,0,0,0,0,0,0,0,0,0,0,0,0,0,0,0,0,0,0,0,0,0,0,0,0,0,0,0,0,0,0,0,0,0",5,cost_sensitive_budget_policy,0.9159799141402244,0.9329275999542312,0.016947685814006852,332.15,4,160.0,0.0025
10.1021/JE020219O,"10.1021/JE020219O|LiPF6|1.7321|mol/kg|w|0,0.8,0,0,0.2,0,0,0,0,0,0,0,0,0,0,0,0,0,0,0,0,0,0,0,0,0,0,0,0,0,0,0,0,0,0,0,0,0",5,cost_sensitive_budget_policy,0.9824521513849896,0.9940459342116166,0.01159378282662693,332.15,4,160.0,0.0025
10.1021/JE020219O,"10.1021/JE020219O|LiPF6|1.4764|mol/kg|w|0,0.8,0,0,0.2,0,0,0,0,0,0,0,0,0,0,0,0,0,0,0,0,0,0,0,0,0,0,0,0,0,0,0,0,0,0,0,0,0",5,cost_sensitive_budget_policy,1.044539760392411,1.0575602128694772,0.013020452477066291,332.15,4,160.0,0.0025
10.1021/JE020219O,"10.1021/JE020219O|LiPF6|1.2444|mol/kg|w|0,0.8,0,0,0.2,0,0,0,0,0,0,0,0,0,0,0,0,0,0,0,0,0,0,0,0,0,0,0,0,0,0,0,0,0,0,0,0,0",5,cost_sensitive_budget_policy,1.0923696996291206,1.0967627093514483,0.004393009722327701,332.15,4,160.0,0.0025
10.1021/JE020219O,"10.1021/JE020219O|LiPF6|0.7537|mol/kg|w|0,0.8,0,0,0.2,0,0,0,0,0,0,0,0,0,0,0,0,0,0,0,0,0,0,0,0,0,0,0,0,0,0,0,0,0,0,0,0,0",5,cost_sensitive_budget_policy,1.1182647260894794,1.1192258668090005,0.0009611407195211363,332.15,4,160.0,0.0025
10.1021/JE020219O,"10.1021/JE020219O|LiPF6|0.6385|mol/kg|w|0,0.8,0,0,0.2,0,0,0,0,0,0,0,0,0,0,0,0,0,0,0,0,0,0,0,0,0,0,0,0,0,0,0,0,0,0,0,0,0",5,cost_sensitive_budget_policy,1.1024337056813363,1.1021015737174185,0.0003321319639177922,332.15,4,160.0,0.0025
10.1021/JE020219O,"10.1021/JE020219O|LiPF6|0.538|mol/kg|w|0,0.8,0,0,0.2,0,0,0,0,0,0,0,0,0,0,0,0,0,0,0,0,0,0,0,0,0,0,0,0,0,0,0,0,0,0,0,0,0",5,cost_sensitive_budget_policy,1.0766404436703418,1.0761592567588316,0.00048118691151022297,332.15,4,160.0,0.0025
10.1021/JE020219O,"10.1021/JE020219O|LiPF6|0.4496|mol/kg|w|0,0.8,0,0,0.2,0,0,0,0,0,0,0,0,0,0,0,0,0,0,0,0,0,0,0,0,0,0,0,0,0,0,0,0,0,0,0,0,0",5,cost_sensitive_budget_policy,1.0433622780211296,1.0424618732400603,0.0009004047810692306,332.15,4,160.0,0.0025
10.1021/JE020219O,"10.1021/JE020219O|LiPF6|0.3704|mol/kg|w|0,0.8,0,0,0.2,0,0,0,0,0,0,0,0,0,0,0,0,0,0,0,0,0,0,0,0,0,0,0,0,0,0,0,0,0,0,0,0,0",5,cost_sensitive_budget_policy,0.9998262474544124,0.998093781184901,0.0017324662695114013,332.15,4,160.0,0.0025
10.1021/JE020219O,"10.1021/JE020219O|LiPF6|0.2848|mol/kg|w|0,0.8,0,0,0.2,0,0,0,0,0,0,0,0,0,0,0,0,0,0,0,0,0,0,0,0,0,0,0,0,0,0,0,0,0,0,0,0,0",5,cost_sensitive_budget_policy,0.9318645134920318,0.9294395075597655,0.0024250059322663553,332.15,4,160.0,0.0025
10.1021/JE020219O,"10.1021/JE020219O|LiPF6|2.1265|mol/kg|w|0,0.7,0,0,0.3,0,0,0,0,0,0,0,0,0,0,0,0,0,0,0,0,0,0,0,0,0,0,0,0,0,0,0,0,0,0,0,0,0",5,cost_sensitive_budget_policy,0.8856438718357639,0.9009742501038651,0.015330378268101241,332.15,4,160.0,0.0025
10.1021/JE020219O,"10.1021/JE020219O|LiPF6|1.9194|mol/kg|w|0,0.7,0,0,0.3,0,0,0,0,0,0,0,0,0,0,0,0,0,0,0,0,0,0,0,0,0,0,0,0,0,0,0,0,0,0,0,0,0",5,cost_sensitive_budget_policy,0.9436923271060167,0.9605276635682731,0.016835336462256434,332.15,4,160.0,0.0025
10.1021/JE020219O,"10.1021/JE020219O|LiPF6|1.4664|mol/kg|w|0,0.7,0,0,0.3,0,0,0,0,0,0,0,0,0,0,0,0,0,0,0,0,0,0,0,0,0,0,0,0,0,0,0,0,0,0,0,0,0",5,cost_sensitive_budget_policy,1.0561422620590524,1.0673631031003075,0.011220841041255092,332.15,4,160.0,0.0025
10.1021/JE020219O,"10.1021/JE020219O|LiPF6|1.2514|mol/kg|w|0,0.7,0,0,0.3,0,0,0,0,0,0,0,0,0,0,0,0,0,0,0,0,0,0,0,0,0,0,0,0,0,0,0,0,0,0,0,0,0",5,cost_sensitive_budget_policy,1.0965624383741355,1.0981466662894197,0.001584227915284231,332.15,4,160.0,0.0025
10.1021/JE020219O,"10.1021/JE020219O|LiPF6|1.0685|mol/kg|w|0,0.7,0,0,0.3,0,0,0,0,0,0,0,0,0,0,0,0,0,0,0,0,0,0,0,0,0,0,0,0,0,0,0,0,0,0,0,0,0",5,cost_sensitive_budget_policy,1.1176026916900843,1.1194503378792922,0.0018476461892078522,332.15,4,160.0,0.0025
10.1021/JE020219O,"10.1021/JE020219O|LiPF6|0.9088|mol/kg|w|0,0.7,0,0,0.3,0,0,0,0,0,0,0,0,0,0,0,0,0,0,0,0,0,0,0,0,0,0,0,0,0,0,0,0,0,0,0,0,0",5,cost_sensitive_budget_policy,1.1231980750319988,1.1262960636998784,0.003097988667879692,332.15,4,160.0,0.0025
10.1021/JE020219O,"10.1021/JE020219O|LiPF6|0.6653|mol/kg|w|0,0.7,0,0,0.3,0,0,0,0,0,0,0,0,0,0,0,0,0,0,0,0,0,0,0,0,0,0,0,0,0,0,0,0,0,0,0,0,0",5,cost_sensitive_budget_policy,1.104145550554008,1.100341217365694,0.0038043331883141907,332.15,4,160.0,0.0025
10.1021/JE020219O,"10.1021/JE020219O|LiPF6|0.5658|mol/kg|w|0,0.7,0,0,0.3,0,0,0,0,0,0,0,0,0,0,0,0,0,0,0,0,0,0,0,0,0,0,0,0,0,0,0,0,0,0,0,0,0",5,cost_sensitive_budget_policy,1.0791812460476249,1.0732302580126365,0.0059509880349883915,332.15,4,160.0,0.0025
10.1021/JE020219O,"10.1021/JE020219O|LiPF6|0.3992|mol/kg|w|0,0.7,0,0,0.3,0,0,0,0,0,0,0,0,0,0,0,0,0,0,0,0,0,0,0,0,0,0,0,0,0,0,0,0,0,0,0,0,0",5,cost_sensitive_budget_policy,1.00774777800074,1.0132311502676332,0.005483372266893216,332.15,4,160.0,0.0025
10.1021/JE020219O,"10.1021/JE020219O|LiPF6|0.302|mol/kg|w|0,0.7,0,0,0.3,0,0,0,0,0,0,0,0,0,0,0,0,0,0,0,0,0,0,0,0,0,0,0,0,0,0,0,0,0,0,0,0,0",5,cost_sensitive_budget_policy,0.9435439771534544,0.9410922191746852,0.0024517579787691757,332.15,4,160.0,0.0025
10.1021/JE020219O,"10.1021/JE020219O|LiPF6|2.3304|mol/kg|w|0,0.6,0,0,0.4,0,0,0,0,0,0,0,0,0,0,0,0,0,0,0,0,0,0,0,0,0,0,0,0,0,0,0,0,0,0,0,0,0",5,cost_sensitive_budget_policy,0.8391007827071532,0.8529401666628105,0.013839383955657314,332.15,4,160.0,0.0025
10.1021/JE020219O,"10.1021/JE020219O|LiPF6|2.1375|mol/kg|w|0,0.6,0,0,0.4,0,0,0,0,0,0,0,0,0,0,0,0,0,0,0,0,0,0,0,0,0,0,0,0,0,0,0,0,0,0,0,0,0",5,cost_sensitive_budget_policy,0.899984562549391,0.9117443075082352,0.011759744958844243,332.15,4,160.0,0.0025
10.1021/JE020219O,"10.1021/JE020219O|LiPF6|1.7328|mol/kg|w|0,0.6,0,0,0.4,0,0,0,0,0,0,0,0,0,0,0,0,0,0,0,0,0,0,0,0,0,0,0,0,0,0,0,0,0,0,0,0,0",5,cost_sensitive_budget_policy,1.0051805125037803,1.0127879665070445,0.007607454003264236,332.15,4,160.0,0.0025
10.1021/JE020219O,"10.1021/JE020219O|LiPF6|1.5041|mol/kg|w|0,0.6,0,0,0.4,0,0,0,0,0,0,0,0,0,0,0,0,0,0,0,0,0,0,0,0,0,0,0,0,0,0,0,0,0,0,0,0,0",5,cost_sensitive_budget_policy,1.052693941924968,1.062709577765054,0.010015635840086023,332.15,4,160.0,0.0025
10.1021/JE020219O,"10.1021/JE020219O|LiPF6|1.2952|mol/kg|w|0,0.6,0,0,0.4,0,0,0,0,0,0,0,0,0,0,0,0,0,0,0,0,0,0,0,0,0,0,0,0,0,0,0,0,0,0,0,0,0",5,cost_sensitive_budget_policy,1.0906107078284066,1.0939250191867878,0.003314311358381117,332.15,4,160.0,0.0025
10.1021/JE020219O,"10.1021/JE020219O|LiPF6|1.1019|mol/kg|w|0,0.6,0,0,0.4,0,0,0,0,0,0,0,0,0,0,0,0,0,0,0,0,0,0,0,0,0,0,0,0,0,0,0,0,0,0,0,0,0",5,cost_sensitive_budget_policy,1.1122697684172707,1.1144659742804977,0.0021962058632269965,332.15,4,160.0,0.0025
10.1021/JE020219O,"10.1021/JE020219O|LiPF6|0.7987|mol/kg|w|0,0.6,0,0,0.4,0,0,0,0,0,0,0,0,0,0,0,0,0,0,0,0,0,0,0,0,0,0,0,0,0,0,0,0,0,0,0,0,0",5,cost_sensitive_budget_policy,1.1126050015345745,1.113285901694438,0.0006809001598635511,332.15,4,160.0,0.0025
10.1021/JE020219O,"10.1021/JE020219O|LiPF6|0.6859|mol/kg|w|0,0.6,0,0,0.4,0,0,0,0,0,0,0,0,0,0,0,0,0,0,0,0,0,0,0,0,0,0,0,0,0,0,0,0,0,0,0,0,0",5,cost_sensitive_budget_policy,1.0989896394011773,1.0985487049503488,0.0004409344508284896,332.15,4,160.0,0.0025
10.1021/JE020219O,"10.1021/JE020219O|LiPF6|0.5857|mol/kg|w|0,0.6,0,0,0.4,0,0,0,0,0,0,0,0,0,0,0,0,0,0,0,0,0,0,0,0,0,0,0,0,0,0,0,0,0,0,0,0,0",5,cost_sensitive_budget_policy,1.0773679052841565,1.076266391051234,0.0011015142329224847,332.15,4,160.0,0.0025
10.1021/JE020219O,"10.1021/JE020219O|LiPF6|0.4233|mol/kg|w|0,0.6,0,0,0.4,0,0,0,0,0,0,0,0,0,0,0,0,0,0,0,0,0,0,0,0,0,0,0,0,0,0,0,0,0,0,0,0,0",5,cost_sensitive_budget_policy,1.0153597554092142,1.0134860747171204,0.0018736806920938154,332.15,4,160.0,0.0025
10.1021/JE020219O,"10.1021/JE020219O|LiPF6|0.3256|mol/kg|w|0,0.6,0,0,0.4,0,0,0,0,0,0,0,0,0,0,0,0,0,0,0,0,0,0,0,0,0,0,0,0,0,0,0,0,0,0,0,0,0",5,cost_sensitive_budget_policy,0.951823035315912,0.9496352251666095,0.0021878101493024715,332.15,4,160.0,0.0025
10.1021/JE020219O,"10.1021/JE020219O|LiPF6|2.3128|mol/kg|w|0,0.5,0,0,0.5,0,0,0,0,0,0,0,0,0,0,0,0,0,0,0,0,0,0,0,0,0,0,0,0,0,0,0,0,0,0,0,0,0",5,cost_sensitive_budget_policy,0.8620120512502166,0.8722065839583677,0.010194532708151072,332.15,4,160.0,0.0025
10.1021/JE020219O,"10.1021/JE020219O|LiPF6|1.7117|mol/kg|w|0,0.5,0,0,0.5,0,0,0,0,0,0,0,0,0,0,0,0,0,0,0,0,0,0,0,0,0,0,0,0,0,0,0,0,0,0,0,0,0",5,cost_sensitive_budget_policy,1.0141003215196205,1.0198478239543711,0.00574750243475064,332.15,4,160.0,0.0025
10.1021/JE020219O,"10.1021/JE020219O|LiPF6|1.4766|mol/kg|w|0,0.5,0,0,0.5,0,0,0,0,0,0,0,0,0,0,0,0,0,0,0,0,0,0,0,0,0,0,0,0,0,0,0,0,0,0,0,0,0",5,cost_sensitive_budget_policy,1.0546130545568877,1.0631293838493976,0.008516329292509894,332.15,4,160.0,0.0025
10.1021/JE020219O,"10.1021/JE020219O|LiPF6|1.2604|mol/kg|w|0,0.5,0,0,0.5,0,0,0,0,0,0,0,0,0,0,0,0,0,0,0,0,0,0,0,0,0,0,0,0,0,0,0,0,0,0,0,0,0",5,cost_sensitive_budget_policy,1.0863598306747482,1.0892384204565735,0.0028785897818253137,332.15,4,160.0,0.0025
10.1021/JE020219O,"10.1021/JE020219O|LiPF6|1.0593|mol/kg|w|0,0.5,0,0,0.5,0,0,0,0,0,0,0,0,0,0,0,0,0,0,0,0,0,0,0,0,0,0,0,0,0,0,0,0,0,0,0,0,0",5,cost_sensitive_budget_policy,1.1017470739463662,1.1031981477780217,0.0014510738316555472,332.15,4,160.0,0.0025
10.1021/JE020219O,"10.1021/JE020219O|LiPF6|0.8937|mol/kg|w|0,0.5,0,0,0.5,0,0,0,0,0,0,0,0,0,0,0,0,0,0,0,0,0,0,0,0,0,0,0,0,0,0,0,0,0,0,0,0,0",5,cost_sensitive_budget_policy,1.1010593549081156,1.1020911274133178,0.0010317725052022553,332.15,4,160.0,0.0025
10.1021/JE020219O,"10.1021/JE020219O|LiPF6|0.6541|mol/kg|w|0,0.5,0,0,0.5,0,0,0,0,0,0,0,0,0,0,0,0,0,0,0,0,0,0,0,0,0,0,0,0,0,0,0,0,0,0,0,0,0",5,cost_sensitive_budget_policy,1.0722498976135149,1.0720987427096393,0.00015115490387551667,332.15,4,160.0,0.0025
10.1021/JE020219O,"10.1021/JE020219O|LiPF6|0.5547|mol/kg|w|0,0.5,0,0,0.5,0,0,0,0,0,0,0,0,0,0,0,0,0,0,0,0,0,0,0,0,0,0,0,0,0,0,0,0,0,0,0,0,0",5,cost_sensitive_budget_policy,1.0461047872460387,1.0454535795983606,0.0006512076476781203,332.15,4,160.0,0.0025
10.1021/JE020219O,"10.1021/JE020219O|LiPF6|0.3855|mol/kg|w|0,0.5,0,0,0.5,0,0,0,0,0,0,0,0,0,0,0,0,0,0,0,0,0,0,0,0,0,0,0,0,0,0,0,0,0,0,0,0,0",5,cost_sensitive_budget_policy,0.9702073588068546,0.9684571944211761,0.0017501643856785432,332.15,4,160.0,0.0025
10.1021/JE020219O,"10.1021/JE020219O|LiPF6|2.3386|mol/kg|w|0,0.4,0,0,0.6,0,0,0,0,0,0,0,0,0,0,0,0,0,0,0,0,0,0,0,0,0,0,0,0,0,0,0,0,0,0,0,0,0",5,cost_sensitive_budget_policy,0.8629657589777625,0.8701524052005216,0.007186646222759108,332.15,4,160.0,0.0025
10.1021/JE020219O,"10.1021/JE020219O|LiPF6|1.9321|mol/kg|w|0,0.4,0,0,0.6,0,0,0,0,0,0,0,0,0,0,0,0,0,0,0,0,0,0,0,0,0,0,0,0,0,0,0,0,0,0,0,0,0",5,cost_sensitive_budget_policy,0.9577987749299979,0.9644412685159409,0.006642493585943043,332.15,4,160.0,0.0025
10.1021/JE020219O,"10.1021/JE020219O|LiPF6|1.7176|mol/kg|w|0,0.4,0,0,0.6,0,0,0,0,0,0,0,0,0,0,0,0,0,0,0,0,0,0,0,0,0,0,0,0,0,0,0,0,0,0,0,0,0",5,cost_sensitive_budget_policy,1.0056094453602804,1.009788179795647,0.004178734435366538,332.15,4,160.0,0.0025
10.1021/JE020219O,"10.1021/JE020219O|LiPF6|1.4605|mol/kg|w|0,0.4,0,0,0.6,0,0,0,0,0,0,0,0,0,0,0,0,0,0,0,0,0,0,0,0,0,0,0,0,0,0,0,0,0,0,0,0,0",5,cost_sensitive_budget_policy,1.0413926851582251,1.0483589402490079,0.006966255090782747,332.15,4,160.0,0.0025
10.1021/JE020219O,"10.1021/JE020219O|LiPF6|1.2325|mol/kg|w|0,0.4,0,0,0.6,0,0,0,0,0,0,0,0,0,0,0,0,0,0,0,0,0,0,0,0,0,0,0,0,0,0,0,0,0,0,0,0,0",5,cost_sensitive_budget_policy,1.0666985504229953,1.0687867395818418,0.002088189158846454,332.15,4,160.0,0.0025
10.1021/JE020219O,"10.1021/JE020219O|LiPF6|1.0464|mol/kg|w|0,0.4,0,0,0.6,0,0,0,0,0,0,0,0,0,0,0,0,0,0,0,0,0,0,0,0,0,0,0,0,0,0,0,0,0,0,0,0,0",5,cost_sensitive_budget_policy,1.0737183503461227,1.0751924096510965,0.001474059304973796,332.15,4,160.0,0.0025
10.1021/JE020219O,"10.1021/JE020219O|LiPF6|0.8843|mol/kg|w|0,0.4,0,0,0.6,0,0,0,0,0,0,0,0,0,0,0,0,0,0,0,0,0,0,0,0,0,0,0,0,0,0,0,0,0,0,0,0,0",5,cost_sensitive_budget_policy,1.06781451116184,1.0691345653242317,0.0013200541623916706,332.15,4,160.0,0.0025
10.1021/JE020219O,"10.1021/JE020219O|LiPF6|0.7501|mol/kg|w|0,0.4,0,0,0.6,0,0,0,0,0,0,0,0,0,0,0,0,0,0,0,0,0,0,0,0,0,0,0,0,0,0,0,0,0,0,0,0,0",5,cost_sensitive_budget_policy,1.0523090996473234,1.053175365935004,0.000866266287680606,332.15,4,160.0,0.0025
10.1021/JE020219O,"10.1021/JE020219O|LiPF6|0.6372|mol/kg|w|0,0.4,0,0,0.6,0,0,0,0,0,0,0,0,0,0,0,0,0,0,0,0,0,0,0,0,0,0,0,0,0,0,0,0,0,0,0,0,0",5,cost_sensitive_budget_policy,1.0297894708318556,1.0298481306144116,5.865978255603643e-05,332.15,4,160.0,0.0025
10.1021/JE020219O,"10.1021/JE020219O|LiPF6|0.3622|mol/kg|w|0,0.4,0,0,0.6,0,0,0,0,0,0,0,0,0,0,0,0,0,0,0,0,0,0,0,0,0,0,0,0,0,0,0,0,0,0,0,0,0",5,cost_sensitive_budget_policy,0.9100905455940682,0.9087759139635355,0.0013146316305326922,332.15,4,160.0,0.0025
10.1021/JE020219O,"10.1021/JE020219O|LiPF6|2.3162|mol/kg|w|0,0.3,0,0,0.7,0,0,0,0,0,0,0,0,0,0,0,0,0,0,0,0,0,0,0,0,0,0,0,0,0,0,0,0,0,0,0,0,0",5,cost_sensitive_budget_policy,0.8675853265470362,0.8723138641082127,0.004728537561176416,332.15,4,160.0,0.0025
10.1021/JE020219O,"10.1021/JE020219O|LiPF6|2.13|mol/kg|w|0,0.3,0,0,0.7,0,0,0,0,0,0,0,0,0,0,0,0,0,0,0,0,0,0,0,0,0,0,0,0,0,0,0,0,0,0,0,0,0",5,cost_sensitive_budget_policy,0.9105710484812585,0.9142888981828377,0.003717849701579179,332.15,4,160.0,0.0025
10.1021/JE020219O,"10.1021/JE020219O|LiPF6|1.9264|mol/kg|w|0,0.3,0,0,0.7,0,0,0,0,0,0,0,0,0,0,0,0,0,0,0,0,0,0,0,0,0,0,0,0,0,0,0,0,0,0,0,0,0",5,cost_sensitive_budget_policy,0.9462557071993973,0.9508585191821028,0.0046028119827055125,332.15,4,160.0,0.0025
10.1021/JE020219O,"10.1021/JE020219O|LiPF6|1.7204|mol/kg|w|0,0.3,0,0,0.7,0,0,0,0,0,0,0,0,0,0,0,0,0,0,0,0,0,0,0,0,0,0,0,0,0,0,0,0,0,0,0,0,0",5,cost_sensitive_budget_policy,0.982361701633147,0.9850579068836243,0.0026962052504773126,332.15,4,160.0,0.0025
10.1021/JE020219O,"10.1021/JE020219O|LiPF6|1.4776|mol/kg|w|0,0.3,0,0,0.7,0,0,0,0,0,0,0,0,0,0,0,0,0,0,0,0,0,0,0,0,0,0,0,0,0,0,0,0,0,0,0,0,0",5,cost_sensitive_budget_policy,1.0098756337121602,1.015272711846614,0.005397078134453892,332.15,4,160.0,0.0025
10.1021/JE020219O,"10.1021/JE020219O|LiPF6|1.2541|mol/kg|w|0,0.3,0,0,0.7,0,0,0,0,0,0,0,0,0,0,0,0,0,0,0,0,0,0,0,0,0,0,0,0,0,0,0,0,0,0,0,0,0",5,cost_sensitive_budget_policy,1.0257153839013406,1.0274119131054618,0.001696529204121111,332.15,4,160.0,0.0025
10.1021/JE020219O,"10.1021/JE020219O|LiPF6|1.0635|mol/kg|w|0,0.3,0,0,0.7,0,0,0,0,0,0,0,0,0,0,0,0,0,0,0,0,0,0,0,0,0,0,0,0,0,0,0,0,0,0,0,0,0",5,cost_sensitive_budget_policy,1.0265332645232967,1.0277495844832247,0.0012163199599279917,332.15,4,160.0,0.0025
10.1021/JE020219O,"10.1021/JE020219O|LiPF6|0.764|mol/kg|w|0,0.3,0,0,0.7,0,0,0,0,0,0,0,0,0,0,0,0,0,0,0,0,0,0,0,0,0,0,0,0,0,0,0,0,0,0,0,0,0",5,cost_sensitive_budget_policy,0.9931274851057101,0.9944302059914674,0.0013027208857572248,332.15,4,160.0,0.0025
10.1021/JE020219O,"10.1021/JE020219O|LiPF6|0.6483|mol/kg|w|0,0.3,0,0,0.7,0,0,0,0,0,0,0,0,0,0,0,0,0,0,0,0,0,0,0,0,0,0,0,0,0,0,0,0,0,0,0,0,0",5,cost_sensitive_budget_policy,0.9653898702151223,0.9663640401227633,0.0009741699076409871,332.15,4,160.0,0.0025
10.1021/JE020219O,"10.1021/JE020219O|LiPF6|0.55|mol/kg|w|0,0.3,0,0,0.7,0,0,0,0,0,0,0,0,0,0,0,0,0,0,0,0,0,0,0,0,0,0,0,0,0,0,0,0,0,0,0,0,0",5,cost_sensitive_budget_policy,0.9320169064342013,0.9326047904575296,0.0005878840233283222,332.15,4,160.0,0.0025
10.1021/JE020219O,"10.1021/JE020219O|LiPF6|0.4612|mol/kg|w|0,0.3,0,0,0.7,0,0,0,0,0,0,0,0,0,0,0,0,0,0,0,0,0,0,0,0,0,0,0,0,0,0,0,0,0,0,0,0,0",5,cost_sensitive_budget_policy,0.8918161195248605,0.8921891317497455,0.0003730122248849499,332.15,4,160.0,0.0025
10.1021/JE020219O,"10.1021/JE020219O|LiPF6|0.3773|mol/kg|w|0,0.3,0,0,0.7,0,0,0,0,0,0,0,0,0,0,0,0,0,0,0,0,0,0,0,0,0,0,0,0,0,0,0,0,0,0,0,0,0",5,cost_sensitive_budget_policy,0.8402943316114362,0.8406259369809214,0.00033160536948517727,332.15,4,160.0,0.0025
10.1021/JE020219O,"10.1021/JE020219O|LiPF6|0.2585|mol/kg|w|0,0.3,0,0,0.7,0,0,0,0,0,0,0,0,0,0,0,0,0,0,0,0,0,0,0,0,0,0,0,0,0,0,0,0,0,0,0,0,0",5,cost_sensitive_budget_policy,0.7329563695756246,0.7324068276934482,0.0005495418821763742,332.15,4,160.0,0.0025
10.1021/JE020219O,"10.1021/JE020219O|LiPF6|1.9123|mol/kg|w|0,1,0,0,0,0,0,0,0,0,0,0,0,0,0,0,0,0,0,0,0,0,0,0,0,0,0,0,0,0,0,0,0,0,0,0,0,0",5,cost_sensitive_budget_policy,0.8671727511786498,0.8934591143195081,0.026286363140858304,332.15,4,160.0,0.005
10.1021/JE020219O,"10.1021/JE020219O|LiPF6|1.6827|mol/kg|w|0,1,0,0,0,0,0,0,0,0,0,0,0,0,0,0,0,0,0,0,0,0,0,0,0,0,0,0,0,0,0,0,0,0,0,0,0,0",5,cost_sensitive_budget_policy,0.9384696883676453,0.9537701783700163,0.015300490002370992,332.15,4,160.0,0.005
10.1021/JE020219O,"10.1021/JE020219O|LiPF6|1.445|mol/kg|w|0,1,0,0,0,0,0,0,0,0,0,0,0,0,0,0,0,0,0,0,0,0,0,0,0,0,0,0,0,0,0,0,0,0,0,0,0,0",5,cost_sensitive_budget_policy,1.0021660617565078,1.017945962350211,0.015779900593703156,332.15,4,160.0,0.005
10.1021/JE020219O,"10.1021/JE020219O|LiPF6|1.2341|mol/kg|w|0,1,0,0,0,0,0,0,0,0,0,0,0,0,0,0,0,0,0,0,0,0,0,0,0,0,0,0,0,0,0,0,0,0,0,0,0,0",5,cost_sensitive_budget_policy,1.0511525224473812,1.057795533967879,0.0066430115204978435,332.15,4,160.0,0.005
10.1021/JE020219O,"10.1021/JE020219O|LiPF6|0.9089|mol/kg|w|0,1,0,0,0,0,0,0,0,0,0,0,0,0,0,0,0,0,0,0,0,0,0,0,0,0,0,0,0,0,0,0,0,0,0,0,0,0",5,cost_sensitive_budget_policy,1.089551882886454,1.0932761804220885,0.0037242975356344132,332.15,4,160.0,0.005
10.1021/JE020219O,"10.1021/JE020219O|LiPF6|0.7799|mol/kg|w|0,1,0,0,0,0,0,0,0,0,0,0,0,0,0,0,0,0,0,0,0,0,0,0,0,0,0,0,0,0,0,0,0,0,0,0,0,0",5,cost_sensitive_budget_policy,1.0888445627270043,1.0914491354412512,0.0026045727142469666,332.15,4,160.0,0.005
10.1021/JE020219O,"10.1021/JE020219O|LiPF6|0.6659|mol/kg|w|0,1,0,0,0,0,0,0,0,0,0,0,0,0,0,0,0,0,0,0,0,0,0,0,0,0,0,0,0,0,0,0,0,0,0,0,0,0",5,cost_sensitive_budget_policy,1.077731179652392,1.0791580226151718,0.0014268429627797286,332.15,4,160.0,0.005
10.1021/JE020219O,"10.1021/JE020219O|LiPF6|0.5661|mol/kg|w|0,1,0,0,0,0,0,0,0,0,0,0,0,0,0,0,0,0,0,0,0,0,0,0,0,0,0,0,0,0,0,0,0,0,0,0,0,0",5,cost_sensitive_budget_policy,1.0572856444182146,1.0579081229242135,0.0006224785059989468,332.15,4,160.0,0.005
10.1021/JE020219O,"10.1021/JE020219O|LiPF6|0.4759|mol/kg|w|0,1,0,0,0,0,0,0,0,0,0,0,0,0,0,0,0,0,0,0,0,0,0,0,0,0,0,0,0,0,0,0,0,0,0,0,0,0",5,cost_sensitive_budget_policy,1.02816441942447,1.0283380956584667,0.0001736762339967779,332.15,4,160.0,0.005
10.1021/JE020219O,"10.1021/JE020219O|LiPF6|0.2801|mol/kg|w|0,1,0,0,0,0,0,0,0,0,0,0,0,0,0,0,0,0,0,0,0,0,0,0,0,0,0,0,0,0,0,0,0,0,0,0,0,0",5,cost_sensitive_budget_policy,0.9025467793139914,0.9006567603056509,0.0018900190083405155,332.15,4,160.0,0.005
10.1021/JE020219O,"10.1021/JE020219O|LiPF6|2.1311|mol/kg|w|0,0.9,0,0,0.1,0,0,0,0,0,0,0,0,0,0,0,0,0,0,0,0,0,0,0,0,0,0,0,0,0,0,0,0,0,0,0,0,0",5,cost_sensitive_budget_policy,0.8326366275967033,0.8558306986687927,0.023194071072089373,332.15,4,160.0,0.005
10.1021/JE020219O,"10.1021/JE020219O|LiPF6|1.9117|mol/kg|w|0,0.9,0,0,0.1,0,0,0,0,0,0,0,0,0,0,0,0,0,0,0,0,0,0,0,0,0,0,0,0,0,0,0,0,0,0,0,0,0",5,cost_sensitive_budget_policy,0.8953120244757873,0.9151531243611766,0.01984109988538929,332.15,4,160.0,0.005
10.1021/JE020219O,"10.1021/JE020219O|LiPF6|1.6929|mol/kg|w|0,0.9,0,0,0.1,0,0,0,0,0,0,0,0,0,0,0,0,0,0,0,0,0,0,0,0,0,0,0,0,0,0,0,0,0,0,0,0,0",5,cost_sensitive_budget_policy,0.9664702637292844,0.9799484828296536,0.013478219100369282,332.15,4,160.0,0.005
10.1021/JE020219O,"10.1021/JE020219O|LiPF6|1.4535|mol/kg|w|0,0.9,0,0,0.1,0,0,0,0,0,0,0,0,0,0,0,0,0,0,0,0,0,0,0,0,0,0,0,0,0,0,0,0,0,0,0,0,0",5,cost_sensitive_budget_policy,1.0261245167454502,1.0404314967823212,0.01430698003687092,332.15,4,160.0,0.005
10.1021/JE020219O,"10.1021/JE020219O|LiPF6|1.2271|mol/kg|w|0,0.9,0,0,0.1,0,0,0,0,0,0,0,0,0,0,0,0,0,0,0,0,0,0,0,0,0,0,0,0,0,0,0,0,0,0,0,0,0",5,cost_sensitive_budget_policy,1.0751818546186915,1.080588062172309,0.005406207553617426,332.15,4,160.0,0.005
10.1021/JE020219O,"10.1021/JE020219O|LiPF6|1.0532|mol/kg|w|0,0.9,0,0,0.1,0,0,0,0,0,0,0,0,0,0,0,0,0,0,0,0,0,0,0,0,0,0,0,0,0,0,0,0,0,0,0,0,0",5,cost_sensitive_budget_policy,1.0996806411092501,1.1034743328758512,0.0037936917666010483,332.15,4,160.0,0.005
10.1021/JE020219O,"10.1021/JE020219O|LiPF6|0.8954|mol/kg|w|0,0.9,0,0,0.1,0,0,0,0,0,0,0,0,0,0,0,0,0,0,0,0,0,0,0,0,0,0,0,0,0,0,0,0,0,0,0,0,0",5,cost_sensitive_budget_policy,1.1092409685882032,1.111499422434248,0.002258453846044839,332.15,4,160.0,0.005
10.1021/JE020219O,"10.1021/JE020219O|LiPF6|0.7652|mol/kg|w|0,0.9,0,0,0.1,0,0,0,0,0,0,0,0,0,0,0,0,0,0,0,0,0,0,0,0,0,0,0,0,0,0,0,0,0,0,0,0,0",5,cost_sensitive_budget_policy,1.1058506743851435,1.1072612082856246,0.0014105339004810702,332.15,4,160.0,0.005
10.1021/JE020219O,"10.1021/JE020219O|LiPF6|0.4603|mol/kg|w|0,0.9,0,0,0.1,0,0,0,0,0,0,0,0,0,0,0,0,0,0,0,0,0,0,0,0,0,0,0,0,0,0,0,0,0,0,0,0,0",5,cost_sensitive_budget_policy,1.0374264979406236,1.036628775508723,0.0007977224319006826,332.15,4,160.0,0.005
10.1021/JE020219O,"10.1021/JE020219O|LiPF6|0.3839|mol/kg|w|0,0.9,0,0,0.1,0,0,0,0,0,0,0,0,0,0,0,0,0,0,0,0,0,0,0,0,0,0,0,0,0,0,0,0,0,0,0,0,0",5,cost_sensitive_budget_policy,0.9976921179417265,0.9963766500663982,0.0013154678753283244,332.15,4,160.0,0.005
10.1021/JE020219O,"10.1021/JE020219O|LiPF6|0.3086|mol/kg|w|0,0.9,0,0,0.1,0,0,0,0,0,0,0,0,0,0,0,0,0,0,0,0,0,0,0,0,0,0,0,0,0,0,0,0,0,0,0,0,0",5,cost_sensitive_budget_policy,0.9434450490250305,0.9411709725369141,0.0022740764881163944,332.15,4,160.0,0.005
10.1021/JE020219O,"10.1021/JE020219O|LiPF6|2.3728|mol/kg|w|0,0.8,0,0,0.2,0,0,0,0,0,0,0,0,0,0,0,0,0,0,0,0,0,0,0,0,0,0,0,0,0,0,0,0,0,0,0,0,0",5,cost_sensitive_budget_policy,0.7781512503836436,0.8022121164022442,0.02406086601860058,332.15,4,160.0,0.005
10.1021/JE020219O,"10.1021/JE020219O|LiPF6|2.1648|mol/kg|w|0,0.8,0,0,0.2,0,0,0,0,0,0,0,0,0,0,0,0,0,0,0,0,0,0,0,0,0,0,0,0,0,0,0,0,0,0,0,0,0",5,cost_sensitive_budget_policy,0.8586574840908079,0.8784851273518552,0.019827643261047356,332.15,4,160.0,0.005
10.1021/JE020219O,"10.1021/JE020219O|LiPF6|1.9482|mol/kg|w|0,0.8,0,0,0.2,0,0,0,0,0,0,0,0,0,0,0,0,0,0,0,0,0,0,0,0,0,0,0,0,0,0,0,0,0,0,0,0,0",5,cost_sensitive_budget_policy,0.9159799141402244,0.9329275999542312,0.016947685814006852,332.15,4,160.0,0.005
10.1021/JE020219O,"10.1021/JE020219O|LiPF6|1.7321|mol/kg|w|0,0.8,0,0,0.2,0,0,0,0,0,0,0,0,0,0,0,0,0,0,0,0,0,0,0,0,0,0,0,0,0,0,0,0,0,0,0,0,0",5,cost_sensitive_budget_policy,0.9824521513849896,0.9940459342116166,0.01159378282662693,332.15,4,160.0,0.005
10.1021/JE020219O,"10.1021/JE020219O|LiPF6|1.4764|mol/kg|w|0,0.8,0,0,0.2,0,0,0,0,0,0,0,0,0,0,0,0,0,0,0,0,0,0,0,0,0,0,0,0,0,0,0,0,0,0,0,0,0",5,cost_sensitive_budget_policy,1.044539760392411,1.0575602128694772,0.013020452477066291,332.15,4,160.0,0.005
10.1021/JE020219O,"10.1021/JE020219O|LiPF6|1.2444|mol/kg|w|0,0.8,0,0,0.2,0,0,0,0,0,0,0,0,0,0,0,0,0,0,0,0,0,0,0,0,0,0,0,0,0,0,0,0,0,0,0,0,0",5,cost_sensitive_budget_policy,1.0923696996291206,1.0967627093514483,0.004393009722327701,332.15,4,160.0,0.005
10.1021/JE020219O,"10.1021/JE020219O|LiPF6|0.7537|mol/kg|w|0,0.8,0,0,0.2,0,0,0,0,0,0,0,0,0,0,0,0,0,0,0,0,0,0,0,0,0,0,0,0,0,0,0,0,0,0,0,0,0",5,cost_sensitive_budget_policy,1.1182647260894794,1.1192258668090005,0.0009611407195211363,332.15,4,160.0,0.005
10.1021/JE020219O,"10.1021/JE020219O|LiPF6|0.6385|mol/kg|w|0,0.8,0,0,0.2,0,0,0,0,0,0,0,0,0,0,0,0,0,0,0,0,0,0,0,0,0,0,0,0,0,0,0,0,0,0,0,0,0",5,cost_sensitive_budget_policy,1.1024337056813363,1.1021015737174185,0.0003321319639177922,332.15,4,160.0,0.005
10.1021/JE020219O,"10.1021/JE020219O|LiPF6|0.538|mol/kg|w|0,0.8,0,0,0.2,0,0,0,0,0,0,0,0,0,0,0,0,0,0,0,0,0,0,0,0,0,0,0,0,0,0,0,0,0,0,0,0,0",5,cost_sensitive_budget_policy,1.0766404436703418,1.0761592567588316,0.00048118691151022297,332.15,4,160.0,0.005
10.1021/JE020219O,"10.1021/JE020219O|LiPF6|0.4496|mol/kg|w|0,0.8,0,0,0.2,0,0,0,0,0,0,0,0,0,0,0,0,0,0,0,0,0,0,0,0,0,0,0,0,0,0,0,0,0,0,0,0,0",5,cost_sensitive_budget_policy,1.0433622780211296,1.0424618732400603,0.0009004047810692306,332.15,4,160.0,0.005
10.1021/JE020219O,"10.1021/JE020219O|LiPF6|0.3704|mol/kg|w|0,0.8,0,0,0.2,0,0,0,0,0,0,0,0,0,0,0,0,0,0,0,0,0,0,0,0,0,0,0,0,0,0,0,0,0,0,0,0,0",5,cost_sensitive_budget_policy,0.9998262474544124,0.998093781184901,0.0017324662695114013,332.15,4,160.0,0.005
10.1021/JE020219O,"10.1021/JE020219O|LiPF6|0.2848|mol/kg|w|0,0.8,0,0,0.2,0,0,0,0,0,0,0,0,0,0,0,0,0,0,0,0,0,0,0,0,0,0,0,0,0,0,0,0,0,0,0,0,0",5,cost_sensitive_budget_policy,0.9318645134920318,0.9294395075597655,0.0024250059322663553,332.15,4,160.0,0.005
10.1021/JE020219O,"10.1021/JE020219O|LiPF6|2.1265|mol/kg|w|0,0.7,0,0,0.3,0,0,0,0,0,0,0,0,0,0,0,0,0,0,0,0,0,0,0,0,0,0,0,0,0,0,0,0,0,0,0,0,0",5,cost_sensitive_budget_policy,0.8856438718357639,0.9009742501038651,0.015330378268101241,332.15,4,160.0,0.005
10.1021/JE020219O,"10.1021/JE020219O|LiPF6|1.9194|mol/kg|w|0,0.7,0,0,0.3,0,0,0,0,0,0,0,0,0,0,0,0,0,0,0,0,0,0,0,0,0,0,0,0,0,0,0,0,0,0,0,0,0",5,cost_sensitive_budget_policy,0.9436923271060167,0.9605276635682731,0.016835336462256434,332.15,4,160.0,0.005
10.1021/JE020219O,"10.1021/JE020219O|LiPF6|1.4664|mol/kg|w|0,0.7,0,0,0.3,0,0,0,0,0,0,0,0,0,0,0,0,0,0,0,0,0,0,0,0,0,0,0,0,0,0,0,0,0,0,0,0,0",5,cost_sensitive_budget_policy,1.0561422620590524,1.0673631031003075,0.011220841041255092,332.15,4,160.0,0.005
10.1021/JE020219O,"10.1021/JE020219O|LiPF6|1.2514|mol/kg|w|0,0.7,0,0,0.3,0,0,0,0,0,0,0,0,0,0,0,0,0,0,0,0,0,0,0,0,0,0,0,0,0,0,0,0,0,0,0,0,0",5,cost_sensitive_budget_policy,1.0965624383741355,1.0981466662894197,0.001584227915284231,332.15,4,160.0,0.005
10.1021/JE020219O,"10.1021/JE020219O|LiPF6|1.0685|mol/kg|w|0,0.7,0,0,0.3,0,0,0,0,0,0,0,0,0,0,0,0,0,0,0,0,0,0,0,0,0,0,0,0,0,0,0,0,0,0,0,0,0",5,cost_sensitive_budget_policy,1.1176026916900843,1.1194503378792922,0.0018476461892078522,332.15,4,160.0,0.005
10.1021/JE020219O,"10.1021/JE020219O|LiPF6|0.9088|mol/kg|w|0,0.7,0,0,0.3,0,0,0,0,0,0,0,0,0,0,0,0,0,0,0,0,0,0,0,0,0,0,0,0,0,0,0,0,0,0,0,0,0",5,cost_sensitive_budget_policy,1.1231980750319988,1.1262960636998784,0.003097988667879692,332.15,4,160.0,0.005
10.1021/JE020219O,"10.1021/JE020219O|LiPF6|0.6653|mol/kg|w|0,0.7,0,0,0.3,0,0,0,0,0,0,0,0,0,0,0,0,0,0,0,0,0,0,0,0,0,0,0,0,0,0,0,0,0,0,0,0,0",5,cost_sensitive_budget_policy,1.104145550554008,1.100341217365694,0.0038043331883141907,332.15,4,160.0,0.005
10.1021/JE020219O,"10.1021/JE020219O|LiPF6|0.5658|mol/kg|w|0,0.7,0,0,0.3,0,0,0,0,0,0,0,0,0,0,0,0,0,0,0,0,0,0,0,0,0,0,0,0,0,0,0,0,0,0,0,0,0",5,cost_sensitive_budget_policy,1.0791812460476249,1.0732302580126365,0.0059509880349883915,332.15,4,160.0,0.005
10.1021/JE020219O,"10.1021/JE020219O|LiPF6|0.3992|mol/kg|w|0,0.7,0,0,0.3,0,0,0,0,0,0,0,0,0,0,0,0,0,0,0,0,0,0,0,0,0,0,0,0,0,0,0,0,0,0,0,0,0",5,cost_sensitive_budget_policy,1.00774777800074,1.0132311502676332,0.005483372266893216,332.15,4,160.0,0.005
10.1021/JE020219O,"10.1021/JE020219O|LiPF6|0.302|mol/kg|w|0,0.7,0,0,0.3,0,0,0,0,0,0,0,0,0,0,0,0,0,0,0,0,0,0,0,0,0,0,0,0,0,0,0,0,0,0,0,0,0",5,cost_sensitive_budget_policy,0.9435439771534544,0.9410922191746852,0.0024517579787691757,332.15,4,160.0,0.005
10.1021/JE020219O,"10.1021/JE020219O|LiPF6|2.3304|mol/kg|w|0,0.6,0,0,0.4,0,0,0,0,0,0,0,0,0,0,0,0,0,0,0,0,0,0,0,0,0,0,0,0,0,0,0,0,0,0,0,0,0",5,cost_sensitive_budget_policy,0.8391007827071532,0.8529401666628105,0.013839383955657314,332.15,4,160.0,0.005
10.1021/JE020219O,"10.1021/JE020219O|LiPF6|2.1375|mol/kg|w|0,0.6,0,0,0.4,0,0,0,0,0,0,0,0,0,0,0,0,0,0,0,0,0,0,0,0,0,0,0,0,0,0,0,0,0,0,0,0,0",5,cost_sensitive_budget_policy,0.899984562549391,0.9117443075082352,0.011759744958844243,332.15,4,160.0,0.005
10.1021/JE020219O,"10.1021/JE020219O|LiPF6|1.7328|mol/kg|w|0,0.6,0,0,0.4,0,0,0,0,0,0,0,0,0,0,0,0,0,0,0,0,0,0,0,0,0,0,0,0,0,0,0,0,0,0,0,0,0",5,cost_sensitive_budget_policy,1.0051805125037803,1.0127879665070445,0.007607454003264236,332.15,4,160.0,0.005
10.1021/JE020219O,"10.1021/JE020219O|LiPF6|1.5041|mol/kg|w|0,0.6,0,0,0.4,0,0,0,0,0,0,0,0,0,0,0,0,0,0,0,0,0,0,0,0,0,0,0,0,0,0,0,0,0,0,0,0,0",5,cost_sensitive_budget_policy,1.052693941924968,1.062709577765054,0.010015635840086023,332.15,4,160.0,0.005
10.1021/JE020219O,"10.1021/JE020219O|LiPF6|1.2952|mol/kg|w|0,0.6,0,0,0.4,0,0,0,0,0,0,0,0,0,0,0,0,0,0,0,0,0,0,0,0,0,0,0,0,0,0,0,0,0,0,0,0,0",5,cost_sensitive_budget_policy,1.0906107078284066,1.0939250191867878,0.003314311358381117,332.15,4,160.0,0.005
10.1021/JE020219O,"10.1021/JE020219O|LiPF6|1.1019|mol/kg|w|0,0.6,0,0,0.4,0,0,0,0,0,0,0,0,0,0,0,0,0,0,0,0,0,0,0,0,0,0,0,0,0,0,0,0,0,0,0,0,0",5,cost_sensitive_budget_policy,1.1122697684172707,1.1144659742804977,0.0021962058632269965,332.15,4,160.0,0.005
10.1021/JE020219O,"10.1021/JE020219O|LiPF6|0.7987|mol/kg|w|0,0.6,0,0,0.4,0,0,0,0,0,0,0,0,0,0,0,0,0,0,0,0,0,0,0,0,0,0,0,0,0,0,0,0,0,0,0,0,0",5,cost_sensitive_budget_policy,1.1126050015345745,1.113285901694438,0.0006809001598635511,332.15,4,160.0,0.005
10.1021/JE020219O,"10.1021/JE020219O|LiPF6|0.6859|mol/kg|w|0,0.6,0,0,0.4,0,0,0,0,0,0,0,0,0,0,0,0,0,0,0,0,0,0,0,0,0,0,0,0,0,0,0,0,0,0,0,0,0",5,cost_sensitive_budget_policy,1.0989896394011773,1.0985487049503488,0.0004409344508284896,332.15,4,160.0,0.005
10.1021/JE020219O,"10.1021/JE020219O|LiPF6|0.5857|mol/kg|w|0,0.6,0,0,0.4,0,0,0,0,0,0,0,0,0,0,0,0,0,0,0,0,0,0,0,0,0,0,0,0,0,0,0,0,0,0,0,0,0",5,cost_sensitive_budget_policy,1.0773679052841565,1.076266391051234,0.0011015142329224847,332.15,4,160.0,0.005
10.1021/JE020219O,"10.1021/JE020219O|LiPF6|0.4233|mol/kg|w|0,0.6,0,0,0.4,0,0,0,0,0,0,0,0,0,0,0,0,0,0,0,0,0,0,0,0,0,0,0,0,0,0,0,0,0,0,0,0,0",5,cost_sensitive_budget_policy,1.0153597554092142,1.0134860747171204,0.0018736806920938154,332.15,4,160.0,0.005
10.1021/JE020219O,"10.1021/JE020219O|LiPF6|0.3256|mol/kg|w|0,0.6,0,0,0.4,0,0,0,0,0,0,0,0,0,0,0,0,0,0,0,0,0,0,0,0,0,0,0,0,0,0,0,0,0,0,0,0,0",5,cost_sensitive_budget_policy,0.951823035315912,0.9496352251666095,0.0021878101493024715,332.15,4,160.0,0.005
10.1021/JE020219O,"10.1021/JE020219O|LiPF6|2.3128|mol/kg|w|0,0.5,0,0,0.5,0,0,0,0,0,0,0,0,0,0,0,0,0,0,0,0,0,0,0,0,0,0,0,0,0,0,0,0,0,0,0,0,0",5,cost_sensitive_budget_policy,0.8620120512502166,0.8722065839583677,0.010194532708151072,332.15,4,160.0,0.005
10.1021/JE020219O,"10.1021/JE020219O|LiPF6|1.7117|mol/kg|w|0,0.5,0,0,0.5,0,0,0,0,0,0,0,0,0,0,0,0,0,0,0,0,0,0,0,0,0,0,0,0,0,0,0,0,0,0,0,0,0",5,cost_sensitive_budget_policy,1.0141003215196205,1.0198478239543711,0.00574750243475064,332.15,4,160.0,0.005
10.1021/JE020219O,"10.1021/JE020219O|LiPF6|1.4766|mol/kg|w|0,0.5,0,0,0.5,0,0,0,0,0,0,0,0,0,0,0,0,0,0,0,0,0,0,0,0,0,0,0,0,0,0,0,0,0,0,0,0,0",5,cost_sensitive_budget_policy,1.0546130545568877,1.0631293838493976,0.008516329292509894,332.15,4,160.0,0.005
10.1021/JE020219O,"10.1021/JE020219O|LiPF6|1.2604|mol/kg|w|0,0.5,0,0,0.5,0,0,0,0,0,0,0,0,0,0,0,0,0,0,0,0,0,0,0,0,0,0,0,0,0,0,0,0,0,0,0,0,0",5,cost_sensitive_budget_policy,1.0863598306747482,1.0892384204565735,0.0028785897818253137,332.15,4,160.0,0.005
10.1021/JE020219O,"10.1021/JE020219O|LiPF6|1.0593|mol/kg|w|0,0.5,0,0,0.5,0,0,0,0,0,0,0,0,0,0,0,0,0,0,0,0,0,0,0,0,0,0,0,0,0,0,0,0,0,0,0,0,0",5,cost_sensitive_budget_policy,1.1017470739463662,1.1031981477780217,0.0014510738316555472,332.15,4,160.0,0.005
10.1021/JE020219O,"10.1021/JE020219O|LiPF6|0.8937|mol/kg|w|0,0.5,0,0,0.5,0,0,0,0,0,0,0,0,0,0,0,0,0,0,0,0,0,0,0,0,0,0,0,0,0,0,0,0,0,0,0,0,0",5,cost_sensitive_budget_policy,1.1010593549081156,1.1020911274133178,0.0010317725052022553,332.15,4,160.0,0.005
10.1021/JE020219O,"10.1021/JE020219O|LiPF6|0.6541|mol/kg|w|0,0.5,0,0,0.5,0,0,0,0,0,0,0,0,0,0,0,0,0,0,0,0,0,0,0,0,0,0,0,0,0,0,0,0,0,0,0,0,0",5,cost_sensitive_budget_policy,1.0722498976135149,1.0720987427096393,0.00015115490387551667,332.15,4,160.0,0.005
10.1021/JE020219O,"10.1021/JE020219O|LiPF6|0.5547|mol/kg|w|0,0.5,0,0,0.5,0,0,0,0,0,0,0,0,0,0,0,0,0,0,0,0,0,0,0,0,0,0,0,0,0,0,0,0,0,0,0,0,0",5,cost_sensitive_budget_policy,1.0461047872460387,1.0454535795983606,0.0006512076476781203,332.15,4,160.0,0.005
10.1021/JE020219O,"10.1021/JE020219O|LiPF6|0.3855|mol/kg|w|0,0.5,0,0,0.5,0,0,0,0,0,0,0,0,0,0,0,0,0,0,0,0,0,0,0,0,0,0,0,0,0,0,0,0,0,0,0,0,0",5,cost_sensitive_budget_policy,0.9702073588068546,0.9684571944211761,0.0017501643856785432,332.15,4,160.0,0.005
10.1021/JE020219O,"10.1021/JE020219O|LiPF6|2.3386|mol/kg|w|0,0.4,0,0,0.6,0,0,0,0,0,0,0,0,0,0,0,0,0,0,0,0,0,0,0,0,0,0,0,0,0,0,0,0,0,0,0,0,0",5,cost_sensitive_budget_policy,0.8629657589777625,0.8701524052005216,0.007186646222759108,332.15,4,160.0,0.005
10.1021/JE020219O,"10.1021/JE020219O|LiPF6|1.9321|mol/kg|w|0,0.4,0,0,0.6,0,0,0,0,0,0,0,0,0,0,0,0,0,0,0,0,0,0,0,0,0,0,0,0,0,0,0,0,0,0,0,0,0",5,cost_sensitive_budget_policy,0.9577987749299979,0.9644412685159409,0.006642493585943043,332.15,4,160.0,0.005
10.1021/JE020219O,"10.1021/JE020219O|LiPF6|1.7176|mol/kg|w|0,0.4,0,0,0.6,0,0,0,0,0,0,0,0,0,0,0,0,0,0,0,0,0,0,0,0,0,0,0,0,0,0,0,0,0,0,0,0,0",5,cost_sensitive_budget_policy,1.0056094453602804,1.009788179795647,0.004178734435366538,332.15,4,160.0,0.005
10.1021/JE020219O,"10.1021/JE020219O|LiPF6|1.4605|mol/kg|w|0,0.4,0,0,0.6,0,0,0,0,0,0,0,0,0,0,0,0,0,0,0,0,0,0,0,0,0,0,0,0,0,0,0,0,0,0,0,0,0",5,cost_sensitive_budget_policy,1.0413926851582251,1.0483589402490079,0.006966255090782747,332.15,4,160.0,0.005
10.1021/JE020219O,"10.1021/JE020219O|LiPF6|1.2325|mol/kg|w|0,0.4,0,0,0.6,0,0,0,0,0,0,0,0,0,0,0,0,0,0,0,0,0,0,0,0,0,0,0,0,0,0,0,0,0,0,0,0,0",5,cost_sensitive_budget_policy,1.0666985504229953,1.0687867395818418,0.002088189158846454,332.15,4,160.0,0.005
10.1021/JE020219O,"10.1021/JE020219O|LiPF6|1.0464|mol/kg|w|0,0.4,0,0,0.6,0,0,0,0,0,0,0,0,0,0,0,0,0,0,0,0,0,0,0,0,0,0,0,0,0,0,0,0,0,0,0,0,0",5,cost_sensitive_budget_policy,1.0737183503461227,1.0751924096510965,0.001474059304973796,332.15,4,160.0,0.005
10.1021/JE020219O,"10.1021/JE020219O|LiPF6|0.8843|mol/kg|w|0,0.4,0,0,0.6,0,0,0,0,0,0,0,0,0,0,0,0,0,0,0,0,0,0,0,0,0,0,0,0,0,0,0,0,0,0,0,0,0",5,cost_sensitive_budget_policy,1.06781451116184,1.0691345653242317,0.0013200541623916706,332.15,4,160.0,0.005
10.1021/JE020219O,"10.1021/JE020219O|LiPF6|0.7501|mol/kg|w|0,0.4,0,0,0.6,0,0,0,0,0,0,0,0,0,0,0,0,0,0,0,0,0,0,0,0,0,0,0,0,0,0,0,0,0,0,0,0,0",5,cost_sensitive_budget_policy,1.0523090996473234,1.053175365935004,0.000866266287680606,332.15,4,160.0,0.005
10.1021/JE020219O,"10.1021/JE020219O|LiPF6|0.6372|mol/kg|w|0,0.4,0,0,0.6,0,0,0,0,0,0,0,0,0,0,0,0,0,0,0,0,0,0,0,0,0,0,0,0,0,0,0,0,0,0,0,0,0",5,cost_sensitive_budget_policy,1.0297894708318556,1.0298481306144116,5.865978255603643e-05,332.15,4,160.0,0.005
10.1021/JE020219O,"10.1021/JE020219O|LiPF6|0.3622|mol/kg|w|0,0.4,0,0,0.6,0,0,0,0,0,0,0,0,0,0,0,0,0,0,0,0,0,0,0,0,0,0,0,0,0,0,0,0,0,0,0,0,0",5,cost_sensitive_budget_policy,0.9100905455940682,0.9087759139635355,0.0013146316305326922,332.15,4,160.0,0.005
10.1021/JE020219O,"10.1021/JE020219O|LiPF6|2.3162|mol/kg|w|0,0.3,0,0,0.7,0,0,0,0,0,0,0,0,0,0,0,0,0,0,0,0,0,0,0,0,0,0,0,0,0,0,0,0,0,0,0,0,0",5,cost_sensitive_budget_policy,0.8675853265470362,0.8723138641082127,0.004728537561176416,332.15,4,160.0,0.005
10.1021/JE020219O,"10.1021/JE020219O|LiPF6|2.13|mol/kg|w|0,0.3,0,0,0.7,0,0,0,0,0,0,0,0,0,0,0,0,0,0,0,0,0,0,0,0,0,0,0,0,0,0,0,0,0,0,0,0,0",5,cost_sensitive_budget_policy,0.9105710484812585,0.9142888981828377,0.003717849701579179,332.15,4,160.0,0.005
10.1021/JE020219O,"10.1021/JE020219O|LiPF6|1.9264|mol/kg|w|0,0.3,0,0,0.7,0,0,0,0,0,0,0,0,0,0,0,0,0,0,0,0,0,0,0,0,0,0,0,0,0,0,0,0,0,0,0,0,0",5,cost_sensitive_budget_policy,0.9462557071993973,0.9508585191821028,0.0046028119827055125,332.15,4,160.0,0.005
10.1021/JE020219O,"10.1021/JE020219O|LiPF6|1.7204|mol/kg|w|0,0.3,0,0,0.7,0,0,0,0,0,0,0,0,0,0,0,0,0,0,0,0,0,0,0,0,0,0,0,0,0,0,0,0,0,0,0,0,0",5,cost_sensitive_budget_policy,0.982361701633147,0.9850579068836243,0.0026962052504773126,332.15,4,160.0,0.005
10.1021/JE020219O,"10.1021/JE020219O|LiPF6|1.4776|mol/kg|w|0,0.3,0,0,0.7,0,0,0,0,0,0,0,0,0,0,0,0,0,0,0,0,0,0,0,0,0,0,0,0,0,0,0,0,0,0,0,0,0",5,cost_sensitive_budget_policy,1.0098756337121602,1.015272711846614,0.005397078134453892,332.15,4,160.0,0.005
10.1021/JE020219O,"10.1021/JE020219O|LiPF6|1.2541|mol/kg|w|0,0.3,0,0,0.7,0,0,0,0,0,0,0,0,0,0,0,0,0,0,0,0,0,0,0,0,0,0,0,0,0,0,0,0,0,0,0,0,0",5,cost_sensitive_budget_policy,1.0257153839013406,1.0274119131054618,0.001696529204121111,332.15,4,160.0,0.005
10.1021/JE020219O,"10.1021/JE020219O|LiPF6|1.0635|mol/kg|w|0,0.3,0,0,0.7,0,0,0,0,0,0,0,0,0,0,0,0,0,0,0,0,0,0,0,0,0,0,0,0,0,0,0,0,0,0,0,0,0",5,cost_sensitive_budget_policy,1.0265332645232967,1.0277495844832247,0.0012163199599279917,332.15,4,160.0,0.005
10.1021/JE020219O,"10.1021/JE020219O|LiPF6|0.764|mol/kg|w|0,0.3,0,0,0.7,0,0,0,0,0,0,0,0,0,0,0,0,0,0,0,0,0,0,0,0,0,0,0,0,0,0,0,0,0,0,0,0,0",5,cost_sensitive_budget_policy,0.9931274851057101,0.9944302059914674,0.0013027208857572248,332.15,4,160.0,0.005
10.1021/JE020219O,"10.1021/JE020219O|LiPF6|0.6483|mol/kg|w|0,0.3,0,0,0.7,0,0,0,0,0,0,0,0,0,0,0,0,0,0,0,0,0,0,0,0,0,0,0,0,0,0,0,0,0,0,0,0,0",5,cost_sensitive_budget_policy,0.9653898702151223,0.9663640401227633,0.0009741699076409871,332.15,4,160.0,0.005
10.1021/JE020219O,"10.1021/JE020219O|LiPF6|0.55|mol/kg|w|0,0.3,0,0,0.7,0,0,0,0,0,0,0,0,0,0,0,0,0,0,0,0,0,0,0,0,0,0,0,0,0,0,0,0,0,0,0,0,0",5,cost_sensitive_budget_policy,0.9320169064342013,0.9326047904575296,0.0005878840233283222,332.15,4,160.0,0.005
10.1021/JE020219O,"10.1021/JE020219O|LiPF6|0.4612|mol/kg|w|0,0.3,0,0,0.7,0,0,0,0,0,0,0,0,0,0,0,0,0,0,0,0,0,0,0,0,0,0,0,0,0,0,0,0,0,0,0,0,0",5,cost_sensitive_budget_policy,0.8918161195248605,0.8921891317497455,0.0003730122248849499,332.15,4,160.0,0.005
10.1021/JE020219O,"10.1021/JE020219O|LiPF6|0.3773|mol/kg|w|0,0.3,0,0,0.7,0,0,0,0,0,0,0,0,0,0,0,0,0,0,0,0,0,0,0,0,0,0,0,0,0,0,0,0,0,0,0,0,0",5,cost_sensitive_budget_policy,0.8402943316114362,0.8406259369809214,0.00033160536948517727,332.15,4,160.0,0.005
10.1021/JE020219O,"10.1021/JE020219O|LiPF6|0.2585|mol/kg|w|0,0.3,0,0,0.7,0,0,0,0,0,0,0,0,0,0,0,0,0,0,0,0,0,0,0,0,0,0,0,0,0,0,0,0,0,0,0,0,0",5,cost_sensitive_budget_policy,0.7329563695756246,0.7324068276934482,0.0005495418821763742,332.15,4,160.0,0.005
10.1021/JE020219O,"10.1021/JE020219O|LiPF6|1.9123|mol/kg|w|0,1,0,0,0,0,0,0,0,0,0,0,0,0,0,0,0,0,0,0,0,0,0,0,0,0,0,0,0,0,0,0,0,0,0,0,0,0",4,cost_sensitive_budget_policy,0.8671727511786498,0.9065211482887365,0.03934839711008675,332.15,4,160.0,0.01
10.1021/JE020219O,"10.1021/JE020219O|LiPF6|1.6827|mol/kg|w|0,1,0,0,0,0,0,0,0,0,0,0,0,0,0,0,0,0,0,0,0,0,0,0,0,0,0,0,0,0,0,0,0,0,0,0,0,0",4,cost_sensitive_budget_policy,0.9384696883676453,0.9628031319272812,0.024333443559635848,332.15,4,160.0,0.01
10.1021/JE020219O,"10.1021/JE020219O|LiPF6|1.445|mol/kg|w|0,1,0,0,0,0,0,0,0,0,0,0,0,0,0,0,0,0,0,0,0,0,0,0,0,0,0,0,0,0,0,0,0,0,0,0,0,0",4,cost_sensitive_budget_policy,1.0021660617565078,1.0271230110391258,0.024956949282618046,332.15,4,160.0,0.01
10.1021/JE020219O,"10.1021/JE020219O|LiPF6|1.2341|mol/kg|w|0,1,0,0,0,0,0,0,0,0,0,0,0,0,0,0,0,0,0,0,0,0,0,0,0,0,0,0,0,0,0,0,0,0,0,0,0,0",4,cost_sensitive_budget_policy,1.0511525224473812,1.0624144801190856,0.011261957671704348,332.15,4,160.0,0.01
10.1021/JE020219O,"10.1021/JE020219O|LiPF6|0.9089|mol/kg|w|0,1,0,0,0,0,0,0,0,0,0,0,0,0,0,0,0,0,0,0,0,0,0,0,0,0,0,0,0,0,0,0,0,0,0,0,0,0",4,cost_sensitive_budget_policy,1.089551882886454,1.0953463506423022,0.005794467755848132,332.15,4,160.0,0.01
10.1021/JE020219O,"10.1021/JE020219O|LiPF6|0.7799|mol/kg|w|0,1,0,0,0,0,0,0,0,0,0,0,0,0,0,0,0,0,0,0,0,0,0,0,0,0,0,0,0,0,0,0,0,0,0,0,0,0",4,cost_sensitive_budget_policy,1.0888445627270043,1.092721730793154,0.0038771680661497943,332.15,4,160.0,0.01
10.1021/JE020219O,"10.1021/JE020219O|LiPF6|0.6659|mol/kg|w|0,1,0,0,0,0,0,0,0,0,0,0,0,0,0,0,0,0,0,0,0,0,0,0,0,0,0,0,0,0,0,0,0,0,0,0,0,0",4,cost_sensitive_budget_policy,1.077731179652392,1.0798121868497648,0.0020810071973726973,332.15,4,160.0,0.01
10.1021/JE020219O,"10.1021/JE020219O|LiPF6|0.5661|mol/kg|w|0,1,0,0,0,0,0,0,0,0,0,0,0,0,0,0,0,0,0,0,0,0,0,0,0,0,0,0,0,0,0,0,0,0,0,0,0,0",4,cost_sensitive_budget_policy,1.0572856444182146,1.0582547199642358,0.0009690755460212142,332.15,4,160.0,0.01
10.1021/JE020219O,"10.1021/JE020219O|LiPF6|0.4759|mol/kg|w|0,1,0,0,0,0,0,0,0,0,0,0,0,0,0,0,0,0,0,0,0,0,0,0,0,0,0,0,0,0,0,0,0,0,0,0,0,0",4,cost_sensitive_budget_policy,1.02816441942447,1.0280893873089443,7.50321155256195e-05,332.15,4,160.0,0.01
10.1021/JE020219O,"10.1021/JE020219O|LiPF6|0.2801|mol/kg|w|0,1,0,0,0,0,0,0,0,0,0,0,0,0,0,0,0,0,0,0,0,0,0,0,0,0,0,0,0,0,0,0,0,0,0,0,0,0",4,cost_sensitive_budget_policy,0.9025467793139914,0.8996595553166785,0.0028872239973128933,332.15,4,160.0,0.01
10.1021/JE020219O,"10.1021/JE020219O|LiPF6|2.1311|mol/kg|w|0,0.9,0,0,0.1,0,0,0,0,0,0,0,0,0,0,0,0,0,0,0,0,0,0,0,0,0,0,0,0,0,0,0,0,0,0,0,0,0",4,cost_sensitive_budget_policy,0.8326366275967033,0.8693657410074804,0.036729113410777114,332.15,4,160.0,0.01
10.1021/JE020219O,"10.1021/JE020219O|LiPF6|1.9117|mol/kg|w|0,0.9,0,0,0.1,0,0,0,0,0,0,0,0,0,0,0,0,0,0,0,0,0,0,0,0,0,0,0,0,0,0,0,0,0,0,0,0,0",4,cost_sensitive_budget_policy,0.8953120244757873,0.9263444803553194,0.031032455879532073,332.15,4,160.0,0.01
10.1021/JE020219O,"10.1021/JE020219O|LiPF6|1.6929|mol/kg|w|0,0.9,0,0,0.1,0,0,0,0,0,0,0,0,0,0,0,0,0,0,0,0,0,0,0,0,0,0,0,0,0,0,0,0,0,0,0,0,0",4,cost_sensitive_budget_policy,0.9664702637292844,0.9879075826127806,0.021437318883496204,332.15,4,160.0,0.01
10.1021/JE020219O,"10.1021/JE020219O|LiPF6|1.4535|mol/kg|w|0,0.9,0,0,0.1,0,0,0,0,0,0,0,0,0,0,0,0,0,0,0,0,0,0,0,0,0,0,0,0,0,0,0,0,0,0,0,0,0",4,cost_sensitive_budget_policy,1.0261245167454502,1.0485530737801014,0.022428557034651186,332.15,4,160.0,0.01
10.1021/JE020219O,"10.1021/JE020219O|LiPF6|1.2271|mol/kg|w|0,0.9,0,0,0.1,0,0,0,0,0,0,0,0,0,0,0,0,0,0,0,0,0,0,0,0,0,0,0,0,0,0,0,0,0,0,0,0,0",4,cost_sensitive_budget_policy,1.0751818546186915,1.0845006203466325,0.009318765727940992,332.15,4,160.0,0.01
10.1021/JE020219O,"10.1021/JE020219O|LiPF6|1.0532|mol/kg|w|0,0.9,0,0,0.1,0,0,0,0,0,0,0,0,0,0,0,0,0,0,0,0,0,0,0,0,0,0,0,0,0,0,0,0,0,0,0,0,0",4,cost_sensitive_budget_policy,1.0996806411092501,1.1058955738647482,0.006214932755498115,332.15,4,160.0,0.01
10.1021/JE020219O,"10.1021/JE020219O|LiPF6|0.8954|mol/kg|w|0,0.9,0,0,0.1,0,0,0,0,0,0,0,0,0,0,0,0,0,0,0,0,0,0,0,0,0,0,0,0,0,0,0,0,0,0,0,0,0",4,cost_sensitive_budget_policy,1.1092409685882032,1.1131322135130375,0.0038912449248342806,332.15,4,160.0,0.01
10.1021/JE020219O,"10.1021/JE020219O|LiPF6|0.7652|mol/kg|w|0,0.9,0,0,0.1,0,0,0,0,0,0,0,0,0,0,0,0,0,0,0,0,0,0,0,0,0,0,0,0,0,0,0,0,0,0,0,0,0",4,cost_sensitive_budget_policy,1.1058506743851435,1.1082056987200064,0.0023550243348628985,332.15,4,160.0,0.01
10.1021/JE020219O,"10.1021/JE020219O|LiPF6|0.4603|mol/kg|w|0,0.9,0,0,0.1,0,0,0,0,0,0,0,0,0,0,0,0,0,0,0,0,0,0,0,0,0,0,0,0,0,0,0,0,0,0,0,0,0",4,cost_sensitive_budget_policy,1.0374264979406236,1.0359534351131168,0.0014730628275068103,332.15,4,160.0,0.01
10.1021/JE020219O,"10.1021/JE020219O|LiPF6|0.3839|mol/kg|w|0,0.9,0,0,0.1,0,0,0,0,0,0,0,0,0,0,0,0,0,0,0,0,0,0,0,0,0,0,0,0,0,0,0,0,0,0,0,0,0",4,cost_sensitive_budget_policy,0.9976921179417265,0.9956656877588055,0.002026430182921035,332.15,4,160.0,0.01
10.1021/JE020219O,"10.1021/JE020219O|LiPF6|0.3086|mol/kg|w|0,0.9,0,0,0.1,0,0,0,0,0,0,0,0,0,0,0,0,0,0,0,0,0,0,0,0,0,0,0,0,0,0,0,0,0,0,0,0,0",4,cost_sensitive_budget_policy,0.9434450490250305,0.9400213482794147,0.00342370074561571,332.15,4,160.0,0.01
10.1021/JE020219O,"10.1021/JE020219O|LiPF6|2.3728|mol/kg|w|0,0.8,0,0,0.2,0,0,0,0,0,0,0,0,0,0,0,0,0,0,0,0,0,0,0,0,0,0,0,0,0,0,0,0,0,0,0,0,0",4,cost_sensitive_budget_policy,0.7781512503836436,0.8159703286705104,0.037819078286866814,332.15,4,160.0,0.01
10.1021/JE020219O,"10.1021/JE020219O|LiPF6|2.1648|mol/kg|w|0,0.8,0,0,0.2,0,0,0,0,0,0,0,0,0,0,0,0,0,0,0,0,0,0,0,0,0,0,0,0,0,0,0,0,0,0,0,0,0",4,cost_sensitive_budget_policy,0.8586574840908079,0.890327986840775,0.03167050274996708,332.15,4,160.0,0.01
10.1021/JE020219O,"10.1021/JE020219O|LiPF6|1.9482|mol/kg|w|0,0.8,0,0,0.2,0,0,0,0,0,0,0,0,0,0,0,0,0,0,0,0,0,0,0,0,0,0,0,0,0,0,0,0,0,0,0,0,0",4,cost_sensitive_budget_policy,0.9159799141402244,0.9426493618922833,0.026669447752058928,332.15,4,160.0,0.01
10.1021/JE020219O,"10.1021/JE020219O|LiPF6|1.7321|mol/kg|w|0,0.8,0,0,0.2,0,0,0,0,0,0,0,0,0,0,0,0,0,0,0,0,0,0,0,0,0,0,0,0,0,0,0,0,0,0,0,0,0",4,cost_sensitive_budget_policy,0.9824521513849896,1.0010069207167036,0.01855476933171396,332.15,4,160.0,0.01
10.1021/JE020219O,"10.1021/JE020219O|LiPF6|1.4764|mol/kg|w|0,0.8,0,0,0.2,0,0,0,0,0,0,0,0,0,0,0,0,0,0,0,0,0,0,0,0,0,0,0,0,0,0,0,0,0,0,0,0,0",4,cost_sensitive_budget_policy,1.044539760392411,1.0648195876728492,0.02027982728043831,332.15,4,160.0,0.01
10.1021/JE020219O,"10.1021/JE020219O|LiPF6|1.2444|mol/kg|w|0,0.8,0,0,0.2,0,0,0,0,0,0,0,0,0,0,0,0,0,0,0,0,0,0,0,0,0,0,0,0,0,0,0,0,0,0,0,0,0",4,cost_sensitive_budget_policy,1.0923696996291206,1.1003464153275353,0.007976715698414738,332.15,4,160.0,0.01
10.1021/JE020219O,"10.1021/JE020219O|LiPF6|0.7537|mol/kg|w|0,0.8,0,0,0.2,0,0,0,0,0,0,0,0,0,0,0,0,0,0,0,0,0,0,0,0,0,0,0,0,0,0,0,0,0,0,0,0,0",4,cost_sensitive_budget_policy,1.1182647260894794,1.1197978266586937,0.0015331005692142963,332.15,4,160.0,0.01
10.1021/JE020219O,"10.1021/JE020219O|LiPF6|0.6385|mol/kg|w|0,0.8,0,0,0.2,0,0,0,0,0,0,0,0,0,0,0,0,0,0,0,0,0,0,0,0,0,0,0,0,0,0,0,0,0,0,0,0,0",4,cost_sensitive_budget_policy,1.1024337056813363,1.10229143366826,0.00014227201307615012,332.15,4,160.0,0.01
10.1021/JE020219O,"10.1021/JE020219O|LiPF6|0.538|mol/kg|w|0,0.8,0,0,0.2,0,0,0,0,0,0,0,0,0,0,0,0,0,0,0,0,0,0,0,0,0,0,0,0,0,0,0,0,0,0,0,0,0",4,cost_sensitive_budget_policy,1.0766404436703418,1.0760323740387359,0.0006080696316059786,332.15,4,160.0,0.01
10.1021/JE020219O,"10.1021/JE020219O|LiPF6|0.4496|mol/kg|w|0,0.8,0,0,0.2,0,0,0,0,0,0,0,0,0,0,0,0,0,0,0,0,0,0,0,0,0,0,0,0,0,0,0,0,0,0,0,0,0",4,cost_sensitive_budget_policy,1.0433622780211296,1.0417100733556197,0.00165220466550986,332.15,4,160.0,0.01
10.1021/JE020219O,"10.1021/JE020219O|LiPF6|0.3704|mol/kg|w|0,0.8,0,0,0.2,0,0,0,0,0,0,0,0,0,0,0,0,0,0,0,0,0,0,0,0,0,0,0,0,0,0,0,0,0,0,0,0,0",4,cost_sensitive_budget_policy,0.9998262474544124,0.9972631849024908,0.0025630625519216244,332.15,4,160.0,0.01
10.1021/JE020219O,"10.1021/JE020219O|LiPF6|0.2848|mol/kg|w|0,0.8,0,0,0.2,0,0,0,0,0,0,0,0,0,0,0,0,0,0,0,0,0,0,0,0,0,0,0,0,0,0,0,0,0,0,0,0,0",4,cost_sensitive_budget_policy,0.9318645134920318,0.92822611678982,0.003638396702211777,332.15,4,160.0,0.01
10.1021/JE020219O,"10.1021/JE020219O|LiPF6|2.1265|mol/kg|w|0,0.7,0,0,0.3,0,0,0,0,0,0,0,0,0,0,0,0,0,0,0,0,0,0,0,0,0,0,0,0,0,0,0,0,0,0,0,0,0",4,cost_sensitive_budget_policy,0.8856438718357639,0.9103383205754516,0.024694448739687735,332.15,4,160.0,0.01
10.1021/JE020219O,"10.1021/JE020219O|LiPF6|1.9194|mol/kg|w|0,0.7,0,0,0.3,0,0,0,0,0,0,0,0,0,0,0,0,0,0,0,0,0,0,0,0,0,0,0,0,0,0,0,0,0,0,0,0,0",4,cost_sensitive_budget_policy,0.9436923271060167,0.9687574580104814,0.025065130904464716,332.15,4,160.0,0.01
10.1021/JE020219O,"10.1021/JE020219O|LiPF6|1.4664|mol/kg|w|0,0.7,0,0,0.3,0,0,0,0,0,0,0,0,0,0,0,0,0,0,0,0,0,0,0,0,0,0,0,0,0,0,0,0,0,0,0,0,0",4,cost_sensitive_budget_policy,1.0561422620590524,1.073443568465617,0.017301306406564576,332.15,4,160.0,0.01
10.1021/JE020219O,"10.1021/JE020219O|LiPF6|1.2514|mol/kg|w|0,0.7,0,0,0.3,0,0,0,0,0,0,0,0,0,0,0,0,0,0,0,0,0,0,0,0,0,0,0,0,0,0,0,0,0,0,0,0,0",4,cost_sensitive_budget_policy,1.0965624383741355,1.106541946557567,0.009979508183431518,332.15,4,160.0,0.01
10.1021/JE020219O,"10.1021/JE020219O|LiPF6|1.0685|mol/kg|w|0,0.7,0,0,0.3,0,0,0,0,0,0,0,0,0,0,0,0,0,0,0,0,0,0,0,0,0,0,0,0,0,0,0,0,0,0,0,0,0",4,cost_sensitive_budget_policy,1.1176026916900843,1.120557286579594,0.0029545948895097762,332.15,4,160.0,0.01
10.1021/JE020219O,"10.1021/JE020219O|LiPF6|0.9088|mol/kg|w|0,0.7,0,0,0.3,0,0,0,0,0,0,0,0,0,0,0,0,0,0,0,0,0,0,0,0,0,0,0,0,0,0,0,0,0,0,0,0,0",4,cost_sensitive_budget_policy,1.1231980750319988,1.1287114739477049,0.005513398915706125,332.15,4,160.0,0.01
10.1021/JE020219O,"10.1021/JE020219O|LiPF6|0.6653|mol/kg|w|0,0.7,0,0,0.3,0,0,0,0,0,0,0,0,0,0,0,0,0,0,0,0,0,0,0,0,0,0,0,0,0,0,0,0,0,0,0,0,0",4,cost_sensitive_budget_policy,1.104145550554008,1.0992565534774592,0.004888997076548884,332.15,4,160.0,0.01
10.1021/JE020219O,"10.1021/JE020219O|LiPF6|0.5658|mol/kg|w|0,0.7,0,0,0.3,0,0,0,0,0,0,0,0,0,0,0,0,0,0,0,0,0,0,0,0,0,0,0,0,0,0,0,0,0,0,0,0,0",4,cost_sensitive_budget_policy,1.0791812460476249,1.0715660160924485,0.007615229955176384,332.15,4,160.0,0.01
10.1021/JE020219O,"10.1021/JE020219O|LiPF6|0.3992|mol/kg|w|0,0.7,0,0,0.3,0,0,0,0,0,0,0,0,0,0,0,0,0,0,0,0,0,0,0,0,0,0,0,0,0,0,0,0,0,0,0,0,0",4,cost_sensitive_budget_policy,1.00774777800074,1.0141177071197882,0.006369929119048212,332.15,4,160.0,0.01
10.1021/JE020219O,"10.1021/JE020219O|LiPF6|0.302|mol/kg|w|0,0.7,0,0,0.3,0,0,0,0,0,0,0,0,0,0,0,0,0,0,0,0,0,0,0,0,0,0,0,0,0,0,0,0,0,0,0,0,0",4,cost_sensitive_budget_policy,0.9435439771534544,0.9436816901420828,0.0001377129886284134,332.15,4,160.0,0.01
10.1021/JE020219O,"10.1021/JE020219O|LiPF6|2.3304|mol/kg|w|0,0.6,0,0,0.4,0,0,0,0,0,0,0,0,0,0,0,0,0,0,0,0,0,0,0,0,0,0,0,0,0,0,0,0,0,0,0,0,0",4,cost_sensitive_budget_policy,0.8391007827071532,0.8612100985151827,0.02210931580802955,332.15,4,160.0,0.01
10.1021/JE020219O,"10.1021/JE020219O|LiPF6|2.1375|mol/kg|w|0,0.6,0,0,0.4,0,0,0,0,0,0,0,0,0,0,0,0,0,0,0,0,0,0,0,0,0,0,0,0,0,0,0,0,0,0,0,0,0",4,cost_sensitive_budget_policy,0.899984562549391,0.9192362558926876,0.019251693343296683,332.15,4,160.0,0.01
10.1021/JE020219O,"10.1021/JE020219O|LiPF6|1.7328|mol/kg|w|0,0.6,0,0,0.4,0,0,0,0,0,0,0,0,0,0,0,0,0,0,0,0,0,0,0,0,0,0,0,0,0,0,0,0,0,0,0,0,0",4,cost_sensitive_budget_policy,1.0051805125037803,1.0173705739659022,0.012190061462121982,332.15,4,160.0,0.01
10.1021/JE020219O,"10.1021/JE020219O|LiPF6|1.5041|mol/kg|w|0,0.6,0,0,0.4,0,0,0,0,0,0,0,0,0,0,0,0,0,0,0,0,0,0,0,0,0,0,0,0,0,0,0,0,0,0,0,0,0",4,cost_sensitive_budget_policy,1.052693941924968,1.068167107659912,0.015473165734944061,332.15,4,160.0,0.01
10.1021/JE020219O,"10.1021/JE020219O|LiPF6|1.2952|mol/kg|w|0,0.6,0,0,0.4,0,0,0,0,0,0,0,0,0,0,0,0,0,0,0,0,0,0,0,0,0,0,0,0,0,0,0,0,0,0,0,0,0",4,cost_sensitive_budget_policy,1.0906107078284066,1.0968288437647304,0.00621813593632381,332.15,4,160.0,0.01
10.1021/JE020219O,"10.1021/JE020219O|LiPF6|1.1019|mol/kg|w|0,0.6,0,0,0.4,0,0,0,0,0,0,0,0,0,0,0,0,0,0,0,0,0,0,0,0,0,0,0,0,0,0,0,0,0,0,0,0,0",4,cost_sensitive_budget_policy,1.1122697684172707,1.1161010783701215,0.0038313099528508587,332.15,4,160.0,0.01
10.1021/JE020219O,"10.1021/JE020219O|LiPF6|0.7987|mol/kg|w|0,0.6,0,0,0.4,0,0,0,0,0,0,0,0,0,0,0,0,0,0,0,0,0,0,0,0,0,0,0,0,0,0,0,0,0,0,0,0,0",4,cost_sensitive_budget_policy,1.1126050015345745,1.1136984433562311,0.0010934418216566044,332.15,4,160.0,0.01
10.1021/JE020219O,"10.1021/JE020219O|LiPF6|0.6859|mol/kg|w|0,0.6,0,0,0.4,0,0,0,0,0,0,0,0,0,0,0,0,0,0,0,0,0,0,0,0,0,0,0,0,0,0,0,0,0,0,0,0,0",4,cost_sensitive_budget_policy,1.0989896394011773,1.098459137285413,0.0005305021157644418,332.15,4,160.0,0.01
10.1021/JE020219O,"10.1021/JE020219O|LiPF6|0.5857|mol/kg|w|0,0.6,0,0,0.4,0,0,0,0,0,0,0,0,0,0,0,0,0,0,0,0,0,0,0,0,0,0,0,0,0,0,0,0,0,0,0,0,0",4,cost_sensitive_budget_policy,1.0773679052841565,1.0757849166488296,0.0015829886353269096,332.15,4,160.0,0.01
10.1021/JE020219O,"10.1021/JE020219O|LiPF6|0.4233|mol/kg|w|0,0.6,0,0,0.4,0,0,0,0,0,0,0,0,0,0,0,0,0,0,0,0,0,0,0,0,0,0,0,0,0,0,0,0,0,0,0,0,0",4,cost_sensitive_budget_policy,1.0153597554092142,1.0124855865566036,0.0028741688526106035,332.15,4,160.0,0.01
10.1021/JE020219O,"10.1021/JE020219O|LiPF6|0.3256|mol/kg|w|0,0.6,0,0,0.4,0,0,0,0,0,0,0,0,0,0,0,0,0,0,0,0,0,0,0,0,0,0,0,0,0,0,0,0,0,0,0,0,0",4,cost_sensitive_budget_policy,0.951823035315912,0.9484130980704036,0.00340993724550831,332.15,4,160.0,0.01
10.1021/JE020219O,"10.1021/JE020219O|LiPF6|2.3128|mol/kg|w|0,0.5,0,0,0.5,0,0,0,0,0,0,0,0,0,0,0,0,0,0,0,0,0,0,0,0,0,0,0,0,0,0,0,0,0,0,0,0,0",4,cost_sensitive_budget_policy,0.8620120512502166,0.8784142153500796,0.016402164099862948,332.15,4,160.0,0.01
10.1021/JE020219O,"10.1021/JE020219O|LiPF6|1.7117|mol/kg|w|0,0.5,0,0,0.5,0,0,0,0,0,0,0,0,0,0,0,0,0,0,0,0,0,0,0,0,0,0,0,0,0,0,0,0,0,0,0,0,0",4,cost_sensitive_budget_policy,1.0141003215196205,1.0233879604234848,0.009287638903864304,332.15,4,160.0,0.01
10.1021/JE020219O,"10.1021/JE020219O|LiPF6|1.4766|mol/kg|w|0,0.5,0,0,0.5,0,0,0,0,0,0,0,0,0,0,0,0,0,0,0,0,0,0,0,0,0,0,0,0,0,0,0,0,0,0,0,0,0",4,cost_sensitive_budget_policy,1.0546130545568877,1.0675680712218125,0.012955016664924823,332.15,4,160.0,0.01
10.1021/JE020219O,"10.1021/JE020219O|LiPF6|1.2604|mol/kg|w|0,0.5,0,0,0.5,0,0,0,0,0,0,0,0,0,0,0,0,0,0,0,0,0,0,0,0,0,0,0,0,0,0,0,0,0,0,0,0,0",4,cost_sensitive_budget_policy,1.0863598306747482,1.0915005221694065,0.005140691494658345,332.15,4,160.0,0.01
10.1021/JE020219O,"10.1021/JE020219O|LiPF6|1.0593|mol/kg|w|0,0.5,0,0,0.5,0,0,0,0,0,0,0,0,0,0,0,0,0,0,0,0,0,0,0,0,0,0,0,0,0,0,0,0,0,0,0,0,0",4,cost_sensitive_budget_policy,1.1017470739463662,1.1047321900624605,0.0029851161160943107,332.15,4,160.0,0.01
10.1021/JE020219O,"10.1021/JE020219O|LiPF6|0.8937|mol/kg|w|0,0.5,0,0,0.5,0,0,0,0,0,0,0,0,0,0,0,0,0,0,0,0,0,0,0,0,0,0,0,0,0,0,0,0,0,0,0,0,0",4,cost_sensitive_budget_policy,1.1010593549081156,1.102690844262195,0.0016314893540794184,332.15,4,160.0,0.01
10.1021/JE020219O,"10.1021/JE020219O|LiPF6|0.6541|mol/kg|w|0,0.5,0,0,0.5,0,0,0,0,0,0,0,0,0,0,0,0,0,0,0,0,0,0,0,0,0,0,0,0,0,0,0,0,0,0,0,0,0",4,cost_sensitive_budget_policy,1.0722498976135149,1.0719279495162979,0.00032194809721697304,332.15,4,160.0,0.01
10.1021/JE020219O,"10.1021/JE020219O|LiPF6|0.5547|mol/kg|w|0,0.5,0,0,0.5,0,0,0,0,0,0,0,0,0,0,0,0,0,0,0,0,0,0,0,0,0,0,0,0,0,0,0,0,0,0,0,0,0",4,cost_sensitive_budget_policy,1.0461047872460387,1.0450832195720725,0.0010215676739662172,332.15,4,160.0,0.01
10.1021/JE020219O,"10.1021/JE020219O|LiPF6|0.3855|mol/kg|w|0,0.5,0,0,0.5,0,0,0,0,0,0,0,0,0,0,0,0,0,0,0,0,0,0,0,0,0,0,0,0,0,0,0,0,0,0,0,0,0",4,cost_sensitive_budget_policy,0.9702073588068546,0.9674741322621496,0.002733226544704981,332.15,4,160.0,0.01
10.1021/JE020219O,"10.1021/JE020219O|LiPF6|2.3386|mol/kg|w|0,0.4,0,0,0.6,0,0,0,0,0,0,0,0,0,0,0,0,0,0,0,0,0,0,0,0,0,0,0,0,0,0,0,0,0,0,0,0,0",4,cost_sensitive_budget_policy,0.8629657589777625,0.874671361303917,0.011705602326154474,332.15,4,160.0,0.01
10.1021/JE020219O,"10.1021/JE020219O|LiPF6|1.9321|mol/kg|w|0,0.4,0,0,0.6,0,0,0,0,0,0,0,0,0,0,0,0,0,0,0,0,0,0,0,0,0,0,0,0,0,0,0,0,0,0,0,0,0",4,cost_sensitive_budget_policy,0.9577987749299979,0.9680352569548929,0.010236482024895022,332.15,4,160.0,0.01
10.1021/JE020219O,"10.1021/JE020219O|LiPF6|1.7176|mol/kg|w|0,0.4,0,0,0.6,0,0,0,0,0,0,0,0,0,0,0,0,0,0,0,0,0,0,0,0,0,0,0,0,0,0,0,0,0,0,0,0,0",4,cost_sensitive_budget_policy,1.0056094453602804,1.0125186333682046,0.006909188007924172,332.15,4,160.0,0.01
10.1021/JE020219O,"10.1021/JE020219O|LiPF6|1.4605|mol/kg|w|0,0.4,0,0,0.6,0,0,0,0,0,0,0,0,0,0,0,0,0,0,0,0,0,0,0,0,0,0,0,0,0,0,0,0,0,0,0,0,0",4,cost_sensitive_budget_policy,1.0413926851582251,1.0518938288094521,0.010501143651227007,332.15,4,160.0,0.01
10.1021/JE020219O,"10.1021/JE020219O|LiPF6|1.2325|mol/kg|w|0,0.4,0,0,0.6,0,0,0,0,0,0,0,0,0,0,0,0,0,0,0,0,0,0,0,0,0,0,0,0,0,0,0,0,0,0,0,0,0",4,cost_sensitive_budget_policy,1.0666985504229953,1.0703959992193528,0.003697448796357472,332.15,4,160.0,0.01
10.1021/JE020219O,"10.1021/JE020219O|LiPF6|1.0464|mol/kg|w|0,0.4,0,0,0.6,0,0,0,0,0,0,0,0,0,0,0,0,0,0,0,0,0,0,0,0,0,0,0,0,0,0,0,0,0,0,0,0,0",4,cost_sensitive_budget_policy,1.0737183503461227,1.0764863603010273,0.00276800995490456,332.15,4,160.0,0.01
10.1021/JE020219O,"10.1021/JE020219O|LiPF6|0.8843|mol/kg|w|0,0.4,0,0,0.6,0,0,0,0,0,0,0,0,0,0,0,0,0,0,0,0,0,0,0,0,0,0,0,0,0,0,0,0,0,0,0,0,0",4,cost_sensitive_budget_policy,1.06781451116184,1.0696990549701593,0.0018845438083192612,332.15,4,160.0,0.01
10.1021/JE020219O,"10.1021/JE020219O|LiPF6|0.7501|mol/kg|w|0,0.4,0,0,0.6,0,0,0,0,0,0,0,0,0,0,0,0,0,0,0,0,0,0,0,0,0,0,0,0,0,0,0,0,0,0,0,0,0",4,cost_sensitive_budget_policy,1.0523090996473234,1.0536374440345482,0.0013283443872247336,332.15,4,160.0,0.01
10.1021/JE020219O,"10.1021/JE020219O|LiPF6|0.6372|mol/kg|w|0,0.4,0,0,0.6,0,0,0,0,0,0,0,0,0,0,0,0,0,0,0,0,0,0,0,0,0,0,0,0,0,0,0,0,0,0,0,0,0",4,cost_sensitive_budget_policy,1.0297894708318556,1.029760536082045,2.893474981058297e-05,332.15,4,160.0,0.01
10.1021/JE020219O,"10.1021/JE020219O|LiPF6|0.3622|mol/kg|w|0,0.4,0,0,0.6,0,0,0,0,0,0,0,0,0,0,0,0,0,0,0,0,0,0,0,0,0,0,0,0,0,0,0,0,0,0,0,0,0",4,cost_sensitive_budget_policy,0.9100905455940682,0.9079782426133148,0.0021123029807533777,332.15,4,160.0,0.01
10.1021/JE020219O,"10.1021/JE020219O|LiPF6|2.3162|mol/kg|w|0,0.3,0,0,0.7,0,0,0,0,0,0,0,0,0,0,0,0,0,0,0,0,0,0,0,0,0,0,0,0,0,0,0,0,0,0,0,0,0",4,cost_sensitive_budget_policy,0.8675853265470362,0.8749410904349082,0.007355763887871958,332.15,4,160.0,0.01
10.1021/JE020219O,"10.1021/JE020219O|LiPF6|2.13|mol/kg|w|0,0.3,0,0,0.7,0,0,0,0,0,0,0,0,0,0,0,0,0,0,0,0,0,0,0,0,0,0,0,0,0,0,0,0,0,0,0,0,0",4,cost_sensitive_budget_policy,0.9105710484812585,0.9166859731700334,0.0061149246887749475,332.15,4,160.0,0.01
10.1021/JE020219O,"10.1021/JE020219O|LiPF6|1.9264|mol/kg|w|0,0.3,0,0,0.7,0,0,0,0,0,0,0,0,0,0,0,0,0,0,0,0,0,0,0,0,0,0,0,0,0,0,0,0,0,0,0,0,0",4,cost_sensitive_budget_policy,0.9462557071993973,0.9532969806164082,0.007041273417010885,332.15,4,160.0,0.01
10.1021/JE020219O,"10.1021/JE020219O|LiPF6|1.7204|mol/kg|w|0,0.3,0,0,0.7,0,0,0,0,0,0,0,0,0,0,0,0,0,0,0,0,0,0,0,0,0,0,0,0,0,0,0,0,0,0,0,0,0",4,cost_sensitive_budget_policy,0.982361701633147,0.9870423374705486,0.004680635837401637,332.15,4,160.0,0.01
10.1021/JE020219O,"10.1021/JE020219O|LiPF6|1.4776|mol/kg|w|0,0.3,0,0,0.7,0,0,0,0,0,0,0,0,0,0,0,0,0,0,0,0,0,0,0,0,0,0,0,0,0,0,0,0,0,0,0,0,0",4,cost_sensitive_budget_policy,1.0098756337121602,1.0184993838225296,0.008623750110369421,332.15,4,160.0,0.01
10.1021/JE020219O,"10.1021/JE020219O|LiPF6|1.2541|mol/kg|w|0,0.3,0,0,0.7,0,0,0,0,0,0,0,0,0,0,0,0,0,0,0,0,0,0,0,0,0,0,0,0,0,0,0,0,0,0,0,0,0",4,cost_sensitive_budget_policy,1.0257153839013406,1.0288323069757168,0.0031169230743761656,332.15,4,160.0,0.01
10.1021/JE020219O,"10.1021/JE020219O|LiPF6|1.0635|mol/kg|w|0,0.3,0,0,0.7,0,0,0,0,0,0,0,0,0,0,0,0,0,0,0,0,0,0,0,0,0,0,0,0,0,0,0,0,0,0,0,0,0",4,cost_sensitive_budget_policy,1.0265332645232967,1.0289015379129485,0.0023682733896517316,332.15,4,160.0,0.01
10.1021/JE020219O,"10.1021/JE020219O|LiPF6|0.764|mol/kg|w|0,0.3,0,0,0.7,0,0,0,0,0,0,0,0,0,0,0,0,0,0,0,0,0,0,0,0,0,0,0,0,0,0,0,0,0,0,0,0,0",4,cost_sensitive_budget_policy,0.9931274851057101,0.9950036291180605,0.001876144012350367,332.15,4,160.0,0.01
10.1021/JE020219O,"10.1021/JE020219O|LiPF6|0.6483|mol/kg|w|0,0.3,0,0,0.7,0,0,0,0,0,0,0,0,0,0,0,0,0,0,0,0,0,0,0,0,0,0,0,0,0,0,0,0,0,0,0,0,0",4,cost_sensitive_budget_policy,0.9653898702151223,0.9666133752436455,0.0012235050285231974,332.15,4,160.0,0.01
10.1021/JE020219O,"10.1021/JE020219O|LiPF6|0.55|mol/kg|w|0,0.3,0,0,0.7,0,0,0,0,0,0,0,0,0,0,0,0,0,0,0,0,0,0,0,0,0,0,0,0,0,0,0,0,0,0,0,0,0",4,cost_sensitive_budget_policy,0.9320169064342013,0.9327590361967827,0.0007421297625813672,332.15,4,160.0,0.01
10.1021/JE020219O,"10.1021/JE020219O|LiPF6|0.4612|mol/kg|w|0,0.3,0,0,0.7,0,0,0,0,0,0,0,0,0,0,0,0,0,0,0,0,0,0,0,0,0,0,0,0,0,0,0,0,0,0,0,0,0",4,cost_sensitive_budget_policy,0.8918161195248605,0.8921275865426093,0.0003114670177487566,332.15,4,160.0,0.01
10.1021/JE020219O,"10.1021/JE020219O|LiPF6|0.3773|mol/kg|w|0,0.3,0,0,0.7,0,0,0,0,0,0,0,0,0,0,0,0,0,0,0,0,0,0,0,0,0,0,0,0,0,0,0,0,0,0,0,0,0",4,cost_sensitive_budget_policy,0.8402943316114362,0.8404596160672726,0.00016528445583641194,332.15,4,160.0,0.01
10.1021/JE020219O,"10.1021/JE020219O|LiPF6|0.2585|mol/kg|w|0,0.3,0,0,0.7,0,0,0,0,0,0,0,0,0,0,0,0,0,0,0,0,0,0,0,0,0,0,0,0,0,0,0,0,0,0,0,0,0",4,cost_sensitive_budget_policy,0.7329563695756246,0.7320184929728671,0.0009378766027574592,332.15,4,160.0,0.01
10.1021/JE020219O,"10.1021/JE020219O|LiPF6|1.9123|mol/kg|w|0,1,0,0,0,0,0,0,0,0,0,0,0,0,0,0,0,0,0,0,0,0,0,0,0,0,0,0,0,0,0,0,0,0,0,0,0,0",3,cost_sensitive_budget_policy,0.8671727511786498,0.8144586037297357,0.05271414744891412,332.15,4,160.0,0.02
10.1021/JE020219O,"10.1021/JE020219O|LiPF6|1.6827|mol/kg|w|0,1,0,0,0,0,0,0,0,0,0,0,0,0,0,0,0,0,0,0,0,0,0,0,0,0,0,0,0,0,0,0,0,0,0,0,0,0",3,cost_sensitive_budget_policy,0.9384696883676453,0.9106801954646155,0.02778949290302979,332.15,4,160.0,0.02
10.1021/JE020219O,"10.1021/JE020219O|LiPF6|1.445|mol/kg|w|0,1,0,0,0,0,0,0,0,0,0,0,0,0,0,0,0,0,0,0,0,0,0,0,0,0,0,0,0,0,0,0,0,0,0,0,0,0",3,cost_sensitive_budget_policy,1.0021660617565078,0.9495917427765631,0.05257431897994469,332.15,4,160.0,0.02
10.1021/JE020219O,"10.1021/JE020219O|LiPF6|1.2341|mol/kg|w|0,1,0,0,0,0,0,0,0,0,0,0,0,0,0,0,0,0,0,0,0,0,0,0,0,0,0,0,0,0,0,0,0,0,0,0,0,0",3,cost_sensitive_budget_policy,1.0511525224473812,1.0195069380736403,0.031645584373740876,332.15,4,160.0,0.02
10.1021/JE020219O,"10.1021/JE020219O|LiPF6|0.9089|mol/kg|w|0,1,0,0,0,0,0,0,0,0,0,0,0,0,0,0,0,0,0,0,0,0,0,0,0,0,0,0,0,0,0,0,0,0,0,0,0,0",3,cost_sensitive_budget_policy,1.089551882886454,1.066532038246059,0.023019844640395082,332.15,4,160.0,0.02
10.1021/JE020219O,"10.1021/JE020219O|LiPF6|0.7799|mol/kg|w|0,1,0,0,0,0,0,0,0,0,0,0,0,0,0,0,0,0,0,0,0,0,0,0,0,0,0,0,0,0,0,0,0,0,0,0,0,0",3,cost_sensitive_budget_policy,1.0888445627270043,1.0616809974425574,0.027163565284446856,332.15,4,160.0,0.02
10.1021/JE020219O,"10.1021/JE020219O|LiPF6|0.6659|mol/kg|w|0,1,0,0,0,0,0,0,0,0,0,0,0,0,0,0,0,0,0,0,0,0,0,0,0,0,0,0,0,0,0,0,0,0,0,0,0,0",3,cost_sensitive_budget_policy,1.077731179652392,1.0569275793976296,0.020803600254762467,332.15,4,160.0,0.02
10.1021/JE020219O,"10.1021/JE020219O|LiPF6|0.5661|mol/kg|w|0,1,0,0,0,0,0,0,0,0,0,0,0,0,0,0,0,0,0,0,0,0,0,0,0,0,0,0,0,0,0,0,0,0,0,0,0,0",3,cost_sensitive_budget_policy,1.0572856444182146,1.0441530314384522,0.013132612979762426,332.15,4,160.0,0.02
10.1021/JE020219O,"10.1021/JE020219O|LiPF6|0.4759|mol/kg|w|0,1,0,0,0,0,0,0,0,0,0,0,0,0,0,0,0,0,0,0,0,0,0,0,0,0,0,0,0,0,0,0,0,0,0,0,0,0",3,cost_sensitive_budget_policy,1.02816441942447,1.0150037847932187,0.013160634631251167,332.15,4,160.0,0.02
10.1021/JE020219O,"10.1021/JE020219O|LiPF6|0.2801|mol/kg|w|0,1,0,0,0,0,0,0,0,0,0,0,0,0,0,0,0,0,0,0,0,0,0,0,0,0,0,0,0,0,0,0,0,0,0,0,0,0",3,cost_sensitive_budget_policy,0.9025467793139914,0.9025894532298965,4.2673915905067084e-05,332.15,4,160.0,0.02
10.1021/JE020219O,"10.1021/JE020219O|LiPF6|2.1311|mol/kg|w|0,0.9,0,0,0.1,0,0,0,0,0,0,0,0,0,0,0,0,0,0,0,0,0,0,0,0,0,0,0,0,0,0,0,0,0,0,0,0,0",3,cost_sensitive_budget_policy,0.8326366275967033,0.7692201870322678,0.06341644056443552,332.15,4,160.0,0.02
10.1021/JE020219O,"10.1021/JE020219O|LiPF6|1.9117|mol/kg|w|0,0.9,0,0,0.1,0,0,0,0,0,0,0,0,0,0,0,0,0,0,0,0,0,0,0,0,0,0,0,0,0,0,0,0,0,0,0,0,0",3,cost_sensitive_budget_policy,0.8953120244757873,0.8601572540233418,0.03515477045244553,332.15,4,160.0,0.02
10.1021/JE020219O,"10.1021/JE020219O|LiPF6|1.6929|mol/kg|w|0,0.9,0,0,0.1,0,0,0,0,0,0,0,0,0,0,0,0,0,0,0,0,0,0,0,0,0,0,0,0,0,0,0,0,0,0,0,0,0",3,cost_sensitive_budget_policy,0.9664702637292844,0.9358448334620736,0.030625430267210763,332.15,4,160.0,0.02
10.1021/JE020219O,"10.1021/JE020219O|LiPF6|1.4535|mol/kg|w|0,0.9,0,0,0.1,0,0,0,0,0,0,0,0,0,0,0,0,0,0,0,0,0,0,0,0,0,0,0,0,0,0,0,0,0,0,0,0,0",3,cost_sensitive_budget_policy,1.0261245167454502,0.9759679295055592,0.050156587239891026,332.15,4,160.0,0.02
10.1021/JE020219O,"10.1021/JE020219O|LiPF6|1.2271|mol/kg|w|0,0.9,0,0,0.1,0,0,0,0,0,0,0,0,0,0,0,0,0,0,0,0,0,0,0,0,0,0,0,0,0,0,0,0,0,0,0,0,0",3,cost_sensitive_budget_policy,1.0751818546186915,1.051833055449654,0.023348799169037537,332.15,4,160.0,0.02
10.1021/JE020219O,"10.1021/JE020219O|LiPF6|1.0532|mol/kg|w|0,0.9,0,0,0.1,0,0,0,0,0,0,0,0,0,0,0,0,0,0,0,0,0,0,0,0,0,0,0,0,0,0,0,0,0,0,0,0,0",3,cost_sensitive_budget_policy,1.0996806411092501,1.0766544362613508,0.0230262048478993,332.15,4,160.0,0.02
10.1021/JE020219O,"10.1021/JE020219O|LiPF6|0.8954|mol/kg|w|0,0.9,0,0,0.1,0,0,0,0,0,0,0,0,0,0,0,0,0,0,0,0,0,0,0,0,0,0,0,0,0,0,0,0,0,0,0,0,0",3,cost_sensitive_budget_policy,1.1092409685882032,1.0821323916263386,0.02710857696186464,332.15,4,160.0,0.02
10.1021/JE020219O,"10.1021/JE020219O|LiPF6|0.7652|mol/kg|w|0,0.9,0,0,0.1,0,0,0,0,0,0,0,0,0,0,0,0,0,0,0,0,0,0,0,0,0,0,0,0,0,0,0,0,0,0,0,0,0",3,cost_sensitive_budget_policy,1.1058506743851435,1.0870808453998198,0.018769828985323755,332.15,4,160.0,0.02
10.1021/JE020219O,"10.1021/JE020219O|LiPF6|0.4603|mol/kg|w|0,0.9,0,0,0.1,0,0,0,0,0,0,0,0,0,0,0,0,0,0,0,0,0,0,0,0,0,0,0,0,0,0,0,0,0,0,0,0,0",3,cost_sensitive_budget_policy,1.0374264979406236,1.0278005017191953,0.009625996221428235,332.15,4,160.0,0.02
10.1021/JE020219O,"10.1021/JE020219O|LiPF6|0.3839|mol/kg|w|0,0.9,0,0,0.1,0,0,0,0,0,0,0,0,0,0,0,0,0,0,0,0,0,0,0,0,0,0,0,0,0,0,0,0,0,0,0,0,0",3,cost_sensitive_budget_policy,0.9976921179417265,0.9879165678105251,0.00977555013120146,332.15,4,160.0,0.02
10.1021/JE020219O,"10.1021/JE020219O|LiPF6|0.3086|mol/kg|w|0,0.9,0,0,0.1,0,0,0,0,0,0,0,0,0,0,0,0,0,0,0,0,0,0,0,0,0,0,0,0,0,0,0,0,0,0,0,0,0",3,cost_sensitive_budget_policy,0.9434450490250305,0.9358825210841156,0.007562527940914832,332.15,4,160.0,0.02
10.1021/JE020219O,"10.1021/JE020219O|LiPF6|2.3728|mol/kg|w|0,0.8,0,0,0.2,0,0,0,0,0,0,0,0,0,0,0,0,0,0,0,0,0,0,0,0,0,0,0,0,0,0,0,0,0,0,0,0,0",3,cost_sensitive_budget_policy,0.7781512503836436,0.7097550882141908,0.06839616216945288,332.15,4,160.0,0.02
10.1021/JE020219O,"10.1021/JE020219O|LiPF6|2.1648|mol/kg|w|0,0.8,0,0,0.2,0,0,0,0,0,0,0,0,0,0,0,0,0,0,0,0,0,0,0,0,0,0,0,0,0,0,0,0,0,0,0,0,0",3,cost_sensitive_budget_policy,0.8586574840908079,0.8159253469115642,0.042732137179243734,332.15,4,160.0,0.02
10.1021/JE020219O,"10.1021/JE020219O|LiPF6|1.9482|mol/kg|w|0,0.8,0,0,0.2,0,0,0,0,0,0,0,0,0,0,0,0,0,0,0,0,0,0,0,0,0,0,0,0,0,0,0,0,0,0,0,0,0",3,cost_sensitive_budget_policy,0.9159799141402244,0.8942304010462265,0.021749513093997863,332.15,4,160.0,0.02
10.1021/JE020219O,"10.1021/JE020219O|LiPF6|1.7321|mol/kg|w|0,0.8,0,0,0.2,0,0,0,0,0,0,0,0,0,0,0,0,0,0,0,0,0,0,0,0,0,0,0,0,0,0,0,0,0,0,0,0,0",3,cost_sensitive_budget_policy,0.9824521513849896,0.9253473103335221,0.057104841051467514,332.15,4,160.0,0.02
10.1021/JE020219O,"10.1021/JE020219O|LiPF6|1.4764|mol/kg|w|0,0.8,0,0,0.2,0,0,0,0,0,0,0,0,0,0,0,0,0,0,0,0,0,0,0,0,0,0,0,0,0,0,0,0,0,0,0,0,0",3,cost_sensitive_budget_policy,1.044539760392411,1.0186406417569072,0.02589911863550376,332.15,4,160.0,0.02
10.1021/JE020219O,"10.1021/JE020219O|LiPF6|1.2444|mol/kg|w|0,0.8,0,0,0.2,0,0,0,0,0,0,0,0,0,0,0,0,0,0,0,0,0,0,0,0,0,0,0,0,0,0,0,0,0,0,0,0,0",3,cost_sensitive_budget_policy,1.0923696996291206,1.0731273668096692,0.019242332819451313,332.15,4,160.0,0.02
10.1021/JE020219O,"10.1021/JE020219O|LiPF6|0.7537|mol/kg|w|0,0.8,0,0,0.2,0,0,0,0,0,0,0,0,0,0,0,0,0,0,0,0,0,0,0,0,0,0,0,0,0,0,0,0,0,0,0,0,0",3,cost_sensitive_budget_policy,1.1182647260894794,1.1095329620246852,0.008731764064794145,332.15,4,160.0,0.02
10.1021/JE020219O,"10.1021/JE020219O|LiPF6|0.6385|mol/kg|w|0,0.8,0,0,0.2,0,0,0,0,0,0,0,0,0,0,0,0,0,0,0,0,0,0,0,0,0,0,0,0,0,0,0,0,0,0,0,0,0",3,cost_sensitive_budget_policy,1.1024337056813363,1.09417032661978,0.008263379061556275,332.15,4,160.0,0.02
10.1021/JE020219O,"10.1021/JE020219O|LiPF6|0.538|mol/kg|w|0,0.8,0,0,0.2,0,0,0,0,0,0,0,0,0,0,0,0,0,0,0,0,0,0,0,0,0,0,0,0,0,0,0,0,0,0,0,0,0",3,cost_sensitive_budget_policy,1.0766404436703418,1.0708333678857767,0.0058070757845651855,332.15,4,160.0,0.02
10.1021/JE020219O,"10.1021/JE020219O|LiPF6|0.4496|mol/kg|w|0,0.8,0,0,0.2,0,0,0,0,0,0,0,0,0,0,0,0,0,0,0,0,0,0,0,0,0,0,0,0,0,0,0,0,0,0,0,0,0",3,cost_sensitive_budget_policy,1.0433622780211296,1.0380177644222934,0.0053445135988361425,332.15,4,160.0,0.02
10.1021/JE020219O,"10.1021/JE020219O|LiPF6|0.3704|mol/kg|w|0,0.8,0,0,0.2,0,0,0,0,0,0,0,0,0,0,0,0,0,0,0,0,0,0,0,0,0,0,0,0,0,0,0,0,0,0,0,0,0",3,cost_sensitive_budget_policy,0.9998262474544124,0.9923583583194207,0.007467889134991745,332.15,4,160.0,0.02
10.1021/JE020219O,"10.1021/JE020219O|LiPF6|0.2848|mol/kg|w|0,0.8,0,0,0.2,0,0,0,0,0,0,0,0,0,0,0,0,0,0,0,0,0,0,0,0,0,0,0,0,0,0,0,0,0,0,0,0,0",3,cost_sensitive_budget_policy,0.9318645134920318,0.9312298507428068,0.0006346627492249679,332.15,4,160.0,0.02
10.1021/JE020219O,"10.1021/JE020219O|LiPF6|2.1265|mol/kg|w|0,0.7,0,0,0.3,0,0,0,0,0,0,0,0,0,0,0,0,0,0,0,0,0,0,0,0,0,0,0,0,0,0,0,0,0,0,0,0,0",3,cost_sensitive_budget_policy,0.8856438718357639,0.8642674858194115,0.02137638601635239,332.15,4,160.0,0.02
10.1021/JE020219O,"10.1021/JE020219O|LiPF6|1.9194|mol/kg|w|0,0.7,0,0,0.3,0,0,0,0,0,0,0,0,0,0,0,0,0,0,0,0,0,0,0,0,0,0,0,0,0,0,0,0,0,0,0,0,0",3,cost_sensitive_budget_policy,0.9436923271060167,0.9159312335362408,0.027761093569775852,332.15,4,160.0,0.02
10.1021/JE020219O,"10.1021/JE020219O|LiPF6|1.4664|mol/kg|w|0,0.7,0,0,0.3,0,0,0,0,0,0,0,0,0,0,0,0,0,0,0,0,0,0,0,0,0,0,0,0,0,0,0,0,0,0,0,0,0",3,cost_sensitive_budget_policy,1.0561422620590524,1.0408058117439354,0.01533645031511699,332.15,4,160.0,0.02
10.1021/JE020219O,"10.1021/JE020219O|LiPF6|1.2514|mol/kg|w|0,0.7,0,0,0.3,0,0,0,0,0,0,0,0,0,0,0,0,0,0,0,0,0,0,0,0,0,0,0,0,0,0,0,0,0,0,0,0,0",3,cost_sensitive_budget_policy,1.0965624383741355,1.0799434871883715,0.016618951185763953,332.15,4,160.0,0.02
10.1021/JE020219O,"10.1021/JE020219O|LiPF6|1.0685|mol/kg|w|0,0.7,0,0,0.3,0,0,0,0,0,0,0,0,0,0,0,0,0,0,0,0,0,0,0,0,0,0,0,0,0,0,0,0,0,0,0,0,0",3,cost_sensitive_budget_policy,1.1176026916900843,1.0979070534357902,0.0196956382542941,332.15,4,160.0,0.02
10.1021/JE020219O,"10.1021/JE020219O|LiPF6|0.9088|mol/kg|w|0,0.7,0,0,0.3,0,0,0,0,0,0,0,0,0,0,0,0,0,0,0,0,0,0,0,0,0,0,0,0,0,0,0,0,0,0,0,0,0",3,cost_sensitive_budget_policy,1.1231980750319988,1.1174155601841904,0.00578251484780834,332.15,4,160.0,0.02
10.1021/JE020219O,"10.1021/JE020219O|LiPF6|0.6653|mol/kg|w|0,0.7,0,0,0.3,0,0,0,0,0,0,0,0,0,0,0,0,0,0,0,0,0,0,0,0,0,0,0,0,0,0,0,0,0,0,0,0,0",3,cost_sensitive_budget_policy,1.104145550554008,1.0861089690998957,0.018036581454112355,332.15,4,160.0,0.02
10.1021/JE020219O,"10.1021/JE020219O|LiPF6|0.5658|mol/kg|w|0,0.7,0,0,0.3,0,0,0,0,0,0,0,0,0,0,0,0,0,0,0,0,0,0,0,0,0,0,0,0,0,0,0,0,0,0,0,0,0",3,cost_sensitive_budget_policy,1.0791812460476249,1.0610062686170343,0.0181749774305906,332.15,4,160.0,0.02
10.1021/JE020219O,"10.1021/JE020219O|LiPF6|0.3992|mol/kg|w|0,0.7,0,0,0.3,0,0,0,0,0,0,0,0,0,0,0,0,0,0,0,0,0,0,0,0,0,0,0,0,0,0,0,0,0,0,0,0,0",3,cost_sensitive_budget_policy,1.00774777800074,1.0109429524335434,0.0031951744328033715,332.15,4,160.0,0.02
10.1021/JE020219O,"10.1021/JE020219O|LiPF6|0.302|mol/kg|w|0,0.7,0,0,0.3,0,0,0,0,0,0,0,0,0,0,0,0,0,0,0,0,0,0,0,0,0,0,0,0,0,0,0,0,0,0,0,0,0",3,cost_sensitive_budget_policy,0.9435439771534544,0.9476220776628197,0.004078100509365301,332.15,4,160.0,0.02
10.1021/JE020219O,"10.1021/JE020219O|LiPF6|2.3304|mol/kg|w|0,0.6,0,0,0.4,0,0,0,0,0,0,0,0,0,0,0,0,0,0,0,0,0,0,0,0,0,0,0,0,0,0,0,0,0,0,0,0,0",3,cost_sensitive_budget_policy,0.8391007827071532,0.8219976782547813,0.017103104452371842,332.15,4,160.0,0.02
10.1021/JE020219O,"10.1021/JE020219O|LiPF6|2.1375|mol/kg|w|0,0.6,0,0,0.4,0,0,0,0,0,0,0,0,0,0,0,0,0,0,0,0,0,0,0,0,0,0,0,0,0,0,0,0,0,0,0,0,0",3,cost_sensitive_budget_policy,0.899984562549391,0.8814933338860651,0.018491228663325865,332.15,4,160.0,0.02
10.1021/JE020219O,"10.1021/JE020219O|LiPF6|1.7328|mol/kg|w|0,0.6,0,0,0.4,0,0,0,0,0,0,0,0,0,0,0,0,0,0,0,0,0,0,0,0,0,0,0,0,0,0,0,0,0,0,0,0,0",3,cost_sensitive_budget_policy,1.0051805125037803,0.9846718712973336,0.020508641206446687,332.15,4,160.0,0.02
10.1021/JE020219O,"10.1021/JE020219O|LiPF6|1.5041|mol/kg|w|0,0.6,0,0,0.4,0,0,0,0,0,0,0,0,0,0,0,0,0,0,0,0,0,0,0,0,0,0,0,0,0,0,0,0,0,0,0,0,0",3,cost_sensitive_budget_policy,1.052693941924968,1.0470188876868023,0.005675054238165611,332.15,4,160.0,0.02
10.1021/JE020219O,"10.1021/JE020219O|LiPF6|1.2952|mol/kg|w|0,0.6,0,0,0.4,0,0,0,0,0,0,0,0,0,0,0,0,0,0,0,0,0,0,0,0,0,0,0,0,0,0,0,0,0,0,0,0,0",3,cost_sensitive_budget_policy,1.0906107078284066,1.0673681261139683,0.02324258171443838,332.15,4,160.0,0.02
10.1021/JE020219O,"10.1021/JE020219O|LiPF6|1.1019|mol/kg|w|0,0.6,0,0,0.4,0,0,0,0,0,0,0,0,0,0,0,0,0,0,0,0,0,0,0,0,0,0,0,0,0,0,0,0,0,0,0,0,0",3,cost_sensitive_budget_policy,1.1122697684172707,1.1018730687498148,0.010396699667455822,332.15,4,160.0,0.02
10.1021/JE020219O,"10.1021/JE020219O|LiPF6|0.7987|mol/kg|w|0,0.6,0,0,0.4,0,0,0,0,0,0,0,0,0,0,0,0,0,0,0,0,0,0,0,0,0,0,0,0,0,0,0,0,0,0,0,0,0",3,cost_sensitive_budget_policy,1.1126050015345745,1.107925072761788,0.004679928772786557,332.15,4,160.0,0.02
10.1021/JE020219O,"10.1021/JE020219O|LiPF6|0.6859|mol/kg|w|0,0.6,0,0,0.4,0,0,0,0,0,0,0,0,0,0,0,0,0,0,0,0,0,0,0,0,0,0,0,0,0,0,0,0,0,0,0,0,0",3,cost_sensitive_budget_policy,1.0989896394011773,1.0994913060238545,0.0005016666226771438,332.15,4,160.0,0.02
10.1021/JE020219O,"10.1021/JE020219O|LiPF6|0.5857|mol/kg|w|0,0.6,0,0,0.4,0,0,0,0,0,0,0,0,0,0,0,0,0,0,0,0,0,0,0,0,0,0,0,0,0,0,0,0,0,0,0,0,0",3,cost_sensitive_budget_policy,1.0773679052841565,1.0764554494555263,0.0009124558286301987,332.15,4,160.0,0.02
10.1021/JE020219O,"10.1021/JE020219O|LiPF6|0.4233|mol/kg|w|0,0.6,0,0,0.4,0,0,0,0,0,0,0,0,0,0,0,0,0,0,0,0,0,0,0,0,0,0,0,0,0,0,0,0,0,0,0,0,0",3,cost_sensitive_budget_policy,1.0153597554092142,1.0189132592992658,0.0035535038900516014,332.15,4,160.0,0.02
10.1021/JE020219O,"10.1021/JE020219O|LiPF6|0.3256|mol/kg|w|0,0.6,0,0,0.4,0,0,0,0,0,0,0,0,0,0,0,0,0,0,0,0,0,0,0,0,0,0,0,0,0,0,0,0,0,0,0,0,0",3,cost_sensitive_budget_policy,0.951823035315912,0.958231798943318,0.0064087636274060555,332.15,4,160.0,0.02
10.1021/JE020219O,"10.1021/JE020219O|LiPF6|2.3128|mol/kg|w|0,0.5,0,0,0.5,0,0,0,0,0,0,0,0,0,0,0,0,0,0,0,0,0,0,0,0,0,0,0,0,0,0,0,0,0,0,0,0,0",3,cost_sensitive_budget_policy,0.8620120512502166,0.8499442686711298,0.012067782579086805,332.15,4,160.0,0.02
10.1021/JE020219O,"10.1021/JE020219O|LiPF6|1.7117|mol/kg|w|0,0.5,0,0,0.5,0,0,0,0,0,0,0,0,0,0,0,0,0,0,0,0,0,0,0,0,0,0,0,0,0,0,0,0,0,0,0,0,0",3,cost_sensitive_budget_policy,1.0141003215196205,1.0050329572932846,0.009067364226335917,332.15,4,160.0,0.02
10.1021/JE020219O,"10.1021/JE020219O|LiPF6|1.4766|mol/kg|w|0,0.5,0,0,0.5,0,0,0,0,0,0,0,0,0,0,0,0,0,0,0,0,0,0,0,0,0,0,0,0,0,0,0,0,0,0,0,0,0",3,cost_sensitive_budget_policy,1.0546130545568877,1.0433972570448733,0.011215797512014403,332.15,4,160.0,0.02
10.1021/JE020219O,"10.1021/JE020219O|LiPF6|1.2604|mol/kg|w|0,0.5,0,0,0.5,0,0,0,0,0,0,0,0,0,0,0,0,0,0,0,0,0,0,0,0,0,0,0,0,0,0,0,0,0,0,0,0,0",3,cost_sensitive_budget_policy,1.0863598306747482,1.0775702999784766,0.00878953069627153,332.15,4,160.0,0.02
10.1021/JE020219O,"10.1021/JE020219O|LiPF6|1.0593|mol/kg|w|0,0.5,0,0,0.5,0,0,0,0,0,0,0,0,0,0,0,0,0,0,0,0,0,0,0,0,0,0,0,0,0,0,0,0,0,0,0,0,0",3,cost_sensitive_budget_policy,1.1017470739463662,1.0982289147600526,0.0035181591863135964,332.15,4,160.0,0.02
10.1021/JE020219O,"10.1021/JE020219O|LiPF6|0.8937|mol/kg|w|0,0.5,0,0,0.5,0,0,0,0,0,0,0,0,0,0,0,0,0,0,0,0,0,0,0,0,0,0,0,0,0,0,0,0,0,0,0,0,0",3,cost_sensitive_budget_policy,1.1010593549081156,1.1017749964006573,0.0007156414925417742,332.15,4,160.0,0.02
10.1021/JE020219O,"10.1021/JE020219O|LiPF6|0.6541|mol/kg|w|0,0.5,0,0,0.5,0,0,0,0,0,0,0,0,0,0,0,0,0,0,0,0,0,0,0,0,0,0,0,0,0,0,0,0,0,0,0,0,0",3,cost_sensitive_budget_policy,1.0722498976135149,1.0778198035137858,0.005569905900270955,332.15,4,160.0,0.02
10.1021/JE020219O,"10.1021/JE020219O|LiPF6|0.5547|mol/kg|w|0,0.5,0,0,0.5,0,0,0,0,0,0,0,0,0,0,0,0,0,0,0,0,0,0,0,0,0,0,0,0,0,0,0,0,0,0,0,0,0",3,cost_sensitive_budget_policy,1.0461047872460387,1.053761013829519,0.007656226583480308,332.15,4,160.0,0.02
10.1021/JE020219O,"10.1021/JE020219O|LiPF6|0.3855|mol/kg|w|0,0.5,0,0,0.5,0,0,0,0,0,0,0,0,0,0,0,0,0,0,0,0,0,0,0,0,0,0,0,0,0,0,0,0,0,0,0,0,0",3,cost_sensitive_budget_policy,0.9702073588068546,0.9813854971079272,0.011178138301072615,332.15,4,160.0,0.02
10.1021/JE020219O,"10.1021/JE020219O|LiPF6|2.3386|mol/kg|w|0,0.4,0,0,0.6,0,0,0,0,0,0,0,0,0,0,0,0,0,0,0,0,0,0,0,0,0,0,0,0,0,0,0,0,0,0,0,0,0",3,cost_sensitive_budget_policy,0.8629657589777625,0.856789388443755,0.006176370534007547,332.15,4,160.0,0.02
10.1021/JE020219O,"10.1021/JE020219O|LiPF6|1.9321|mol/kg|w|0,0.4,0,0,0.6,0,0,0,0,0,0,0,0,0,0,0,0,0,0,0,0,0,0,0,0,0,0,0,0,0,0,0,0,0,0,0,0,0",3,cost_sensitive_budget_policy,0.9577987749299979,0.9537927471743899,0.004006027755607988,332.15,4,160.0,0.02
10.1021/JE020219O,"10.1021/JE020219O|LiPF6|1.7176|mol/kg|w|0,0.4,0,0,0.6,0,0,0,0,0,0,0,0,0,0,0,0,0,0,0,0,0,0,0,0,0,0,0,0,0,0,0,0,0,0,0,0,0",3,cost_sensitive_budget_policy,1.0056094453602804,0.9801126172836953,0.025496828076585154,332.15,4,160.0,0.02
10.1021/JE020219O,"10.1021/JE020219O|LiPF6|1.4605|mol/kg|w|0,0.4,0,0,0.6,0,0,0,0,0,0,0,0,0,0,0,0,0,0,0,0,0,0,0,0,0,0,0,0,0,0,0,0,0,0,0,0,0",3,cost_sensitive_budget_policy,1.0413926851582251,1.0372738743369276,0.004118810821297503,332.15,4,160.0,0.02
10.1021/JE020219O,"10.1021/JE020219O|LiPF6|1.2325|mol/kg|w|0,0.4,0,0,0.6,0,0,0,0,0,0,0,0,0,0,0,0,0,0,0,0,0,0,0,0,0,0,0,0,0,0,0,0,0,0,0,0,0",3,cost_sensitive_budget_policy,1.0666985504229953,1.0641499030866997,0.002548647336295673,332.15,4,160.0,0.02
10.1021/JE020219O,"10.1021/JE020219O|LiPF6|1.0464|mol/kg|w|0,0.4,0,0,0.6,0,0,0,0,0,0,0,0,0,0,0,0,0,0,0,0,0,0,0,0,0,0,0,0,0,0,0,0,0,0,0,0,0",3,cost_sensitive_budget_policy,1.0737183503461227,1.075853991808636,0.002135641462513327,332.15,4,160.0,0.02
10.1021/JE020219O,"10.1021/JE020219O|LiPF6|0.8843|mol/kg|w|0,0.4,0,0,0.6,0,0,0,0,0,0,0,0,0,0,0,0,0,0,0,0,0,0,0,0,0,0,0,0,0,0,0,0,0,0,0,0,0",3,cost_sensitive_budget_policy,1.06781451116184,1.0733609600308402,0.005546448869000242,332.15,4,160.0,0.02
10.1021/JE020219O,"10.1021/JE020219O|LiPF6|0.7501|mol/kg|w|0,0.4,0,0,0.6,0,0,0,0,0,0,0,0,0,0,0,0,0,0,0,0,0,0,0,0,0,0,0,0,0,0,0,0,0,0,0,0,0",3,cost_sensitive_budget_policy,1.0523090996473234,1.0625055834822101,0.010196483834886694,332.15,4,160.0,0.02
10.1021/JE020219O,"10.1021/JE020219O|LiPF6|0.6372|mol/kg|w|0,0.4,0,0,0.6,0,0,0,0,0,0,0,0,0,0,0,0,0,0,0,0,0,0,0,0,0,0,0,0,0,0,0,0,0,0,0,0,0",3,cost_sensitive_budget_policy,1.0297894708318556,1.0414787532636005,0.01168928243174494,332.15,4,160.0,0.02
10.1021/JE020219O,"10.1021/JE020219O|LiPF6|0.3622|mol/kg|w|0,0.4,0,0,0.6,0,0,0,0,0,0,0,0,0,0,0,0,0,0,0,0,0,0,0,0,0,0,0,0,0,0,0,0,0,0,0,0,0",3,cost_sensitive_budget_policy,0.9100905455940682,0.9098113582868355,0.0002791873072327533,332.15,4,160.0,0.02
10.1021/JE020219O,"10.1021/JE020219O|LiPF6|2.3162|mol/kg|w|0,0.3,0,0,0.7,0,0,0,0,0,0,0,0,0,0,0,0,0,0,0,0,0,0,0,0,0,0,0,0,0,0,0,0,0,0,0,0,0",3,cost_sensitive_budget_policy,0.8675853265470362,0.8650185497409018,0.0025667768061344853,332.15,4,160.0,0.02
10.1021/JE020219O,"10.1021/JE020219O|LiPF6|2.13|mol/kg|w|0,0.3,0,0,0.7,0,0,0,0,0,0,0,0,0,0,0,0,0,0,0,0,0,0,0,0,0,0,0,0,0,0,0,0,0,0,0,0,0",3,cost_sensitive_budget_policy,0.9105710484812585,0.9103883243742925,0.0001827241069659591,332.15,4,160.0,0.02
10.1021/JE020219O,"10.1021/JE020219O|LiPF6|1.9264|mol/kg|w|0,0.3,0,0,0.7,0,0,0,0,0,0,0,0,0,0,0,0,0,0,0,0,0,0,0,0,0,0,0,0,0,0,0,0,0,0,0,0,0",3,cost_sensitive_budget_policy,0.9462557071993973,0.9447438707428283,0.001511836456569049,332.15,4,160.0,0.02
10.1021/JE020219O,"10.1021/JE020219O|LiPF6|1.7204|mol/kg|w|0,0.3,0,0,0.7,0,0,0,0,0,0,0,0,0,0,0,0,0,0,0,0,0,0,0,0,0,0,0,0,0,0,0,0,0,0,0,0,0",3,cost_sensitive_budget_policy,0.982361701633147,0.9769527165361686,0.005408985096978403,332.15,4,160.0,0.02
10.1021/JE020219O,"10.1021/JE020219O|LiPF6|1.4776|mol/kg|w|0,0.3,0,0,0.7,0,0,0,0,0,0,0,0,0,0,0,0,0,0,0,0,0,0,0,0,0,0,0,0,0,0,0,0,0,0,0,0,0",3,cost_sensitive_budget_policy,1.0098756337121602,1.0091273594832761,0.0007482742288840161,332.15,4,160.0,0.02
10.1021/JE020219O,"10.1021/JE020219O|LiPF6|1.2541|mol/kg|w|0,0.3,0,0,0.7,0,0,0,0,0,0,0,0,0,0,0,0,0,0,0,0,0,0,0,0,0,0,0,0,0,0,0,0,0,0,0,0,0",3,cost_sensitive_budget_policy,1.0257153839013406,1.028257839396781,0.002542455495440299,332.15,4,160.0,0.02
10.1021/JE020219O,"10.1021/JE020219O|LiPF6|1.0635|mol/kg|w|0,0.3,0,0,0.7,0,0,0,0,0,0,0,0,0,0,0,0,0,0,0,0,0,0,0,0,0,0,0,0,0,0,0,0,0,0,0,0,0",3,cost_sensitive_budget_policy,1.0265332645232967,1.0338999889544664,0.007366724431169702,332.15,4,160.0,0.02
10.1021/JE020219O,"10.1021/JE020219O|LiPF6|0.764|mol/kg|w|0,0.3,0,0,0.7,0,0,0,0,0,0,0,0,0,0,0,0,0,0,0,0,0,0,0,0,0,0,0,0,0,0,0,0,0,0,0,0,0",3,cost_sensitive_budget_policy,0.9931274851057101,1.0106364511776564,0.017508966071946297,332.15,4,160.0,0.02
10.1021/JE020219O,"10.1021/JE020219O|LiPF6|0.6483|mol/kg|w|0,0.3,0,0,0.7,0,0,0,0,0,0,0,0,0,0,0,0,0,0,0,0,0,0,0,0,0,0,0,0,0,0,0,0,0,0,0,0,0",3,cost_sensitive_budget_policy,0.9653898702151223,0.9704274498945185,0.005037579679396109,332.15,4,160.0,0.02
10.1021/JE020219O,"10.1021/JE020219O|LiPF6|0.55|mol/kg|w|0,0.3,0,0,0.7,0,0,0,0,0,0,0,0,0,0,0,0,0,0,0,0,0,0,0,0,0,0,0,0,0,0,0,0,0,0,0,0,0",3,cost_sensitive_budget_policy,0.9320169064342013,0.9312661176789245,0.0007507887552767878,332.15,4,160.0,0.02
10.1021/JE020219O,"10.1021/JE020219O|LiPF6|0.4612|mol/kg|w|0,0.3,0,0,0.7,0,0,0,0,0,0,0,0,0,0,0,0,0,0,0,0,0,0,0,0,0,0,0,0,0,0,0,0,0,0,0,0,0",3,cost_sensitive_budget_policy,0.8918161195248605,0.8936195822119652,0.00180346268710474,332.15,4,160.0,0.02
10.1021/JE020219O,"10.1021/JE020219O|LiPF6|0.3773|mol/kg|w|0,0.3,0,0,0.7,0,0,0,0,0,0,0,0,0,0,0,0,0,0,0,0,0,0,0,0,0,0,0,0,0,0,0,0,0,0,0,0,0",3,cost_sensitive_budget_policy,0.8402943316114362,0.8464598144620485,0.006165482850612358,332.15,4,160.0,0.02
10.1021/JE020219O,"10.1021/JE020219O|LiPF6|0.2585|mol/kg|w|0,0.3,0,0,0.7,0,0,0,0,0,0,0,0,0,0,0,0,0,0,0,0,0,0,0,0,0,0,0,0,0,0,0,0,0,0,0,0,0",3,cost_sensitive_budget_policy,0.7329563695756246,0.7431926554064977,0.010236285830873104,332.15,4,160.0,0.02
10.1021/je0498863,"10.1021/je0498863|LiBF4|0.263158|mol/kg|w|0,0.4,0,0,0.6,0,0,0,0,0,0,0,0,0,0,0,0,0,0,0,0,0,0,0,0,0,0,0,0,0,0,0,0,0,0,0,0,0",3,fixed_target_router,0.36978274935163635,0.3847702220127176,0.014987472661081247,332.15,4,170.0,
10.1021/je0498863,"10.1021/je0498863|LiBF4|0.342105|mol/kg|w|0,0.4,0,0,0.6,0,0,0,0,0,0,0,0,0,0,0,0,0,0,0,0,0,0,0,0,0,0,0,0,0,0,0,0,0,0,0,0,0",3,fixed_target_router,0.4219918070755344,0.41993156702124435,0.0020602400542900634,332.15,4,170.0,
10.1021/je0498863,"10.1021/je0498863|LiBF4|0.421053|mol/kg|w|0,0.4,0,0,0.6,0,0,0,0,0,0,0,0,0,0,0,0,0,0,0,0,0,0,0,0,0,0,0,0,0,0,0,0,0,0,0,0,0",3,fixed_target_router,0.4559594940628608,0.46887612278774193,0.01291662872488114,332.15,4,170.0,
10.1021/je0498863,"10.1021/je0498863|LiBF4|0.508772|mol/kg|w|0,0.4,0,0,0.6,0,0,0,0,0,0,0,0,0,0,0,0,0,0,0,0,0,0,0,0,0,0,0,0,0,0,0,0,0,0,0,0,0",3,fixed_target_router,0.48572562634437977,0.48539938061588533,0.00032624572849443423,332.15,4,170.0,
10.1021/je0498863,"10.1021/je0498863|LiBF4|0.592105|mol/kg|w|0,0.4,0,0,0.6,0,0,0,0,0,0,0,0,0,0,0,0,0,0,0,0,0,0,0,0,0,0,0,0,0,0,0,0,0,0,0,0,0",3,fixed_target_router,0.5055026820908757,0.5006712285115321,0.004831453579343559,332.15,4,170.0,
10.1021/je0498863,"10.1021/je0498863|LiBF4|0.675439|mol/kg|w|0,0.4,0,0,0.6,0,0,0,0,0,0,0,0,0,0,0,0,0,0,0,0,0,0,0,0,0,0,0,0,0,0,0,0,0,0,0,0,0",3,fixed_target_router,0.41867882877436113,0.41492620077596654,0.0037526279983945976,312.45,4,170.0,
10.1021/je0498863,"10.1021/je0498863|LiBF4|0.872807|mol/kg|w|0,0.4,0,0,0.6,0,0,0,0,0,0,0,0,0,0,0,0,0,0,0,0,0,0,0,0,0,0,0,0,0,0,0,0,0,0,0,0,0",3,fixed_target_router,0.5391885760365963,0.5484184155649265,0.00922983952833023,332.15,4,170.0,
10.1021/je0498863,"10.1021/je0498863|LiBF4|0.97807|mol/kg|w|0,0.4,0,0,0.6,0,0,0,0,0,0,0,0,0,0,0,0,0,0,0,0,0,0,0,0,0,0,0,0,0,0,0,0,0,0,0,0,0",3,fixed_target_router,0.5418856553828848,0.5371141261965553,0.004771529186329504,332.15,4,170.0,
10.1021/je0498863,"10.1021/je0498863|LiBF4|1.09211|mol/kg|w|0,0.4,0,0,0.6,0,0,0,0,0,0,0,0,0,0,0,0,0,0,0,0,0,0,0,0,0,0,0,0,0,0,0,0,0,0,0,0,0",3,fixed_target_router,0.5415428399322757,0.5749494500822068,0.03340661014993107,332.15,4,170.0,
10.1021/je0498863,"10.1021/je0498863|LiBF4|1.23246|mol/kg|w|0,0.4,0,0,0.6,0,0,0,0,0,0,0,0,0,0,0,0,0,0,0,0,0,0,0,0,0,0,0,0,0,0,0,0,0,0,0,0,0",3,fixed_target_router,0.5396127565192049,0.5544329351707931,0.014820178651588134,332.15,4,170.0,
10.1021/je0498863,"10.1021/je0498863|LiBF4|1.36842|mol/kg|w|0,0.4,0,0,0.6,0,0,0,0,0,0,0,0,0,0,0,0,0,0,0,0,0,0,0,0,0,0,0,0,0,0,0,0,0,0,0,0,0",3,fixed_target_router,0.5331120000655063,0.5260232051192958,0.007088794946210508,332.15,4,170.0,
10.1021/je0498863,"10.1021/je0498863|LiBF4|1.50877|mol/kg|w|0,0.4,0,0,0.6,0,0,0,0,0,0,0,0,0,0,0,0,0,0,0,0,0,0,0,0,0,0,0,0,0,0,0,0,0,0,0,0,0",3,fixed_target_router,0.5280527266669645,0.5197066870783554,0.008346039588609022,332.15,4,170.0,
10.1021/je0498863,"10.1021/je0498863|LiBF4|1.66228|mol/kg|w|0,0.4,0,0,0.6,0,0,0,0,0,0,0,0,0,0,0,0,0,0,0,0,0,0,0,0,0,0,0,0,0,0,0,0,0,0,0,0,0",3,fixed_target_router,0.5165679279717331,0.507202565514347,0.009365362457386173,332.15,4,170.0,
10.1021/je0498863,"10.1021/je0498863|LiBF4|2.04825|mol/kg|w|0,0.4,0,0,0.6,0,0,0,0,0,0,0,0,0,0,0,0,0,0,0,0,0,0,0,0,0,0,0,0,0,0,0,0,0,0,0,0,0",3,fixed_target_router,0.47869426152881356,0.45851666694504034,0.020177594583773217,332.15,4,170.0,
10.1021/je0498863,"10.1021/je0498863|LiBF4|0.299213|mol/kg|w|0,0.9,0,0,0.1,0,0,0,0,0,0,0,0,0,0,0,0,0,0,0,0,0,0,0,0,0,0,0,0,0,0,0,0,0,0,0,0,0",3,fixed_target_router,0.7310696902682318,0.7282478773458813,0.0028218129223505084,332.15,4,170.0,
10.1021/je0498863,"10.1021/je0498863|LiBF4|0.437008|mol/kg|w|0,0.9,0,0,0.1,0,0,0,0,0,0,0,0,0,0,0,0,0,0,0,0,0,0,0,0,0,0,0,0,0,0,0,0,0,0,0,0,0",3,fixed_target_router,0.7820994092610607,0.7930270540290538,0.010927644767993128,332.15,4,170.0,
10.1021/je0498863,"10.1021/je0498863|LiBF4|0.598425|mol/kg|w|0,0.9,0,0,0.1,0,0,0,0,0,0,0,0,0,0,0,0,0,0,0,0,0,0,0,0,0,0,0,0,0,0,0,0,0,0,0,0,0",3,fixed_target_router,0.8022581308684192,0.7988445416986009,0.0034135891698183762,332.15,4,170.0,
10.1021/je0498863,"10.1021/je0498863|LiBF4|0.681102|mol/kg|w|0,0.9,0,0,0.1,0,0,0,0,0,0,0,0,0,0,0,0,0,0,0,0,0,0,0,0,0,0,0,0,0,0,0,0,0,0,0,0,0",3,fixed_target_router,0.8041300927900453,0.7998487355741771,0.004281357215868198,332.15,4,170.0,
10.1021/je0498863,"10.1021/je0498863|LiBF4|0.775591|mol/kg|w|0,0.9,0,0,0.1,0,0,0,0,0,0,0,0,0,0,0,0,0,0,0,0,0,0,0,0,0,0,0,0,0,0,0,0,0,0,0,0,0",3,fixed_target_router,0.8022581308684192,0.807382535009024,0.005124404140604777,332.15,4,170.0,
10.1021/je0498863,"10.1021/je0498863|LiBF4|0.877953|mol/kg|w|0,0.9,0,0,0.1,0,0,0,0,0,0,0,0,0,0,0,0,0,0,0,0,0,0,0,0,0,0,0,0,0,0,0,0,0,0,0,0,0",3,fixed_target_router,0.7956419825115975,0.7923861015997375,0.0032558809118599097,332.15,4,170.0,
10.1021/je0498863,"10.1021/je0498863|LiBF4|1.1063|mol/kg|w|0,0.9,0,0,0.1,0,0,0,0,0,0,0,0,0,0,0,0,0,0,0,0,0,0,0,0,0,0,0,0,0,0,0,0,0,0,0,0,0",3,fixed_target_router,0.7013432041079661,0.6914484059644828,0.009894798143483374,322.35,4,170.0,
10.1021/je0498863,"10.1021/je0498863|LiBF4|1.25197|mol/kg|w|0,0.9,0,0,0.1,0,0,0,0,0,0,0,0,0,0,0,0,0,0,0,0,0,0,0,0,0,0,0,0,0,0,0,0,0,0,0,0,0",3,fixed_target_router,0.7473373029779397,0.7401701703162442,0.007167132661695441,332.15,4,170.0,
10.1021/je0498863,"10.1021/je0498863|LiBF4|1.3937|mol/kg|w|0,0.9,0,0,0.1,0,0,0,0,0,0,0,0,0,0,0,0,0,0,0,0,0,0,0,0,0,0,0,0,0,0,0,0,0,0,0,0,0",3,fixed_target_router,0.7198759138096132,0.7126757643874658,0.007200149422147417,332.15,4,170.0,
10.1021/je0498863,"10.1021/je0498863|LiBF4|1.54724|mol/kg|w|0,0.9,0,0,0.1,0,0,0,0,0,0,0,0,0,0,0,0,0,0,0,0,0,0,0,0,0,0,0,0,0,0,0,0,0,0,0,0,0",3,fixed_target_router,0.6166840827978671,0.6527705980410732,0.03608651524320605,322.35,4,170.0,
10.1021/je0498863,"10.1021/je0498863|LiBF4|1.72047|mol/kg|w|0,0.9,0,0,0.1,0,0,0,0,0,0,0,0,0,0,0,0,0,0,0,0,0,0,0,0,0,0,0,0,0,0,0,0,0,0,0,0,0",3,fixed_target_router,0.663016417266803,0.6533430623730505,0.00967335489375254,332.15,4,170.0,
10.1021/je0498863,"10.1021/je0498863|LiBF4|1.9685|mol/kg|w|0,0.9,0,0,0.1,0,0,0,0,0,0,0,0,0,0,0,0,0,0,0,0,0,0,0,0,0,0,0,0,0,0,0,0,0,0,0,0,0",3,fixed_target_router,0.613798394589073,0.5827641911779473,0.031034203411125727,332.15,4,170.0,
10.1021/je0498863,"10.1021/je0498863|LiBF4|2.17323|mol/kg|w|0,0.9,0,0,0.1,0,0,0,0,0,0,0,0,0,0,0,0,0,0,0,0,0,0,0,0,0,0,0,0,0,0,0,0,0,0,0,0,0",3,fixed_target_router,0.571246043883406,0.5778992575481229,0.006653213664716828,332.15,4,170.0,
10.1021/je0498863,"10.1021/je0498863|LiBF4|0.357759|mol/kg|w|0,0.6,0,0,0.4,0,0,0,0,0,0,0,0,0,0,0,0,0,0,0,0,0,0,0,0,0,0,0,0,0,0,0,0,0,0,0,0,0",3,fixed_target_router,0.6304876992919097,0.6321261739258981,0.0016384746339883627,332.15,4,170.0,
10.1021/je0498863,"10.1021/je0498863|LiBF4|0.439655|mol/kg|w|0,0.6,0,0,0.4,0,0,0,0,0,0,0,0,0,0,0,0,0,0,0,0,0,0,0,0,0,0,0,0,0,0,0,0,0,0,0,0,0",3,fixed_target_router,0.6571683789968412,0.6584783547366755,0.0013099757398342682,332.15,4,170.0,
10.1021/je0498863,"10.1021/je0498863|LiBF4|0.607759|mol/kg|w|0,0.6,0,0,0.4,0,0,0,0,0,0,0,0,0,0,0,0,0,0,0,0,0,0,0,0,0,0,0,0,0,0,0,0,0,0,0,0,0",3,fixed_target_router,0.6854782903610064,0.7201043546341084,0.034626064273102,332.15,4,170.0,
10.1021/je0498863,"10.1021/je0498863|LiBF4|0.689655|mol/kg|w|0,0.6,0,0,0.4,0,0,0,0,0,0,0,0,0,0,0,0,0,0,0,0,0,0,0,0,0,0,0,0,0,0,0,0,0,0,0,0,0",3,fixed_target_router,0.639954983865635,0.6334363701613808,0.006518613704254217,322.35,4,170.0,
10.1021/je0498863,"10.1021/je0498863|LiBF4|0.775862|mol/kg|w|0,0.6,0,0,0.4,0,0,0,0,0,0,0,0,0,0,0,0,0,0,0,0,0,0,0,0,0,0,0,0,0,0,0,0,0,0,0,0,0",3,fixed_target_router,0.6411240141442556,0.6554678043333505,0.01434379018909493,322.35,4,170.0,
10.1021/je0498863,"10.1021/je0498863|LiBF4|0.87931|mol/kg|w|0,0.6,0,0,0.4,0,0,0,0,0,0,0,0,0,0,0,0,0,0,0,0,0,0,0,0,0,0,0,0,0,0,0,0,0,0,0,0,0",3,fixed_target_router,0.693830364719799,0.7179765051216134,0.024146140401814398,332.15,4,170.0,
10.1021/je0498863,"10.1021/je0498863|LiBF4|1.09483|mol/kg|w|0,0.6,0,0,0.4,0,0,0,0,0,0,0,0,0,0,0,0,0,0,0,0,0,0,0,0,0,0,0,0,0,0,0,0,0,0,0,0,0",3,fixed_target_router,0.6833649310266279,0.6827233989704711,0.0006415320561568016,332.15,4,170.0,
10.1021/je0498863,"10.1021/je0498863|LiBF4|1.23707|mol/kg|w|0,0.6,0,0,0.4,0,0,0,0,0,0,0,0,0,0,0,0,0,0,0,0,0,0,0,0,0,0,0,0,0,0,0,0,0,0,0,0,0",3,fixed_target_router,0.6704641463430273,0.6677584382401093,0.0027057081029180363,332.15,4,170.0,
10.1021/je0498863,"10.1021/je0498863|LiBF4|1.68103|mol/kg|w|0,0.6,0,0,0.4,0,0,0,0,0,0,0,0,0,0,0,0,0,0,0,0,0,0,0,0,0,0,0,0,0,0,0,0,0,0,0,0,0",3,fixed_target_router,0.618355779624318,0.6059757524132999,0.012380027211018052,332.15,4,170.0,
10.1021/je0498863,"10.1021/je0498863|LiBF4|1.87931|mol/kg|w|0,0.6,0,0,0.4,0,0,0,0,0,0,0,0,0,0,0,0,0,0,0,0,0,0,0,0,0,0,0,0,0,0,0,0,0,0,0,0,0",3,fixed_target_router,0.5904090680548656,0.5477806906650431,0.0426283773898225,332.15,4,170.0,
10.1021/je0498863,"10.1021/je0498863|LiBF4|2.06034|mol/kg|w|0,0.6,0,0,0.4,0,0,0,0,0,0,0,0,0,0,0,0,0,0,0,0,0,0,0,0,0,0,0,0,0,0,0,0,0,0,0,0,0",3,fixed_target_router,0.5647356682693508,0.5408212304545672,0.02391443781478364,332.15,4,170.0,
10.1021/je0498863,"10.1021/je0498863|LiBF4|0.263158|mol/kg|w|0,0.4,0,0,0.6,0,0,0,0,0,0,0,0,0,0,0,0,0,0,0,0,0,0,0,0,0,0,0,0,0,0,0,0,0,0,0,0,0",4,fixed_target_router,0.36978274935163635,0.36961352209990883,0.00016922725172752173,332.15,4,160.0,
10.1021/je0498863,"10.1021/je0498863|LiBF4|0.342105|mol/kg|w|0,0.4,0,0,0.6,0,0,0,0,0,0,0,0,0,0,0,0,0,0,0,0,0,0,0,0,0,0,0,0,0,0,0,0,0,0,0,0,0",4,fixed_target_router,0.4219918070755344,0.41311174826186725,0.008880058813667158,332.15,4,160.0,
10.1021/je0498863,"10.1021/je0498863|LiBF4|0.421053|mol/kg|w|0,0.4,0,0,0.6,0,0,0,0,0,0,0,0,0,0,0,0,0,0,0,0,0,0,0,0,0,0,0,0,0,0,0,0,0,0,0,0,0",4,fixed_target_router,0.4559594940628608,0.45281290208336533,0.003146591979495461,332.15,4,160.0,
10.1021/je0498863,"10.1021/je0498863|LiBF4|0.508772|mol/kg|w|0,0.4,0,0,0.6,0,0,0,0,0,0,0,0,0,0,0,0,0,0,0,0,0,0,0,0,0,0,0,0,0,0,0,0,0,0,0,0,0",4,fixed_target_router,0.48572562634437977,0.48185371207835337,0.0038719142660263994,332.15,4,160.0,
10.1021/je0498863,"10.1021/je0498863|LiBF4|0.592105|mol/kg|w|0,0.4,0,0,0.6,0,0,0,0,0,0,0,0,0,0,0,0,0,0,0,0,0,0,0,0,0,0,0,0,0,0,0,0,0,0,0,0,0",4,fixed_target_router,0.5055026820908757,0.4985264794702239,0.006976202620651795,332.15,4,160.0,
10.1021/je0498863,"10.1021/je0498863|LiBF4|0.675439|mol/kg|w|0,0.4,0,0,0.6,0,0,0,0,0,0,0,0,0,0,0,0,0,0,0,0,0,0,0,0,0,0,0,0,0,0,0,0,0,0,0,0,0",4,fixed_target_router,0.41867882877436113,0.4146213957192658,0.004057433055095316,312.45,4,160.0,
10.1021/je0498863,"10.1021/je0498863|LiBF4|0.872807|mol/kg|w|0,0.4,0,0,0.6,0,0,0,0,0,0,0,0,0,0,0,0,0,0,0,0,0,0,0,0,0,0,0,0,0,0,0,0,0,0,0,0,0",4,fixed_target_router,0.5391885760365963,0.5307579185017034,0.008430657534892916,332.15,4,160.0,
10.1021/je0498863,"10.1021/je0498863|LiBF4|0.97807|mol/kg|w|0,0.4,0,0,0.6,0,0,0,0,0,0,0,0,0,0,0,0,0,0,0,0,0,0,0,0,0,0,0,0,0,0,0,0,0,0,0,0,0",4,fixed_target_router,0.5418856553828848,0.536993189630548,0.0048924657523368165,332.15,4,160.0,
10.1021/je0498863,"10.1021/je0498863|LiBF4|1.09211|mol/kg|w|0,0.4,0,0,0.6,0,0,0,0,0,0,0,0,0,0,0,0,0,0,0,0,0,0,0,0,0,0,0,0,0,0,0,0,0,0,0,0,0",4,fixed_target_router,0.5415428399322757,0.536887386377088,0.004655453555187705,332.15,4,160.0,
10.1021/je0498863,"10.1021/je0498863|LiBF4|1.23246|mol/kg|w|0,0.4,0,0,0.6,0,0,0,0,0,0,0,0,0,0,0,0,0,0,0,0,0,0,0,0,0,0,0,0,0,0,0,0,0,0,0,0,0",4,fixed_target_router,0.5396127565192049,0.5369516072673172,0.002661149251887762,332.15,4,160.0,
10.1021/je0498863,"10.1021/je0498863|LiBF4|1.36842|mol/kg|w|0,0.4,0,0,0.6,0,0,0,0,0,0,0,0,0,0,0,0,0,0,0,0,0,0,0,0,0,0,0,0,0,0,0,0,0,0,0,0,0",4,fixed_target_router,0.5331120000655063,0.5274720407350394,0.005639959330466904,332.15,4,160.0,
10.1021/je0498863,"10.1021/je0498863|LiBF4|1.50877|mol/kg|w|0,0.4,0,0,0.6,0,0,0,0,0,0,0,0,0,0,0,0,0,0,0,0,0,0,0,0,0,0,0,0,0,0,0,0,0,0,0,0,0",4,fixed_target_router,0.5280527266669645,0.5209579149565084,0.007094811710456006,332.15,4,160.0,
10.1021/je0498863,"10.1021/je0498863|LiBF4|1.66228|mol/kg|w|0,0.4,0,0,0.6,0,0,0,0,0,0,0,0,0,0,0,0,0,0,0,0,0,0,0,0,0,0,0,0,0,0,0,0,0,0,0,0,0",4,fixed_target_router,0.5165679279717331,0.5087986787344352,0.007769249237297937,332.15,4,160.0,
10.1021/je0498863,"10.1021/je0498863|LiBF4|2.04825|mol/kg|w|0,0.4,0,0,0.6,0,0,0,0,0,0,0,0,0,0,0,0,0,0,0,0,0,0,0,0,0,0,0,0,0,0,0,0,0,0,0,0,0",4,fixed_target_router,0.47869426152881356,0.47148182725644605,0.007212434272367507,332.15,4,160.0,
10.1021/je0498863,"10.1021/je0498863|LiBF4|0.299213|mol/kg|w|0,0.9,0,0,0.1,0,0,0,0,0,0,0,0,0,0,0,0,0,0,0,0,0,0,0,0,0,0,0,0,0,0,0,0,0,0,0,0,0",4,fixed_target_router,0.7310696902682318,0.7299647747987197,0.00110491546951208,332.15,4,160.0,
10.1021/je0498863,"10.1021/je0498863|LiBF4|0.437008|mol/kg|w|0,0.9,0,0,0.1,0,0,0,0,0,0,0,0,0,0,0,0,0,0,0,0,0,0,0,0,0,0,0,0,0,0,0,0,0,0,0,0,0",4,fixed_target_router,0.7820994092610607,0.7790400979149683,0.003059311346092386,332.15,4,160.0,
10.1021/je0498863,"10.1021/je0498863|LiBF4|0.598425|mol/kg|w|0,0.9,0,0,0.1,0,0,0,0,0,0,0,0,0,0,0,0,0,0,0,0,0,0,0,0,0,0,0,0,0,0,0,0,0,0,0,0,0",4,fixed_target_router,0.8022581308684192,0.7995181776231727,0.0027399532452465625,332.15,4,160.0,
10.1021/je0498863,"10.1021/je0498863|LiBF4|0.681102|mol/kg|w|0,0.9,0,0,0.1,0,0,0,0,0,0,0,0,0,0,0,0,0,0,0,0,0,0,0,0,0,0,0,0,0,0,0,0,0,0,0,0,0",4,fixed_target_router,0.8041300927900453,0.8030421448883642,0.0010879479016810967,332.15,4,160.0,
10.1021/je0498863,"10.1021/je0498863|LiBF4|0.775591|mol/kg|w|0,0.9,0,0,0.1,0,0,0,0,0,0,0,0,0,0,0,0,0,0,0,0,0,0,0,0,0,0,0,0,0,0,0,0,0,0,0,0,0",4,fixed_target_router,0.8022581308684192,0.8003540830075799,0.0019040478608393085,332.15,4,160.0,
10.1021/je0498863,"10.1021/je0498863|LiBF4|0.877953|mol/kg|w|0,0.9,0,0,0.1,0,0,0,0,0,0,0,0,0,0,0,0,0,0,0,0,0,0,0,0,0,0,0,0,0,0,0,0,0,0,0,0,0",4,fixed_target_router,0.7956419825115975,0.7984957597755253,0.0028537772639278813,332.15,4,160.0,
10.1021/je0498863,"10.1021/je0498863|LiBF4|1.1063|mol/kg|w|0,0.9,0,0,0.1,0,0,0,0,0,0,0,0,0,0,0,0,0,0,0,0,0,0,0,0,0,0,0,0,0,0,0,0,0,0,0,0,0",4,fixed_target_router,0.7013432041079661,0.7052122346320295,0.0038690305240633993,322.35,4,160.0,
10.1021/je0498863,"10.1021/je0498863|LiBF4|1.25197|mol/kg|w|0,0.9,0,0,0.1,0,0,0,0,0,0,0,0,0,0,0,0,0,0,0,0,0,0,0,0,0,0,0,0,0,0,0,0,0,0,0,0,0",4,fixed_target_router,0.7473373029779397,0.7445451211138676,0.002792181864072041,332.15,4,160.0,
10.1021/je0498863,"10.1021/je0498863|LiBF4|1.3937|mol/kg|w|0,0.9,0,0,0.1,0,0,0,0,0,0,0,0,0,0,0,0,0,0,0,0,0,0,0,0,0,0,0,0,0,0,0,0,0,0,0,0,0",4,fixed_target_router,0.7198759138096132,0.7216303330195917,0.0017544192099784306,332.15,4,160.0,
10.1021/je0498863,"10.1021/je0498863|LiBF4|1.54724|mol/kg|w|0,0.9,0,0,0.1,0,0,0,0,0,0,0,0,0,0,0,0,0,0,0,0,0,0,0,0,0,0,0,0,0,0,0,0,0,0,0,0,0",4,fixed_target_router,0.6166840827978671,0.6266770969012563,0.009993014103389153,322.35,4,160.0,
10.1021/je0498863,"10.1021/je0498863|LiBF4|1.72047|mol/kg|w|0,0.9,0,0,0.1,0,0,0,0,0,0,0,0,0,0,0,0,0,0,0,0,0,0,0,0,0,0,0,0,0,0,0,0,0,0,0,0,0",4,fixed_target_router,0.663016417266803,0.6621251121668668,0.0008913050999362904,332.15,4,160.0,
10.1021/je0498863,"10.1021/je0498863|LiBF4|1.9685|mol/kg|w|0,0.9,0,0,0.1,0,0,0,0,0,0,0,0,0,0,0,0,0,0,0,0,0,0,0,0,0,0,0,0,0,0,0,0,0,0,0,0,0",4,fixed_target_router,0.613798394589073,0.6115164216024114,0.0022819729866616623,332.15,4,160.0,
10.1021/je0498863,"10.1021/je0498863|LiBF4|2.17323|mol/kg|w|0,0.9,0,0,0.1,0,0,0,0,0,0,0,0,0,0,0,0,0,0,0,0,0,0,0,0,0,0,0,0,0,0,0,0,0,0,0,0,0",4,fixed_target_router,0.571246043883406,0.5796721840364623,0.008426140153056205,332.15,4,160.0,
10.1021/je0498863,"10.1021/je0498863|LiBF4|0.357759|mol/kg|w|0,0.6,0,0,0.4,0,0,0,0,0,0,0,0,0,0,0,0,0,0,0,0,0,0,0,0,0,0,0,0,0,0,0,0,0,0,0,0,0",4,fixed_target_router,0.6304876992919097,0.6279551491883028,0.0025325501036069786,332.15,4,160.0,
10.1021/je0498863,"10.1021/je0498863|LiBF4|0.439655|mol/kg|w|0,0.6,0,0,0.4,0,0,0,0,0,0,0,0,0,0,0,0,0,0,0,0,0,0,0,0,0,0,0,0,0,0,0,0,0,0,0,0,0",4,fixed_target_router,0.6571683789968412,0.6472662027763342,0.009902176220507042,332.15,4,160.0,
10.1021/je0498863,"10.1021/je0498863|LiBF4|0.607759|mol/kg|w|0,0.6,0,0,0.4,0,0,0,0,0,0,0,0,0,0,0,0,0,0,0,0,0,0,0,0,0,0,0,0,0,0,0,0,0,0,0,0,0",4,fixed_target_router,0.6854782903610064,0.6780576958738205,0.007420594487185905,332.15,4,160.0,
10.1021/je0498863,"10.1021/je0498863|LiBF4|0.689655|mol/kg|w|0,0.6,0,0,0.4,0,0,0,0,0,0,0,0,0,0,0,0,0,0,0,0,0,0,0,0,0,0,0,0,0,0,0,0,0,0,0,0,0",4,fixed_target_router,0.639954983865635,0.6357920370241563,0.004162946841478665,322.35,4,160.0,
10.1021/je0498863,"10.1021/je0498863|LiBF4|0.775862|mol/kg|w|0,0.6,0,0,0.4,0,0,0,0,0,0,0,0,0,0,0,0,0,0,0,0,0,0,0,0,0,0,0,0,0,0,0,0,0,0,0,0,0",4,fixed_target_router,0.6411240141442556,0.6316027162257817,0.009521297918473892,322.35,4,160.0,
10.1021/je0498863,"10.1021/je0498863|LiBF4|0.87931|mol/kg|w|0,0.6,0,0,0.4,0,0,0,0,0,0,0,0,0,0,0,0,0,0,0,0,0,0,0,0,0,0,0,0,0,0,0,0,0,0,0,0,0",4,fixed_target_router,0.693830364719799,0.68333332256627,0.01049704215352898,332.15,4,160.0,
10.1021/je0498863,"10.1021/je0498863|LiBF4|1.09483|mol/kg|w|0,0.6,0,0,0.4,0,0,0,0,0,0,0,0,0,0,0,0,0,0,0,0,0,0,0,0,0,0,0,0,0,0,0,0,0,0,0,0,0",4,fixed_target_router,0.6833649310266279,0.6735949685826242,0.009769962444003633,332.15,4,160.0,
10.1021/je0498863,"10.1021/je0498863|LiBF4|1.23707|mol/kg|w|0,0.6,0,0,0.4,0,0,0,0,0,0,0,0,0,0,0,0,0,0,0,0,0,0,0,0,0,0,0,0,0,0,0,0,0,0,0,0,0",4,fixed_target_router,0.6704641463430273,0.6681303495350548,0.0023337968079725213,332.15,4,160.0,
10.1021/je0498863,"10.1021/je0498863|LiBF4|1.68103|mol/kg|w|0,0.6,0,0,0.4,0,0,0,0,0,0,0,0,0,0,0,0,0,0,0,0,0,0,0,0,0,0,0,0,0,0,0,0,0,0,0,0,0",4,fixed_target_router,0.618355779624318,0.6123219019550248,0.006033877669293197,332.15,4,160.0,
10.1021/je0498863,"10.1021/je0498863|LiBF4|1.87931|mol/kg|w|0,0.6,0,0,0.4,0,0,0,0,0,0,0,0,0,0,0,0,0,0,0,0,0,0,0,0,0,0,0,0,0,0,0,0,0,0,0,0,0",4,fixed_target_router,0.5904090680548656,0.581365929298983,0.009043138755882585,332.15,4,160.0,
10.1021/je0498863,"10.1021/je0498863|LiBF4|2.06034|mol/kg|w|0,0.6,0,0,0.4,0,0,0,0,0,0,0,0,0,0,0,0,0,0,0,0,0,0,0,0,0,0,0,0,0,0,0,0,0,0,0,0,0",4,fixed_target_router,0.5647356682693508,0.5631004614561501,0.0016352068132007291,332.15,4,160.0,
10.1021/je0498863,"10.1021/je0498863|LiBF4|0.263158|mol/kg|w|0,0.4,0,0,0.6,0,0,0,0,0,0,0,0,0,0,0,0,0,0,0,0,0,0,0,0,0,0,0,0,0,0,0,0,0,0,0,0,0",5,fixed_target_router,0.36978274935163635,0.3703470484971937,0.0005642991455573343,332.15,4,160.0,
10.1021/je0498863,"10.1021/je0498863|LiBF4|0.342105|mol/kg|w|0,0.4,0,0,0.6,0,0,0,0,0,0,0,0,0,0,0,0,0,0,0,0,0,0,0,0,0,0,0,0,0,0,0,0,0,0,0,0,0",5,fixed_target_router,0.4219918070755344,0.41644577877666944,0.005546028298864969,332.15,4,160.0,
10.1021/je0498863,"10.1021/je0498863|LiBF4|0.421053|mol/kg|w|0,0.4,0,0,0.6,0,0,0,0,0,0,0,0,0,0,0,0,0,0,0,0,0,0,0,0,0,0,0,0,0,0,0,0,0,0,0,0,0",5,fixed_target_router,0.4559594940628608,0.45376083161879843,0.0021986624440623603,332.15,4,160.0,
10.1021/je0498863,"10.1021/je0498863|LiBF4|0.508772|mol/kg|w|0,0.4,0,0,0.6,0,0,0,0,0,0,0,0,0,0,0,0,0,0,0,0,0,0,0,0,0,0,0,0,0,0,0,0,0,0,0,0,0",5,fixed_target_router,0.48572562634437977,0.4820087373253722,0.0037168890190075743,332.15,4,160.0,
10.1021/je0498863,"10.1021/je0498863|LiBF4|0.592105|mol/kg|w|0,0.4,0,0,0.6,0,0,0,0,0,0,0,0,0,0,0,0,0,0,0,0,0,0,0,0,0,0,0,0,0,0,0,0,0,0,0,0,0",5,fixed_target_router,0.5055026820908757,0.5012343604601456,0.004268321630730099,332.15,4,160.0,
10.1021/je0498863,"10.1021/je0498863|LiBF4|0.675439|mol/kg|w|0,0.4,0,0,0.6,0,0,0,0,0,0,0,0,0,0,0,0,0,0,0,0,0,0,0,0,0,0,0,0,0,0,0,0,0,0,0,0,0",5,fixed_target_router,0.41867882877436113,0.41538764898535263,0.0032911797890085026,312.45,4,160.0,
10.1021/je0498863,"10.1021/je0498863|LiBF4|0.872807|mol/kg|w|0,0.4,0,0,0.6,0,0,0,0,0,0,0,0,0,0,0,0,0,0,0,0,0,0,0,0,0,0,0,0,0,0,0,0,0,0,0,0,0",5,fixed_target_router,0.5391885760365963,0.5329704077632296,0.006218168273366742,332.15,4,160.0,
10.1021/je0498863,"10.1021/je0498863|LiBF4|0.97807|mol/kg|w|0,0.4,0,0,0.6,0,0,0,0,0,0,0,0,0,0,0,0,0,0,0,0,0,0,0,0,0,0,0,0,0,0,0,0,0,0,0,0,0",5,fixed_target_router,0.5418856553828848,0.5389854475869987,0.0029002077958860673,332.15,4,160.0,
10.1021/je0498863,"10.1021/je0498863|LiBF4|1.09211|mol/kg|w|0,0.4,0,0,0.6,0,0,0,0,0,0,0,0,0,0,0,0,0,0,0,0,0,0,0,0,0,0,0,0,0,0,0,0,0,0,0,0,0",5,fixed_target_router,0.5415428399322757,0.5389561243935251,0.0025867155387505614,332.15,4,160.0,
10.1021/je0498863,"10.1021/je0498863|LiBF4|1.23246|mol/kg|w|0,0.4,0,0,0.6,0,0,0,0,0,0,0,0,0,0,0,0,0,0,0,0,0,0,0,0,0,0,0,0,0,0,0,0,0,0,0,0,0",5,fixed_target_router,0.5396127565192049,0.5370991597047916,0.0025135968144133214,332.15,4,160.0,
10.1021/je0498863,"10.1021/je0498863|LiBF4|1.36842|mol/kg|w|0,0.4,0,0,0.6,0,0,0,0,0,0,0,0,0,0,0,0,0,0,0,0,0,0,0,0,0,0,0,0,0,0,0,0,0,0,0,0,0",5,fixed_target_router,0.5331120000655063,0.5299578355294632,0.0031541645360431136,332.15,4,160.0,
10.1021/je0498863,"10.1021/je0498863|LiBF4|1.50877|mol/kg|w|0,0.4,0,0,0.6,0,0,0,0,0,0,0,0,0,0,0,0,0,0,0,0,0,0,0,0,0,0,0,0,0,0,0,0,0,0,0,0,0",5,fixed_target_router,0.5280527266669645,0.5231263826731851,0.004926343993779336,332.15,4,160.0,
10.1021/je0498863,"10.1021/je0498863|LiBF4|1.66228|mol/kg|w|0,0.4,0,0,0.6,0,0,0,0,0,0,0,0,0,0,0,0,0,0,0,0,0,0,0,0,0,0,0,0,0,0,0,0,0,0,0,0,0",5,fixed_target_router,0.5165679279717331,0.5122114643945465,0.0043564635771866644,332.15,4,160.0,
10.1021/je0498863,"10.1021/je0498863|LiBF4|2.04825|mol/kg|w|0,0.4,0,0,0.6,0,0,0,0,0,0,0,0,0,0,0,0,0,0,0,0,0,0,0,0,0,0,0,0,0,0,0,0,0,0,0,0,0",5,fixed_target_router,0.47869426152881356,0.47469009275650764,0.004004168772305916,332.15,4,160.0,
10.1021/je0498863,"10.1021/je0498863|LiBF4|0.299213|mol/kg|w|0,0.9,0,0,0.1,0,0,0,0,0,0,0,0,0,0,0,0,0,0,0,0,0,0,0,0,0,0,0,0,0,0,0,0,0,0,0,0,0",5,fixed_target_router,0.7310696902682318,0.7302809232312693,0.0007887670369625122,332.15,4,160.0,
10.1021/je0498863,"10.1021/je0498863|LiBF4|0.437008|mol/kg|w|0,0.9,0,0,0.1,0,0,0,0,0,0,0,0,0,0,0,0,0,0,0,0,0,0,0,0,0,0,0,0,0,0,0,0,0,0,0,0,0",5,fixed_target_router,0.7820994092610607,0.7791529349991109,0.0029464742619498274,332.15,4,160.0,
10.1021/je0498863,"10.1021/je0498863|LiBF4|0.598425|mol/kg|w|0,0.9,0,0,0.1,0,0,0,0,0,0,0,0,0,0,0,0,0,0,0,0,0,0,0,0,0,0,0,0,0,0,0,0,0,0,0,0,0",5,fixed_target_router,0.8022581308684192,0.8010896834501631,0.0011684474182561688,332.15,4,160.0,
10.1021/je0498863,"10.1021/je0498863|LiBF4|0.681102|mol/kg|w|0,0.9,0,0,0.1,0,0,0,0,0,0,0,0,0,0,0,0,0,0,0,0,0,0,0,0,0,0,0,0,0,0,0,0,0,0,0,0,0",5,fixed_target_router,0.8041300927900453,0.8031943192540237,0.0009357735360215891,332.15,4,160.0,
10.1021/je0498863,"10.1021/je0498863|LiBF4|0.775591|mol/kg|w|0,0.9,0,0,0.1,0,0,0,0,0,0,0,0,0,0,0,0,0,0,0,0,0,0,0,0,0,0,0,0,0,0,0,0,0,0,0,0,0",5,fixed_target_router,0.8022581308684192,0.79970934966229,0.0025487812061292248,332.15,4,160.0,
10.1021/je0498863,"10.1021/je0498863|LiBF4|0.877953|mol/kg|w|0,0.9,0,0,0.1,0,0,0,0,0,0,0,0,0,0,0,0,0,0,0,0,0,0,0,0,0,0,0,0,0,0,0,0,0,0,0,0,0",5,fixed_target_router,0.7956419825115975,0.7953918714343868,0.0002501110772106241,332.15,4,160.0,
10.1021/je0498863,"10.1021/je0498863|LiBF4|1.1063|mol/kg|w|0,0.9,0,0,0.1,0,0,0,0,0,0,0,0,0,0,0,0,0,0,0,0,0,0,0,0,0,0,0,0,0,0,0,0,0,0,0,0,0",5,fixed_target_router,0.7013432041079661,0.7040413635187344,0.0026981594107682305,322.35,4,160.0,
10.1021/je0498863,"10.1021/je0498863|LiBF4|1.25197|mol/kg|w|0,0.9,0,0,0.1,0,0,0,0,0,0,0,0,0,0,0,0,0,0,0,0,0,0,0,0,0,0,0,0,0,0,0,0,0,0,0,0,0",5,fixed_target_router,0.7473373029779397,0.7455685491329751,0.0017687538449645546,332.15,4,160.0,
10.1021/je0498863,"10.1021/je0498863|LiBF4|1.3937|mol/kg|w|0,0.9,0,0,0.1,0,0,0,0,0,0,0,0,0,0,0,0,0,0,0,0,0,0,0,0,0,0,0,0,0,0,0,0,0,0,0,0,0",5,fixed_target_router,0.7198759138096132,0.7228585444503872,0.0029826306407739755,332.15,4,160.0,
10.1021/je0498863,"10.1021/je0498863|LiBF4|1.54724|mol/kg|w|0,0.9,0,0,0.1,0,0,0,0,0,0,0,0,0,0,0,0,0,0,0,0,0,0,0,0,0,0,0,0,0,0,0,0,0,0,0,0,0",5,fixed_target_router,0.6166840827978671,0.6236988050980947,0.007014722300227594,322.35,4,160.0,
10.1021/je0498863,"10.1021/je0498863|LiBF4|1.72047|mol/kg|w|0,0.9,0,0,0.1,0,0,0,0,0,0,0,0,0,0,0,0,0,0,0,0,0,0,0,0,0,0,0,0,0,0,0,0,0,0,0,0,0",5,fixed_target_router,0.663016417266803,0.6624940971037421,0.0005223201630609742,332.15,4,160.0,
10.1021/je0498863,"10.1021/je0498863|LiBF4|1.9685|mol/kg|w|0,0.9,0,0,0.1,0,0,0,0,0,0,0,0,0,0,0,0,0,0,0,0,0,0,0,0,0,0,0,0,0,0,0,0,0,0,0,0,0",5,fixed_target_router,0.613798394589073,0.6127447767123788,0.001053617876694224,332.15,4,160.0,
10.1021/je0498863,"10.1021/je0498863|LiBF4|2.17323|mol/kg|w|0,0.9,0,0,0.1,0,0,0,0,0,0,0,0,0,0,0,0,0,0,0,0,0,0,0,0,0,0,0,0,0,0,0,0,0,0,0,0,0",5,fixed_target_router,0.571246043883406,0.5752213455000637,0.0039753016166576005,332.15,4,160.0,
10.1021/je0498863,"10.1021/je0498863|LiBF4|0.357759|mol/kg|w|0,0.6,0,0,0.4,0,0,0,0,0,0,0,0,0,0,0,0,0,0,0,0,0,0,0,0,0,0,0,0,0,0,0,0,0,0,0,0,0",5,fixed_target_router,0.6304876992919097,0.6300186424006728,0.0004690568912368853,332.15,4,160.0,
10.1021/je0498863,"10.1021/je0498863|LiBF4|0.439655|mol/kg|w|0,0.6,0,0,0.4,0,0,0,0,0,0,0,0,0,0,0,0,0,0,0,0,0,0,0,0,0,0,0,0,0,0,0,0,0,0,0,0,0",5,fixed_target_router,0.6571683789968412,0.6528957797898162,0.004272599207025052,332.15,4,160.0,
10.1021/je0498863,"10.1021/je0498863|LiBF4|0.607759|mol/kg|w|0,0.6,0,0,0.4,0,0,0,0,0,0,0,0,0,0,0,0,0,0,0,0,0,0,0,0,0,0,0,0,0,0,0,0,0,0,0,0,0",5,fixed_target_router,0.6854782903610064,0.6798762341720204,0.005602056188986015,332.15,4,160.0,
10.1021/je0498863,"10.1021/je0498863|LiBF4|0.689655|mol/kg|w|0,0.6,0,0,0.4,0,0,0,0,0,0,0,0,0,0,0,0,0,0,0,0,0,0,0,0,0,0,0,0,0,0,0,0,0,0,0,0,0",5,fixed_target_router,0.639954983865635,0.6370952554715411,0.0028597283940938745,322.35,4,160.0,
10.1021/je0498863,"10.1021/je0498863|LiBF4|0.775862|mol/kg|w|0,0.6,0,0,0.4,0,0,0,0,0,0,0,0,0,0,0,0,0,0,0,0,0,0,0,0,0,0,0,0,0,0,0,0,0,0,0,0,0",5,fixed_target_router,0.6411240141442556,0.6352376472304584,0.005886366913797181,322.35,4,160.0,
10.1021/je0498863,"10.1021/je0498863|LiBF4|0.87931|mol/kg|w|0,0.6,0,0,0.4,0,0,0,0,0,0,0,0,0,0,0,0,0,0,0,0,0,0,0,0,0,0,0,0,0,0,0,0,0,0,0,0,0",5,fixed_target_router,0.693830364719799,0.685713098511395,0.008117266208404028,332.15,4,160.0,
10.1021/je0498863,"10.1021/je0498863|LiBF4|1.09483|mol/kg|w|0,0.6,0,0,0.4,0,0,0,0,0,0,0,0,0,0,0,0,0,0,0,0,0,0,0,0,0,0,0,0,0,0,0,0,0,0,0,0,0",5,fixed_target_router,0.6833649310266279,0.6766503415639563,0.006714589462671561,332.15,4,160.0,
10.1021/je0498863,"10.1021/je0498863|LiBF4|1.23707|mol/kg|w|0,0.6,0,0,0.4,0,0,0,0,0,0,0,0,0,0,0,0,0,0,0,0,0,0,0,0,0,0,0,0,0,0,0,0,0,0,0,0,0",5,fixed_target_router,0.6704641463430273,0.669173738330478,0.0012904080125493156,332.15,4,160.0,
10.1021/je0498863,"10.1021/je0498863|LiBF4|1.68103|mol/kg|w|0,0.6,0,0,0.4,0,0,0,0,0,0,0,0,0,0,0,0,0,0,0,0,0,0,0,0,0,0,0,0,0,0,0,0,0,0,0,0,0",5,fixed_target_router,0.618355779624318,0.614149532279441,0.004206247344876957,332.15,4,160.0,
10.1021/je0498863,"10.1021/je0498863|LiBF4|1.87931|mol/kg|w|0,0.6,0,0,0.4,0,0,0,0,0,0,0,0,0,0,0,0,0,0,0,0,0,0,0,0,0,0,0,0,0,0,0,0,0,0,0,0,0",5,fixed_target_router,0.5904090680548656,0.5849466807951067,0.005462387259758894,332.15,4,160.0,
10.1021/je0498863,"10.1021/je0498863|LiBF4|2.06034|mol/kg|w|0,0.6,0,0,0.4,0,0,0,0,0,0,0,0,0,0,0,0,0,0,0,0,0,0,0,0,0,0,0,0,0,0,0,0,0,0,0,0,0",5,fixed_target_router,0.5647356682693508,0.5610655138377849,0.0036701544315659307,332.15,4,160.0,
10.1021/je0498863,"10.1021/je0498863|LiBF4|0.263158|mol/kg|w|0,0.4,0,0,0.6,0,0,0,0,0,0,0,0,0,0,0,0,0,0,0,0,0,0,0,0,0,0,0,0,0,0,0,0,0,0,0,0,0",5,cost_sensitive_budget_policy,0.36978274935163635,0.3703470484971937,0.0005642991455573343,332.15,4,160.0,0.0
10.1021/je0498863,"10.1021/je0498863|LiBF4|0.342105|mol/kg|w|0,0.4,0,0,0.6,0,0,0,0,0,0,0,0,0,0,0,0,0,0,0,0,0,0,0,0,0,0,0,0,0,0,0,0,0,0,0,0,0",5,cost_sensitive_budget_policy,0.4219918070755344,0.41644577877666944,0.005546028298864969,332.15,4,160.0,0.0
10.1021/je0498863,"10.1021/je0498863|LiBF4|0.421053|mol/kg|w|0,0.4,0,0,0.6,0,0,0,0,0,0,0,0,0,0,0,0,0,0,0,0,0,0,0,0,0,0,0,0,0,0,0,0,0,0,0,0,0",5,cost_sensitive_budget_policy,0.4559594940628608,0.45376083161879843,0.0021986624440623603,332.15,4,160.0,0.0
10.1021/je0498863,"10.1021/je0498863|LiBF4|0.508772|mol/kg|w|0,0.4,0,0,0.6,0,0,0,0,0,0,0,0,0,0,0,0,0,0,0,0,0,0,0,0,0,0,0,0,0,0,0,0,0,0,0,0,0",5,cost_sensitive_budget_policy,0.48572562634437977,0.4820087373253722,0.0037168890190075743,332.15,4,160.0,0.0
10.1021/je0498863,"10.1021/je0498863|LiBF4|0.592105|mol/kg|w|0,0.4,0,0,0.6,0,0,0,0,0,0,0,0,0,0,0,0,0,0,0,0,0,0,0,0,0,0,0,0,0,0,0,0,0,0,0,0,0",5,cost_sensitive_budget_policy,0.5055026820908757,0.5012343604601456,0.004268321630730099,332.15,4,160.0,0.0
10.1021/je0498863,"10.1021/je0498863|LiBF4|0.675439|mol/kg|w|0,0.4,0,0,0.6,0,0,0,0,0,0,0,0,0,0,0,0,0,0,0,0,0,0,0,0,0,0,0,0,0,0,0,0,0,0,0,0,0",5,cost_sensitive_budget_policy,0.41867882877436113,0.41538764898535263,0.0032911797890085026,312.45,4,160.0,0.0
10.1021/je0498863,"10.1021/je0498863|LiBF4|0.872807|mol/kg|w|0,0.4,0,0,0.6,0,0,0,0,0,0,0,0,0,0,0,0,0,0,0,0,0,0,0,0,0,0,0,0,0,0,0,0,0,0,0,0,0",5,cost_sensitive_budget_policy,0.5391885760365963,0.5329704077632296,0.006218168273366742,332.15,4,160.0,0.0
10.1021/je0498863,"10.1021/je0498863|LiBF4|0.97807|mol/kg|w|0,0.4,0,0,0.6,0,0,0,0,0,0,0,0,0,0,0,0,0,0,0,0,0,0,0,0,0,0,0,0,0,0,0,0,0,0,0,0,0",5,cost_sensitive_budget_policy,0.5418856553828848,0.5389854475869987,0.0029002077958860673,332.15,4,160.0,0.0
10.1021/je0498863,"10.1021/je0498863|LiBF4|1.09211|mol/kg|w|0,0.4,0,0,0.6,0,0,0,0,0,0,0,0,0,0,0,0,0,0,0,0,0,0,0,0,0,0,0,0,0,0,0,0,0,0,0,0,0",5,cost_sensitive_budget_policy,0.5415428399322757,0.5389561243935251,0.0025867155387505614,332.15,4,160.0,0.0
10.1021/je0498863,"10.1021/je0498863|LiBF4|1.23246|mol/kg|w|0,0.4,0,0,0.6,0,0,0,0,0,0,0,0,0,0,0,0,0,0,0,0,0,0,0,0,0,0,0,0,0,0,0,0,0,0,0,0,0",5,cost_sensitive_budget_policy,0.5396127565192049,0.5370991597047916,0.0025135968144133214,332.15,4,160.0,0.0
10.1021/je0498863,"10.1021/je0498863|LiBF4|1.36842|mol/kg|w|0,0.4,0,0,0.6,0,0,0,0,0,0,0,0,0,0,0,0,0,0,0,0,0,0,0,0,0,0,0,0,0,0,0,0,0,0,0,0,0",5,cost_sensitive_budget_policy,0.5331120000655063,0.5299578355294632,0.0031541645360431136,332.15,4,160.0,0.0
10.1021/je0498863,"10.1021/je0498863|LiBF4|1.50877|mol/kg|w|0,0.4,0,0,0.6,0,0,0,0,0,0,0,0,0,0,0,0,0,0,0,0,0,0,0,0,0,0,0,0,0,0,0,0,0,0,0,0,0",5,cost_sensitive_budget_policy,0.5280527266669645,0.5231263826731851,0.004926343993779336,332.15,4,160.0,0.0
10.1021/je0498863,"10.1021/je0498863|LiBF4|1.66228|mol/kg|w|0,0.4,0,0,0.6,0,0,0,0,0,0,0,0,0,0,0,0,0,0,0,0,0,0,0,0,0,0,0,0,0,0,0,0,0,0,0,0,0",5,cost_sensitive_budget_policy,0.5165679279717331,0.5122114643945465,0.0043564635771866644,332.15,4,160.0,0.0
10.1021/je0498863,"10.1021/je0498863|LiBF4|2.04825|mol/kg|w|0,0.4,0,0,0.6,0,0,0,0,0,0,0,0,0,0,0,0,0,0,0,0,0,0,0,0,0,0,0,0,0,0,0,0,0,0,0,0,0",5,cost_sensitive_budget_policy,0.47869426152881356,0.47469009275650764,0.004004168772305916,332.15,4,160.0,0.0
10.1021/je0498863,"10.1021/je0498863|LiBF4|0.299213|mol/kg|w|0,0.9,0,0,0.1,0,0,0,0,0,0,0,0,0,0,0,0,0,0,0,0,0,0,0,0,0,0,0,0,0,0,0,0,0,0,0,0,0",5,cost_sensitive_budget_policy,0.7310696902682318,0.7302809232312693,0.0007887670369625122,332.15,4,160.0,0.0
10.1021/je0498863,"10.1021/je0498863|LiBF4|0.437008|mol/kg|w|0,0.9,0,0,0.1,0,0,0,0,0,0,0,0,0,0,0,0,0,0,0,0,0,0,0,0,0,0,0,0,0,0,0,0,0,0,0,0,0",5,cost_sensitive_budget_policy,0.7820994092610607,0.7791529349991109,0.0029464742619498274,332.15,4,160.0,0.0
10.1021/je0498863,"10.1021/je0498863|LiBF4|0.598425|mol/kg|w|0,0.9,0,0,0.1,0,0,0,0,0,0,0,0,0,0,0,0,0,0,0,0,0,0,0,0,0,0,0,0,0,0,0,0,0,0,0,0,0",5,cost_sensitive_budget_policy,0.8022581308684192,0.8010896834501631,0.0011684474182561688,332.15,4,160.0,0.0
10.1021/je0498863,"10.1021/je0498863|LiBF4|0.681102|mol/kg|w|0,0.9,0,0,0.1,0,0,0,0,0,0,0,0,0,0,0,0,0,0,0,0,0,0,0,0,0,0,0,0,0,0,0,0,0,0,0,0,0",5,cost_sensitive_budget_policy,0.8041300927900453,0.8031943192540237,0.0009357735360215891,332.15,4,160.0,0.0
10.1021/je0498863,"10.1021/je0498863|LiBF4|0.775591|mol/kg|w|0,0.9,0,0,0.1,0,0,0,0,0,0,0,0,0,0,0,0,0,0,0,0,0,0,0,0,0,0,0,0,0,0,0,0,0,0,0,0,0",5,cost_sensitive_budget_policy,0.8022581308684192,0.79970934966229,0.0025487812061292248,332.15,4,160.0,0.0
10.1021/je0498863,"10.1021/je0498863|LiBF4|0.877953|mol/kg|w|0,0.9,0,0,0.1,0,0,0,0,0,0,0,0,0,0,0,0,0,0,0,0,0,0,0,0,0,0,0,0,0,0,0,0,0,0,0,0,0",5,cost_sensitive_budget_policy,0.7956419825115975,0.7953918714343868,0.0002501110772106241,332.15,4,160.0,0.0
10.1021/je0498863,"10.1021/je0498863|LiBF4|1.1063|mol/kg|w|0,0.9,0,0,0.1,0,0,0,0,0,0,0,0,0,0,0,0,0,0,0,0,0,0,0,0,0,0,0,0,0,0,0,0,0,0,0,0,0",5,cost_sensitive_budget_policy,0.7013432041079661,0.7040413635187344,0.0026981594107682305,322.35,4,160.0,0.0
10.1021/je0498863,"10.1021/je0498863|LiBF4|1.25197|mol/kg|w|0,0.9,0,0,0.1,0,0,0,0,0,0,0,0,0,0,0,0,0,0,0,0,0,0,0,0,0,0,0,0,0,0,0,0,0,0,0,0,0",5,cost_sensitive_budget_policy,0.7473373029779397,0.7455685491329751,0.0017687538449645546,332.15,4,160.0,0.0
10.1021/je0498863,"10.1021/je0498863|LiBF4|1.3937|mol/kg|w|0,0.9,0,0,0.1,0,0,0,0,0,0,0,0,0,0,0,0,0,0,0,0,0,0,0,0,0,0,0,0,0,0,0,0,0,0,0,0,0",5,cost_sensitive_budget_policy,0.7198759138096132,0.7228585444503872,0.0029826306407739755,332.15,4,160.0,0.0
10.1021/je0498863,"10.1021/je0498863|LiBF4|1.54724|mol/kg|w|0,0.9,0,0,0.1,0,0,0,0,0,0,0,0,0,0,0,0,0,0,0,0,0,0,0,0,0,0,0,0,0,0,0,0,0,0,0,0,0",5,cost_sensitive_budget_policy,0.6166840827978671,0.6236988050980947,0.007014722300227594,322.35,4,160.0,0.0
10.1021/je0498863,"10.1021/je0498863|LiBF4|1.72047|mol/kg|w|0,0.9,0,0,0.1,0,0,0,0,0,0,0,0,0,0,0,0,0,0,0,0,0,0,0,0,0,0,0,0,0,0,0,0,0,0,0,0,0",5,cost_sensitive_budget_policy,0.663016417266803,0.6624940971037421,0.0005223201630609742,332.15,4,160.0,0.0
10.1021/je0498863,"10.1021/je0498863|LiBF4|1.9685|mol/kg|w|0,0.9,0,0,0.1,0,0,0,0,0,0,0,0,0,0,0,0,0,0,0,0,0,0,0,0,0,0,0,0,0,0,0,0,0,0,0,0,0",5,cost_sensitive_budget_policy,0.613798394589073,0.6127447767123788,0.001053617876694224,332.15,4,160.0,0.0
10.1021/je0498863,"10.1021/je0498863|LiBF4|2.17323|mol/kg|w|0,0.9,0,0,0.1,0,0,0,0,0,0,0,0,0,0,0,0,0,0,0,0,0,0,0,0,0,0,0,0,0,0,0,0,0,0,0,0,0",5,cost_sensitive_budget_policy,0.571246043883406,0.5752213455000637,0.0039753016166576005,332.15,4,160.0,0.0
10.1021/je0498863,"10.1021/je0498863|LiBF4|0.357759|mol/kg|w|0,0.6,0,0,0.4,0,0,0,0,0,0,0,0,0,0,0,0,0,0,0,0,0,0,0,0,0,0,0,0,0,0,0,0,0,0,0,0,0",5,cost_sensitive_budget_policy,0.6304876992919097,0.6300186424006728,0.0004690568912368853,332.15,4,160.0,0.0
10.1021/je0498863,"10.1021/je0498863|LiBF4|0.439655|mol/kg|w|0,0.6,0,0,0.4,0,0,0,0,0,0,0,0,0,0,0,0,0,0,0,0,0,0,0,0,0,0,0,0,0,0,0,0,0,0,0,0,0",5,cost_sensitive_budget_policy,0.6571683789968412,0.6528957797898162,0.004272599207025052,332.15,4,160.0,0.0
10.1021/je0498863,"10.1021/je0498863|LiBF4|0.607759|mol/kg|w|0,0.6,0,0,0.4,0,0,0,0,0,0,0,0,0,0,0,0,0,0,0,0,0,0,0,0,0,0,0,0,0,0,0,0,0,0,0,0,0",5,cost_sensitive_budget_policy,0.6854782903610064,0.6798762341720204,0.005602056188986015,332.15,4,160.0,0.0
10.1021/je0498863,"10.1021/je0498863|LiBF4|0.689655|mol/kg|w|0,0.6,0,0,0.4,0,0,0,0,0,0,0,0,0,0,0,0,0,0,0,0,0,0,0,0,0,0,0,0,0,0,0,0,0,0,0,0,0",5,cost_sensitive_budget_policy,0.639954983865635,0.6370952554715411,0.0028597283940938745,322.35,4,160.0,0.0
10.1021/je0498863,"10.1021/je0498863|LiBF4|0.775862|mol/kg|w|0,0.6,0,0,0.4,0,0,0,0,0,0,0,0,0,0,0,0,0,0,0,0,0,0,0,0,0,0,0,0,0,0,0,0,0,0,0,0,0",5,cost_sensitive_budget_policy,0.6411240141442556,0.6352376472304584,0.005886366913797181,322.35,4,160.0,0.0
10.1021/je0498863,"10.1021/je0498863|LiBF4|0.87931|mol/kg|w|0,0.6,0,0,0.4,0,0,0,0,0,0,0,0,0,0,0,0,0,0,0,0,0,0,0,0,0,0,0,0,0,0,0,0,0,0,0,0,0",5,cost_sensitive_budget_policy,0.693830364719799,0.685713098511395,0.008117266208404028,332.15,4,160.0,0.0
10.1021/je0498863,"10.1021/je0498863|LiBF4|1.09483|mol/kg|w|0,0.6,0,0,0.4,0,0,0,0,0,0,0,0,0,0,0,0,0,0,0,0,0,0,0,0,0,0,0,0,0,0,0,0,0,0,0,0,0",5,cost_sensitive_budget_policy,0.6833649310266279,0.6766503415639563,0.006714589462671561,332.15,4,160.0,0.0
10.1021/je0498863,"10.1021/je0498863|LiBF4|1.23707|mol/kg|w|0,0.6,0,0,0.4,0,0,0,0,0,0,0,0,0,0,0,0,0,0,0,0,0,0,0,0,0,0,0,0,0,0,0,0,0,0,0,0,0",5,cost_sensitive_budget_policy,0.6704641463430273,0.669173738330478,0.0012904080125493156,332.15,4,160.0,0.0
10.1021/je0498863,"10.1021/je0498863|LiBF4|1.68103|mol/kg|w|0,0.6,0,0,0.4,0,0,0,0,0,0,0,0,0,0,0,0,0,0,0,0,0,0,0,0,0,0,0,0,0,0,0,0,0,0,0,0,0",5,cost_sensitive_budget_policy,0.618355779624318,0.614149532279441,0.004206247344876957,332.15,4,160.0,0.0
10.1021/je0498863,"10.1021/je0498863|LiBF4|1.87931|mol/kg|w|0,0.6,0,0,0.4,0,0,0,0,0,0,0,0,0,0,0,0,0,0,0,0,0,0,0,0,0,0,0,0,0,0,0,0,0,0,0,0,0",5,cost_sensitive_budget_policy,0.5904090680548656,0.5849466807951067,0.005462387259758894,332.15,4,160.0,0.0
10.1021/je0498863,"10.1021/je0498863|LiBF4|2.06034|mol/kg|w|0,0.6,0,0,0.4,0,0,0,0,0,0,0,0,0,0,0,0,0,0,0,0,0,0,0,0,0,0,0,0,0,0,0,0,0,0,0,0,0",5,cost_sensitive_budget_policy,0.5647356682693508,0.5610655138377849,0.0036701544315659307,332.15,4,160.0,0.0
10.1021/je0498863,"10.1021/je0498863|LiBF4|0.263158|mol/kg|w|0,0.4,0,0,0.6,0,0,0,0,0,0,0,0,0,0,0,0,0,0,0,0,0,0,0,0,0,0,0,0,0,0,0,0,0,0,0,0,0",5,cost_sensitive_budget_policy,0.36978274935163635,0.3703470484971937,0.0005642991455573343,332.15,4,160.0,0.0025
10.1021/je0498863,"10.1021/je0498863|LiBF4|0.342105|mol/kg|w|0,0.4,0,0,0.6,0,0,0,0,0,0,0,0,0,0,0,0,0,0,0,0,0,0,0,0,0,0,0,0,0,0,0,0,0,0,0,0,0",5,cost_sensitive_budget_policy,0.4219918070755344,0.41644577877666944,0.005546028298864969,332.15,4,160.0,0.0025
10.1021/je0498863,"10.1021/je0498863|LiBF4|0.421053|mol/kg|w|0,0.4,0,0,0.6,0,0,0,0,0,0,0,0,0,0,0,0,0,0,0,0,0,0,0,0,0,0,0,0,0,0,0,0,0,0,0,0,0",5,cost_sensitive_budget_policy,0.4559594940628608,0.45376083161879843,0.0021986624440623603,332.15,4,160.0,0.0025
10.1021/je0498863,"10.1021/je0498863|LiBF4|0.508772|mol/kg|w|0,0.4,0,0,0.6,0,0,0,0,0,0,0,0,0,0,0,0,0,0,0,0,0,0,0,0,0,0,0,0,0,0,0,0,0,0,0,0,0",5,cost_sensitive_budget_policy,0.48572562634437977,0.4820087373253722,0.0037168890190075743,332.15,4,160.0,0.0025
10.1021/je0498863,"10.1021/je0498863|LiBF4|0.592105|mol/kg|w|0,0.4,0,0,0.6,0,0,0,0,0,0,0,0,0,0,0,0,0,0,0,0,0,0,0,0,0,0,0,0,0,0,0,0,0,0,0,0,0",5,cost_sensitive_budget_policy,0.5055026820908757,0.5012343604601456,0.004268321630730099,332.15,4,160.0,0.0025
10.1021/je0498863,"10.1021/je0498863|LiBF4|0.675439|mol/kg|w|0,0.4,0,0,0.6,0,0,0,0,0,0,0,0,0,0,0,0,0,0,0,0,0,0,0,0,0,0,0,0,0,0,0,0,0,0,0,0,0",5,cost_sensitive_budget_policy,0.41867882877436113,0.41538764898535263,0.0032911797890085026,312.45,4,160.0,0.0025
10.1021/je0498863,"10.1021/je0498863|LiBF4|0.872807|mol/kg|w|0,0.4,0,0,0.6,0,0,0,0,0,0,0,0,0,0,0,0,0,0,0,0,0,0,0,0,0,0,0,0,0,0,0,0,0,0,0,0,0",5,cost_sensitive_budget_policy,0.5391885760365963,0.5329704077632296,0.006218168273366742,332.15,4,160.0,0.0025
10.1021/je0498863,"10.1021/je0498863|LiBF4|0.97807|mol/kg|w|0,0.4,0,0,0.6,0,0,0,0,0,0,0,0,0,0,0,0,0,0,0,0,0,0,0,0,0,0,0,0,0,0,0,0,0,0,0,0,0",5,cost_sensitive_budget_policy,0.5418856553828848,0.5389854475869987,0.0029002077958860673,332.15,4,160.0,0.0025
10.1021/je0498863,"10.1021/je0498863|LiBF4|1.09211|mol/kg|w|0,0.4,0,0,0.6,0,0,0,0,0,0,0,0,0,0,0,0,0,0,0,0,0,0,0,0,0,0,0,0,0,0,0,0,0,0,0,0,0",5,cost_sensitive_budget_policy,0.5415428399322757,0.5389561243935251,0.0025867155387505614,332.15,4,160.0,0.0025
10.1021/je0498863,"10.1021/je0498863|LiBF4|1.23246|mol/kg|w|0,0.4,0,0,0.6,0,0,0,0,0,0,0,0,0,0,0,0,0,0,0,0,0,0,0,0,0,0,0,0,0,0,0,0,0,0,0,0,0",5,cost_sensitive_budget_policy,0.5396127565192049,0.5370991597047916,0.0025135968144133214,332.15,4,160.0,0.0025
10.1021/je0498863,"10.1021/je0498863|LiBF4|1.36842|mol/kg|w|0,0.4,0,0,0.6,0,0,0,0,0,0,0,0,0,0,0,0,0,0,0,0,0,0,0,0,0,0,0,0,0,0,0,0,0,0,0,0,0",5,cost_sensitive_budget_policy,0.5331120000655063,0.5299578355294632,0.0031541645360431136,332.15,4,160.0,0.0025
10.1021/je0498863,"10.1021/je0498863|LiBF4|1.50877|mol/kg|w|0,0.4,0,0,0.6,0,0,0,0,0,0,0,0,0,0,0,0,0,0,0,0,0,0,0,0,0,0,0,0,0,0,0,0,0,0,0,0,0",5,cost_sensitive_budget_policy,0.5280527266669645,0.5231263826731851,0.004926343993779336,332.15,4,160.0,0.0025
10.1021/je0498863,"10.1021/je0498863|LiBF4|1.66228|mol/kg|w|0,0.4,0,0,0.6,0,0,0,0,0,0,0,0,0,0,0,0,0,0,0,0,0,0,0,0,0,0,0,0,0,0,0,0,0,0,0,0,0",5,cost_sensitive_budget_policy,0.5165679279717331,0.5122114643945465,0.0043564635771866644,332.15,4,160.0,0.0025
10.1021/je0498863,"10.1021/je0498863|LiBF4|2.04825|mol/kg|w|0,0.4,0,0,0.6,0,0,0,0,0,0,0,0,0,0,0,0,0,0,0,0,0,0,0,0,0,0,0,0,0,0,0,0,0,0,0,0,0",5,cost_sensitive_budget_policy,0.47869426152881356,0.47469009275650764,0.004004168772305916,332.15,4,160.0,0.0025
10.1021/je0498863,"10.1021/je0498863|LiBF4|0.299213|mol/kg|w|0,0.9,0,0,0.1,0,0,0,0,0,0,0,0,0,0,0,0,0,0,0,0,0,0,0,0,0,0,0,0,0,0,0,0,0,0,0,0,0",5,cost_sensitive_budget_policy,0.7310696902682318,0.7302809232312693,0.0007887670369625122,332.15,4,160.0,0.0025
10.1021/je0498863,"10.1021/je0498863|LiBF4|0.437008|mol/kg|w|0,0.9,0,0,0.1,0,0,0,0,0,0,0,0,0,0,0,0,0,0,0,0,0,0,0,0,0,0,0,0,0,0,0,0,0,0,0,0,0",5,cost_sensitive_budget_policy,0.7820994092610607,0.7791529349991109,0.0029464742619498274,332.15,4,160.0,0.0025
10.1021/je0498863,"10.1021/je0498863|LiBF4|0.598425|mol/kg|w|0,0.9,0,0,0.1,0,0,0,0,0,0,0,0,0,0,0,0,0,0,0,0,0,0,0,0,0,0,0,0,0,0,0,0,0,0,0,0,0",5,cost_sensitive_budget_policy,0.8022581308684192,0.8010896834501631,0.0011684474182561688,332.15,4,160.0,0.0025
10.1021/je0498863,"10.1021/je0498863|LiBF4|0.681102|mol/kg|w|0,0.9,0,0,0.1,0,0,0,0,0,0,0,0,0,0,0,0,0,0,0,0,0,0,0,0,0,0,0,0,0,0,0,0,0,0,0,0,0",5,cost_sensitive_budget_policy,0.8041300927900453,0.8031943192540237,0.0009357735360215891,332.15,4,160.0,0.0025
10.1021/je0498863,"10.1021/je0498863|LiBF4|0.775591|mol/kg|w|0,0.9,0,0,0.1,0,0,0,0,0,0,0,0,0,0,0,0,0,0,0,0,0,0,0,0,0,0,0,0,0,0,0,0,0,0,0,0,0",5,cost_sensitive_budget_policy,0.8022581308684192,0.79970934966229,0.0025487812061292248,332.15,4,160.0,0.0025
10.1021/je0498863,"10.1021/je0498863|LiBF4|0.877953|mol/kg|w|0,0.9,0,0,0.1,0,0,0,0,0,0,0,0,0,0,0,0,0,0,0,0,0,0,0,0,0,0,0,0,0,0,0,0,0,0,0,0,0",5,cost_sensitive_budget_policy,0.7956419825115975,0.7953918714343868,0.0002501110772106241,332.15,4,160.0,0.0025
10.1021/je0498863,"10.1021/je0498863|LiBF4|1.1063|mol/kg|w|0,0.9,0,0,0.1,0,0,0,0,0,0,0,0,0,0,0,0,0,0,0,0,0,0,0,0,0,0,0,0,0,0,0,0,0,0,0,0,0",5,cost_sensitive_budget_policy,0.7013432041079661,0.7040413635187344,0.0026981594107682305,322.35,4,160.0,0.0025
10.1021/je0498863,"10.1021/je0498863|LiBF4|1.25197|mol/kg|w|0,0.9,0,0,0.1,0,0,0,0,0,0,0,0,0,0,0,0,0,0,0,0,0,0,0,0,0,0,0,0,0,0,0,0,0,0,0,0,0",5,cost_sensitive_budget_policy,0.7473373029779397,0.7455685491329751,0.0017687538449645546,332.15,4,160.0,0.0025
10.1021/je0498863,"10.1021/je0498863|LiBF4|1.3937|mol/kg|w|0,0.9,0,0,0.1,0,0,0,0,0,0,0,0,0,0,0,0,0,0,0,0,0,0,0,0,0,0,0,0,0,0,0,0,0,0,0,0,0",5,cost_sensitive_budget_policy,0.7198759138096132,0.7228585444503872,0.0029826306407739755,332.15,4,160.0,0.0025
10.1021/je0498863,"10.1021/je0498863|LiBF4|1.54724|mol/kg|w|0,0.9,0,0,0.1,0,0,0,0,0,0,0,0,0,0,0,0,0,0,0,0,0,0,0,0,0,0,0,0,0,0,0,0,0,0,0,0,0",5,cost_sensitive_budget_policy,0.6166840827978671,0.6236988050980947,0.007014722300227594,322.35,4,160.0,0.0025
10.1021/je0498863,"10.1021/je0498863|LiBF4|1.72047|mol/kg|w|0,0.9,0,0,0.1,0,0,0,0,0,0,0,0,0,0,0,0,0,0,0,0,0,0,0,0,0,0,0,0,0,0,0,0,0,0,0,0,0",5,cost_sensitive_budget_policy,0.663016417266803,0.6624940971037421,0.0005223201630609742,332.15,4,160.0,0.0025
10.1021/je0498863,"10.1021/je0498863|LiBF4|1.9685|mol/kg|w|0,0.9,0,0,0.1,0,0,0,0,0,0,0,0,0,0,0,0,0,0,0,0,0,0,0,0,0,0,0,0,0,0,0,0,0,0,0,0,0",5,cost_sensitive_budget_policy,0.613798394589073,0.6127447767123788,0.001053617876694224,332.15,4,160.0,0.0025
10.1021/je0498863,"10.1021/je0498863|LiBF4|2.17323|mol/kg|w|0,0.9,0,0,0.1,0,0,0,0,0,0,0,0,0,0,0,0,0,0,0,0,0,0,0,0,0,0,0,0,0,0,0,0,0,0,0,0,0",5,cost_sensitive_budget_policy,0.571246043883406,0.5752213455000637,0.0039753016166576005,332.15,4,160.0,0.0025
10.1021/je0498863,"10.1021/je0498863|LiBF4|0.357759|mol/kg|w|0,0.6,0,0,0.4,0,0,0,0,0,0,0,0,0,0,0,0,0,0,0,0,0,0,0,0,0,0,0,0,0,0,0,0,0,0,0,0,0",5,cost_sensitive_budget_policy,0.6304876992919097,0.6300186424006728,0.0004690568912368853,332.15,4,160.0,0.0025
10.1021/je0498863,"10.1021/je0498863|LiBF4|0.439655|mol/kg|w|0,0.6,0,0,0.4,0,0,0,0,0,0,0,0,0,0,0,0,0,0,0,0,0,0,0,0,0,0,0,0,0,0,0,0,0,0,0,0,0",5,cost_sensitive_budget_policy,0.6571683789968412,0.6528957797898162,0.004272599207025052,332.15,4,160.0,0.0025
10.1021/je0498863,"10.1021/je0498863|LiBF4|0.607759|mol/kg|w|0,0.6,0,0,0.4,0,0,0,0,0,0,0,0,0,0,0,0,0,0,0,0,0,0,0,0,0,0,0,0,0,0,0,0,0,0,0,0,0",5,cost_sensitive_budget_policy,0.6854782903610064,0.6798762341720204,0.005602056188986015,332.15,4,160.0,0.0025
10.1021/je0498863,"10.1021/je0498863|LiBF4|0.689655|mol/kg|w|0,0.6,0,0,0.4,0,0,0,0,0,0,0,0,0,0,0,0,0,0,0,0,0,0,0,0,0,0,0,0,0,0,0,0,0,0,0,0,0",5,cost_sensitive_budget_policy,0.639954983865635,0.6370952554715411,0.0028597283940938745,322.35,4,160.0,0.0025
10.1021/je0498863,"10.1021/je0498863|LiBF4|0.775862|mol/kg|w|0,0.6,0,0,0.4,0,0,0,0,0,0,0,0,0,0,0,0,0,0,0,0,0,0,0,0,0,0,0,0,0,0,0,0,0,0,0,0,0",5,cost_sensitive_budget_policy,0.6411240141442556,0.6352376472304584,0.005886366913797181,322.35,4,160.0,0.0025
10.1021/je0498863,"10.1021/je0498863|LiBF4|0.87931|mol/kg|w|0,0.6,0,0,0.4,0,0,0,0,0,0,0,0,0,0,0,0,0,0,0,0,0,0,0,0,0,0,0,0,0,0,0,0,0,0,0,0,0",5,cost_sensitive_budget_policy,0.693830364719799,0.685713098511395,0.008117266208404028,332.15,4,160.0,0.0025
10.1021/je0498863,"10.1021/je0498863|LiBF4|1.09483|mol/kg|w|0,0.6,0,0,0.4,0,0,0,0,0,0,0,0,0,0,0,0,0,0,0,0,0,0,0,0,0,0,0,0,0,0,0,0,0,0,0,0,0",5,cost_sensitive_budget_policy,0.6833649310266279,0.6766503415639563,0.006714589462671561,332.15,4,160.0,0.0025
10.1021/je0498863,"10.1021/je0498863|LiBF4|1.23707|mol/kg|w|0,0.6,0,0,0.4,0,0,0,0,0,0,0,0,0,0,0,0,0,0,0,0,0,0,0,0,0,0,0,0,0,0,0,0,0,0,0,0,0",5,cost_sensitive_budget_policy,0.6704641463430273,0.669173738330478,0.0012904080125493156,332.15,4,160.0,0.0025
10.1021/je0498863,"10.1021/je0498863|LiBF4|1.68103|mol/kg|w|0,0.6,0,0,0.4,0,0,0,0,0,0,0,0,0,0,0,0,0,0,0,0,0,0,0,0,0,0,0,0,0,0,0,0,0,0,0,0,0",5,cost_sensitive_budget_policy,0.618355779624318,0.614149532279441,0.004206247344876957,332.15,4,160.0,0.0025
10.1021/je0498863,"10.1021/je0498863|LiBF4|1.87931|mol/kg|w|0,0.6,0,0,0.4,0,0,0,0,0,0,0,0,0,0,0,0,0,0,0,0,0,0,0,0,0,0,0,0,0,0,0,0,0,0,0,0,0",5,cost_sensitive_budget_policy,0.5904090680548656,0.5849466807951067,0.005462387259758894,332.15,4,160.0,0.0025
10.1021/je0498863,"10.1021/je0498863|LiBF4|2.06034|mol/kg|w|0,0.6,0,0,0.4,0,0,0,0,0,0,0,0,0,0,0,0,0,0,0,0,0,0,0,0,0,0,0,0,0,0,0,0,0,0,0,0,0",5,cost_sensitive_budget_policy,0.5647356682693508,0.5610655138377849,0.0036701544315659307,332.15,4,160.0,0.0025
10.1021/je0498863,"10.1021/je0498863|LiBF4|0.263158|mol/kg|w|0,0.4,0,0,0.6,0,0,0,0,0,0,0,0,0,0,0,0,0,0,0,0,0,0,0,0,0,0,0,0,0,0,0,0,0,0,0,0,0",5,cost_sensitive_budget_policy,0.36978274935163635,0.3703470484971937,0.0005642991455573343,332.15,4,160.0,0.005
10.1021/je0498863,"10.1021/je0498863|LiBF4|0.342105|mol/kg|w|0,0.4,0,0,0.6,0,0,0,0,0,0,0,0,0,0,0,0,0,0,0,0,0,0,0,0,0,0,0,0,0,0,0,0,0,0,0,0,0",5,cost_sensitive_budget_policy,0.4219918070755344,0.41644577877666944,0.005546028298864969,332.15,4,160.0,0.005
10.1021/je0498863,"10.1021/je0498863|LiBF4|0.421053|mol/kg|w|0,0.4,0,0,0.6,0,0,0,0,0,0,0,0,0,0,0,0,0,0,0,0,0,0,0,0,0,0,0,0,0,0,0,0,0,0,0,0,0",5,cost_sensitive_budget_policy,0.4559594940628608,0.45376083161879843,0.0021986624440623603,332.15,4,160.0,0.005
10.1021/je0498863,"10.1021/je0498863|LiBF4|0.508772|mol/kg|w|0,0.4,0,0,0.6,0,0,0,0,0,0,0,0,0,0,0,0,0,0,0,0,0,0,0,0,0,0,0,0,0,0,0,0,0,0,0,0,0",5,cost_sensitive_budget_policy,0.48572562634437977,0.4820087373253722,0.0037168890190075743,332.15,4,160.0,0.005
10.1021/je0498863,"10.1021/je0498863|LiBF4|0.592105|mol/kg|w|0,0.4,0,0,0.6,0,0,0,0,0,0,0,0,0,0,0,0,0,0,0,0,0,0,0,0,0,0,0,0,0,0,0,0,0,0,0,0,0",5,cost_sensitive_budget_policy,0.5055026820908757,0.5012343604601456,0.004268321630730099,332.15,4,160.0,0.005
10.1021/je0498863,"10.1021/je0498863|LiBF4|0.675439|mol/kg|w|0,0.4,0,0,0.6,0,0,0,0,0,0,0,0,0,0,0,0,0,0,0,0,0,0,0,0,0,0,0,0,0,0,0,0,0,0,0,0,0",5,cost_sensitive_budget_policy,0.41867882877436113,0.41538764898535263,0.0032911797890085026,312.45,4,160.0,0.005
10.1021/je0498863,"10.1021/je0498863|LiBF4|0.872807|mol/kg|w|0,0.4,0,0,0.6,0,0,0,0,0,0,0,0,0,0,0,0,0,0,0,0,0,0,0,0,0,0,0,0,0,0,0,0,0,0,0,0,0",5,cost_sensitive_budget_policy,0.5391885760365963,0.5329704077632296,0.006218168273366742,332.15,4,160.0,0.005
10.1021/je0498863,"10.1021/je0498863|LiBF4|0.97807|mol/kg|w|0,0.4,0,0,0.6,0,0,0,0,0,0,0,0,0,0,0,0,0,0,0,0,0,0,0,0,0,0,0,0,0,0,0,0,0,0,0,0,0",5,cost_sensitive_budget_policy,0.5418856553828848,0.5389854475869987,0.0029002077958860673,332.15,4,160.0,0.005
10.1021/je0498863,"10.1021/je0498863|LiBF4|1.09211|mol/kg|w|0,0.4,0,0,0.6,0,0,0,0,0,0,0,0,0,0,0,0,0,0,0,0,0,0,0,0,0,0,0,0,0,0,0,0,0,0,0,0,0",5,cost_sensitive_budget_policy,0.5415428399322757,0.5389561243935251,0.0025867155387505614,332.15,4,160.0,0.005
10.1021/je0498863,"10.1021/je0498863|LiBF4|1.23246|mol/kg|w|0,0.4,0,0,0.6,0,0,0,0,0,0,0,0,0,0,0,0,0,0,0,0,0,0,0,0,0,0,0,0,0,0,0,0,0,0,0,0,0",5,cost_sensitive_budget_policy,0.5396127565192049,0.5370991597047916,0.0025135968144133214,332.15,4,160.0,0.005
10.1021/je0498863,"10.1021/je0498863|LiBF4|1.36842|mol/kg|w|0,0.4,0,0,0.6,0,0,0,0,0,0,0,0,0,0,0,0,0,0,0,0,0,0,0,0,0,0,0,0,0,0,0,0,0,0,0,0,0",5,cost_sensitive_budget_policy,0.5331120000655063,0.5299578355294632,0.0031541645360431136,332.15,4,160.0,0.005
10.1021/je0498863,"10.1021/je0498863|LiBF4|1.50877|mol/kg|w|0,0.4,0,0,0.6,0,0,0,0,0,0,0,0,0,0,0,0,0,0,0,0,0,0,0,0,0,0,0,0,0,0,0,0,0,0,0,0,0",5,cost_sensitive_budget_policy,0.5280527266669645,0.5231263826731851,0.004926343993779336,332.15,4,160.0,0.005
10.1021/je0498863,"10.1021/je0498863|LiBF4|1.66228|mol/kg|w|0,0.4,0,0,0.6,0,0,0,0,0,0,0,0,0,0,0,0,0,0,0,0,0,0,0,0,0,0,0,0,0,0,0,0,0,0,0,0,0",5,cost_sensitive_budget_policy,0.5165679279717331,0.5122114643945465,0.0043564635771866644,332.15,4,160.0,0.005
10.1021/je0498863,"10.1021/je0498863|LiBF4|2.04825|mol/kg|w|0,0.4,0,0,0.6,0,0,0,0,0,0,0,0,0,0,0,0,0,0,0,0,0,0,0,0,0,0,0,0,0,0,0,0,0,0,0,0,0",5,cost_sensitive_budget_policy,0.47869426152881356,0.47469009275650764,0.004004168772305916,332.15,4,160.0,0.005
10.1021/je0498863,"10.1021/je0498863|LiBF4|0.299213|mol/kg|w|0,0.9,0,0,0.1,0,0,0,0,0,0,0,0,0,0,0,0,0,0,0,0,0,0,0,0,0,0,0,0,0,0,0,0,0,0,0,0,0",5,cost_sensitive_budget_policy,0.7310696902682318,0.7302809232312693,0.0007887670369625122,332.15,4,160.0,0.005
10.1021/je0498863,"10.1021/je0498863|LiBF4|0.437008|mol/kg|w|0,0.9,0,0,0.1,0,0,0,0,0,0,0,0,0,0,0,0,0,0,0,0,0,0,0,0,0,0,0,0,0,0,0,0,0,0,0,0,0",5,cost_sensitive_budget_policy,0.7820994092610607,0.7791529349991109,0.0029464742619498274,332.15,4,160.0,0.005
10.1021/je0498863,"10.1021/je0498863|LiBF4|0.598425|mol/kg|w|0,0.9,0,0,0.1,0,0,0,0,0,0,0,0,0,0,0,0,0,0,0,0,0,0,0,0,0,0,0,0,0,0,0,0,0,0,0,0,0",5,cost_sensitive_budget_policy,0.8022581308684192,0.8010896834501631,0.0011684474182561688,332.15,4,160.0,0.005
10.1021/je0498863,"10.1021/je0498863|LiBF4|0.681102|mol/kg|w|0,0.9,0,0,0.1,0,0,0,0,0,0,0,0,0,0,0,0,0,0,0,0,0,0,0,0,0,0,0,0,0,0,0,0,0,0,0,0,0",5,cost_sensitive_budget_policy,0.8041300927900453,0.8031943192540237,0.0009357735360215891,332.15,4,160.0,0.005
10.1021/je0498863,"10.1021/je0498863|LiBF4|0.775591|mol/kg|w|0,0.9,0,0,0.1,0,0,0,0,0,0,0,0,0,0,0,0,0,0,0,0,0,0,0,0,0,0,0,0,0,0,0,0,0,0,0,0,0",5,cost_sensitive_budget_policy,0.8022581308684192,0.79970934966229,0.0025487812061292248,332.15,4,160.0,0.005
10.1021/je0498863,"10.1021/je0498863|LiBF4|0.877953|mol/kg|w|0,0.9,0,0,0.1,0,0,0,0,0,0,0,0,0,0,0,0,0,0,0,0,0,0,0,0,0,0,0,0,0,0,0,0,0,0,0,0,0",5,cost_sensitive_budget_policy,0.7956419825115975,0.7953918714343868,0.0002501110772106241,332.15,4,160.0,0.005
10.1021/je0498863,"10.1021/je0498863|LiBF4|1.1063|mol/kg|w|0,0.9,0,0,0.1,0,0,0,0,0,0,0,0,0,0,0,0,0,0,0,0,0,0,0,0,0,0,0,0,0,0,0,0,0,0,0,0,0",5,cost_sensitive_budget_policy,0.7013432041079661,0.7040413635187344,0.0026981594107682305,322.35,4,160.0,0.005
10.1021/je0498863,"10.1021/je0498863|LiBF4|1.25197|mol/kg|w|0,0.9,0,0,0.1,0,0,0,0,0,0,0,0,0,0,0,0,0,0,0,0,0,0,0,0,0,0,0,0,0,0,0,0,0,0,0,0,0",5,cost_sensitive_budget_policy,0.7473373029779397,0.7455685491329751,0.0017687538449645546,332.15,4,160.0,0.005
10.1021/je0498863,"10.1021/je0498863|LiBF4|1.3937|mol/kg|w|0,0.9,0,0,0.1,0,0,0,0,0,0,0,0,0,0,0,0,0,0,0,0,0,0,0,0,0,0,0,0,0,0,0,0,0,0,0,0,0",5,cost_sensitive_budget_policy,0.7198759138096132,0.7228585444503872,0.0029826306407739755,332.15,4,160.0,0.005
10.1021/je0498863,"10.1021/je0498863|LiBF4|1.54724|mol/kg|w|0,0.9,0,0,0.1,0,0,0,0,0,0,0,0,0,0,0,0,0,0,0,0,0,0,0,0,0,0,0,0,0,0,0,0,0,0,0,0,0",5,cost_sensitive_budget_policy,0.6166840827978671,0.6236988050980947,0.007014722300227594,322.35,4,160.0,0.005
10.1021/je0498863,"10.1021/je0498863|LiBF4|1.72047|mol/kg|w|0,0.9,0,0,0.1,0,0,0,0,0,0,0,0,0,0,0,0,0,0,0,0,0,0,0,0,0,0,0,0,0,0,0,0,0,0,0,0,0",5,cost_sensitive_budget_policy,0.663016417266803,0.6624940971037421,0.0005223201630609742,332.15,4,160.0,0.005
10.1021/je0498863,"10.1021/je0498863|LiBF4|1.9685|mol/kg|w|0,0.9,0,0,0.1,0,0,0,0,0,0,0,0,0,0,0,0,0,0,0,0,0,0,0,0,0,0,0,0,0,0,0,0,0,0,0,0,0",5,cost_sensitive_budget_policy,0.613798394589073,0.6127447767123788,0.001053617876694224,332.15,4,160.0,0.005
10.1021/je0498863,"10.1021/je0498863|LiBF4|2.17323|mol/kg|w|0,0.9,0,0,0.1,0,0,0,0,0,0,0,0,0,0,0,0,0,0,0,0,0,0,0,0,0,0,0,0,0,0,0,0,0,0,0,0,0",5,cost_sensitive_budget_policy,0.571246043883406,0.5752213455000637,0.0039753016166576005,332.15,4,160.0,0.005
10.1021/je0498863,"10.1021/je0498863|LiBF4|0.357759|mol/kg|w|0,0.6,0,0,0.4,0,0,0,0,0,0,0,0,0,0,0,0,0,0,0,0,0,0,0,0,0,0,0,0,0,0,0,0,0,0,0,0,0",5,cost_sensitive_budget_policy,0.6304876992919097,0.6300186424006728,0.0004690568912368853,332.15,4,160.0,0.005
10.1021/je0498863,"10.1021/je0498863|LiBF4|0.439655|mol/kg|w|0,0.6,0,0,0.4,0,0,0,0,0,0,0,0,0,0,0,0,0,0,0,0,0,0,0,0,0,0,0,0,0,0,0,0,0,0,0,0,0",5,cost_sensitive_budget_policy,0.6571683789968412,0.6528957797898162,0.004272599207025052,332.15,4,160.0,0.005
10.1021/je0498863,"10.1021/je0498863|LiBF4|0.607759|mol/kg|w|0,0.6,0,0,0.4,0,0,0,0,0,0,0,0,0,0,0,0,0,0,0,0,0,0,0,0,0,0,0,0,0,0,0,0,0,0,0,0,0",5,cost_sensitive_budget_policy,0.6854782903610064,0.6798762341720204,0.005602056188986015,332.15,4,160.0,0.005
10.1021/je0498863,"10.1021/je0498863|LiBF4|0.689655|mol/kg|w|0,0.6,0,0,0.4,0,0,0,0,0,0,0,0,0,0,0,0,0,0,0,0,0,0,0,0,0,0,0,0,0,0,0,0,0,0,0,0,0",5,cost_sensitive_budget_policy,0.639954983865635,0.6370952554715411,0.0028597283940938745,322.35,4,160.0,0.005
10.1021/je0498863,"10.1021/je0498863|LiBF4|0.775862|mol/kg|w|0,0.6,0,0,0.4,0,0,0,0,0,0,0,0,0,0,0,0,0,0,0,0,0,0,0,0,0,0,0,0,0,0,0,0,0,0,0,0,0",5,cost_sensitive_budget_policy,0.6411240141442556,0.6352376472304584,0.005886366913797181,322.35,4,160.0,0.005
10.1021/je0498863,"10.1021/je0498863|LiBF4|0.87931|mol/kg|w|0,0.6,0,0,0.4,0,0,0,0,0,0,0,0,0,0,0,0,0,0,0,0,0,0,0,0,0,0,0,0,0,0,0,0,0,0,0,0,0",5,cost_sensitive_budget_policy,0.693830364719799,0.685713098511395,0.008117266208404028,332.15,4,160.0,0.005
10.1021/je0498863,"10.1021/je0498863|LiBF4|1.09483|mol/kg|w|0,0.6,0,0,0.4,0,0,0,0,0,0,0,0,0,0,0,0,0,0,0,0,0,0,0,0,0,0,0,0,0,0,0,0,0,0,0,0,0",5,cost_sensitive_budget_policy,0.6833649310266279,0.6766503415639563,0.006714589462671561,332.15,4,160.0,0.005
10.1021/je0498863,"10.1021/je0498863|LiBF4|1.23707|mol/kg|w|0,0.6,0,0,0.4,0,0,0,0,0,0,0,0,0,0,0,0,0,0,0,0,0,0,0,0,0,0,0,0,0,0,0,0,0,0,0,0,0",5,cost_sensitive_budget_policy,0.6704641463430273,0.669173738330478,0.0012904080125493156,332.15,4,160.0,0.005
10.1021/je0498863,"10.1021/je0498863|LiBF4|1.68103|mol/kg|w|0,0.6,0,0,0.4,0,0,0,0,0,0,0,0,0,0,0,0,0,0,0,0,0,0,0,0,0,0,0,0,0,0,0,0,0,0,0,0,0",5,cost_sensitive_budget_policy,0.618355779624318,0.614149532279441,0.004206247344876957,332.15,4,160.0,0.005
10.1021/je0498863,"10.1021/je0498863|LiBF4|1.87931|mol/kg|w|0,0.6,0,0,0.4,0,0,0,0,0,0,0,0,0,0,0,0,0,0,0,0,0,0,0,0,0,0,0,0,0,0,0,0,0,0,0,0,0",5,cost_sensitive_budget_policy,0.5904090680548656,0.5849466807951067,0.005462387259758894,332.15,4,160.0,0.005
10.1021/je0498863,"10.1021/je0498863|LiBF4|2.06034|mol/kg|w|0,0.6,0,0,0.4,0,0,0,0,0,0,0,0,0,0,0,0,0,0,0,0,0,0,0,0,0,0,0,0,0,0,0,0,0,0,0,0,0",5,cost_sensitive_budget_policy,0.5647356682693508,0.5610655138377849,0.0036701544315659307,332.15,4,160.0,0.005
10.1021/je0498863,"10.1021/je0498863|LiBF4|0.263158|mol/kg|w|0,0.4,0,0,0.6,0,0,0,0,0,0,0,0,0,0,0,0,0,0,0,0,0,0,0,0,0,0,0,0,0,0,0,0,0,0,0,0,0",4,cost_sensitive_budget_policy,0.36978274935163635,0.36961352209990883,0.00016922725172752173,332.15,4,160.0,0.01
10.1021/je0498863,"10.1021/je0498863|LiBF4|0.342105|mol/kg|w|0,0.4,0,0,0.6,0,0,0,0,0,0,0,0,0,0,0,0,0,0,0,0,0,0,0,0,0,0,0,0,0,0,0,0,0,0,0,0,0",4,cost_sensitive_budget_policy,0.4219918070755344,0.41311174826186725,0.008880058813667158,332.15,4,160.0,0.01
10.1021/je0498863,"10.1021/je0498863|LiBF4|0.421053|mol/kg|w|0,0.4,0,0,0.6,0,0,0,0,0,0,0,0,0,0,0,0,0,0,0,0,0,0,0,0,0,0,0,0,0,0,0,0,0,0,0,0,0",4,cost_sensitive_budget_policy,0.4559594940628608,0.45281290208336533,0.003146591979495461,332.15,4,160.0,0.01
10.1021/je0498863,"10.1021/je0498863|LiBF4|0.508772|mol/kg|w|0,0.4,0,0,0.6,0,0,0,0,0,0,0,0,0,0,0,0,0,0,0,0,0,0,0,0,0,0,0,0,0,0,0,0,0,0,0,0,0",4,cost_sensitive_budget_policy,0.48572562634437977,0.48185371207835337,0.0038719142660263994,332.15,4,160.0,0.01
10.1021/je0498863,"10.1021/je0498863|LiBF4|0.592105|mol/kg|w|0,0.4,0,0,0.6,0,0,0,0,0,0,0,0,0,0,0,0,0,0,0,0,0,0,0,0,0,0,0,0,0,0,0,0,0,0,0,0,0",4,cost_sensitive_budget_policy,0.5055026820908757,0.4985264794702239,0.006976202620651795,332.15,4,160.0,0.01
10.1021/je0498863,"10.1021/je0498863|LiBF4|0.675439|mol/kg|w|0,0.4,0,0,0.6,0,0,0,0,0,0,0,0,0,0,0,0,0,0,0,0,0,0,0,0,0,0,0,0,0,0,0,0,0,0,0,0,0",4,cost_sensitive_budget_policy,0.41867882877436113,0.4146213957192658,0.004057433055095316,312.45,4,160.0,0.01
10.1021/je0498863,"10.1021/je0498863|LiBF4|0.872807|mol/kg|w|0,0.4,0,0,0.6,0,0,0,0,0,0,0,0,0,0,0,0,0,0,0,0,0,0,0,0,0,0,0,0,0,0,0,0,0,0,0,0,0",4,cost_sensitive_budget_policy,0.5391885760365963,0.5307579185017034,0.008430657534892916,332.15,4,160.0,0.01
10.1021/je0498863,"10.1021/je0498863|LiBF4|0.97807|mol/kg|w|0,0.4,0,0,0.6,0,0,0,0,0,0,0,0,0,0,0,0,0,0,0,0,0,0,0,0,0,0,0,0,0,0,0,0,0,0,0,0,0",4,cost_sensitive_budget_policy,0.5418856553828848,0.536993189630548,0.0048924657523368165,332.15,4,160.0,0.01
10.1021/je0498863,"10.1021/je0498863|LiBF4|1.09211|mol/kg|w|0,0.4,0,0,0.6,0,0,0,0,0,0,0,0,0,0,0,0,0,0,0,0,0,0,0,0,0,0,0,0,0,0,0,0,0,0,0,0,0",4,cost_sensitive_budget_policy,0.5415428399322757,0.536887386377088,0.004655453555187705,332.15,4,160.0,0.01
10.1021/je0498863,"10.1021/je0498863|LiBF4|1.23246|mol/kg|w|0,0.4,0,0,0.6,0,0,0,0,0,0,0,0,0,0,0,0,0,0,0,0,0,0,0,0,0,0,0,0,0,0,0,0,0,0,0,0,0",4,cost_sensitive_budget_policy,0.5396127565192049,0.5369516072673172,0.002661149251887762,332.15,4,160.0,0.01
10.1021/je0498863,"10.1021/je0498863|LiBF4|1.36842|mol/kg|w|0,0.4,0,0,0.6,0,0,0,0,0,0,0,0,0,0,0,0,0,0,0,0,0,0,0,0,0,0,0,0,0,0,0,0,0,0,0,0,0",4,cost_sensitive_budget_policy,0.5331120000655063,0.5274720407350394,0.005639959330466904,332.15,4,160.0,0.01
10.1021/je0498863,"10.1021/je0498863|LiBF4|1.50877|mol/kg|w|0,0.4,0,0,0.6,0,0,0,0,0,0,0,0,0,0,0,0,0,0,0,0,0,0,0,0,0,0,0,0,0,0,0,0,0,0,0,0,0",4,cost_sensitive_budget_policy,0.5280527266669645,0.5209579149565084,0.007094811710456006,332.15,4,160.0,0.01
10.1021/je0498863,"10.1021/je0498863|LiBF4|1.66228|mol/kg|w|0,0.4,0,0,0.6,0,0,0,0,0,0,0,0,0,0,0,0,0,0,0,0,0,0,0,0,0,0,0,0,0,0,0,0,0,0,0,0,0",4,cost_sensitive_budget_policy,0.5165679279717331,0.5087986787344352,0.007769249237297937,332.15,4,160.0,0.01
10.1021/je0498863,"10.1021/je0498863|LiBF4|2.04825|mol/kg|w|0,0.4,0,0,0.6,0,0,0,0,0,0,0,0,0,0,0,0,0,0,0,0,0,0,0,0,0,0,0,0,0,0,0,0,0,0,0,0,0",4,cost_sensitive_budget_policy,0.47869426152881356,0.47148182725644605,0.007212434272367507,332.15,4,160.0,0.01
10.1021/je0498863,"10.1021/je0498863|LiBF4|0.299213|mol/kg|w|0,0.9,0,0,0.1,0,0,0,0,0,0,0,0,0,0,0,0,0,0,0,0,0,0,0,0,0,0,0,0,0,0,0,0,0,0,0,0,0",4,cost_sensitive_budget_policy,0.7310696902682318,0.7299647747987197,0.00110491546951208,332.15,4,160.0,0.01
10.1021/je0498863,"10.1021/je0498863|LiBF4|0.437008|mol/kg|w|0,0.9,0,0,0.1,0,0,0,0,0,0,0,0,0,0,0,0,0,0,0,0,0,0,0,0,0,0,0,0,0,0,0,0,0,0,0,0,0",4,cost_sensitive_budget_policy,0.7820994092610607,0.7790400979149683,0.003059311346092386,332.15,4,160.0,0.01
10.1021/je0498863,"10.1021/je0498863|LiBF4|0.598425|mol/kg|w|0,0.9,0,0,0.1,0,0,0,0,0,0,0,0,0,0,0,0,0,0,0,0,0,0,0,0,0,0,0,0,0,0,0,0,0,0,0,0,0",4,cost_sensitive_budget_policy,0.8022581308684192,0.7995181776231727,0.0027399532452465625,332.15,4,160.0,0.01
10.1021/je0498863,"10.1021/je0498863|LiBF4|0.681102|mol/kg|w|0,0.9,0,0,0.1,0,0,0,0,0,0,0,0,0,0,0,0,0,0,0,0,0,0,0,0,0,0,0,0,0,0,0,0,0,0,0,0,0",4,cost_sensitive_budget_policy,0.8041300927900453,0.8030421448883642,0.0010879479016810967,332.15,4,160.0,0.01
10.1021/je0498863,"10.1021/je0498863|LiBF4|0.775591|mol/kg|w|0,0.9,0,0,0.1,0,0,0,0,0,0,0,0,0,0,0,0,0,0,0,0,0,0,0,0,0,0,0,0,0,0,0,0,0,0,0,0,0",4,cost_sensitive_budget_policy,0.8022581308684192,0.8003540830075799,0.0019040478608393085,332.15,4,160.0,0.01
10.1021/je0498863,"10.1021/je0498863|LiBF4|0.877953|mol/kg|w|0,0.9,0,0,0.1,0,0,0,0,0,0,0,0,0,0,0,0,0,0,0,0,0,0,0,0,0,0,0,0,0,0,0,0,0,0,0,0,0",4,cost_sensitive_budget_policy,0.7956419825115975,0.7984957597755253,0.0028537772639278813,332.15,4,160.0,0.01
10.1021/je0498863,"10.1021/je0498863|LiBF4|1.1063|mol/kg|w|0,0.9,0,0,0.1,0,0,0,0,0,0,0,0,0,0,0,0,0,0,0,0,0,0,0,0,0,0,0,0,0,0,0,0,0,0,0,0,0",4,cost_sensitive_budget_policy,0.7013432041079661,0.7052122346320295,0.0038690305240633993,322.35,4,160.0,0.01
10.1021/je0498863,"10.1021/je0498863|LiBF4|1.25197|mol/kg|w|0,0.9,0,0,0.1,0,0,0,0,0,0,0,0,0,0,0,0,0,0,0,0,0,0,0,0,0,0,0,0,0,0,0,0,0,0,0,0,0",4,cost_sensitive_budget_policy,0.7473373029779397,0.7445451211138676,0.002792181864072041,332.15,4,160.0,0.01
10.1021/je0498863,"10.1021/je0498863|LiBF4|1.3937|mol/kg|w|0,0.9,0,0,0.1,0,0,0,0,0,0,0,0,0,0,0,0,0,0,0,0,0,0,0,0,0,0,0,0,0,0,0,0,0,0,0,0,0",4,cost_sensitive_budget_policy,0.7198759138096132,0.7216303330195917,0.0017544192099784306,332.15,4,160.0,0.01
10.1021/je0498863,"10.1021/je0498863|LiBF4|1.54724|mol/kg|w|0,0.9,0,0,0.1,0,0,0,0,0,0,0,0,0,0,0,0,0,0,0,0,0,0,0,0,0,0,0,0,0,0,0,0,0,0,0,0,0",4,cost_sensitive_budget_policy,0.6166840827978671,0.6266770969012563,0.009993014103389153,322.35,4,160.0,0.01
10.1021/je0498863,"10.1021/je0498863|LiBF4|1.72047|mol/kg|w|0,0.9,0,0,0.1,0,0,0,0,0,0,0,0,0,0,0,0,0,0,0,0,0,0,0,0,0,0,0,0,0,0,0,0,0,0,0,0,0",4,cost_sensitive_budget_policy,0.663016417266803,0.6621251121668668,0.0008913050999362904,332.15,4,160.0,0.01
10.1021/je0498863,"10.1021/je0498863|LiBF4|1.9685|mol/kg|w|0,0.9,0,0,0.1,0,0,0,0,0,0,0,0,0,0,0,0,0,0,0,0,0,0,0,0,0,0,0,0,0,0,0,0,0,0,0,0,0",4,cost_sensitive_budget_policy,0.613798394589073,0.6115164216024114,0.0022819729866616623,332.15,4,160.0,0.01
10.1021/je0498863,"10.1021/je0498863|LiBF4|2.17323|mol/kg|w|0,0.9,0,0,0.1,0,0,0,0,0,0,0,0,0,0,0,0,0,0,0,0,0,0,0,0,0,0,0,0,0,0,0,0,0,0,0,0,0",4,cost_sensitive_budget_policy,0.571246043883406,0.5796721840364623,0.008426140153056205,332.15,4,160.0,0.01
10.1021/je0498863,"10.1021/je0498863|LiBF4|0.357759|mol/kg|w|0,0.6,0,0,0.4,0,0,0,0,0,0,0,0,0,0,0,0,0,0,0,0,0,0,0,0,0,0,0,0,0,0,0,0,0,0,0,0,0",4,cost_sensitive_budget_policy,0.6304876992919097,0.6279551491883028,0.0025325501036069786,332.15,4,160.0,0.01
10.1021/je0498863,"10.1021/je0498863|LiBF4|0.439655|mol/kg|w|0,0.6,0,0,0.4,0,0,0,0,0,0,0,0,0,0,0,0,0,0,0,0,0,0,0,0,0,0,0,0,0,0,0,0,0,0,0,0,0",4,cost_sensitive_budget_policy,0.6571683789968412,0.6472662027763342,0.009902176220507042,332.15,4,160.0,0.01
10.1021/je0498863,"10.1021/je0498863|LiBF4|0.607759|mol/kg|w|0,0.6,0,0,0.4,0,0,0,0,0,0,0,0,0,0,0,0,0,0,0,0,0,0,0,0,0,0,0,0,0,0,0,0,0,0,0,0,0",4,cost_sensitive_budget_policy,0.6854782903610064,0.6780576958738205,0.007420594487185905,332.15,4,160.0,0.01
10.1021/je0498863,"10.1021/je0498863|LiBF4|0.689655|mol/kg|w|0,0.6,0,0,0.4,0,0,0,0,0,0,0,0,0,0,0,0,0,0,0,0,0,0,0,0,0,0,0,0,0,0,0,0,0,0,0,0,0",4,cost_sensitive_budget_policy,0.639954983865635,0.6357920370241563,0.004162946841478665,322.35,4,160.0,0.01
10.1021/je0498863,"10.1021/je0498863|LiBF4|0.775862|mol/kg|w|0,0.6,0,0,0.4,0,0,0,0,0,0,0,0,0,0,0,0,0,0,0,0,0,0,0,0,0,0,0,0,0,0,0,0,0,0,0,0,0",4,cost_sensitive_budget_policy,0.6411240141442556,0.6316027162257817,0.009521297918473892,322.35,4,160.0,0.01
10.1021/je0498863,"10.1021/je0498863|LiBF4|0.87931|mol/kg|w|0,0.6,0,0,0.4,0,0,0,0,0,0,0,0,0,0,0,0,0,0,0,0,0,0,0,0,0,0,0,0,0,0,0,0,0,0,0,0,0",4,cost_sensitive_budget_policy,0.693830364719799,0.68333332256627,0.01049704215352898,332.15,4,160.0,0.01
10.1021/je0498863,"10.1021/je0498863|LiBF4|1.09483|mol/kg|w|0,0.6,0,0,0.4,0,0,0,0,0,0,0,0,0,0,0,0,0,0,0,0,0,0,0,0,0,0,0,0,0,0,0,0,0,0,0,0,0",4,cost_sensitive_budget_policy,0.6833649310266279,0.6735949685826242,0.009769962444003633,332.15,4,160.0,0.01
10.1021/je0498863,"10.1021/je0498863|LiBF4|1.23707|mol/kg|w|0,0.6,0,0,0.4,0,0,0,0,0,0,0,0,0,0,0,0,0,0,0,0,0,0,0,0,0,0,0,0,0,0,0,0,0,0,0,0,0",4,cost_sensitive_budget_policy,0.6704641463430273,0.6681303495350548,0.0023337968079725213,332.15,4,160.0,0.01
10.1021/je0498863,"10.1021/je0498863|LiBF4|1.68103|mol/kg|w|0,0.6,0,0,0.4,0,0,0,0,0,0,0,0,0,0,0,0,0,0,0,0,0,0,0,0,0,0,0,0,0,0,0,0,0,0,0,0,0",4,cost_sensitive_budget_policy,0.618355779624318,0.6123219019550248,0.006033877669293197,332.15,4,160.0,0.01
10.1021/je0498863,"10.1021/je0498863|LiBF4|1.87931|mol/kg|w|0,0.6,0,0,0.4,0,0,0,0,0,0,0,0,0,0,0,0,0,0,0,0,0,0,0,0,0,0,0,0,0,0,0,0,0,0,0,0,0",4,cost_sensitive_budget_policy,0.5904090680548656,0.581365929298983,0.009043138755882585,332.15,4,160.0,0.01
10.1021/je0498863,"10.1021/je0498863|LiBF4|2.06034|mol/kg|w|0,0.6,0,0,0.4,0,0,0,0,0,0,0,0,0,0,0,0,0,0,0,0,0,0,0,0,0,0,0,0,0,0,0,0,0,0,0,0,0",4,cost_sensitive_budget_policy,0.5647356682693508,0.5631004614561501,0.0016352068132007291,332.15,4,160.0,0.01
10.1021/je0498863,"10.1021/je0498863|LiBF4|0.263158|mol/kg|w|0,0.4,0,0,0.6,0,0,0,0,0,0,0,0,0,0,0,0,0,0,0,0,0,0,0,0,0,0,0,0,0,0,0,0,0,0,0,0,0",4,cost_sensitive_budget_policy,0.36978274935163635,0.36961352209990883,0.00016922725172752173,332.15,4,160.0,0.02
10.1021/je0498863,"10.1021/je0498863|LiBF4|0.342105|mol/kg|w|0,0.4,0,0,0.6,0,0,0,0,0,0,0,0,0,0,0,0,0,0,0,0,0,0,0,0,0,0,0,0,0,0,0,0,0,0,0,0,0",4,cost_sensitive_budget_policy,0.4219918070755344,0.41311174826186725,0.008880058813667158,332.15,4,160.0,0.02
10.1021/je0498863,"10.1021/je0498863|LiBF4|0.421053|mol/kg|w|0,0.4,0,0,0.6,0,0,0,0,0,0,0,0,0,0,0,0,0,0,0,0,0,0,0,0,0,0,0,0,0,0,0,0,0,0,0,0,0",4,cost_sensitive_budget_policy,0.4559594940628608,0.45281290208336533,0.003146591979495461,332.15,4,160.0,0.02
10.1021/je0498863,"10.1021/je0498863|LiBF4|0.508772|mol/kg|w|0,0.4,0,0,0.6,0,0,0,0,0,0,0,0,0,0,0,0,0,0,0,0,0,0,0,0,0,0,0,0,0,0,0,0,0,0,0,0,0",4,cost_sensitive_budget_policy,0.48572562634437977,0.48185371207835337,0.0038719142660263994,332.15,4,160.0,0.02
10.1021/je0498863,"10.1021/je0498863|LiBF4|0.592105|mol/kg|w|0,0.4,0,0,0.6,0,0,0,0,0,0,0,0,0,0,0,0,0,0,0,0,0,0,0,0,0,0,0,0,0,0,0,0,0,0,0,0,0",4,cost_sensitive_budget_policy,0.5055026820908757,0.4985264794702239,0.006976202620651795,332.15,4,160.0,0.02
10.1021/je0498863,"10.1021/je0498863|LiBF4|0.675439|mol/kg|w|0,0.4,0,0,0.6,0,0,0,0,0,0,0,0,0,0,0,0,0,0,0,0,0,0,0,0,0,0,0,0,0,0,0,0,0,0,0,0,0",4,cost_sensitive_budget_policy,0.41867882877436113,0.4146213957192658,0.004057433055095316,312.45,4,160.0,0.02
10.1021/je0498863,"10.1021/je0498863|LiBF4|0.872807|mol/kg|w|0,0.4,0,0,0.6,0,0,0,0,0,0,0,0,0,0,0,0,0,0,0,0,0,0,0,0,0,0,0,0,0,0,0,0,0,0,0,0,0",4,cost_sensitive_budget_policy,0.5391885760365963,0.5307579185017034,0.008430657534892916,332.15,4,160.0,0.02
10.1021/je0498863,"10.1021/je0498863|LiBF4|0.97807|mol/kg|w|0,0.4,0,0,0.6,0,0,0,0,0,0,0,0,0,0,0,0,0,0,0,0,0,0,0,0,0,0,0,0,0,0,0,0,0,0,0,0,0",4,cost_sensitive_budget_policy,0.5418856553828848,0.536993189630548,0.0048924657523368165,332.15,4,160.0,0.02
10.1021/je0498863,"10.1021/je0498863|LiBF4|1.09211|mol/kg|w|0,0.4,0,0,0.6,0,0,0,0,0,0,0,0,0,0,0,0,0,0,0,0,0,0,0,0,0,0,0,0,0,0,0,0,0,0,0,0,0",4,cost_sensitive_budget_policy,0.5415428399322757,0.536887386377088,0.004655453555187705,332.15,4,160.0,0.02
10.1021/je0498863,"10.1021/je0498863|LiBF4|1.23246|mol/kg|w|0,0.4,0,0,0.6,0,0,0,0,0,0,0,0,0,0,0,0,0,0,0,0,0,0,0,0,0,0,0,0,0,0,0,0,0,0,0,0,0",4,cost_sensitive_budget_policy,0.5396127565192049,0.5369516072673172,0.002661149251887762,332.15,4,160.0,0.02
10.1021/je0498863,"10.1021/je0498863|LiBF4|1.36842|mol/kg|w|0,0.4,0,0,0.6,0,0,0,0,0,0,0,0,0,0,0,0,0,0,0,0,0,0,0,0,0,0,0,0,0,0,0,0,0,0,0,0,0",4,cost_sensitive_budget_policy,0.5331120000655063,0.5274720407350394,0.005639959330466904,332.15,4,160.0,0.02
10.1021/je0498863,"10.1021/je0498863|LiBF4|1.50877|mol/kg|w|0,0.4,0,0,0.6,0,0,0,0,0,0,0,0,0,0,0,0,0,0,0,0,0,0,0,0,0,0,0,0,0,0,0,0,0,0,0,0,0",4,cost_sensitive_budget_policy,0.5280527266669645,0.5209579149565084,0.007094811710456006,332.15,4,160.0,0.02
10.1021/je0498863,"10.1021/je0498863|LiBF4|1.66228|mol/kg|w|0,0.4,0,0,0.6,0,0,0,0,0,0,0,0,0,0,0,0,0,0,0,0,0,0,0,0,0,0,0,0,0,0,0,0,0,0,0,0,0",4,cost_sensitive_budget_policy,0.5165679279717331,0.5087986787344352,0.007769249237297937,332.15,4,160.0,0.02
10.1021/je0498863,"10.1021/je0498863|LiBF4|2.04825|mol/kg|w|0,0.4,0,0,0.6,0,0,0,0,0,0,0,0,0,0,0,0,0,0,0,0,0,0,0,0,0,0,0,0,0,0,0,0,0,0,0,0,0",4,cost_sensitive_budget_policy,0.47869426152881356,0.47148182725644605,0.007212434272367507,332.15,4,160.0,0.02
10.1021/je0498863,"10.1021/je0498863|LiBF4|0.299213|mol/kg|w|0,0.9,0,0,0.1,0,0,0,0,0,0,0,0,0,0,0,0,0,0,0,0,0,0,0,0,0,0,0,0,0,0,0,0,0,0,0,0,0",4,cost_sensitive_budget_policy,0.7310696902682318,0.7299647747987197,0.00110491546951208,332.15,4,160.0,0.02
10.1021/je0498863,"10.1021/je0498863|LiBF4|0.437008|mol/kg|w|0,0.9,0,0,0.1,0,0,0,0,0,0,0,0,0,0,0,0,0,0,0,0,0,0,0,0,0,0,0,0,0,0,0,0,0,0,0,0,0",4,cost_sensitive_budget_policy,0.7820994092610607,0.7790400979149683,0.003059311346092386,332.15,4,160.0,0.02
10.1021/je0498863,"10.1021/je0498863|LiBF4|0.598425|mol/kg|w|0,0.9,0,0,0.1,0,0,0,0,0,0,0,0,0,0,0,0,0,0,0,0,0,0,0,0,0,0,0,0,0,0,0,0,0,0,0,0,0",4,cost_sensitive_budget_policy,0.8022581308684192,0.7995181776231727,0.0027399532452465625,332.15,4,160.0,0.02
10.1021/je0498863,"10.1021/je0498863|LiBF4|0.681102|mol/kg|w|0,0.9,0,0,0.1,0,0,0,0,0,0,0,0,0,0,0,0,0,0,0,0,0,0,0,0,0,0,0,0,0,0,0,0,0,0,0,0,0",4,cost_sensitive_budget_policy,0.8041300927900453,0.8030421448883642,0.0010879479016810967,332.15,4,160.0,0.02
10.1021/je0498863,"10.1021/je0498863|LiBF4|0.775591|mol/kg|w|0,0.9,0,0,0.1,0,0,0,0,0,0,0,0,0,0,0,0,0,0,0,0,0,0,0,0,0,0,0,0,0,0,0,0,0,0,0,0,0",4,cost_sensitive_budget_policy,0.8022581308684192,0.8003540830075799,0.0019040478608393085,332.15,4,160.0,0.02
10.1021/je0498863,"10.1021/je0498863|LiBF4|0.877953|mol/kg|w|0,0.9,0,0,0.1,0,0,0,0,0,0,0,0,0,0,0,0,0,0,0,0,0,0,0,0,0,0,0,0,0,0,0,0,0,0,0,0,0",4,cost_sensitive_budget_policy,0.7956419825115975,0.7984957597755253,0.0028537772639278813,332.15,4,160.0,0.02
10.1021/je0498863,"10.1021/je0498863|LiBF4|1.1063|mol/kg|w|0,0.9,0,0,0.1,0,0,0,0,0,0,0,0,0,0,0,0,0,0,0,0,0,0,0,0,0,0,0,0,0,0,0,0,0,0,0,0,0",4,cost_sensitive_budget_policy,0.7013432041079661,0.7052122346320295,0.0038690305240633993,322.35,4,160.0,0.02
10.1021/je0498863,"10.1021/je0498863|LiBF4|1.25197|mol/kg|w|0,0.9,0,0,0.1,0,0,0,0,0,0,0,0,0,0,0,0,0,0,0,0,0,0,0,0,0,0,0,0,0,0,0,0,0,0,0,0,0",4,cost_sensitive_budget_policy,0.7473373029779397,0.7445451211138676,0.002792181864072041,332.15,4,160.0,0.02
10.1021/je0498863,"10.1021/je0498863|LiBF4|1.3937|mol/kg|w|0,0.9,0,0,0.1,0,0,0,0,0,0,0,0,0,0,0,0,0,0,0,0,0,0,0,0,0,0,0,0,0,0,0,0,0,0,0,0,0",4,cost_sensitive_budget_policy,0.7198759138096132,0.7216303330195917,0.0017544192099784306,332.15,4,160.0,0.02
10.1021/je0498863,"10.1021/je0498863|LiBF4|1.54724|mol/kg|w|0,0.9,0,0,0.1,0,0,0,0,0,0,0,0,0,0,0,0,0,0,0,0,0,0,0,0,0,0,0,0,0,0,0,0,0,0,0,0,0",4,cost_sensitive_budget_policy,0.6166840827978671,0.6266770969012563,0.009993014103389153,322.35,4,160.0,0.02
10.1021/je0498863,"10.1021/je0498863|LiBF4|1.72047|mol/kg|w|0,0.9,0,0,0.1,0,0,0,0,0,0,0,0,0,0,0,0,0,0,0,0,0,0,0,0,0,0,0,0,0,0,0,0,0,0,0,0,0",4,cost_sensitive_budget_policy,0.663016417266803,0.6621251121668668,0.0008913050999362904,332.15,4,160.0,0.02
10.1021/je0498863,"10.1021/je0498863|LiBF4|1.9685|mol/kg|w|0,0.9,0,0,0.1,0,0,0,0,0,0,0,0,0,0,0,0,0,0,0,0,0,0,0,0,0,0,0,0,0,0,0,0,0,0,0,0,0",4,cost_sensitive_budget_policy,0.613798394589073,0.6115164216024114,0.0022819729866616623,332.15,4,160.0,0.02
10.1021/je0498863,"10.1021/je0498863|LiBF4|2.17323|mol/kg|w|0,0.9,0,0,0.1,0,0,0,0,0,0,0,0,0,0,0,0,0,0,0,0,0,0,0,0,0,0,0,0,0,0,0,0,0,0,0,0,0",4,cost_sensitive_budget_policy,0.571246043883406,0.5796721840364623,0.008426140153056205,332.15,4,160.0,0.02
10.1021/je0498863,"10.1021/je0498863|LiBF4|0.357759|mol/kg|w|0,0.6,0,0,0.4,0,0,0,0,0,0,0,0,0,0,0,0,0,0,0,0,0,0,0,0,0,0,0,0,0,0,0,0,0,0,0,0,0",4,cost_sensitive_budget_policy,0.6304876992919097,0.6279551491883028,0.0025325501036069786,332.15,4,160.0,0.02
10.1021/je0498863,"10.1021/je0498863|LiBF4|0.439655|mol/kg|w|0,0.6,0,0,0.4,0,0,0,0,0,0,0,0,0,0,0,0,0,0,0,0,0,0,0,0,0,0,0,0,0,0,0,0,0,0,0,0,0",4,cost_sensitive_budget_policy,0.6571683789968412,0.6472662027763342,0.009902176220507042,332.15,4,160.0,0.02
10.1021/je0498863,"10.1021/je0498863|LiBF4|0.607759|mol/kg|w|0,0.6,0,0,0.4,0,0,0,0,0,0,0,0,0,0,0,0,0,0,0,0,0,0,0,0,0,0,0,0,0,0,0,0,0,0,0,0,0",4,cost_sensitive_budget_policy,0.6854782903610064,0.6780576958738205,0.007420594487185905,332.15,4,160.0,0.02
10.1021/je0498863,"10.1021/je0498863|LiBF4|0.689655|mol/kg|w|0,0.6,0,0,0.4,0,0,0,0,0,0,0,0,0,0,0,0,0,0,0,0,0,0,0,0,0,0,0,0,0,0,0,0,0,0,0,0,0",4,cost_sensitive_budget_policy,0.639954983865635,0.6357920370241563,0.004162946841478665,322.35,4,160.0,0.02
10.1021/je0498863,"10.1021/je0498863|LiBF4|0.775862|mol/kg|w|0,0.6,0,0,0.4,0,0,0,0,0,0,0,0,0,0,0,0,0,0,0,0,0,0,0,0,0,0,0,0,0,0,0,0,0,0,0,0,0",4,cost_sensitive_budget_policy,0.6411240141442556,0.6316027162257817,0.009521297918473892,322.35,4,160.0,0.02
10.1021/je0498863,"10.1021/je0498863|LiBF4|0.87931|mol/kg|w|0,0.6,0,0,0.4,0,0,0,0,0,0,0,0,0,0,0,0,0,0,0,0,0,0,0,0,0,0,0,0,0,0,0,0,0,0,0,0,0",4,cost_sensitive_budget_policy,0.693830364719799,0.68333332256627,0.01049704215352898,332.15,4,160.0,0.02
10.1021/je0498863,"10.1021/je0498863|LiBF4|1.09483|mol/kg|w|0,0.6,0,0,0.4,0,0,0,0,0,0,0,0,0,0,0,0,0,0,0,0,0,0,0,0,0,0,0,0,0,0,0,0,0,0,0,0,0",4,cost_sensitive_budget_policy,0.6833649310266279,0.6735949685826242,0.009769962444003633,332.15,4,160.0,0.02
10.1021/je0498863,"10.1021/je0498863|LiBF4|1.23707|mol/kg|w|0,0.6,0,0,0.4,0,0,0,0,0,0,0,0,0,0,0,0,0,0,0,0,0,0,0,0,0,0,0,0,0,0,0,0,0,0,0,0,0",4,cost_sensitive_budget_policy,0.6704641463430273,0.6681303495350548,0.0023337968079725213,332.15,4,160.0,0.02
10.1021/je0498863,"10.1021/je0498863|LiBF4|1.68103|mol/kg|w|0,0.6,0,0,0.4,0,0,0,0,0,0,0,0,0,0,0,0,0,0,0,0,0,0,0,0,0,0,0,0,0,0,0,0,0,0,0,0,0",4,cost_sensitive_budget_policy,0.618355779624318,0.6123219019550248,0.006033877669293197,332.15,4,160.0,0.02
10.1021/je0498863,"10.1021/je0498863|LiBF4|1.87931|mol/kg|w|0,0.6,0,0,0.4,0,0,0,0,0,0,0,0,0,0,0,0,0,0,0,0,0,0,0,0,0,0,0,0,0,0,0,0,0,0,0,0,0",4,cost_sensitive_budget_policy,0.5904090680548656,0.581365929298983,0.009043138755882585,332.15,4,160.0,0.02
10.1021/je0498863,"10.1021/je0498863|LiBF4|2.06034|mol/kg|w|0,0.6,0,0,0.4,0,0,0,0,0,0,0,0,0,0,0,0,0,0,0,0,0,0,0,0,0,0,0,0,0,0,0,0,0,0,0,0,0",4,cost_sensitive_budget_policy,0.5647356682693508,0.5631004614561501,0.0016352068132007291,332.15,4,160.0,0.02
10.1149/1.1344281,"10.1149/1.1344281|LiTFSI|1|mol/l|mol|0,1,0,0,0,0,0,0,0,0,0,0,0,0,0,0,0,0,0,0,0,0,0,0,0,0,0,0,0,0,0,0,0,0,0,0,0,0",3,fixed_target_router,1.2275862068934567,1.2125755629531298,0.015010643940326807,375.3490984,4,160.0,
10.1149/1.1344281,"10.1149/1.1344281|LiCF3SO3|1|mol/l|mol|0,1,0,0,0,0,0,0,0,0,0,0,0,0,0,0,0,0,0,0,0,0,0,0,0,0,0,0,0,0,0,0,0,0,0,0,0,0",3,fixed_target_router,0.8137931034237572,0.8254277325264301,0.011634629102672878,393.0469442,4,160.0,
10.1149/1.1344281,"10.1149/1.1344281|LiBOB|1|mol/l|mol|0,0,0,0,0,1,0,0,0,0,0,0,0,0,0,0,0,0,0,0,0,0,0,0,0,0,0,0,0,0,0,0,0,0,0,0,0,0",3,fixed_target_router,1.324137930981698,1.356345545864105,0.032207614882406865,346.4463589,4,160.0,
10.1149/1.1344281,"10.1149/1.1344281|LiClO4|1|mol/l|mol|0,1,0,0,0,0,0,0,0,0,0,0,0,0,0,0,0,0,0,0,0,0,0,0,0,0,0,0,0,0,0,0,0,0,0,0,0,0",3,fixed_target_router,1.1793103447969282,1.1963520729221713,0.017041728125243072,393.6420782,4,160.0,
10.1149/1.1344281,"10.1149/1.1344281|LiBOB|1|mol/l|mol|0,0,0,0,0,0,0,1,0,0,0,0,0,0,0,0,0,0,0,0,0,0,0,0,0,0,0,0,0,0,0,0,0,0,0,0,0,0",3,fixed_target_router,1.5724137930816233,1.53691564153395,0.03549815154767333,344.5125624,4,160.0,
10.1149/1.1344281,"10.1149/1.1344281|LiClO4|0.5|mol/l|mol|0,0,0,0,0,1,0,0,0,0,0,0,0,0,0,0,0,0,0,0,0,0,0,0,0,0,0,0,0,0,0,0,0,0,0,0,0,0",3,fixed_target_router,0.4116022099397765,0.459446971492789,0.04784476155301254,342.1636336,4,160.0,
10.1149/1.1344281,"10.1149/1.1344281|LiBOB|0.5|mol/l|mol|0,0,0,0,0,0,1,0,0,0,0,0,0,0,0,0,0,0,0,0,0,0,0,0,0,0,0,0,0,0,0,0,0,0,0,0,0,0",3,fixed_target_router,1.3034685284488898,1.2957714335276003,0.00769709492128956,392.4775143,4,160.0,
10.1149/1.1344281,"10.1149/1.1344281|LiTFSI|0.5|mol/l|mol|0,0,0,0,0,0,1,0,0,0,0,0,0,0,0,0,0,0,0,0,0,0,0,0,0,0,0,0,0,0,0,0,0,0,0,0,0,0",3,fixed_target_router,1.337455673703904,1.350685196103706,0.013229522399802018,390.8794788,4,160.0,
10.1149/1.1344281,"10.1149/1.1344281|LiClO4|0.5|mol/l|mol|0,0,0,0,0,0,1,0,0,0,0,0,0,0,0,0,0,0,0,0,0,0,0,0,0,0,0,0,0,0,0,0,0,0,0,0,0,0",3,fixed_target_router,1.3247506649574456,1.3244262220379932,0.00032444291945243897,392.6380368,4,160.0,
10.1149/1.1344281,"10.1149/1.1344281|LiBPFPB|0.5|mol/l|mol|0,0,0,0,0,0,1,0,0,0,0,0,0,0,0,0,0,0,0,0,0,0,0,0,0,0,0,0,0,0,0,0,0,0,0,0,0,0",3,fixed_target_router,1.0992187498623367,1.0872401617263046,0.011978588136032142,392.6380368,4,160.0,
10.1149/1.1344281,"10.1149/1.1344281|LiBMB|0.5|mol/l|mol|0,0,0,0,0,0,1,0,0,0,0,0,0,0,0,0,0,0,0,0,0,0,0,0,0,0,0,0,0,0,0,0,0,0,0,0,0,0",3,fixed_target_router,1.2176473847940585,1.205814470050638,0.01183291474342063,372.815534,4,160.0,
10.1149/1.1344281,"10.1149/1.1344281|LiCF3SO3|0.5|mol/l|mol|0,0,0,0,0,0,1,0,0,0,0,0,0,0,0,0,0,0,0,0,0,0,0,0,0,0,0,0,0,0,0,0,0,0,0,0,0,0",3,fixed_target_router,1.2704898049566584,1.2707423096395918,0.00025250468293336326,392.4775143,4,160.0,
10.1149/1.1344281,"10.1149/1.1344281|LiTFSI|1|mol/l|mol|0,1,0,0,0,0,0,0,0,0,0,0,0,0,0,0,0,0,0,0,0,0,0,0,0,0,0,0,0,0,0,0,0,0,0,0,0,0",4,fixed_target_router,1.2275862068934567,1.2155735800094534,0.012012626884003286,375.3490984,4,160.0,
10.1149/1.1344281,"10.1149/1.1344281|LiCF3SO3|1|mol/l|mol|0,1,0,0,0,0,0,0,0,0,0,0,0,0,0,0,0,0,0,0,0,0,0,0,0,0,0,0,0,0,0,0,0,0,0,0,0,0",4,fixed_target_router,0.8137931034237572,0.8286128907041186,0.014819787280361374,393.0469442,4,160.0,
10.1149/1.1344281,"10.1149/1.1344281|LiBOB|1|mol/l|mol|0,0,0,0,0,1,0,0,0,0,0,0,0,0,0,0,0,0,0,0,0,0,0,0,0,0,0,0,0,0,0,0,0,0,0,0,0,0",4,fixed_target_router,1.324137930981698,1.3342107151597287,0.010072784178030592,346.4463589,4,160.0,
10.1149/1.1344281,"10.1149/1.1344281|LiClO4|1|mol/l|mol|0,1,0,0,0,0,0,0,0,0,0,0,0,0,0,0,0,0,0,0,0,0,0,0,0,0,0,0,0,0,0,0,0,0,0,0,0,0",4,fixed_target_router,1.1793103447969282,1.18614843861715,0.006838093820221713,393.6420782,4,160.0,
10.1149/1.1344281,"10.1149/1.1344281|LiBOB|1|mol/l|mol|0,0,0,0,0,0,0,1,0,0,0,0,0,0,0,0,0,0,0,0,0,0,0,0,0,0,0,0,0,0,0,0,0,0,0,0,0,0",4,fixed_target_router,1.5724137930816233,1.5670769057428444,0.005336887338778906,344.5125624,4,160.0,
10.1149/1.1344281,"10.1149/1.1344281|LiClO4|0.5|mol/l|mol|0,0,0,0,0,1,0,0,0,0,0,0,0,0,0,0,0,0,0,0,0,0,0,0,0,0,0,0,0,0,0,0,0,0,0,0,0,0",4,fixed_target_router,0.4116022099397765,0.41956802695302464,0.007965817013248166,342.1636336,4,160.0,
10.1149/1.1344281,"10.1149/1.1344281|LiBOB|0.5|mol/l|mol|0,0,0,0,0,0,1,0,0,0,0,0,0,0,0,0,0,0,0,0,0,0,0,0,0,0,0,0,0,0,0,0,0,0,0,0,0,0",4,fixed_target_router,1.3034685284488898,1.3008753296299265,0.0025931988189633604,392.4775143,4,160.0,
10.1149/1.1344281,"10.1149/1.1344281|LiTFSI|0.5|mol/l|mol|0,0,0,0,0,0,1,0,0,0,0,0,0,0,0,0,0,0,0,0,0,0,0,0,0,0,0,0,0,0,0,0,0,0,0,0,0,0",4,fixed_target_router,1.337455673703904,1.343439857192322,0.0059841834884180045,390.8794788,4,160.0,
10.1149/1.1344281,"10.1149/1.1344281|LiClO4|0.5|mol/l|mol|0,0,0,0,0,0,1,0,0,0,0,0,0,0,0,0,0,0,0,0,0,0,0,0,0,0,0,0,0,0,0,0,0,0,0,0,0,0",4,fixed_target_router,1.3247506649574456,1.3260992949386052,0.001348629981159588,392.6380368,4,160.0,
10.1149/1.1344281,"10.1149/1.1344281|LiBPFPB|0.5|mol/l|mol|0,0,0,0,0,0,1,0,0,0,0,0,0,0,0,0,0,0,0,0,0,0,0,0,0,0,0,0,0,0,0,0,0,0,0,0,0,0",4,fixed_target_router,1.0992187498623367,1.098013379255256,0.0012053706070807024,392.6380368,4,160.0,
10.1149/1.1344281,"10.1149/1.1344281|LiBMB|0.5|mol/l|mol|0,0,0,0,0,0,1,0,0,0,0,0,0,0,0,0,0,0,0,0,0,0,0,0,0,0,0,0,0,0,0,0,0,0,0,0,0,0",4,fixed_target_router,1.2176473847940585,1.2162048029682775,0.001442581825781053,372.815534,4,160.0,
10.1149/1.1344281,"10.1149/1.1344281|LiCF3SO3|0.5|mol/l|mol|0,0,0,0,0,0,1,0,0,0,0,0,0,0,0,0,0,0,0,0,0,0,0,0,0,0,0,0,0,0,0,0,0,0,0,0,0,0",4,fixed_target_router,1.2704898049566584,1.2745087217940205,0.004018916837362108,392.4775143,4,160.0,
10.1149/1.1344281,"10.1149/1.1344281|LiTFSI|1|mol/l|mol|0,1,0,0,0,0,0,0,0,0,0,0,0,0,0,0,0,0,0,0,0,0,0,0,0,0,0,0,0,0,0,0,0,0,0,0,0,0",5,fixed_target_router,1.2275862068934567,1.2130465167993822,0.014539690094074409,375.3490984,4,160.0,
10.1149/1.1344281,"10.1149/1.1344281|LiCF3SO3|1|mol/l|mol|0,1,0,0,0,0,0,0,0,0,0,0,0,0,0,0,0,0,0,0,0,0,0,0,0,0,0,0,0,0,0,0,0,0,0,0,0,0",5,fixed_target_router,0.8137931034237572,0.8291171598567484,0.015324056432991173,393.0469442,4,160.0,
10.1149/1.1344281,"10.1149/1.1344281|LiBOB|1|mol/l|mol|0,0,0,0,0,1,0,0,0,0,0,0,0,0,0,0,0,0,0,0,0,0,0,0,0,0,0,0,0,0,0,0,0,0,0,0,0,0",5,fixed_target_router,1.324137930981698,1.3381327329806856,0.013994801998987505,346.4463589,4,160.0,
10.1149/1.1344281,"10.1149/1.1344281|LiClO4|1|mol/l|mol|0,1,0,0,0,0,0,0,0,0,0,0,0,0,0,0,0,0,0,0,0,0,0,0,0,0,0,0,0,0,0,0,0,0,0,0,0,0",5,fixed_target_router,1.1793103447969282,1.1835846644264905,0.004274319629562262,393.6420782,4,160.0,
10.1149/1.1344281,"10.1149/1.1344281|LiBOB|1|mol/l|mol|0,0,0,0,0,0,0,1,0,0,0,0,0,0,0,0,0,0,0,0,0,0,0,0,0,0,0,0,0,0,0,0,0,0,0,0,0,0",5,fixed_target_router,1.5724137930816233,1.5768595601168172,0.004445767035193837,344.5125624,4,160.0,
10.1149/1.1344281,"10.1149/1.1344281|LiClO4|0.5|mol/l|mol|0,0,0,0,0,1,0,0,0,0,0,0,0,0,0,0,0,0,0,0,0,0,0,0,0,0,0,0,0,0,0,0,0,0,0,0,0,0",5,fixed_target_router,0.4116022099397765,0.4170111001805485,0.005408890240772013,342.1636336,4,160.0,
10.1149/1.1344281,"10.1149/1.1344281|LiBOB|0.5|mol/l|mol|0,0,0,0,0,0,1,0,0,0,0,0,0,0,0,0,0,0,0,0,0,0,0,0,0,0,0,0,0,0,0,0,0,0,0,0,0,0",5,fixed_target_router,1.3034685284488898,1.3011081765789472,0.0023603518699426562,392.4775143,4,160.0,
10.1149/1.1344281,"10.1149/1.1344281|LiTFSI|0.5|mol/l|mol|0,0,0,0,0,0,1,0,0,0,0,0,0,0,0,0,0,0,0,0,0,0,0,0,0,0,0,0,0,0,0,0,0,0,0,0,0,0",5,fixed_target_router,1.337455673703904,1.3430588056377268,0.00560313193382278,390.8794788,4,160.0,
10.1149/1.1344281,"10.1149/1.1344281|LiClO4|0.5|mol/l|mol|0,0,0,0,0,0,1,0,0,0,0,0,0,0,0,0,0,0,0,0,0,0,0,0,0,0,0,0,0,0,0,0,0,0,0,0,0,0",5,fixed_target_router,1.3247506649574456,1.3244548646938474,0.00029580026359821154,392.6380368,4,160.0,
10.1149/1.1344281,"10.1149/1.1344281|LiBPFPB|0.5|mol/l|mol|0,0,0,0,0,0,1,0,0,0,0,0,0,0,0,0,0,0,0,0,0,0,0,0,0,0,0,0,0,0,0,0,0,0,0,0,0,0",5,fixed_target_router,1.0992187498623367,1.099710340156582,0.000491590294245281,392.6380368,4,160.0,
10.1149/1.1344281,"10.1149/1.1344281|LiBMB|0.5|mol/l|mol|0,0,0,0,0,0,1,0,0,0,0,0,0,0,0,0,0,0,0,0,0,0,0,0,0,0,0,0,0,0,0,0,0,0,0,0,0,0",5,fixed_target_router,1.2176473847940585,1.2159809401582222,0.0016664446358363172,372.815534,4,160.0,
10.1149/1.1344281,"10.1149/1.1344281|LiCF3SO3|0.5|mol/l|mol|0,0,0,0,0,0,1,0,0,0,0,0,0,0,0,0,0,0,0,0,0,0,0,0,0,0,0,0,0,0,0,0,0,0,0,0,0,0",5,fixed_target_router,1.2704898049566584,1.2732101092450532,0.0027203042883947592,392.4775143,4,160.0,
10.1149/1.1344281,"10.1149/1.1344281|LiTFSI|1|mol/l|mol|0,1,0,0,0,0,0,0,0,0,0,0,0,0,0,0,0,0,0,0,0,0,0,0,0,0,0,0,0,0,0,0,0,0,0,0,0,0",5,cost_sensitive_budget_policy,1.2275862068934567,1.2130465167993822,0.014539690094074409,375.3490984,4,160.0,0.0
10.1149/1.1344281,"10.1149/1.1344281|LiCF3SO3|1|mol/l|mol|0,1,0,0,0,0,0,0,0,0,0,0,0,0,0,0,0,0,0,0,0,0,0,0,0,0,0,0,0,0,0,0,0,0,0,0,0,0",5,cost_sensitive_budget_policy,0.8137931034237572,0.8291171598567484,0.015324056432991173,393.0469442,4,160.0,0.0
10.1149/1.1344281,"10.1149/1.1344281|LiBOB|1|mol/l|mol|0,0,0,0,0,1,0,0,0,0,0,0,0,0,0,0,0,0,0,0,0,0,0,0,0,0,0,0,0,0,0,0,0,0,0,0,0,0",5,cost_sensitive_budget_policy,1.324137930981698,1.3381327329806856,0.013994801998987505,346.4463589,4,160.0,0.0
10.1149/1.1344281,"10.1149/1.1344281|LiClO4|1|mol/l|mol|0,1,0,0,0,0,0,0,0,0,0,0,0,0,0,0,0,0,0,0,0,0,0,0,0,0,0,0,0,0,0,0,0,0,0,0,0,0",5,cost_sensitive_budget_policy,1.1793103447969282,1.1835846644264905,0.004274319629562262,393.6420782,4,160.0,0.0
10.1149/1.1344281,"10.1149/1.1344281|LiBOB|1|mol/l|mol|0,0,0,0,0,0,0,1,0,0,0,0,0,0,0,0,0,0,0,0,0,0,0,0,0,0,0,0,0,0,0,0,0,0,0,0,0,0",5,cost_sensitive_budget_policy,1.5724137930816233,1.5768595601168172,0.004445767035193837,344.5125624,4,160.0,0.0
10.1149/1.1344281,"10.1149/1.1344281|LiClO4|0.5|mol/l|mol|0,0,0,0,0,1,0,0,0,0,0,0,0,0,0,0,0,0,0,0,0,0,0,0,0,0,0,0,0,0,0,0,0,0,0,0,0,0",5,cost_sensitive_budget_policy,0.4116022099397765,0.4170111001805485,0.005408890240772013,342.1636336,4,160.0,0.0
10.1149/1.1344281,"10.1149/1.1344281|LiBOB|0.5|mol/l|mol|0,0,0,0,0,0,1,0,0,0,0,0,0,0,0,0,0,0,0,0,0,0,0,0,0,0,0,0,0,0,0,0,0,0,0,0,0,0",5,cost_sensitive_budget_policy,1.3034685284488898,1.3011081765789472,0.0023603518699426562,392.4775143,4,160.0,0.0
10.1149/1.1344281,"10.1149/1.1344281|LiTFSI|0.5|mol/l|mol|0,0,0,0,0,0,1,0,0,0,0,0,0,0,0,0,0,0,0,0,0,0,0,0,0,0,0,0,0,0,0,0,0,0,0,0,0,0",5,cost_sensitive_budget_policy,1.337455673703904,1.3430588056377268,0.00560313193382278,390.8794788,4,160.0,0.0
10.1149/1.1344281,"10.1149/1.1344281|LiClO4|0.5|mol/l|mol|0,0,0,0,0,0,1,0,0,0,0,0,0,0,0,0,0,0,0,0,0,0,0,0,0,0,0,0,0,0,0,0,0,0,0,0,0,0",5,cost_sensitive_budget_policy,1.3247506649574456,1.3244548646938474,0.00029580026359821154,392.6380368,4,160.0,0.0
10.1149/1.1344281,"10.1149/1.1344281|LiBPFPB|0.5|mol/l|mol|0,0,0,0,0,0,1,0,0,0,0,0,0,0,0,0,0,0,0,0,0,0,0,0,0,0,0,0,0,0,0,0,0,0,0,0,0,0",5,cost_sensitive_budget_policy,1.0992187498623367,1.099710340156582,0.000491590294245281,392.6380368,4,160.0,0.0
10.1149/1.1344281,"10.1149/1.1344281|LiBMB|0.5|mol/l|mol|0,0,0,0,0,0,1,0,0,0,0,0,0,0,0,0,0,0,0,0,0,0,0,0,0,0,0,0,0,0,0,0,0,0,0,0,0,0",5,cost_sensitive_budget_policy,1.2176473847940585,1.2159809401582222,0.0016664446358363172,372.815534,4,160.0,0.0
10.1149/1.1344281,"10.1149/1.1344281|LiCF3SO3|0.5|mol/l|mol|0,0,0,0,0,0,1,0,0,0,0,0,0,0,0,0,0,0,0,0,0,0,0,0,0,0,0,0,0,0,0,0,0,0,0,0,0,0",5,cost_sensitive_budget_policy,1.2704898049566584,1.2732101092450532,0.0027203042883947592,392.4775143,4,160.0,0.0
10.1149/1.1344281,"10.1149/1.1344281|LiTFSI|1|mol/l|mol|0,1,0,0,0,0,0,0,0,0,0,0,0,0,0,0,0,0,0,0,0,0,0,0,0,0,0,0,0,0,0,0,0,0,0,0,0,0",5,cost_sensitive_budget_policy,1.2275862068934567,1.2130465167993822,0.014539690094074409,375.3490984,4,160.0,0.0025
10.1149/1.1344281,"10.1149/1.1344281|LiCF3SO3|1|mol/l|mol|0,1,0,0,0,0,0,0,0,0,0,0,0,0,0,0,0,0,0,0,0,0,0,0,0,0,0,0,0,0,0,0,0,0,0,0,0,0",5,cost_sensitive_budget_policy,0.8137931034237572,0.8291171598567484,0.015324056432991173,393.0469442,4,160.0,0.0025
10.1149/1.1344281,"10.1149/1.1344281|LiBOB|1|mol/l|mol|0,0,0,0,0,1,0,0,0,0,0,0,0,0,0,0,0,0,0,0,0,0,0,0,0,0,0,0,0,0,0,0,0,0,0,0,0,0",5,cost_sensitive_budget_policy,1.324137930981698,1.3381327329806856,0.013994801998987505,346.4463589,4,160.0,0.0025
10.1149/1.1344281,"10.1149/1.1344281|LiClO4|1|mol/l|mol|0,1,0,0,0,0,0,0,0,0,0,0,0,0,0,0,0,0,0,0,0,0,0,0,0,0,0,0,0,0,0,0,0,0,0,0,0,0",5,cost_sensitive_budget_policy,1.1793103447969282,1.1835846644264905,0.004274319629562262,393.6420782,4,160.0,0.0025
10.1149/1.1344281,"10.1149/1.1344281|LiBOB|1|mol/l|mol|0,0,0,0,0,0,0,1,0,0,0,0,0,0,0,0,0,0,0,0,0,0,0,0,0,0,0,0,0,0,0,0,0,0,0,0,0,0",5,cost_sensitive_budget_policy,1.5724137930816233,1.5768595601168172,0.004445767035193837,344.5125624,4,160.0,0.0025
10.1149/1.1344281,"10.1149/1.1344281|LiClO4|0.5|mol/l|mol|0,0,0,0,0,1,0,0,0,0,0,0,0,0,0,0,0,0,0,0,0,0,0,0,0,0,0,0,0,0,0,0,0,0,0,0,0,0",5,cost_sensitive_budget_policy,0.4116022099397765,0.4170111001805485,0.005408890240772013,342.1636336,4,160.0,0.0025
10.1149/1.1344281,"10.1149/1.1344281|LiBOB|0.5|mol/l|mol|0,0,0,0,0,0,1,0,0,0,0,0,0,0,0,0,0,0,0,0,0,0,0,0,0,0,0,0,0,0,0,0,0,0,0,0,0,0",5,cost_sensitive_budget_policy,1.3034685284488898,1.3011081765789472,0.0023603518699426562,392.4775143,4,160.0,0.0025
10.1149/1.1344281,"10.1149/1.1344281|LiTFSI|0.5|mol/l|mol|0,0,0,0,0,0,1,0,0,0,0,0,0,0,0,0,0,0,0,0,0,0,0,0,0,0,0,0,0,0,0,0,0,0,0,0,0,0",5,cost_sensitive_budget_policy,1.337455673703904,1.3430588056377268,0.00560313193382278,390.8794788,4,160.0,0.0025
10.1149/1.1344281,"10.1149/1.1344281|LiClO4|0.5|mol/l|mol|0,0,0,0,0,0,1,0,0,0,0,0,0,0,0,0,0,0,0,0,0,0,0,0,0,0,0,0,0,0,0,0,0,0,0,0,0,0",5,cost_sensitive_budget_policy,1.3247506649574456,1.3244548646938474,0.00029580026359821154,392.6380368,4,160.0,0.0025
10.1149/1.1344281,"10.1149/1.1344281|LiBPFPB|0.5|mol/l|mol|0,0,0,0,0,0,1,0,0,0,0,0,0,0,0,0,0,0,0,0,0,0,0,0,0,0,0,0,0,0,0,0,0,0,0,0,0,0",5,cost_sensitive_budget_policy,1.0992187498623367,1.099710340156582,0.000491590294245281,392.6380368,4,160.0,0.0025
10.1149/1.1344281,"10.1149/1.1344281|LiBMB|0.5|mol/l|mol|0,0,0,0,0,0,1,0,0,0,0,0,0,0,0,0,0,0,0,0,0,0,0,0,0,0,0,0,0,0,0,0,0,0,0,0,0,0",5,cost_sensitive_budget_policy,1.2176473847940585,1.2159809401582222,0.0016664446358363172,372.815534,4,160.0,0.0025
10.1149/1.1344281,"10.1149/1.1344281|LiCF3SO3|0.5|mol/l|mol|0,0,0,0,0,0,1,0,0,0,0,0,0,0,0,0,0,0,0,0,0,0,0,0,0,0,0,0,0,0,0,0,0,0,0,0,0,0",5,cost_sensitive_budget_policy,1.2704898049566584,1.2732101092450532,0.0027203042883947592,392.4775143,4,160.0,0.0025
10.1149/1.1344281,"10.1149/1.1344281|LiTFSI|1|mol/l|mol|0,1,0,0,0,0,0,0,0,0,0,0,0,0,0,0,0,0,0,0,0,0,0,0,0,0,0,0,0,0,0,0,0,0,0,0,0,0",5,cost_sensitive_budget_policy,1.2275862068934567,1.2130465167993822,0.014539690094074409,375.3490984,4,160.0,0.005
10.1149/1.1344281,"10.1149/1.1344281|LiCF3SO3|1|mol/l|mol|0,1,0,0,0,0,0,0,0,0,0,0,0,0,0,0,0,0,0,0,0,0,0,0,0,0,0,0,0,0,0,0,0,0,0,0,0,0",5,cost_sensitive_budget_policy,0.8137931034237572,0.8291171598567484,0.015324056432991173,393.0469442,4,160.0,0.005
10.1149/1.1344281,"10.1149/1.1344281|LiBOB|1|mol/l|mol|0,0,0,0,0,1,0,0,0,0,0,0,0,0,0,0,0,0,0,0,0,0,0,0,0,0,0,0,0,0,0,0,0,0,0,0,0,0",5,cost_sensitive_budget_policy,1.324137930981698,1.3381327329806856,0.013994801998987505,346.4463589,4,160.0,0.005
10.1149/1.1344281,"10.1149/1.1344281|LiClO4|1|mol/l|mol|0,1,0,0,0,0,0,0,0,0,0,0,0,0,0,0,0,0,0,0,0,0,0,0,0,0,0,0,0,0,0,0,0,0,0,0,0,0",5,cost_sensitive_budget_policy,1.1793103447969282,1.1835846644264905,0.004274319629562262,393.6420782,4,160.0,0.005
10.1149/1.1344281,"10.1149/1.1344281|LiBOB|1|mol/l|mol|0,0,0,0,0,0,0,1,0,0,0,0,0,0,0,0,0,0,0,0,0,0,0,0,0,0,0,0,0,0,0,0,0,0,0,0,0,0",5,cost_sensitive_budget_policy,1.5724137930816233,1.5768595601168172,0.004445767035193837,344.5125624,4,160.0,0.005
10.1149/1.1344281,"10.1149/1.1344281|LiClO4|0.5|mol/l|mol|0,0,0,0,0,1,0,0,0,0,0,0,0,0,0,0,0,0,0,0,0,0,0,0,0,0,0,0,0,0,0,0,0,0,0,0,0,0",5,cost_sensitive_budget_policy,0.4116022099397765,0.4170111001805485,0.005408890240772013,342.1636336,4,160.0,0.005
10.1149/1.1344281,"10.1149/1.1344281|LiBOB|0.5|mol/l|mol|0,0,0,0,0,0,1,0,0,0,0,0,0,0,0,0,0,0,0,0,0,0,0,0,0,0,0,0,0,0,0,0,0,0,0,0,0,0",5,cost_sensitive_budget_policy,1.3034685284488898,1.3011081765789472,0.0023603518699426562,392.4775143,4,160.0,0.005
10.1149/1.1344281,"10.1149/1.1344281|LiTFSI|0.5|mol/l|mol|0,0,0,0,0,0,1,0,0,0,0,0,0,0,0,0,0,0,0,0,0,0,0,0,0,0,0,0,0,0,0,0,0,0,0,0,0,0",5,cost_sensitive_budget_policy,1.337455673703904,1.3430588056377268,0.00560313193382278,390.8794788,4,160.0,0.005
10.1149/1.1344281,"10.1149/1.1344281|LiClO4|0.5|mol/l|mol|0,0,0,0,0,0,1,0,0,0,0,0,0,0,0,0,0,0,0,0,0,0,0,0,0,0,0,0,0,0,0,0,0,0,0,0,0,0",5,cost_sensitive_budget_policy,1.3247506649574456,1.3244548646938474,0.00029580026359821154,392.6380368,4,160.0,0.005
10.1149/1.1344281,"10.1149/1.1344281|LiBPFPB|0.5|mol/l|mol|0,0,0,0,0,0,1,0,0,0,0,0,0,0,0,0,0,0,0,0,0,0,0,0,0,0,0,0,0,0,0,0,0,0,0,0,0,0",5,cost_sensitive_budget_policy,1.0992187498623367,1.099710340156582,0.000491590294245281,392.6380368,4,160.0,0.005
10.1149/1.1344281,"10.1149/1.1344281|LiBMB|0.5|mol/l|mol|0,0,0,0,0,0,1,0,0,0,0,0,0,0,0,0,0,0,0,0,0,0,0,0,0,0,0,0,0,0,0,0,0,0,0,0,0,0",5,cost_sensitive_budget_policy,1.2176473847940585,1.2159809401582222,0.0016664446358363172,372.815534,4,160.0,0.005
10.1149/1.1344281,"10.1149/1.1344281|LiCF3SO3|0.5|mol/l|mol|0,0,0,0,0,0,1,0,0,0,0,0,0,0,0,0,0,0,0,0,0,0,0,0,0,0,0,0,0,0,0,0,0,0,0,0,0,0",5,cost_sensitive_budget_policy,1.2704898049566584,1.2732101092450532,0.0027203042883947592,392.4775143,4,160.0,0.005
10.1149/1.1344281,"10.1149/1.1344281|LiTFSI|1|mol/l|mol|0,1,0,0,0,0,0,0,0,0,0,0,0,0,0,0,0,0,0,0,0,0,0,0,0,0,0,0,0,0,0,0,0,0,0,0,0,0",4,cost_sensitive_budget_policy,1.2275862068934567,1.2155735800094534,0.012012626884003286,375.3490984,4,160.0,0.01
10.1149/1.1344281,"10.1149/1.1344281|LiCF3SO3|1|mol/l|mol|0,1,0,0,0,0,0,0,0,0,0,0,0,0,0,0,0,0,0,0,0,0,0,0,0,0,0,0,0,0,0,0,0,0,0,0,0,0",4,cost_sensitive_budget_policy,0.8137931034237572,0.8286128907041186,0.014819787280361374,393.0469442,4,160.0,0.01
10.1149/1.1344281,"10.1149/1.1344281|LiBOB|1|mol/l|mol|0,0,0,0,0,1,0,0,0,0,0,0,0,0,0,0,0,0,0,0,0,0,0,0,0,0,0,0,0,0,0,0,0,0,0,0,0,0",4,cost_sensitive_budget_policy,1.324137930981698,1.3342107151597287,0.010072784178030592,346.4463589,4,160.0,0.01
10.1149/1.1344281,"10.1149/1.1344281|LiClO4|1|mol/l|mol|0,1,0,0,0,0,0,0,0,0,0,0,0,0,0,0,0,0,0,0,0,0,0,0,0,0,0,0,0,0,0,0,0,0,0,0,0,0",4,cost_sensitive_budget_policy,1.1793103447969282,1.18614843861715,0.006838093820221713,393.6420782,4,160.0,0.01
10.1149/1.1344281,"10.1149/1.1344281|LiBOB|1|mol/l|mol|0,0,0,0,0,0,0,1,0,0,0,0,0,0,0,0,0,0,0,0,0,0,0,0,0,0,0,0,0,0,0,0,0,0,0,0,0,0",4,cost_sensitive_budget_policy,1.5724137930816233,1.5670769057428444,0.005336887338778906,344.5125624,4,160.0,0.01
10.1149/1.1344281,"10.1149/1.1344281|LiClO4|0.5|mol/l|mol|0,0,0,0,0,1,0,0,0,0,0,0,0,0,0,0,0,0,0,0,0,0,0,0,0,0,0,0,0,0,0,0,0,0,0,0,0,0",4,cost_sensitive_budget_policy,0.4116022099397765,0.41956802695302464,0.007965817013248166,342.1636336,4,160.0,0.01
10.1149/1.1344281,"10.1149/1.1344281|LiBOB|0.5|mol/l|mol|0,0,0,0,0,0,1,0,0,0,0,0,0,0,0,0,0,0,0,0,0,0,0,0,0,0,0,0,0,0,0,0,0,0,0,0,0,0",4,cost_sensitive_budget_policy,1.3034685284488898,1.3008753296299265,0.0025931988189633604,392.4775143,4,160.0,0.01
10.1149/1.1344281,"10.1149/1.1344281|LiTFSI|0.5|mol/l|mol|0,0,0,0,0,0,1,0,0,0,0,0,0,0,0,0,0,0,0,0,0,0,0,0,0,0,0,0,0,0,0,0,0,0,0,0,0,0",4,cost_sensitive_budget_policy,1.337455673703904,1.343439857192322,0.0059841834884180045,390.8794788,4,160.0,0.01
10.1149/1.1344281,"10.1149/1.1344281|LiClO4|0.5|mol/l|mol|0,0,0,0,0,0,1,0,0,0,0,0,0,0,0,0,0,0,0,0,0,0,0,0,0,0,0,0,0,0,0,0,0,0,0,0,0,0",4,cost_sensitive_budget_policy,1.3247506649574456,1.3260992949386052,0.001348629981159588,392.6380368,4,160.0,0.01
10.1149/1.1344281,"10.1149/1.1344281|LiBPFPB|0.5|mol/l|mol|0,0,0,0,0,0,1,0,0,0,0,0,0,0,0,0,0,0,0,0,0,0,0,0,0,0,0,0,0,0,0,0,0,0,0,0,0,0",4,cost_sensitive_budget_policy,1.0992187498623367,1.098013379255256,0.0012053706070807024,392.6380368,4,160.0,0.01
10.1149/1.1344281,"10.1149/1.1344281|LiBMB|0.5|mol/l|mol|0,0,0,0,0,0,1,0,0,0,0,0,0,0,0,0,0,0,0,0,0,0,0,0,0,0,0,0,0,0,0,0,0,0,0,0,0,0",4,cost_sensitive_budget_policy,1.2176473847940585,1.2162048029682775,0.001442581825781053,372.815534,4,160.0,0.01
10.1149/1.1344281,"10.1149/1.1344281|LiCF3SO3|0.5|mol/l|mol|0,0,0,0,0,0,1,0,0,0,0,0,0,0,0,0,0,0,0,0,0,0,0,0,0,0,0,0,0,0,0,0,0,0,0,0,0,0",4,cost_sensitive_budget_policy,1.2704898049566584,1.2745087217940205,0.004018916837362108,392.4775143,4,160.0,0.01
10.1149/1.1344281,"10.1149/1.1344281|LiTFSI|1|mol/l|mol|0,1,0,0,0,0,0,0,0,0,0,0,0,0,0,0,0,0,0,0,0,0,0,0,0,0,0,0,0,0,0,0,0,0,0,0,0,0",3,cost_sensitive_budget_policy,1.2275862068934567,1.2125755629531298,0.015010643940326807,375.3490984,4,160.0,0.02
10.1149/1.1344281,"10.1149/1.1344281|LiCF3SO3|1|mol/l|mol|0,1,0,0,0,0,0,0,0,0,0,0,0,0,0,0,0,0,0,0,0,0,0,0,0,0,0,0,0,0,0,0,0,0,0,0,0,0",3,cost_sensitive_budget_policy,0.8137931034237572,0.8254277325264301,0.011634629102672878,393.0469442,4,160.0,0.02
10.1149/1.1344281,"10.1149/1.1344281|LiBOB|1|mol/l|mol|0,0,0,0,0,1,0,0,0,0,0,0,0,0,0,0,0,0,0,0,0,0,0,0,0,0,0,0,0,0,0,0,0,0,0,0,0,0",3,cost_sensitive_budget_policy,1.324137930981698,1.356345545864105,0.032207614882406865,346.4463589,4,160.0,0.02
10.1149/1.1344281,"10.1149/1.1344281|LiClO4|1|mol/l|mol|0,1,0,0,0,0,0,0,0,0,0,0,0,0,0,0,0,0,0,0,0,0,0,0,0,0,0,0,0,0,0,0,0,0,0,0,0,0",3,cost_sensitive_budget_policy,1.1793103447969282,1.1963520729221713,0.017041728125243072,393.6420782,4,160.0,0.02
10.1149/1.1344281,"10.1149/1.1344281|LiBOB|1|mol/l|mol|0,0,0,0,0,0,0,1,0,0,0,0,0,0,0,0,0,0,0,0,0,0,0,0,0,0,0,0,0,0,0,0,0,0,0,0,0,0",3,cost_sensitive_budget_policy,1.5724137930816233,1.53691564153395,0.03549815154767333,344.5125624,4,160.0,0.02
10.1149/1.1344281,"10.1149/1.1344281|LiClO4|0.5|mol/l|mol|0,0,0,0,0,1,0,0,0,0,0,0,0,0,0,0,0,0,0,0,0,0,0,0,0,0,0,0,0,0,0,0,0,0,0,0,0,0",3,cost_sensitive_budget_policy,0.4116022099397765,0.459446971492789,0.04784476155301254,342.1636336,4,160.0,0.02
10.1149/1.1344281,"10.1149/1.1344281|LiBOB|0.5|mol/l|mol|0,0,0,0,0,0,1,0,0,0,0,0,0,0,0,0,0,0,0,0,0,0,0,0,0,0,0,0,0,0,0,0,0,0,0,0,0,0",3,cost_sensitive_budget_policy,1.3034685284488898,1.2957714335276003,0.00769709492128956,392.4775143,4,160.0,0.02
10.1149/1.1344281,"10.1149/1.1344281|LiTFSI|0.5|mol/l|mol|0,0,0,0,0,0,1,0,0,0,0,0,0,0,0,0,0,0,0,0,0,0,0,0,0,0,0,0,0,0,0,0,0,0,0,0,0,0",3,cost_sensitive_budget_policy,1.337455673703904,1.350685196103706,0.013229522399802018,390.8794788,4,160.0,0.02
10.1149/1.1344281,"10.1149/1.1344281|LiClO4|0.5|mol/l|mol|0,0,0,0,0,0,1,0,0,0,0,0,0,0,0,0,0,0,0,0,0,0,0,0,0,0,0,0,0,0,0,0,0,0,0,0,0,0",3,cost_sensitive_budget_policy,1.3247506649574456,1.3244262220379932,0.00032444291945243897,392.6380368,4,160.0,0.02
10.1149/1.1344281,"10.1149/1.1344281|LiBPFPB|0.5|mol/l|mol|0,0,0,0,0,0,1,0,0,0,0,0,0,0,0,0,0,0,0,0,0,0,0,0,0,0,0,0,0,0,0,0,0,0,0,0,0,0",3,cost_sensitive_budget_policy,1.0992187498623367,1.0872401617263046,0.011978588136032142,392.6380368,4,160.0,0.02
10.1149/1.1344281,"10.1149/1.1344281|LiBMB|0.5|mol/l|mol|0,0,0,0,0,0,1,0,0,0,0,0,0,0,0,0,0,0,0,0,0,0,0,0,0,0,0,0,0,0,0,0,0,0,0,0,0,0",3,cost_sensitive_budget_policy,1.2176473847940585,1.205814470050638,0.01183291474342063,372.815534,4,160.0,0.02
10.1149/1.1344281,"10.1149/1.1344281|LiCF3SO3|0.5|mol/l|mol|0,0,0,0,0,0,1,0,0,0,0,0,0,0,0,0,0,0,0,0,0,0,0,0,0,0,0,0,0,0,0,0,0,0,0,0,0,0",3,cost_sensitive_budget_policy,1.2704898049566584,1.2707423096395918,0.00025250468293336326,392.4775143,4,160.0,0.02
10.1149/1.1390879,"10.1149/1.1390879|LiPF6|0.5|mol/l|mol|0,0,0,0,0,0,0,0,1,0,0,0,0,0,0,0,0,0,0,0,0,0,0,0,0,0,0,0,0,0,0,0,0,0,0,0,0,0",3,fixed_target_router,0.4046840787884873,0.5490632535490327,0.14437917476054546,343.2733917,4,160.0,
10.1149/1.1390879,"10.1149/1.1390879|LiPF6|1|mol/l|mol|0,0,0,0,0,0,0,0,1,0,0,0,0,0,0,0,0,0,0,0,0,0,0,0,0,0,0,0,0,0,0,0,0,0,0,0,0,0",3,fixed_target_router,0.7534348692635082,0.7579216942198836,0.004486824956375424,343.3911846,4,160.0,
10.1149/1.1390879,"10.1149/1.1390879|LiPF6|0.5|mol/l|mol|0,0,0,0,0,0,0,0,1,0,0,0,0,0,0,0,0,0,0,0,0,0,0,0,0,0,0,0,0,0,0,0,0,0,0,0,0,0",4,fixed_target_router,0.4046840787884873,0.47358453189448646,0.06890045310599918,343.2733917,4,160.0,
10.1149/1.1390879,"10.1149/1.1390879|LiPF6|1|mol/l|mol|0,0,0,0,0,0,0,0,1,0,0,0,0,0,0,0,0,0,0,0,0,0,0,0,0,0,0,0,0,0,0,0,0,0,0,0,0,0",4,fixed_target_router,0.7534348692635082,0.775460859058317,0.022025989794808742,343.3911846,4,160.0,
10.1149/1.1390879,"10.1149/1.1390879|LiPF6|0.5|mol/l|mol|0,0,0,0,0,0,0,0,1,0,0,0,0,0,0,0,0,0,0,0,0,0,0,0,0,0,0,0,0,0,0,0,0,0,0,0,0,0",5,fixed_target_router,0.4046840787884873,0.45249012975255654,0.04780605096406926,343.2733917,4,160.0,
10.1149/1.1390879,"10.1149/1.1390879|LiPF6|1|mol/l|mol|0,0,0,0,0,0,0,0,1,0,0,0,0,0,0,0,0,0,0,0,0,0,0,0,0,0,0,0,0,0,0,0,0,0,0,0,0,0",5,fixed_target_router,0.7534348692635082,0.7666183728051613,0.013183503541653097,343.3911846,4,160.0,
10.1149/1.1390879,"10.1149/1.1390879|LiPF6|0.5|mol/l|mol|0,0,0,0,0,0,0,0,1,0,0,0,0,0,0,0,0,0,0,0,0,0,0,0,0,0,0,0,0,0,0,0,0,0,0,0,0,0",5,cost_sensitive_budget_policy,0.4046840787884873,0.45249012975255654,0.04780605096406926,343.2733917,4,160.0,0.0
10.1149/1.1390879,"10.1149/1.1390879|LiPF6|1|mol/l|mol|0,0,0,0,0,0,0,0,1,0,0,0,0,0,0,0,0,0,0,0,0,0,0,0,0,0,0,0,0,0,0,0,0,0,0,0,0,0",5,cost_sensitive_budget_policy,0.7534348692635082,0.7666183728051613,0.013183503541653097,343.3911846,4,160.0,0.0
10.1149/1.1390879,"10.1149/1.1390879|LiPF6|0.5|mol/l|mol|0,0,0,0,0,0,0,0,1,0,0,0,0,0,0,0,0,0,0,0,0,0,0,0,0,0,0,0,0,0,0,0,0,0,0,0,0,0",5,cost_sensitive_budget_policy,0.4046840787884873,0.45249012975255654,0.04780605096406926,343.2733917,4,160.0,0.0025
10.1149/1.1390879,"10.1149/1.1390879|LiPF6|1|mol/l|mol|0,0,0,0,0,0,0,0,1,0,0,0,0,0,0,0,0,0,0,0,0,0,0,0,0,0,0,0,0,0,0,0,0,0,0,0,0,0",5,cost_sensitive_budget_policy,0.7534348692635082,0.7666183728051613,0.013183503541653097,343.3911846,4,160.0,0.0025
10.1149/1.1390879,"10.1149/1.1390879|LiPF6|0.5|mol/l|mol|0,0,0,0,0,0,0,0,1,0,0,0,0,0,0,0,0,0,0,0,0,0,0,0,0,0,0,0,0,0,0,0,0,0,0,0,0,0",4,cost_sensitive_budget_policy,0.4046840787884873,0.47358453189448646,0.06890045310599918,343.2733917,4,160.0,0.005
10.1149/1.1390879,"10.1149/1.1390879|LiPF6|1|mol/l|mol|0,0,0,0,0,0,0,0,1,0,0,0,0,0,0,0,0,0,0,0,0,0,0,0,0,0,0,0,0,0,0,0,0,0,0,0,0,0",4,cost_sensitive_budget_policy,0.7534348692635082,0.775460859058317,0.022025989794808742,343.3911846,4,160.0,0.005
10.1149/1.1390879,"10.1149/1.1390879|LiPF6|0.5|mol/l|mol|0,0,0,0,0,0,0,0,1,0,0,0,0,0,0,0,0,0,0,0,0,0,0,0,0,0,0,0,0,0,0,0,0,0,0,0,0,0",4,cost_sensitive_budget_policy,0.4046840787884873,0.47358453189448646,0.06890045310599918,343.2733917,4,160.0,0.01
10.1149/1.1390879,"10.1149/1.1390879|LiPF6|1|mol/l|mol|0,0,0,0,0,0,0,0,1,0,0,0,0,0,0,0,0,0,0,0,0,0,0,0,0,0,0,0,0,0,0,0,0,0,0,0,0,0",4,cost_sensitive_budget_policy,0.7534348692635082,0.775460859058317,0.022025989794808742,343.3911846,4,160.0,0.01
10.1149/1.1390879,"10.1149/1.1390879|LiPF6|0.5|mol/l|mol|0,0,0,0,0,0,0,0,1,0,0,0,0,0,0,0,0,0,0,0,0,0,0,0,0,0,0,0,0,0,0,0,0,0,0,0,0,0",3,cost_sensitive_budget_policy,0.4046840787884873,0.5490632535490327,0.14437917476054546,343.2733917,4,160.0,0.02
10.1149/1.1390879,"10.1149/1.1390879|LiPF6|1|mol/l|mol|0,0,0,0,0,0,0,0,1,0,0,0,0,0,0,0,0,0,0,0,0,0,0,0,0,0,0,0,0,0,0,0,0,0,0,0,0,0",3,cost_sensitive_budget_policy,0.7534348692635082,0.7579216942198836,0.004486824956375424,343.3911846,4,160.0,0.02
10.1149/1.1403730,"10.1149/1.1403730|LiPF6|0.45446|mol/kg|w|0.2,0,0,0.8,0,0,0,0,0,0,0,0,0,0,0,0,0,0,0,0,0,0,0,0,0,0,0,0,0,0,0,0,0,0,0,0,0,0",3,fixed_target_router,0.9153244434315747,0.9795293558598722,0.06420491242829751,323.15,4,160.0,
10.1149/1.1403730,"10.1149/1.1403730|LiPF6|0.768075|mol/kg|w|0.2,0,0,0.8,0,0,0,0,0,0,0,0,0,0,0,0,0,0,0,0,0,0,0,0,0,0,0,0,0,0,0,0,0,0,0,0,0,0",3,fixed_target_router,1.001156577344322,1.041985614709768,0.04082903736544585,323.15,4,160.0,
10.1149/1.1403730,"10.1149/1.1403730|LiPF6|0.912676|mol/kg|w|0.2,0,0,0.8,0,0,0,0,0,0,0,0,0,0,0,0,0,0,0,0,0,0,0,0,0,0,0,0,0,0,0,0,0,0,0,0,0,0",3,fixed_target_router,1.0750252864330636,1.1050616896571648,0.03003640322410117,333.15,4,160.0,
10.1149/1.1403730,"10.1149/1.1403730|LiPF6|1.59249|mol/kg|w|0.2,0,0,0.8,0,0,0,0,0,0,0,0,0,0,0,0,0,0,0,0,0,0,0,0,0,0,0,0,0,0,0,0,0,0,0,0,0,0",3,fixed_target_router,1.0637442758310631,1.085561670199885,0.021817394368821796,323.15,4,160.0,
10.1149/1.1403730,"10.1149/1.1403730|LiPF6|0.614953|mol/kg|w|0.3,0,0,0.7,0,0,0,0,0,0,0,0,0,0,0,0,0,0,0,0,0,0,0,0,0,0,0,0,0,0,0,0,0,0,0,0,0,0",3,fixed_target_router,0.9357471147862473,0.9550117239764586,0.019264609190211335,303.15,4,160.0,
10.1149/1.1403730,"10.1149/1.1403730|LiPF6|0.762617|mol/kg|w|0.3,0,0,0.7,0,0,0,0,0,0,0,0,0,0,0,0,0,0,0,0,0,0,0,0,0,0,0,0,0,0,0,0,0,0,0,0,0,0",3,fixed_target_router,1.1133702782571115,1.1225082025451694,0.00913792428805782,333.15,4,160.0,
10.1149/1.1403730,"10.1149/1.1403730|LiPF6|1.61121|mol/kg|w|0.3,0,0,0.7,0,0,0,0,0,0,0,0,0,0,0,0,0,0,0,0,0,0,0,0,0,0,0,0,0,0,0,0,0,0,0,0,0,0",3,fixed_target_router,1.1495416702532648,1.1594159150730854,0.009874244819820577,333.15,4,160.0,
10.1149/1.1403730,"10.1149/1.1403730|LiPF6|0.601254|mol/kg|w|0.4,0,0,0.6,0,0,0,0,0,0,0,0,0,0,0,0,0,0,0,0,0,0,0,0,0,0,0,0,0,0,0,0,0,0,0,0,0,0",3,fixed_target_router,1.0867343840878274,1.1042233754307522,0.01748899134292481,323.15,4,160.0,
10.1149/1.1403730,"10.1149/1.1403730|LiPF6|0.883547|mol/kg|w|0.5,0,0,0.5,0,0,0,0,0,0,0,0,0,0,0,0,0,0,0,0,0,0,0,0,0,0,0,0,0,0,0,0,0,0,0,0,0,0",3,fixed_target_router,1.1543461114692786,1.1186173521917506,0.035728759277527944,323.15,4,160.0,
10.1149/1.1403730,"10.1149/1.1403730|LiPF6|0.45446|mol/kg|w|0.2,0,0,0.8,0,0,0,0,0,0,0,0,0,0,0,0,0,0,0,0,0,0,0,0,0,0,0,0,0,0,0,0,0,0,0,0,0,0",4,fixed_target_router,0.9153244434315747,0.9499477798746709,0.03462333644309623,323.15,4,160.0,
10.1149/1.1403730,"10.1149/1.1403730|LiPF6|0.768075|mol/kg|w|0.2,0,0,0.8,0,0,0,0,0,0,0,0,0,0,0,0,0,0,0,0,0,0,0,0,0,0,0,0,0,0,0,0,0,0,0,0,0,0",4,fixed_target_router,1.001156577344322,1.004212514878203,0.0030559375338810035,323.15,4,160.0,
10.1149/1.1403730,"10.1149/1.1403730|LiPF6|0.912676|mol/kg|w|0.2,0,0,0.8,0,0,0,0,0,0,0,0,0,0,0,0,0,0,0,0,0,0,0,0,0,0,0,0,0,0,0,0,0,0,0,0,0,0",4,fixed_target_router,1.0750252864330636,1.0751887362185675,0.00016344978550386635,333.15,4,160.0,
10.1149/1.1403730,"10.1149/1.1403730|LiPF6|1.59249|mol/kg|w|0.2,0,0,0.8,0,0,0,0,0,0,0,0,0,0,0,0,0,0,0,0,0,0,0,0,0,0,0,0,0,0,0,0,0,0,0,0,0,0",4,fixed_target_router,1.0637442758310631,1.0957574841814783,0.03201320835041521,323.15,4,160.0,
10.1149/1.1403730,"10.1149/1.1403730|LiPF6|0.614953|mol/kg|w|0.3,0,0,0.7,0,0,0,0,0,0,0,0,0,0,0,0,0,0,0,0,0,0,0,0,0,0,0,0,0,0,0,0,0,0,0,0,0,0",4,fixed_target_router,0.9357471147862473,0.928829962171068,0.006917152615179334,303.15,4,160.0,
10.1149/1.1403730,"10.1149/1.1403730|LiPF6|0.762617|mol/kg|w|0.3,0,0,0.7,0,0,0,0,0,0,0,0,0,0,0,0,0,0,0,0,0,0,0,0,0,0,0,0,0,0,0,0,0,0,0,0,0,0",4,fixed_target_router,1.1133702782571115,1.1193697563942124,0.005999478137100889,333.15,4,160.0,
10.1149/1.1403730,"10.1149/1.1403730|LiPF6|1.61121|mol/kg|w|0.3,0,0,0.7,0,0,0,0,0,0,0,0,0,0,0,0,0,0,0,0,0,0,0,0,0,0,0,0,0,0,0,0,0,0,0,0,0,0",4,fixed_target_router,1.1495416702532648,1.1646738517863373,0.015132181533072497,333.15,4,160.0,
10.1149/1.1403730,"10.1149/1.1403730|LiPF6|0.601254|mol/kg|w|0.4,0,0,0.6,0,0,0,0,0,0,0,0,0,0,0,0,0,0,0,0,0,0,0,0,0,0,0,0,0,0,0,0,0,0,0,0,0,0",4,fixed_target_router,1.0867343840878274,1.0864598079893144,0.0002745760985130019,323.15,4,160.0,
10.1149/1.1403730,"10.1149/1.1403730|LiPF6|0.883547|mol/kg|w|0.5,0,0,0.5,0,0,0,0,0,0,0,0,0,0,0,0,0,0,0,0,0,0,0,0,0,0,0,0,0,0,0,0,0,0,0,0,0,0",4,fixed_target_router,1.1543461114692786,1.1602031138199755,0.0058570023506969715,323.15,4,160.0,
10.1149/1.1403730,"10.1149/1.1403730|LiPF6|0.45446|mol/kg|w|0.2,0,0,0.8,0,0,0,0,0,0,0,0,0,0,0,0,0,0,0,0,0,0,0,0,0,0,0,0,0,0,0,0,0,0,0,0,0,0",5,fixed_target_router,0.9153244434315747,0.9384977163647813,0.02317327293320659,323.15,4,160.0,
10.1149/1.1403730,"10.1149/1.1403730|LiPF6|0.768075|mol/kg|w|0.2,0,0,0.8,0,0,0,0,0,0,0,0,0,0,0,0,0,0,0,0,0,0,0,0,0,0,0,0,0,0,0,0,0,0,0,0,0,0",5,fixed_target_router,1.001156577344322,1.0028938915232253,0.0017373141789032154,323.15,4,160.0,
10.1149/1.1403730,"10.1149/1.1403730|LiPF6|0.912676|mol/kg|w|0.2,0,0,0.8,0,0,0,0,0,0,0,0,0,0,0,0,0,0,0,0,0,0,0,0,0,0,0,0,0,0,0,0,0,0,0,0,0,0",5,fixed_target_router,1.0750252864330636,1.076632553371853,0.0016072669387894312,333.15,4,160.0,
10.1149/1.1403730,"10.1149/1.1403730|LiPF6|1.59249|mol/kg|w|0.2,0,0,0.8,0,0,0,0,0,0,0,0,0,0,0,0,0,0,0,0,0,0,0,0,0,0,0,0,0,0,0,0,0,0,0,0,0,0",5,fixed_target_router,1.0637442758310631,1.0864898322834289,0.022745556452365756,323.15,4,160.0,
10.1149/1.1403730,"10.1149/1.1403730|LiPF6|0.614953|mol/kg|w|0.3,0,0,0.7,0,0,0,0,0,0,0,0,0,0,0,0,0,0,0,0,0,0,0,0,0,0,0,0,0,0,0,0,0,0,0,0,0,0",5,fixed_target_router,0.9357471147862473,0.9306614118738061,0.005085702912441148,303.15,4,160.0,
10.1149/1.1403730,"10.1149/1.1403730|LiPF6|0.762617|mol/kg|w|0.3,0,0,0.7,0,0,0,0,0,0,0,0,0,0,0,0,0,0,0,0,0,0,0,0,0,0,0,0,0,0,0,0,0,0,0,0,0,0",5,fixed_target_router,1.1133702782571115,1.1154571672148874,0.0020868889577758676,333.15,4,160.0,
10.1149/1.1403730,"10.1149/1.1403730|LiPF6|1.61121|mol/kg|w|0.3,0,0,0.7,0,0,0,0,0,0,0,0,0,0,0,0,0,0,0,0,0,0,0,0,0,0,0,0,0,0,0,0,0,0,0,0,0,0",5,fixed_target_router,1.1495416702532648,1.1606263169363058,0.011084646683040988,333.15,4,160.0,
10.1149/1.1403730,"10.1149/1.1403730|LiPF6|0.601254|mol/kg|w|0.4,0,0,0.6,0,0,0,0,0,0,0,0,0,0,0,0,0,0,0,0,0,0,0,0,0,0,0,0,0,0,0,0,0,0,0,0,0,0",5,fixed_target_router,1.0867343840878274,1.0880307304616674,0.0012963463738400183,323.15,4,160.0,
10.1149/1.1403730,"10.1149/1.1403730|LiPF6|0.883547|mol/kg|w|0.5,0,0,0.5,0,0,0,0,0,0,0,0,0,0,0,0,0,0,0,0,0,0,0,0,0,0,0,0,0,0,0,0,0,0,0,0,0,0",5,fixed_target_router,1.1543461114692786,1.1590889582624837,0.0047428467932051355,323.15,4,160.0,
10.1149/1.1403730,"10.1149/1.1403730|LiPF6|0.45446|mol/kg|w|0.2,0,0,0.8,0,0,0,0,0,0,0,0,0,0,0,0,0,0,0,0,0,0,0,0,0,0,0,0,0,0,0,0,0,0,0,0,0,0",5,cost_sensitive_budget_policy,0.9153244434315747,0.9384977163647813,0.02317327293320659,323.15,4,160.0,0.0
10.1149/1.1403730,"10.1149/1.1403730|LiPF6|0.768075|mol/kg|w|0.2,0,0,0.8,0,0,0,0,0,0,0,0,0,0,0,0,0,0,0,0,0,0,0,0,0,0,0,0,0,0,0,0,0,0,0,0,0,0",5,cost_sensitive_budget_policy,1.001156577344322,1.0028938915232253,0.0017373141789032154,323.15,4,160.0,0.0
10.1149/1.1403730,"10.1149/1.1403730|LiPF6|0.912676|mol/kg|w|0.2,0,0,0.8,0,0,0,0,0,0,0,0,0,0,0,0,0,0,0,0,0,0,0,0,0,0,0,0,0,0,0,0,0,0,0,0,0,0",5,cost_sensitive_budget_policy,1.0750252864330636,1.076632553371853,0.0016072669387894312,333.15,4,160.0,0.0
10.1149/1.1403730,"10.1149/1.1403730|LiPF6|1.59249|mol/kg|w|0.2,0,0,0.8,0,0,0,0,0,0,0,0,0,0,0,0,0,0,0,0,0,0,0,0,0,0,0,0,0,0,0,0,0,0,0,0,0,0",5,cost_sensitive_budget_policy,1.0637442758310631,1.0864898322834289,0.022745556452365756,323.15,4,160.0,0.0
10.1149/1.1403730,"10.1149/1.1403730|LiPF6|0.614953|mol/kg|w|0.3,0,0,0.7,0,0,0,0,0,0,0,0,0,0,0,0,0,0,0,0,0,0,0,0,0,0,0,0,0,0,0,0,0,0,0,0,0,0",5,cost_sensitive_budget_policy,0.9357471147862473,0.9306614118738061,0.005085702912441148,303.15,4,160.0,0.0
10.1149/1.1403730,"10.1149/1.1403730|LiPF6|0.762617|mol/kg|w|0.3,0,0,0.7,0,0,0,0,0,0,0,0,0,0,0,0,0,0,0,0,0,0,0,0,0,0,0,0,0,0,0,0,0,0,0,0,0,0",5,cost_sensitive_budget_policy,1.1133702782571115,1.1154571672148874,0.0020868889577758676,333.15,4,160.0,0.0
10.1149/1.1403730,"10.1149/1.1403730|LiPF6|1.61121|mol/kg|w|0.3,0,0,0.7,0,0,0,0,0,0,0,0,0,0,0,0,0,0,0,0,0,0,0,0,0,0,0,0,0,0,0,0,0,0,0,0,0,0",5,cost_sensitive_budget_policy,1.1495416702532648,1.1606263169363058,0.011084646683040988,333.15,4,160.0,0.0
10.1149/1.1403730,"10.1149/1.1403730|LiPF6|0.601254|mol/kg|w|0.4,0,0,0.6,0,0,0,0,0,0,0,0,0,0,0,0,0,0,0,0,0,0,0,0,0,0,0,0,0,0,0,0,0,0,0,0,0,0",5,cost_sensitive_budget_policy,1.0867343840878274,1.0880307304616674,0.0012963463738400183,323.15,4,160.0,0.0
10.1149/1.1403730,"10.1149/1.1403730|LiPF6|0.883547|mol/kg|w|0.5,0,0,0.5,0,0,0,0,0,0,0,0,0,0,0,0,0,0,0,0,0,0,0,0,0,0,0,0,0,0,0,0,0,0,0,0,0,0",5,cost_sensitive_budget_policy,1.1543461114692786,1.1590889582624837,0.0047428467932051355,323.15,4,160.0,0.0
10.1149/1.1403730,"10.1149/1.1403730|LiPF6|0.45446|mol/kg|w|0.2,0,0,0.8,0,0,0,0,0,0,0,0,0,0,0,0,0,0,0,0,0,0,0,0,0,0,0,0,0,0,0,0,0,0,0,0,0,0",5,cost_sensitive_budget_policy,0.9153244434315747,0.9384977163647813,0.02317327293320659,323.15,4,160.0,0.0025
10.1149/1.1403730,"10.1149/1.1403730|LiPF6|0.768075|mol/kg|w|0.2,0,0,0.8,0,0,0,0,0,0,0,0,0,0,0,0,0,0,0,0,0,0,0,0,0,0,0,0,0,0,0,0,0,0,0,0,0,0",5,cost_sensitive_budget_policy,1.001156577344322,1.0028938915232253,0.0017373141789032154,323.15,4,160.0,0.0025
10.1149/1.1403730,"10.1149/1.1403730|LiPF6|0.912676|mol/kg|w|0.2,0,0,0.8,0,0,0,0,0,0,0,0,0,0,0,0,0,0,0,0,0,0,0,0,0,0,0,0,0,0,0,0,0,0,0,0,0,0",5,cost_sensitive_budget_policy,1.0750252864330636,1.076632553371853,0.0016072669387894312,333.15,4,160.0,0.0025
10.1149/1.1403730,"10.1149/1.1403730|LiPF6|1.59249|mol/kg|w|0.2,0,0,0.8,0,0,0,0,0,0,0,0,0,0,0,0,0,0,0,0,0,0,0,0,0,0,0,0,0,0,0,0,0,0,0,0,0,0",5,cost_sensitive_budget_policy,1.0637442758310631,1.0864898322834289,0.022745556452365756,323.15,4,160.0,0.0025
10.1149/1.1403730,"10.1149/1.1403730|LiPF6|0.614953|mol/kg|w|0.3,0,0,0.7,0,0,0,0,0,0,0,0,0,0,0,0,0,0,0,0,0,0,0,0,0,0,0,0,0,0,0,0,0,0,0,0,0,0",5,cost_sensitive_budget_policy,0.9357471147862473,0.9306614118738061,0.005085702912441148,303.15,4,160.0,0.0025
10.1149/1.1403730,"10.1149/1.1403730|LiPF6|0.762617|mol/kg|w|0.3,0,0,0.7,0,0,0,0,0,0,0,0,0,0,0,0,0,0,0,0,0,0,0,0,0,0,0,0,0,0,0,0,0,0,0,0,0,0",5,cost_sensitive_budget_policy,1.1133702782571115,1.1154571672148874,0.0020868889577758676,333.15,4,160.0,0.0025
10.1149/1.1403730,"10.1149/1.1403730|LiPF6|1.61121|mol/kg|w|0.3,0,0,0.7,0,0,0,0,0,0,0,0,0,0,0,0,0,0,0,0,0,0,0,0,0,0,0,0,0,0,0,0,0,0,0,0,0,0",5,cost_sensitive_budget_policy,1.1495416702532648,1.1606263169363058,0.011084646683040988,333.15,4,160.0,0.0025
10.1149/1.1403730,"10.1149/1.1403730|LiPF6|0.601254|mol/kg|w|0.4,0,0,0.6,0,0,0,0,0,0,0,0,0,0,0,0,0,0,0,0,0,0,0,0,0,0,0,0,0,0,0,0,0,0,0,0,0,0",5,cost_sensitive_budget_policy,1.0867343840878274,1.0880307304616674,0.0012963463738400183,323.15,4,160.0,0.0025
10.1149/1.1403730,"10.1149/1.1403730|LiPF6|0.883547|mol/kg|w|0.5,0,0,0.5,0,0,0,0,0,0,0,0,0,0,0,0,0,0,0,0,0,0,0,0,0,0,0,0,0,0,0,0,0,0,0,0,0,0",5,cost_sensitive_budget_policy,1.1543461114692786,1.1590889582624837,0.0047428467932051355,323.15,4,160.0,0.0025
10.1149/1.1403730,"10.1149/1.1403730|LiPF6|0.45446|mol/kg|w|0.2,0,0,0.8,0,0,0,0,0,0,0,0,0,0,0,0,0,0,0,0,0,0,0,0,0,0,0,0,0,0,0,0,0,0,0,0,0,0",5,cost_sensitive_budget_policy,0.9153244434315747,0.9384977163647813,0.02317327293320659,323.15,4,160.0,0.005
10.1149/1.1403730,"10.1149/1.1403730|LiPF6|0.768075|mol/kg|w|0.2,0,0,0.8,0,0,0,0,0,0,0,0,0,0,0,0,0,0,0,0,0,0,0,0,0,0,0,0,0,0,0,0,0,0,0,0,0,0",5,cost_sensitive_budget_policy,1.001156577344322,1.0028938915232253,0.0017373141789032154,323.15,4,160.0,0.005
10.1149/1.1403730,"10.1149/1.1403730|LiPF6|0.912676|mol/kg|w|0.2,0,0,0.8,0,0,0,0,0,0,0,0,0,0,0,0,0,0,0,0,0,0,0,0,0,0,0,0,0,0,0,0,0,0,0,0,0,0",5,cost_sensitive_budget_policy,1.0750252864330636,1.076632553371853,0.0016072669387894312,333.15,4,160.0,0.005
10.1149/1.1403730,"10.1149/1.1403730|LiPF6|1.59249|mol/kg|w|0.2,0,0,0.8,0,0,0,0,0,0,0,0,0,0,0,0,0,0,0,0,0,0,0,0,0,0,0,0,0,0,0,0,0,0,0,0,0,0",5,cost_sensitive_budget_policy,1.0637442758310631,1.0864898322834289,0.022745556452365756,323.15,4,160.0,0.005
10.1149/1.1403730,"10.1149/1.1403730|LiPF6|0.614953|mol/kg|w|0.3,0,0,0.7,0,0,0,0,0,0,0,0,0,0,0,0,0,0,0,0,0,0,0,0,0,0,0,0,0,0,0,0,0,0,0,0,0,0",5,cost_sensitive_budget_policy,0.9357471147862473,0.9306614118738061,0.005085702912441148,303.15,4,160.0,0.005
10.1149/1.1403730,"10.1149/1.1403730|LiPF6|0.762617|mol/kg|w|0.3,0,0,0.7,0,0,0,0,0,0,0,0,0,0,0,0,0,0,0,0,0,0,0,0,0,0,0,0,0,0,0,0,0,0,0,0,0,0",5,cost_sensitive_budget_policy,1.1133702782571115,1.1154571672148874,0.0020868889577758676,333.15,4,160.0,0.005
10.1149/1.1403730,"10.1149/1.1403730|LiPF6|1.61121|mol/kg|w|0.3,0,0,0.7,0,0,0,0,0,0,0,0,0,0,0,0,0,0,0,0,0,0,0,0,0,0,0,0,0,0,0,0,0,0,0,0,0,0",5,cost_sensitive_budget_policy,1.1495416702532648,1.1606263169363058,0.011084646683040988,333.15,4,160.0,0.005
10.1149/1.1403730,"10.1149/1.1403730|LiPF6|0.601254|mol/kg|w|0.4,0,0,0.6,0,0,0,0,0,0,0,0,0,0,0,0,0,0,0,0,0,0,0,0,0,0,0,0,0,0,0,0,0,0,0,0,0,0",5,cost_sensitive_budget_policy,1.0867343840878274,1.0880307304616674,0.0012963463738400183,323.15,4,160.0,0.005
10.1149/1.1403730,"10.1149/1.1403730|LiPF6|0.883547|mol/kg|w|0.5,0,0,0.5,0,0,0,0,0,0,0,0,0,0,0,0,0,0,0,0,0,0,0,0,0,0,0,0,0,0,0,0,0,0,0,0,0,0",5,cost_sensitive_budget_policy,1.1543461114692786,1.1590889582624837,0.0047428467932051355,323.15,4,160.0,0.005
10.1149/1.1403730,"10.1149/1.1403730|LiPF6|0.45446|mol/kg|w|0.2,0,0,0.8,0,0,0,0,0,0,0,0,0,0,0,0,0,0,0,0,0,0,0,0,0,0,0,0,0,0,0,0,0,0,0,0,0,0",4,cost_sensitive_budget_policy,0.9153244434315747,0.9499477798746709,0.03462333644309623,323.15,4,160.0,0.01
10.1149/1.1403730,"10.1149/1.1403730|LiPF6|0.768075|mol/kg|w|0.2,0,0,0.8,0,0,0,0,0,0,0,0,0,0,0,0,0,0,0,0,0,0,0,0,0,0,0,0,0,0,0,0,0,0,0,0,0,0",4,cost_sensitive_budget_policy,1.001156577344322,1.004212514878203,0.0030559375338810035,323.15,4,160.0,0.01
10.1149/1.1403730,"10.1149/1.1403730|LiPF6|0.912676|mol/kg|w|0.2,0,0,0.8,0,0,0,0,0,0,0,0,0,0,0,0,0,0,0,0,0,0,0,0,0,0,0,0,0,0,0,0,0,0,0,0,0,0",4,cost_sensitive_budget_policy,1.0750252864330636,1.0751887362185675,0.00016344978550386635,333.15,4,160.0,0.01
10.1149/1.1403730,"10.1149/1.1403730|LiPF6|1.59249|mol/kg|w|0.2,0,0,0.8,0,0,0,0,0,0,0,0,0,0,0,0,0,0,0,0,0,0,0,0,0,0,0,0,0,0,0,0,0,0,0,0,0,0",4,cost_sensitive_budget_policy,1.0637442758310631,1.0957574841814783,0.03201320835041521,323.15,4,160.0,0.01
10.1149/1.1403730,"10.1149/1.1403730|LiPF6|0.614953|mol/kg|w|0.3,0,0,0.7,0,0,0,0,0,0,0,0,0,0,0,0,0,0,0,0,0,0,0,0,0,0,0,0,0,0,0,0,0,0,0,0,0,0",4,cost_sensitive_budget_policy,0.9357471147862473,0.928829962171068,0.006917152615179334,303.15,4,160.0,0.01
10.1149/1.1403730,"10.1149/1.1403730|LiPF6|0.762617|mol/kg|w|0.3,0,0,0.7,0,0,0,0,0,0,0,0,0,0,0,0,0,0,0,0,0,0,0,0,0,0,0,0,0,0,0,0,0,0,0,0,0,0",4,cost_sensitive_budget_policy,1.1133702782571115,1.1193697563942124,0.005999478137100889,333.15,4,160.0,0.01
10.1149/1.1403730,"10.1149/1.1403730|LiPF6|1.61121|mol/kg|w|0.3,0,0,0.7,0,0,0,0,0,0,0,0,0,0,0,0,0,0,0,0,0,0,0,0,0,0,0,0,0,0,0,0,0,0,0,0,0,0",4,cost_sensitive_budget_policy,1.1495416702532648,1.1646738517863373,0.015132181533072497,333.15,4,160.0,0.01
10.1149/1.1403730,"10.1149/1.1403730|LiPF6|0.601254|mol/kg|w|0.4,0,0,0.6,0,0,0,0,0,0,0,0,0,0,0,0,0,0,0,0,0,0,0,0,0,0,0,0,0,0,0,0,0,0,0,0,0,0",4,cost_sensitive_budget_policy,1.0867343840878274,1.0864598079893144,0.0002745760985130019,323.15,4,160.0,0.01
10.1149/1.1403730,"10.1149/1.1403730|LiPF6|0.883547|mol/kg|w|0.5,0,0,0.5,0,0,0,0,0,0,0,0,0,0,0,0,0,0,0,0,0,0,0,0,0,0,0,0,0,0,0,0,0,0,0,0,0,0",4,cost_sensitive_budget_policy,1.1543461114692786,1.1602031138199755,0.0058570023506969715,323.15,4,160.0,0.01
10.1149/1.1403730,"10.1149/1.1403730|LiPF6|0.45446|mol/kg|w|0.2,0,0,0.8,0,0,0,0,0,0,0,0,0,0,0,0,0,0,0,0,0,0,0,0,0,0,0,0,0,0,0,0,0,0,0,0,0,0",4,cost_sensitive_budget_policy,0.9153244434315747,0.9499477798746709,0.03462333644309623,323.15,4,160.0,0.02
10.1149/1.1403730,"10.1149/1.1403730|LiPF6|0.768075|mol/kg|w|0.2,0,0,0.8,0,0,0,0,0,0,0,0,0,0,0,0,0,0,0,0,0,0,0,0,0,0,0,0,0,0,0,0,0,0,0,0,0,0",4,cost_sensitive_budget_policy,1.001156577344322,1.004212514878203,0.0030559375338810035,323.15,4,160.0,0.02
10.1149/1.1403730,"10.1149/1.1403730|LiPF6|0.912676|mol/kg|w|0.2,0,0,0.8,0,0,0,0,0,0,0,0,0,0,0,0,0,0,0,0,0,0,0,0,0,0,0,0,0,0,0,0,0,0,0,0,0,0",4,cost_sensitive_budget_policy,1.0750252864330636,1.0751887362185675,0.00016344978550386635,333.15,4,160.0,0.02
10.1149/1.1403730,"10.1149/1.1403730|LiPF6|1.59249|mol/kg|w|0.2,0,0,0.8,0,0,0,0,0,0,0,0,0,0,0,0,0,0,0,0,0,0,0,0,0,0,0,0,0,0,0,0,0,0,0,0,0,0",4,cost_sensitive_budget_policy,1.0637442758310631,1.0957574841814783,0.03201320835041521,323.15,4,160.0,0.02
10.1149/1.1403730,"10.1149/1.1403730|LiPF6|0.614953|mol/kg|w|0.3,0,0,0.7,0,0,0,0,0,0,0,0,0,0,0,0,0,0,0,0,0,0,0,0,0,0,0,0,0,0,0,0,0,0,0,0,0,0",4,cost_sensitive_budget_policy,0.9357471147862473,0.928829962171068,0.006917152615179334,303.15,4,160.0,0.02
10.1149/1.1403730,"10.1149/1.1403730|LiPF6|0.762617|mol/kg|w|0.3,0,0,0.7,0,0,0,0,0,0,0,0,0,0,0,0,0,0,0,0,0,0,0,0,0,0,0,0,0,0,0,0,0,0,0,0,0,0",4,cost_sensitive_budget_policy,1.1133702782571115,1.1193697563942124,0.005999478137100889,333.15,4,160.0,0.02
10.1149/1.1403730,"10.1149/1.1403730|LiPF6|1.61121|mol/kg|w|0.3,0,0,0.7,0,0,0,0,0,0,0,0,0,0,0,0,0,0,0,0,0,0,0,0,0,0,0,0,0,0,0,0,0,0,0,0,0,0",4,cost_sensitive_budget_policy,1.1495416702532648,1.1646738517863373,0.015132181533072497,333.15,4,160.0,0.02
10.1149/1.1403730,"10.1149/1.1403730|LiPF6|0.601254|mol/kg|w|0.4,0,0,0.6,0,0,0,0,0,0,0,0,0,0,0,0,0,0,0,0,0,0,0,0,0,0,0,0,0,0,0,0,0,0,0,0,0,0",4,cost_sensitive_budget_policy,1.0867343840878274,1.0864598079893144,0.0002745760985130019,323.15,4,160.0,0.02
10.1149/1.1403730,"10.1149/1.1403730|LiPF6|0.883547|mol/kg|w|0.5,0,0,0.5,0,0,0,0,0,0,0,0,0,0,0,0,0,0,0,0,0,0,0,0,0,0,0,0,0,0,0,0,0,0,0,0,0,0",4,cost_sensitive_budget_policy,1.1543461114692786,1.1602031138199755,0.0058570023506969715,323.15,4,160.0,0.02
10.1149/1.1466857,"10.1149/1.1466857|LiBF4|1|mol/l|w|0.3,0,0,0.7,0,0,0,0,0,0,0,0,0,0,0,0,0,0,0,0,0,0,0,0,0,0,0,0,0,0,0,0,0,0,0,0,0,0",3,fixed_target_router,0.6253926358291094,0.6715030898783924,0.046110454049282934,333.15,4,160.0,
10.1149/1.1466857,"10.1149/1.1466857|LiBF4|1|mol/l|w|0.3,0,0,0.7,0,0,0,0,0,0,0,0,0,0,0,0,0,0,0,0,0,0,0,0,0,0,0,0,0,0,0,0,0,0,0,0,0,0",4,fixed_target_router,0.6253926358291094,0.6658906104617064,0.04049797463259697,333.15,4,160.0,
10.1149/1.1466857,"10.1149/1.1466857|LiBF4|1|mol/l|w|0.3,0,0,0.7,0,0,0,0,0,0,0,0,0,0,0,0,0,0,0,0,0,0,0,0,0,0,0,0,0,0,0,0,0,0,0,0,0,0",5,fixed_target_router,0.6253926358291094,0.6526817725683542,0.027289136739244824,333.15,4,160.0,
10.1149/1.1466857,"10.1149/1.1466857|LiBF4|1|mol/l|w|0.3,0,0,0.7,0,0,0,0,0,0,0,0,0,0,0,0,0,0,0,0,0,0,0,0,0,0,0,0,0,0,0,0,0,0,0,0,0,0",5,cost_sensitive_budget_policy,0.6253926358291094,0.6526817725683542,0.027289136739244824,333.15,4,160.0,0.0
10.1149/1.1466857,"10.1149/1.1466857|LiBF4|1|mol/l|w|0.3,0,0,0.7,0,0,0,0,0,0,0,0,0,0,0,0,0,0,0,0,0,0,0,0,0,0,0,0,0,0,0,0,0,0,0,0,0,0",5,cost_sensitive_budget_policy,0.6253926358291094,0.6526817725683542,0.027289136739244824,333.15,4,160.0,0.0025
10.1149/1.1466857,"10.1149/1.1466857|LiBF4|1|mol/l|w|0.3,0,0,0.7,0,0,0,0,0,0,0,0,0,0,0,0,0,0,0,0,0,0,0,0,0,0,0,0,0,0,0,0,0,0,0,0,0,0",4,cost_sensitive_budget_policy,0.6253926358291094,0.6658906104617064,0.04049797463259697,333.15,4,160.0,0.005
10.1149/1.1466857,"10.1149/1.1466857|LiBF4|1|mol/l|w|0.3,0,0,0.7,0,0,0,0,0,0,0,0,0,0,0,0,0,0,0,0,0,0,0,0,0,0,0,0,0,0,0,0,0,0,0,0,0,0",4,cost_sensitive_budget_policy,0.6253926358291094,0.6658906104617064,0.04049797463259697,333.15,4,160.0,0.01
10.1149/1.1466857,"10.1149/1.1466857|LiBF4|1|mol/l|w|0.3,0,0,0.7,0,0,0,0,0,0,0,0,0,0,0,0,0,0,0,0,0,0,0,0,0,0,0,0,0,0,0,0,0,0,0,0,0,0",3,cost_sensitive_budget_policy,0.6253926358291094,0.6715030898783924,0.046110454049282934,333.15,4,160.0,0.02
10.1149/1.1513556,"10.1149/1.1513556|LiPF6|0.4|mol/kg|w|0.18,0.18,0,0.24,0,0,0,0,0,0.4,0,0,0,0,0,0,0,0,0,0,0,0,0,0,0,0,0,0,0,0,0,0,0,0,0,0,0,0",3,fixed_target_router,0.8858175206616673,0.92374351367485,0.03792599301318267,333.15,4,160.0,
10.1149/1.1513556,"10.1149/1.1513556|LiPF6|0.56|mol/kg|w|0.18,0.18,0,0.24,0,0,0,0,0,0.4,0,0,0,0,0,0,0,0,0,0,0,0,0,0,0,0,0,0,0,0,0,0,0,0,0,0,0,0",3,fixed_target_router,0.9502397670021827,0.9566086864760306,0.006368919473847878,333.15,4,160.0,
10.1149/1.1513556,"10.1149/1.1513556|LiPF6|0.659429|mol/kg|w|0.18,0.18,0,0.24,0,0,0,0,0,0.4,0,0,0,0,0,0,0,0,0,0,0,0,0,0,0,0,0,0,0,0,0,0,0,0,0,0,0,0",3,fixed_target_router,0.9694672099871865,1.0118324105018646,0.04236520051467807,333.15,4,160.0,
10.1149/1.1513556,"10.1149/1.1513556|LiPF6|0.872|mol/kg|w|0.18,0.18,0,0.24,0,0,0,0,0,0.4,0,0,0,0,0,0,0,0,0,0,0,0,0,0,0,0,0,0,0,0,0,0,0,0,0,0,0,0",3,fixed_target_router,0.9821051865802519,0.9827210027409847,0.0006158161607328072,333.15,4,160.0,
10.1149/1.1513556,"10.1149/1.1513556|LiPF6|0.4|mol/kg|w|0.18,0.18,0,0.24,0,0,0,0,0,0.4,0,0,0,0,0,0,0,0,0,0,0,0,0,0,0,0,0,0,0,0,0,0,0,0,0,0,0,0",4,fixed_target_router,0.8858175206616673,0.8836577585505269,0.0021597621111404397,333.15,4,160.0,
10.1149/1.1513556,"10.1149/1.1513556|LiPF6|0.56|mol/kg|w|0.18,0.18,0,0.24,0,0,0,0,0,0.4,0,0,0,0,0,0,0,0,0,0,0,0,0,0,0,0,0,0,0,0,0,0,0,0,0,0,0,0",4,fixed_target_router,0.9502397670021827,0.9531979641443551,0.0029581971421723807,333.15,4,160.0,
10.1149/1.1513556,"10.1149/1.1513556|LiPF6|0.659429|mol/kg|w|0.18,0.18,0,0.24,0,0,0,0,0,0.4,0,0,0,0,0,0,0,0,0,0,0,0,0,0,0,0,0,0,0,0,0,0,0,0,0,0,0,0",4,fixed_target_router,0.9694672099871865,0.9784559522867595,0.008988742299573027,333.15,4,160.0,
10.1149/1.1513556,"10.1149/1.1513556|LiPF6|0.872|mol/kg|w|0.18,0.18,0,0.24,0,0,0,0,0,0.4,0,0,0,0,0,0,0,0,0,0,0,0,0,0,0,0,0,0,0,0,0,0,0,0,0,0,0,0",4,fixed_target_router,0.9821051865802519,0.9954091665728244,0.01330397999257249,333.15,4,160.0,
10.1149/1.1513556,"10.1149/1.1513556|LiPF6|0.4|mol/kg|w|0.18,0.18,0,0.24,0,0,0,0,0,0.4,0,0,0,0,0,0,0,0,0,0,0,0,0,0,0,0,0,0,0,0,0,0,0,0,0,0,0,0",5,fixed_target_router,0.8858175206616673,0.885123382373231,0.0006941382884363412,333.15,4,160.0,
10.1149/1.1513556,"10.1149/1.1513556|LiPF6|0.56|mol/kg|w|0.18,0.18,0,0.24,0,0,0,0,0,0.4,0,0,0,0,0,0,0,0,0,0,0,0,0,0,0,0,0,0,0,0,0,0,0,0,0,0,0,0",5,fixed_target_router,0.9502397670021827,0.9512437873727397,0.0010040203705570239,333.15,4,160.0,
10.1149/1.1513556,"10.1149/1.1513556|LiPF6|0.659429|mol/kg|w|0.18,0.18,0,0.24,0,0,0,0,0,0.4,0,0,0,0,0,0,0,0,0,0,0,0,0,0,0,0,0,0,0,0,0,0,0,0,0,0,0,0",5,fixed_target_router,0.9694672099871865,0.975752080150085,0.0062848701628984704,333.15,4,160.0,
10.1149/1.1513556,"10.1149/1.1513556|LiPF6|0.872|mol/kg|w|0.18,0.18,0,0.24,0,0,0,0,0,0.4,0,0,0,0,0,0,0,0,0,0,0,0,0,0,0,0,0,0,0,0,0,0,0,0,0,0,0,0",5,fixed_target_router,0.9821051865802519,0.9929588613067735,0.010853674726521545,333.15,4,160.0,
10.1149/1.1513556,"10.1149/1.1513556|LiPF6|0.4|mol/kg|w|0.18,0.18,0,0.24,0,0,0,0,0,0.4,0,0,0,0,0,0,0,0,0,0,0,0,0,0,0,0,0,0,0,0,0,0,0,0,0,0,0,0",5,cost_sensitive_budget_policy,0.8858175206616673,0.885123382373231,0.0006941382884363412,333.15,4,160.0,0.0
10.1149/1.1513556,"10.1149/1.1513556|LiPF6|0.56|mol/kg|w|0.18,0.18,0,0.24,0,0,0,0,0,0.4,0,0,0,0,0,0,0,0,0,0,0,0,0,0,0,0,0,0,0,0,0,0,0,0,0,0,0,0",5,cost_sensitive_budget_policy,0.9502397670021827,0.9512437873727397,0.0010040203705570239,333.15,4,160.0,0.0
10.1149/1.1513556,"10.1149/1.1513556|LiPF6|0.659429|mol/kg|w|0.18,0.18,0,0.24,0,0,0,0,0,0.4,0,0,0,0,0,0,0,0,0,0,0,0,0,0,0,0,0,0,0,0,0,0,0,0,0,0,0,0",5,cost_sensitive_budget_policy,0.9694672099871865,0.975752080150085,0.0062848701628984704,333.15,4,160.0,0.0
10.1149/1.1513556,"10.1149/1.1513556|LiPF6|0.872|mol/kg|w|0.18,0.18,0,0.24,0,0,0,0,0,0.4,0,0,0,0,0,0,0,0,0,0,0,0,0,0,0,0,0,0,0,0,0,0,0,0,0,0,0,0",5,cost_sensitive_budget_policy,0.9821051865802519,0.9929588613067735,0.010853674726521545,333.15,4,160.0,0.0
10.1149/1.1513556,"10.1149/1.1513556|LiPF6|0.4|mol/kg|w|0.18,0.18,0,0.24,0,0,0,0,0,0.4,0,0,0,0,0,0,0,0,0,0,0,0,0,0,0,0,0,0,0,0,0,0,0,0,0,0,0,0",5,cost_sensitive_budget_policy,0.8858175206616673,0.885123382373231,0.0006941382884363412,333.15,4,160.0,0.0025
10.1149/1.1513556,"10.1149/1.1513556|LiPF6|0.56|mol/kg|w|0.18,0.18,0,0.24,0,0,0,0,0,0.4,0,0,0,0,0,0,0,0,0,0,0,0,0,0,0,0,0,0,0,0,0,0,0,0,0,0,0,0",5,cost_sensitive_budget_policy,0.9502397670021827,0.9512437873727397,0.0010040203705570239,333.15,4,160.0,0.0025
10.1149/1.1513556,"10.1149/1.1513556|LiPF6|0.659429|mol/kg|w|0.18,0.18,0,0.24,0,0,0,0,0,0.4,0,0,0,0,0,0,0,0,0,0,0,0,0,0,0,0,0,0,0,0,0,0,0,0,0,0,0,0",5,cost_sensitive_budget_policy,0.9694672099871865,0.975752080150085,0.0062848701628984704,333.15,4,160.0,0.0025
10.1149/1.1513556,"10.1149/1.1513556|LiPF6|0.872|mol/kg|w|0.18,0.18,0,0.24,0,0,0,0,0,0.4,0,0,0,0,0,0,0,0,0,0,0,0,0,0,0,0,0,0,0,0,0,0,0,0,0,0,0,0",5,cost_sensitive_budget_policy,0.9821051865802519,0.9929588613067735,0.010853674726521545,333.15,4,160.0,0.0025
10.1149/1.1513556,"10.1149/1.1513556|LiPF6|0.4|mol/kg|w|0.18,0.18,0,0.24,0,0,0,0,0,0.4,0,0,0,0,0,0,0,0,0,0,0,0,0,0,0,0,0,0,0,0,0,0,0,0,0,0,0,0",5,cost_sensitive_budget_policy,0.8858175206616673,0.885123382373231,0.0006941382884363412,333.15,4,160.0,0.005
10.1149/1.1513556,"10.1149/1.1513556|LiPF6|0.56|mol/kg|w|0.18,0.18,0,0.24,0,0,0,0,0,0.4,0,0,0,0,0,0,0,0,0,0,0,0,0,0,0,0,0,0,0,0,0,0,0,0,0,0,0,0",5,cost_sensitive_budget_policy,0.9502397670021827,0.9512437873727397,0.0010040203705570239,333.15,4,160.0,0.005
10.1149/1.1513556,"10.1149/1.1513556|LiPF6|0.659429|mol/kg|w|0.18,0.18,0,0.24,0,0,0,0,0,0.4,0,0,0,0,0,0,0,0,0,0,0,0,0,0,0,0,0,0,0,0,0,0,0,0,0,0,0,0",5,cost_sensitive_budget_policy,0.9694672099871865,0.975752080150085,0.0062848701628984704,333.15,4,160.0,0.005
10.1149/1.1513556,"10.1149/1.1513556|LiPF6|0.872|mol/kg|w|0.18,0.18,0,0.24,0,0,0,0,0,0.4,0,0,0,0,0,0,0,0,0,0,0,0,0,0,0,0,0,0,0,0,0,0,0,0,0,0,0,0",5,cost_sensitive_budget_policy,0.9821051865802519,0.9929588613067735,0.010853674726521545,333.15,4,160.0,0.005
10.1149/1.1513556,"10.1149/1.1513556|LiPF6|0.4|mol/kg|w|0.18,0.18,0,0.24,0,0,0,0,0,0.4,0,0,0,0,0,0,0,0,0,0,0,0,0,0,0,0,0,0,0,0,0,0,0,0,0,0,0,0",4,cost_sensitive_budget_policy,0.8858175206616673,0.8836577585505269,0.0021597621111404397,333.15,4,160.0,0.01
10.1149/1.1513556,"10.1149/1.1513556|LiPF6|0.56|mol/kg|w|0.18,0.18,0,0.24,0,0,0,0,0,0.4,0,0,0,0,0,0,0,0,0,0,0,0,0,0,0,0,0,0,0,0,0,0,0,0,0,0,0,0",4,cost_sensitive_budget_policy,0.9502397670021827,0.9531979641443551,0.0029581971421723807,333.15,4,160.0,0.01
10.1149/1.1513556,"10.1149/1.1513556|LiPF6|0.659429|mol/kg|w|0.18,0.18,0,0.24,0,0,0,0,0,0.4,0,0,0,0,0,0,0,0,0,0,0,0,0,0,0,0,0,0,0,0,0,0,0,0,0,0,0,0",4,cost_sensitive_budget_policy,0.9694672099871865,0.9784559522867595,0.008988742299573027,333.15,4,160.0,0.01
10.1149/1.1513556,"10.1149/1.1513556|LiPF6|0.872|mol/kg|w|0.18,0.18,0,0.24,0,0,0,0,0,0.4,0,0,0,0,0,0,0,0,0,0,0,0,0,0,0,0,0,0,0,0,0,0,0,0,0,0,0,0",4,cost_sensitive_budget_policy,0.9821051865802519,0.9954091665728244,0.01330397999257249,333.15,4,160.0,0.01
10.1149/1.1513556,"10.1149/1.1513556|LiPF6|0.4|mol/kg|w|0.18,0.18,0,0.24,0,0,0,0,0,0.4,0,0,0,0,0,0,0,0,0,0,0,0,0,0,0,0,0,0,0,0,0,0,0,0,0,0,0,0",4,cost_sensitive_budget_policy,0.8858175206616673,0.8836577585505269,0.0021597621111404397,333.15,4,160.0,0.02
10.1149/1.1513556,"10.1149/1.1513556|LiPF6|0.56|mol/kg|w|0.18,0.18,0,0.24,0,0,0,0,0,0.4,0,0,0,0,0,0,0,0,0,0,0,0,0,0,0,0,0,0,0,0,0,0,0,0,0,0,0,0",4,cost_sensitive_budget_policy,0.9502397670021827,0.9531979641443551,0.0029581971421723807,333.15,4,160.0,0.02
10.1149/1.1513556,"10.1149/1.1513556|LiPF6|0.659429|mol/kg|w|0.18,0.18,0,0.24,0,0,0,0,0,0.4,0,0,0,0,0,0,0,0,0,0,0,0,0,0,0,0,0,0,0,0,0,0,0,0,0,0,0,0",4,cost_sensitive_budget_policy,0.9694672099871865,0.9784559522867595,0.008988742299573027,333.15,4,160.0,0.02
10.1149/1.1513556,"10.1149/1.1513556|LiPF6|0.872|mol/kg|w|0.18,0.18,0,0.24,0,0,0,0,0,0.4,0,0,0,0,0,0,0,0,0,0,0,0,0,0,0,0,0,0,0,0,0,0,0,0,0,0,0,0",4,cost_sensitive_budget_policy,0.9821051865802519,0.9954091665728244,0.01330397999257249,333.15,4,160.0,0.02
10.1149/1.1527939,"10.1149/1.1527939|LiBOB|0.08|mol/l|mol|0,1,0,0,0,0,0,0,0,0,0,0,0,0,0,0,0,0,0,0,0,0,0,0,0,0,0,0,0,0,0,0,0,0,0,0,0,0",3,fixed_target_router,0.4733333332990731,0.4940343357664937,0.02070100246742057,387.5192442,4,160.0,
10.1149/1.1527939,"10.1149/1.1527939|LiBOB|1.3|mol/l|mol|0,1,0,0,0,0,0,0,0,0,0,0,0,0,0,0,0,0,0,0,0,0,0,0,0,0,0,0,0,0,0,0,0,0,0,0,0,0",3,fixed_target_router,1.2533333332423695,1.2533065606988318,2.677254353766756e-05,386.9724539,4,160.0,
10.1149/1.1527939,"10.1149/1.1527939|LiBOB|0.5|mol/l|mol|0,1,0,0,0,0,0,0,0,0,0,0,0,0,0,0,0,0,0,0,0,0,0,0,0,0,0,0,0,0,0,0,0,0,0,0,0,0",3,fixed_target_router,1.1200000001461399,1.1236168544719638,0.003616854325823926,386.7281222,4,160.0,
10.1149/1.1527939,"10.1149/1.1527939|LiBOB|1|mol/l|mol|0,1,0,0,0,0,0,0,0,0,0,0,0,0,0,0,0,0,0,0,0,0,0,0,0,0,0,0,0,0,0,0,0,0,0,0,0,0",3,fixed_target_router,0.8399999999881127,0.8595625229966768,0.019562523008564092,334.2610784,4,160.0,
10.1149/1.1527939,"10.1149/1.1527939| LiBPFPB|2.57|mol/l|mol|0,1,0,0,0,0,0,0,0,0,0,0,0,0,0,0,0,0,0,0,0,0,0,0,0,0,0,0,0,0,0,0,0,0,0,0,0,0",3,fixed_target_router,-0.06086527366936826,-0.4727921591235851,0.4119268854542168,436.6553973,4,160.0,
10.1149/1.1527939,"10.1149/1.1527939| LiBPFPB|2.15|mol/l|mol|0,1,0,0,0,0,0,0,0,0,0,0,0,0,0,0,0,0,0,0,0,0,0,0,0,0,0,0,0,0,0,0,0,0,0,0,0,0",3,fixed_target_router,0.606678730063689,0.6245833798033238,0.017904649739634793,477.4233746,4,160.0,
10.1149/1.1527939,"10.1149/1.1527939| LiBPFPB|1.97|mol/l|mol|0,1,0,0,0,0,0,0,0,0,0,0,0,0,0,0,0,0,0,0,0,0,0,0,0,0,0,0,0,0,0,0,0,0,0,0,0,0",3,fixed_target_router,0.5836486264695625,0.5772156786239651,0.006432947845597448,411.8638096,4,160.0,
10.1149/1.1527939,"10.1149/1.1527939| LiBPFPB|1.6|mol/l|mol|0,1,0,0,0,0,0,0,0,0,0,0,0,0,0,0,0,0,0,0,0,0,0,0,0,0,0,0,0,0,0,0,0,0,0,0,0,0",3,fixed_target_router,0.8381312715847568,0.7791417449589391,0.05898952662581769,404.7809296,4,160.0,
10.1149/1.1527939,"10.1149/1.1527939| LiBPFPB|0.5|mol/l|mol|0,1,0,0,0,0,0,0,0,0,0,0,0,0,0,0,0,0,0,0,0,0,0,0,0,0,0,0,0,0,0,0,0,0,0,0,0,0",3,fixed_target_router,1.0126665568733408,0.968184367610472,0.04448218926286884,394.7539309,4,160.0,
10.1149/1.1527939,"10.1149/1.1527939| LiBPFPB|0.08|mol/l|mol|0,1,0,0,0,0,0,0,0,0,0,0,0,0,0,0,0,0,0,0,0,0,0,0,0,0,0,0,0,0,0,0,0,0,0,0,0,0",3,fixed_target_router,0.40368481654417127,0.3840211831104048,0.01966363343376648,383.3493088,4,160.0,
10.1149/1.1527939,"10.1149/1.1527939| LiBPFPB|1|mol/l|mol|0,1,0,0,0,0,0,0,0,0,0,0,0,0,0,0,0,0,0,0,0,0,0,0,0,0,0,0,0,0,0,0,0,0,0,0,0,0",3,fixed_target_router,0.9670998519604727,0.9941633908337576,0.027063538873284942,376.4055612,4,160.0,
10.1149/1.1527939,"10.1149/1.1527939| LiBPFPB|0.2|mol/l|mol|0,0,0,0,0,1,0,0,0,0,0,0,0,0,0,0,0,0,0,0,0,0,0,0,0,0,0,0,0,0,0,0,0,0,0,0,0,0",3,fixed_target_router,0.8503639733481451,0.8718320055484059,0.021468032200260834,331.2374819,4,160.0,
10.1149/1.1527939,"10.1149/1.1527939| LiBPFPB|0.4|mol/l|mol|0,0,0,0,0,1,0,0,0,0,0,0,0,0,0,0,0,0,0,0,0,0,0,0,0,0,0,0,0,0,0,0,0,0,0,0,0,0",3,fixed_target_router,1.0692398497847229,1.0843557597911484,0.015115910006425537,326.200598,4,160.0,
10.1149/1.1527939,"10.1149/1.1527939| LiBPFPB|0.6|mol/l|mol|0,0,0,0,0,1,0,0,0,0,0,0,0,0,0,0,0,0,0,0,0,0,0,0,0,0,0,0,0,0,0,0,0,0,0,0,0,0",3,fixed_target_router,1.160220247809335,1.1802486708650082,0.020028423055673095,330.9207373,4,160.0,
10.1149/1.1527939,"10.1149/1.1527939|LiBOB|0.2|mol/l|mol|0,0,0,0,0,1,0,0,0,0,0,0,0,0,0,0,0,0,0,0,0,0,0,0,0,0,0,0,0,0,0,0,0,0,0,0,0,0",3,fixed_target_router,0.8002209579141093,0.836210294220162,0.03598933630605272,333.7273727,4,160.0,
10.1149/1.1527939,"10.1149/1.1527939|LiBOB|0.4|mol/l|mol|0,0,0,0,0,1,0,0,0,0,0,0,0,0,0,0,0,0,0,0,0,0,0,0,0,0,0,0,0,0,0,0,0,0,0,0,0,0",3,fixed_target_router,1.069123347667127,1.092723019327589,0.023599671660462063,333.758078,4,160.0,
10.1149/1.1527939,"10.1149/1.1527939|LiBOB|0.6|mol/l|mol|0,0,0,0,0,1,0,0,0,0,0,0,0,0,0,0,0,0,0,0,0,0,0,0,0,0,0,0,0,0,0,0,0,0,0,0,0,0",3,fixed_target_router,1.2386113279047528,1.2720068010168133,0.03339547311206048,333.6369667,4,160.0,
10.1149/1.1527939,"10.1149/1.1527939|LiBOB|0.8|mol/l|mol|0,0,0,0,0,1,0,0,0,0,0,0,0,0,0,0,0,0,0,0,0,0,0,0,0,0,0,0,0,0,0,0,0,0,0,0,0,0",3,fixed_target_router,1.2933376093576872,1.3153097487916023,0.021972139433915183,332.5300914,4,160.0,
10.1149/1.1527939,"10.1149/1.1527939|LiBOB|1|mol/l|mol|0,0,0,0,0,1,0,0,0,0,0,0,0,0,0,0,0,0,0,0,0,0,0,0,0,0,0,0,0,0,0,0,0,0,0,0,0,0",3,fixed_target_router,1.1828147358033385,1.2033141569478962,0.020499421144557717,333.3333333,4,160.0,
10.1149/1.1527939,"10.1149/1.1527939|LiBOB|1.2|mol/l|mol|0,0,0,0,0,1,0,0,0,0,0,0,0,0,0,0,0,0,0,0,0,0,0,0,0,0,0,0,0,0,0,0,0,0,0,0,0,0",3,fixed_target_router,1.3611537174400128,1.3481470476808166,0.013006669759196177,333.1928691,4,160.0,
10.1149/1.1527939,"10.1149/1.1527939|LiBOB|0.08|mol/l|mol|0,1,0,0,0,0,0,0,0,0,0,0,0,0,0,0,0,0,0,0,0,0,0,0,0,0,0,0,0,0,0,0,0,0,0,0,0,0",4,fixed_target_router,0.4733333332990731,0.48847207687872884,0.015138743579655722,387.5192442,4,160.0,
10.1149/1.1527939,"10.1149/1.1527939|LiBOB|1.3|mol/l|mol|0,1,0,0,0,0,0,0,0,0,0,0,0,0,0,0,0,0,0,0,0,0,0,0,0,0,0,0,0,0,0,0,0,0,0,0,0,0",4,fixed_target_router,1.2533333332423695,1.2791717618274352,0.025838428585065687,386.9724539,4,160.0,
10.1149/1.1527939,"10.1149/1.1527939|LiBOB|0.5|mol/l|mol|0,1,0,0,0,0,0,0,0,0,0,0,0,0,0,0,0,0,0,0,0,0,0,0,0,0,0,0,0,0,0,0,0,0,0,0,0,0",4,fixed_target_router,1.1200000001461399,1.1227440440968848,0.002744043950744901,386.7281222,4,160.0,
10.1149/1.1527939,"10.1149/1.1527939|LiBOB|1|mol/l|mol|0,1,0,0,0,0,0,0,0,0,0,0,0,0,0,0,0,0,0,0,0,0,0,0,0,0,0,0,0,0,0,0,0,0,0,0,0,0",4,fixed_target_router,0.8399999999881127,0.8601102464442327,0.02011024645612003,334.2610784,4,160.0,
10.1149/1.1527939,"10.1149/1.1527939| LiBPFPB|2.57|mol/l|mol|0,1,0,0,0,0,0,0,0,0,0,0,0,0,0,0,0,0,0,0,0,0,0,0,0,0,0,0,0,0,0,0,0,0,0,0,0,0",4,fixed_target_router,-0.06086527366936826,0.051726041071621154,0.1125913147409894,436.6553973,4,160.0,
10.1149/1.1527939,"10.1149/1.1527939| LiBPFPB|2.15|mol/l|mol|0,1,0,0,0,0,0,0,0,0,0,0,0,0,0,0,0,0,0,0,0,0,0,0,0,0,0,0,0,0,0,0,0,0,0,0,0,0",4,fixed_target_router,0.606678730063689,0.6210971777500736,0.014418447686384561,477.4233746,4,160.0,
10.1149/1.1527939,"10.1149/1.1527939| LiBPFPB|1.97|mol/l|mol|0,1,0,0,0,0,0,0,0,0,0,0,0,0,0,0,0,0,0,0,0,0,0,0,0,0,0,0,0,0,0,0,0,0,0,0,0,0",4,fixed_target_router,0.5836486264695625,0.5953659021268773,0.01171727565731484,411.8638096,4,160.0,
10.1149/1.1527939,"10.1149/1.1527939| LiBPFPB|1.6|mol/l|mol|0,1,0,0,0,0,0,0,0,0,0,0,0,0,0,0,0,0,0,0,0,0,0,0,0,0,0,0,0,0,0,0,0,0,0,0,0,0",4,fixed_target_router,0.8381312715847568,0.8284539578731018,0.009677313711654922,404.7809296,4,160.0,
10.1149/1.1527939,"10.1149/1.1527939| LiBPFPB|0.5|mol/l|mol|0,1,0,0,0,0,0,0,0,0,0,0,0,0,0,0,0,0,0,0,0,0,0,0,0,0,0,0,0,0,0,0,0,0,0,0,0,0",4,fixed_target_router,1.0126665568733408,1.0055412752642034,0.0071252816091373905,394.7539309,4,160.0,
10.1149/1.1527939,"10.1149/1.1527939| LiBPFPB|0.08|mol/l|mol|0,1,0,0,0,0,0,0,0,0,0,0,0,0,0,0,0,0,0,0,0,0,0,0,0,0,0,0,0,0,0,0,0,0,0,0,0,0",4,fixed_target_router,0.40368481654417127,0.39901489626711895,0.00466992027705232,383.3493088,4,160.0,
10.1149/1.1527939,"10.1149/1.1527939| LiBPFPB|1|mol/l|mol|0,1,0,0,0,0,0,0,0,0,0,0,0,0,0,0,0,0,0,0,0,0,0,0,0,0,0,0,0,0,0,0,0,0,0,0,0,0",4,fixed_target_router,0.9670998519604727,1.014603746195038,0.04750389423456525,376.4055612,4,160.0,
10.1149/1.1527939,"10.1149/1.1527939| LiBPFPB|0.2|mol/l|mol|0,0,0,0,0,1,0,0,0,0,0,0,0,0,0,0,0,0,0,0,0,0,0,0,0,0,0,0,0,0,0,0,0,0,0,0,0,0",4,fixed_target_router,0.8503639733481451,0.8511316667774578,0.0007676934293127102,331.2374819,4,160.0,
10.1149/1.1527939,"10.1149/1.1527939| LiBPFPB|0.4|mol/l|mol|0,0,0,0,0,1,0,0,0,0,0,0,0,0,0,0,0,0,0,0,0,0,0,0,0,0,0,0,0,0,0,0,0,0,0,0,0,0",4,fixed_target_router,1.0692398497847229,1.0770988751646664,0.00785902537994354,326.200598,4,160.0,
10.1149/1.1527939,"10.1149/1.1527939| LiBPFPB|0.6|mol/l|mol|0,0,0,0,0,1,0,0,0,0,0,0,0,0,0,0,0,0,0,0,0,0,0,0,0,0,0,0,0,0,0,0,0,0,0,0,0,0",4,fixed_target_router,1.160220247809335,1.1715356083484385,0.011315360539103425,330.9207373,4,160.0,
10.1149/1.1527939,"10.1149/1.1527939|LiBOB|0.2|mol/l|mol|0,0,0,0,0,1,0,0,0,0,0,0,0,0,0,0,0,0,0,0,0,0,0,0,0,0,0,0,0,0,0,0,0,0,0,0,0,0",4,fixed_target_router,0.8002209579141093,0.8088690442674517,0.008648086353342355,333.7273727,4,160.0,
10.1149/1.1527939,"10.1149/1.1527939|LiBOB|0.4|mol/l|mol|0,0,0,0,0,1,0,0,0,0,0,0,0,0,0,0,0,0,0,0,0,0,0,0,0,0,0,0,0,0,0,0,0,0,0,0,0,0",4,fixed_target_router,1.069123347667127,1.0752946062571846,0.006171258590057738,333.758078,4,160.0,
10.1149/1.1527939,"10.1149/1.1527939|LiBOB|0.6|mol/l|mol|0,0,0,0,0,1,0,0,0,0,0,0,0,0,0,0,0,0,0,0,0,0,0,0,0,0,0,0,0,0,0,0,0,0,0,0,0,0",4,fixed_target_router,1.2386113279047528,1.2439753878731599,0.005364059968407053,333.6369667,4,160.0,
10.1149/1.1527939,"10.1149/1.1527939|LiBOB|0.8|mol/l|mol|0,0,0,0,0,1,0,0,0,0,0,0,0,0,0,0,0,0,0,0,0,0,0,0,0,0,0,0,0,0,0,0,0,0,0,0,0,0",4,fixed_target_router,1.2933376093576872,1.303865285731037,0.010527676373349948,332.5300914,4,160.0,
10.1149/1.1527939,"10.1149/1.1527939|LiBOB|1|mol/l|mol|0,0,0,0,0,1,0,0,0,0,0,0,0,0,0,0,0,0,0,0,0,0,0,0,0,0,0,0,0,0,0,0,0,0,0,0,0,0",4,fixed_target_router,1.1828147358033385,1.1908579367198866,0.008043200916548088,333.3333333,4,160.0,
10.1149/1.1527939,"10.1149/1.1527939|LiBOB|1.2|mol/l|mol|0,0,0,0,0,1,0,0,0,0,0,0,0,0,0,0,0,0,0,0,0,0,0,0,0,0,0,0,0,0,0,0,0,0,0,0,0,0",4,fixed_target_router,1.3611537174400128,1.3566551823297828,0.0044985351102300175,333.1928691,4,160.0,
10.1149/1.1527939,"10.1149/1.1527939|LiBOB|0.08|mol/l|mol|0,1,0,0,0,0,0,0,0,0,0,0,0,0,0,0,0,0,0,0,0,0,0,0,0,0,0,0,0,0,0,0,0,0,0,0,0,0",5,fixed_target_router,0.4733333332990731,0.4814458505453991,0.008112517246326001,387.5192442,4,160.0,
10.1149/1.1527939,"10.1149/1.1527939|LiBOB|1.3|mol/l|mol|0,1,0,0,0,0,0,0,0,0,0,0,0,0,0,0,0,0,0,0,0,0,0,0,0,0,0,0,0,0,0,0,0,0,0,0,0,0",5,fixed_target_router,1.2533333332423695,1.2652104304807323,0.011877097238362833,386.9724539,4,160.0,
10.1149/1.1527939,"10.1149/1.1527939|LiBOB|0.5|mol/l|mol|0,1,0,0,0,0,0,0,0,0,0,0,0,0,0,0,0,0,0,0,0,0,0,0,0,0,0,0,0,0,0,0,0,0,0,0,0,0",5,fixed_target_router,1.1200000001461399,1.1205023458590784,0.0005023457129385012,386.7281222,4,160.0,
10.1149/1.1527939,"10.1149/1.1527939|LiBOB|1|mol/l|mol|0,1,0,0,0,0,0,0,0,0,0,0,0,0,0,0,0,0,0,0,0,0,0,0,0,0,0,0,0,0,0,0,0,0,0,0,0,0",5,fixed_target_router,0.8399999999881127,0.8567366719921947,0.01673667200408202,334.2610784,4,160.0,
10.1149/1.1527939,"10.1149/1.1527939| LiBPFPB|2.57|mol/l|mol|0,1,0,0,0,0,0,0,0,0,0,0,0,0,0,0,0,0,0,0,0,0,0,0,0,0,0,0,0,0,0,0,0,0,0,0,0,0",5,fixed_target_router,-0.06086527366936826,0.0006784454386448147,0.061543719108013074,436.6553973,4,160.0,
10.1149/1.1527939,"10.1149/1.1527939| LiBPFPB|2.15|mol/l|mol|0,1,0,0,0,0,0,0,0,0,0,0,0,0,0,0,0,0,0,0,0,0,0,0,0,0,0,0,0,0,0,0,0,0,0,0,0,0",5,fixed_target_router,0.606678730063689,0.6077870135023054,0.0011082834386163531,477.4233746,4,160.0,
10.1149/1.1527939,"10.1149/1.1527939| LiBPFPB|1.97|mol/l|mol|0,1,0,0,0,0,0,0,0,0,0,0,0,0,0,0,0,0,0,0,0,0,0,0,0,0,0,0,0,0,0,0,0,0,0,0,0,0",5,fixed_target_router,0.5836486264695625,0.5893556830799476,0.005707056610385064,411.8638096,4,160.0,
10.1149/1.1527939,"10.1149/1.1527939| LiBPFPB|1.6|mol/l|mol|0,1,0,0,0,0,0,0,0,0,0,0,0,0,0,0,0,0,0,0,0,0,0,0,0,0,0,0,0,0,0,0,0,0,0,0,0,0",5,fixed_target_router,0.8381312715847568,0.8308866338808016,0.007244637703955115,404.7809296,4,160.0,
10.1149/1.1527939,"10.1149/1.1527939| LiBPFPB|0.5|mol/l|mol|0,1,0,0,0,0,0,0,0,0,0,0,0,0,0,0,0,0,0,0,0,0,0,0,0,0,0,0,0,0,0,0,0,0,0,0,0,0",5,fixed_target_router,1.0126665568733408,0.9885844774824255,0.024082079390915334,394.7539309,4,160.0,
10.1149/1.1527939,"10.1149/1.1527939| LiBPFPB|0.08|mol/l|mol|0,1,0,0,0,0,0,0,0,0,0,0,0,0,0,0,0,0,0,0,0,0,0,0,0,0,0,0,0,0,0,0,0,0,0,0,0,0",5,fixed_target_router,0.40368481654417127,0.41046675885325423,0.006781942309082967,383.3493088,4,160.0,
10.1149/1.1527939,"10.1149/1.1527939| LiBPFPB|1|mol/l|mol|0,1,0,0,0,0,0,0,0,0,0,0,0,0,0,0,0,0,0,0,0,0,0,0,0,0,0,0,0,0,0,0,0,0,0,0,0,0",5,fixed_target_router,0.9670998519604727,0.9983909907141768,0.03129113875370415,376.4055612,4,160.0,
10.1149/1.1527939,"10.1149/1.1527939| LiBPFPB|0.2|mol/l|mol|0,0,0,0,0,1,0,0,0,0,0,0,0,0,0,0,0,0,0,0,0,0,0,0,0,0,0,0,0,0,0,0,0,0,0,0,0,0",5,fixed_target_router,0.8503639733481451,0.8459887433585351,0.00437522998960993,331.2374819,4,160.0,
10.1149/1.1527939,"10.1149/1.1527939| LiBPFPB|0.4|mol/l|mol|0,0,0,0,0,1,0,0,0,0,0,0,0,0,0,0,0,0,0,0,0,0,0,0,0,0,0,0,0,0,0,0,0,0,0,0,0,0",5,fixed_target_router,1.0692398497847229,1.0667573674770816,0.002482482307641254,326.200598,4,160.0,
10.1149/1.1527939,"10.1149/1.1527939| LiBPFPB|0.6|mol/l|mol|0,0,0,0,0,1,0,0,0,0,0,0,0,0,0,0,0,0,0,0,0,0,0,0,0,0,0,0,0,0,0,0,0,0,0,0,0,0",5,fixed_target_router,1.160220247809335,1.1692818385189359,0.009061590709600775,330.9207373,4,160.0,
10.1149/1.1527939,"10.1149/1.1527939|LiBOB|0.2|mol/l|mol|0,0,0,0,0,1,0,0,0,0,0,0,0,0,0,0,0,0,0,0,0,0,0,0,0,0,0,0,0,0,0,0,0,0,0,0,0,0",5,fixed_target_router,0.8002209579141093,0.8061377120412451,0.00591675412713577,333.7273727,4,160.0,
10.1149/1.1527939,"10.1149/1.1527939|LiBOB|0.4|mol/l|mol|0,0,0,0,0,1,0,0,0,0,0,0,0,0,0,0,0,0,0,0,0,0,0,0,0,0,0,0,0,0,0,0,0,0,0,0,0,0",5,fixed_target_router,1.069123347667127,1.071024667553557,0.001901319886430164,333.758078,4,160.0,
10.1149/1.1527939,"10.1149/1.1527939|LiBOB|0.6|mol/l|mol|0,0,0,0,0,1,0,0,0,0,0,0,0,0,0,0,0,0,0,0,0,0,0,0,0,0,0,0,0,0,0,0,0,0,0,0,0,0",5,fixed_target_router,1.2386113279047528,1.2451879198370364,0.006576591932283549,333.6369667,4,160.0,
10.1149/1.1527939,"10.1149/1.1527939|LiBOB|0.8|mol/l|mol|0,0,0,0,0,1,0,0,0,0,0,0,0,0,0,0,0,0,0,0,0,0,0,0,0,0,0,0,0,0,0,0,0,0,0,0,0,0",5,fixed_target_router,1.2933376093576872,1.2980509661213022,0.004713356763615062,332.5300914,4,160.0,
10.1149/1.1527939,"10.1149/1.1527939|LiBOB|1|mol/l|mol|0,0,0,0,0,1,0,0,0,0,0,0,0,0,0,0,0,0,0,0,0,0,0,0,0,0,0,0,0,0,0,0,0,0,0,0,0,0",5,fixed_target_router,1.1828147358033385,1.186977995336259,0.004163259532920405,333.3333333,4,160.0,
10.1149/1.1527939,"10.1149/1.1527939|LiBOB|1.2|mol/l|mol|0,0,0,0,0,1,0,0,0,0,0,0,0,0,0,0,0,0,0,0,0,0,0,0,0,0,0,0,0,0,0,0,0,0,0,0,0,0",5,fixed_target_router,1.3611537174400128,1.3590918776826677,0.0020618397573450853,333.1928691,4,160.0,
10.1149/1.1527939,"10.1149/1.1527939|LiBOB|0.08|mol/l|mol|0,1,0,0,0,0,0,0,0,0,0,0,0,0,0,0,0,0,0,0,0,0,0,0,0,0,0,0,0,0,0,0,0,0,0,0,0,0",5,cost_sensitive_budget_policy,0.4733333332990731,0.4814458505453991,0.008112517246326001,387.5192442,4,160.0,0.0
10.1149/1.1527939,"10.1149/1.1527939|LiBOB|1.3|mol/l|mol|0,1,0,0,0,0,0,0,0,0,0,0,0,0,0,0,0,0,0,0,0,0,0,0,0,0,0,0,0,0,0,0,0,0,0,0,0,0",5,cost_sensitive_budget_policy,1.2533333332423695,1.2652104304807323,0.011877097238362833,386.9724539,4,160.0,0.0
10.1149/1.1527939,"10.1149/1.1527939|LiBOB|0.5|mol/l|mol|0,1,0,0,0,0,0,0,0,0,0,0,0,0,0,0,0,0,0,0,0,0,0,0,0,0,0,0,0,0,0,0,0,0,0,0,0,0",5,cost_sensitive_budget_policy,1.1200000001461399,1.1205023458590784,0.0005023457129385012,386.7281222,4,160.0,0.0
10.1149/1.1527939,"10.1149/1.1527939|LiBOB|1|mol/l|mol|0,1,0,0,0,0,0,0,0,0,0,0,0,0,0,0,0,0,0,0,0,0,0,0,0,0,0,0,0,0,0,0,0,0,0,0,0,0",5,cost_sensitive_budget_policy,0.8399999999881127,0.8567366719921947,0.01673667200408202,334.2610784,4,160.0,0.0
10.1149/1.1527939,"10.1149/1.1527939| LiBPFPB|2.57|mol/l|mol|0,1,0,0,0,0,0,0,0,0,0,0,0,0,0,0,0,0,0,0,0,0,0,0,0,0,0,0,0,0,0,0,0,0,0,0,0,0",5,cost_sensitive_budget_policy,-0.06086527366936826,0.0006784454386448147,0.061543719108013074,436.6553973,4,160.0,0.0
10.1149/1.1527939,"10.1149/1.1527939| LiBPFPB|2.15|mol/l|mol|0,1,0,0,0,0,0,0,0,0,0,0,0,0,0,0,0,0,0,0,0,0,0,0,0,0,0,0,0,0,0,0,0,0,0,0,0,0",5,cost_sensitive_budget_policy,0.606678730063689,0.6077870135023054,0.0011082834386163531,477.4233746,4,160.0,0.0
10.1149/1.1527939,"10.1149/1.1527939| LiBPFPB|1.97|mol/l|mol|0,1,0,0,0,0,0,0,0,0,0,0,0,0,0,0,0,0,0,0,0,0,0,0,0,0,0,0,0,0,0,0,0,0,0,0,0,0",5,cost_sensitive_budget_policy,0.5836486264695625,0.5893556830799476,0.005707056610385064,411.8638096,4,160.0,0.0
10.1149/1.1527939,"10.1149/1.1527939| LiBPFPB|1.6|mol/l|mol|0,1,0,0,0,0,0,0,0,0,0,0,0,0,0,0,0,0,0,0,0,0,0,0,0,0,0,0,0,0,0,0,0,0,0,0,0,0",5,cost_sensitive_budget_policy,0.8381312715847568,0.8308866338808016,0.007244637703955115,404.7809296,4,160.0,0.0
10.1149/1.1527939,"10.1149/1.1527939| LiBPFPB|0.5|mol/l|mol|0,1,0,0,0,0,0,0,0,0,0,0,0,0,0,0,0,0,0,0,0,0,0,0,0,0,0,0,0,0,0,0,0,0,0,0,0,0",5,cost_sensitive_budget_policy,1.0126665568733408,0.9885844774824255,0.024082079390915334,394.7539309,4,160.0,0.0
10.1149/1.1527939,"10.1149/1.1527939| LiBPFPB|0.08|mol/l|mol|0,1,0,0,0,0,0,0,0,0,0,0,0,0,0,0,0,0,0,0,0,0,0,0,0,0,0,0,0,0,0,0,0,0,0,0,0,0",5,cost_sensitive_budget_policy,0.40368481654417127,0.41046675885325423,0.006781942309082967,383.3493088,4,160.0,0.0
10.1149/1.1527939,"10.1149/1.1527939| LiBPFPB|1|mol/l|mol|0,1,0,0,0,0,0,0,0,0,0,0,0,0,0,0,0,0,0,0,0,0,0,0,0,0,0,0,0,0,0,0,0,0,0,0,0,0",5,cost_sensitive_budget_policy,0.9670998519604727,0.9983909907141768,0.03129113875370415,376.4055612,4,160.0,0.0
10.1149/1.1527939,"10.1149/1.1527939| LiBPFPB|0.2|mol/l|mol|0,0,0,0,0,1,0,0,0,0,0,0,0,0,0,0,0,0,0,0,0,0,0,0,0,0,0,0,0,0,0,0,0,0,0,0,0,0",5,cost_sensitive_budget_policy,0.8503639733481451,0.8459887433585351,0.00437522998960993,331.2374819,4,160.0,0.0
10.1149/1.1527939,"10.1149/1.1527939| LiBPFPB|0.4|mol/l|mol|0,0,0,0,0,1,0,0,0,0,0,0,0,0,0,0,0,0,0,0,0,0,0,0,0,0,0,0,0,0,0,0,0,0,0,0,0,0",5,cost_sensitive_budget_policy,1.0692398497847229,1.0667573674770816,0.002482482307641254,326.200598,4,160.0,0.0
10.1149/1.1527939,"10.1149/1.1527939| LiBPFPB|0.6|mol/l|mol|0,0,0,0,0,1,0,0,0,0,0,0,0,0,0,0,0,0,0,0,0,0,0,0,0,0,0,0,0,0,0,0,0,0,0,0,0,0",5,cost_sensitive_budget_policy,1.160220247809335,1.1692818385189359,0.009061590709600775,330.9207373,4,160.0,0.0
10.1149/1.1527939,"10.1149/1.1527939|LiBOB|0.2|mol/l|mol|0,0,0,0,0,1,0,0,0,0,0,0,0,0,0,0,0,0,0,0,0,0,0,0,0,0,0,0,0,0,0,0,0,0,0,0,0,0",5,cost_sensitive_budget_policy,0.8002209579141093,0.8061377120412451,0.00591675412713577,333.7273727,4,160.0,0.0
10.1149/1.1527939,"10.1149/1.1527939|LiBOB|0.4|mol/l|mol|0,0,0,0,0,1,0,0,0,0,0,0,0,0,0,0,0,0,0,0,0,0,0,0,0,0,0,0,0,0,0,0,0,0,0,0,0,0",5,cost_sensitive_budget_policy,1.069123347667127,1.071024667553557,0.001901319886430164,333.758078,4,160.0,0.0
10.1149/1.1527939,"10.1149/1.1527939|LiBOB|0.6|mol/l|mol|0,0,0,0,0,1,0,0,0,0,0,0,0,0,0,0,0,0,0,0,0,0,0,0,0,0,0,0,0,0,0,0,0,0,0,0,0,0",5,cost_sensitive_budget_policy,1.2386113279047528,1.2451879198370364,0.006576591932283549,333.6369667,4,160.0,0.0
10.1149/1.1527939,"10.1149/1.1527939|LiBOB|0.8|mol/l|mol|0,0,0,0,0,1,0,0,0,0,0,0,0,0,0,0,0,0,0,0,0,0,0,0,0,0,0,0,0,0,0,0,0,0,0,0,0,0",5,cost_sensitive_budget_policy,1.2933376093576872,1.2980509661213022,0.004713356763615062,332.5300914,4,160.0,0.0
10.1149/1.1527939,"10.1149/1.1527939|LiBOB|1|mol/l|mol|0,0,0,0,0,1,0,0,0,0,0,0,0,0,0,0,0,0,0,0,0,0,0,0,0,0,0,0,0,0,0,0,0,0,0,0,0,0",5,cost_sensitive_budget_policy,1.1828147358033385,1.186977995336259,0.004163259532920405,333.3333333,4,160.0,0.0
10.1149/1.1527939,"10.1149/1.1527939|LiBOB|1.2|mol/l|mol|0,0,0,0,0,1,0,0,0,0,0,0,0,0,0,0,0,0,0,0,0,0,0,0,0,0,0,0,0,0,0,0,0,0,0,0,0,0",5,cost_sensitive_budget_policy,1.3611537174400128,1.3590918776826677,0.0020618397573450853,333.1928691,4,160.0,0.0
10.1149/1.1527939,"10.1149/1.1527939|LiBOB|0.08|mol/l|mol|0,1,0,0,0,0,0,0,0,0,0,0,0,0,0,0,0,0,0,0,0,0,0,0,0,0,0,0,0,0,0,0,0,0,0,0,0,0",5,cost_sensitive_budget_policy,0.4733333332990731,0.4814458505453991,0.008112517246326001,387.5192442,4,160.0,0.0025
10.1149/1.1527939,"10.1149/1.1527939|LiBOB|1.3|mol/l|mol|0,1,0,0,0,0,0,0,0,0,0,0,0,0,0,0,0,0,0,0,0,0,0,0,0,0,0,0,0,0,0,0,0,0,0,0,0,0",5,cost_sensitive_budget_policy,1.2533333332423695,1.2652104304807323,0.011877097238362833,386.9724539,4,160.0,0.0025
10.1149/1.1527939,"10.1149/1.1527939|LiBOB|0.5|mol/l|mol|0,1,0,0,0,0,0,0,0,0,0,0,0,0,0,0,0,0,0,0,0,0,0,0,0,0,0,0,0,0,0,0,0,0,0,0,0,0",5,cost_sensitive_budget_policy,1.1200000001461399,1.1205023458590784,0.0005023457129385012,386.7281222,4,160.0,0.0025
10.1149/1.1527939,"10.1149/1.1527939|LiBOB|1|mol/l|mol|0,1,0,0,0,0,0,0,0,0,0,0,0,0,0,0,0,0,0,0,0,0,0,0,0,0,0,0,0,0,0,0,0,0,0,0,0,0",5,cost_sensitive_budget_policy,0.8399999999881127,0.8567366719921947,0.01673667200408202,334.2610784,4,160.0,0.0025
10.1149/1.1527939,"10.1149/1.1527939| LiBPFPB|2.57|mol/l|mol|0,1,0,0,0,0,0,0,0,0,0,0,0,0,0,0,0,0,0,0,0,0,0,0,0,0,0,0,0,0,0,0,0,0,0,0,0,0",5,cost_sensitive_budget_policy,-0.06086527366936826,0.0006784454386448147,0.061543719108013074,436.6553973,4,160.0,0.0025
10.1149/1.1527939,"10.1149/1.1527939| LiBPFPB|2.15|mol/l|mol|0,1,0,0,0,0,0,0,0,0,0,0,0,0,0,0,0,0,0,0,0,0,0,0,0,0,0,0,0,0,0,0,0,0,0,0,0,0",5,cost_sensitive_budget_policy,0.606678730063689,0.6077870135023054,0.0011082834386163531,477.4233746,4,160.0,0.0025
10.1149/1.1527939,"10.1149/1.1527939| LiBPFPB|1.97|mol/l|mol|0,1,0,0,0,0,0,0,0,0,0,0,0,0,0,0,0,0,0,0,0,0,0,0,0,0,0,0,0,0,0,0,0,0,0,0,0,0",5,cost_sensitive_budget_policy,0.5836486264695625,0.5893556830799476,0.005707056610385064,411.8638096,4,160.0,0.0025
10.1149/1.1527939,"10.1149/1.1527939| LiBPFPB|1.6|mol/l|mol|0,1,0,0,0,0,0,0,0,0,0,0,0,0,0,0,0,0,0,0,0,0,0,0,0,0,0,0,0,0,0,0,0,0,0,0,0,0",5,cost_sensitive_budget_policy,0.8381312715847568,0.8308866338808016,0.007244637703955115,404.7809296,4,160.0,0.0025
10.1149/1.1527939,"10.1149/1.1527939| LiBPFPB|0.5|mol/l|mol|0,1,0,0,0,0,0,0,0,0,0,0,0,0,0,0,0,0,0,0,0,0,0,0,0,0,0,0,0,0,0,0,0,0,0,0,0,0",5,cost_sensitive_budget_policy,1.0126665568733408,0.9885844774824255,0.024082079390915334,394.7539309,4,160.0,0.0025
10.1149/1.1527939,"10.1149/1.1527939| LiBPFPB|0.08|mol/l|mol|0,1,0,0,0,0,0,0,0,0,0,0,0,0,0,0,0,0,0,0,0,0,0,0,0,0,0,0,0,0,0,0,0,0,0,0,0,0",5,cost_sensitive_budget_policy,0.40368481654417127,0.41046675885325423,0.006781942309082967,383.3493088,4,160.0,0.0025
10.1149/1.1527939,"10.1149/1.1527939| LiBPFPB|1|mol/l|mol|0,1,0,0,0,0,0,0,0,0,0,0,0,0,0,0,0,0,0,0,0,0,0,0,0,0,0,0,0,0,0,0,0,0,0,0,0,0",5,cost_sensitive_budget_policy,0.9670998519604727,0.9983909907141768,0.03129113875370415,376.4055612,4,160.0,0.0025
10.1149/1.1527939,"10.1149/1.1527939| LiBPFPB|0.2|mol/l|mol|0,0,0,0,0,1,0,0,0,0,0,0,0,0,0,0,0,0,0,0,0,0,0,0,0,0,0,0,0,0,0,0,0,0,0,0,0,0",5,cost_sensitive_budget_policy,0.8503639733481451,0.8459887433585351,0.00437522998960993,331.2374819,4,160.0,0.0025
10.1149/1.1527939,"10.1149/1.1527939| LiBPFPB|0.4|mol/l|mol|0,0,0,0,0,1,0,0,0,0,0,0,0,0,0,0,0,0,0,0,0,0,0,0,0,0,0,0,0,0,0,0,0,0,0,0,0,0",5,cost_sensitive_budget_policy,1.0692398497847229,1.0667573674770816,0.002482482307641254,326.200598,4,160.0,0.0025
10.1149/1.1527939,"10.1149/1.1527939| LiBPFPB|0.6|mol/l|mol|0,0,0,0,0,1,0,0,0,0,0,0,0,0,0,0,0,0,0,0,0,0,0,0,0,0,0,0,0,0,0,0,0,0,0,0,0,0",5,cost_sensitive_budget_policy,1.160220247809335,1.1692818385189359,0.009061590709600775,330.9207373,4,160.0,0.0025
10.1149/1.1527939,"10.1149/1.1527939|LiBOB|0.2|mol/l|mol|0,0,0,0,0,1,0,0,0,0,0,0,0,0,0,0,0,0,0,0,0,0,0,0,0,0,0,0,0,0,0,0,0,0,0,0,0,0",5,cost_sensitive_budget_policy,0.8002209579141093,0.8061377120412451,0.00591675412713577,333.7273727,4,160.0,0.0025
10.1149/1.1527939,"10.1149/1.1527939|LiBOB|0.4|mol/l|mol|0,0,0,0,0,1,0,0,0,0,0,0,0,0,0,0,0,0,0,0,0,0,0,0,0,0,0,0,0,0,0,0,0,0,0,0,0,0",5,cost_sensitive_budget_policy,1.069123347667127,1.071024667553557,0.001901319886430164,333.758078,4,160.0,0.0025
10.1149/1.1527939,"10.1149/1.1527939|LiBOB|0.6|mol/l|mol|0,0,0,0,0,1,0,0,0,0,0,0,0,0,0,0,0,0,0,0,0,0,0,0,0,0,0,0,0,0,0,0,0,0,0,0,0,0",5,cost_sensitive_budget_policy,1.2386113279047528,1.2451879198370364,0.006576591932283549,333.6369667,4,160.0,0.0025
10.1149/1.1527939,"10.1149/1.1527939|LiBOB|0.8|mol/l|mol|0,0,0,0,0,1,0,0,0,0,0,0,0,0,0,0,0,0,0,0,0,0,0,0,0,0,0,0,0,0,0,0,0,0,0,0,0,0",5,cost_sensitive_budget_policy,1.2933376093576872,1.2980509661213022,0.004713356763615062,332.5300914,4,160.0,0.0025
10.1149/1.1527939,"10.1149/1.1527939|LiBOB|1|mol/l|mol|0,0,0,0,0,1,0,0,0,0,0,0,0,0,0,0,0,0,0,0,0,0,0,0,0,0,0,0,0,0,0,0,0,0,0,0,0,0",5,cost_sensitive_budget_policy,1.1828147358033385,1.186977995336259,0.004163259532920405,333.3333333,4,160.0,0.0025
10.1149/1.1527939,"10.1149/1.1527939|LiBOB|1.2|mol/l|mol|0,0,0,0,0,1,0,0,0,0,0,0,0,0,0,0,0,0,0,0,0,0,0,0,0,0,0,0,0,0,0,0,0,0,0,0,0,0",5,cost_sensitive_budget_policy,1.3611537174400128,1.3590918776826677,0.0020618397573450853,333.1928691,4,160.0,0.0025
10.1149/1.1527939,"10.1149/1.1527939|LiBOB|0.08|mol/l|mol|0,1,0,0,0,0,0,0,0,0,0,0,0,0,0,0,0,0,0,0,0,0,0,0,0,0,0,0,0,0,0,0,0,0,0,0,0,0",5,cost_sensitive_budget_policy,0.4733333332990731,0.4814458505453991,0.008112517246326001,387.5192442,4,160.0,0.005
10.1149/1.1527939,"10.1149/1.1527939|LiBOB|1.3|mol/l|mol|0,1,0,0,0,0,0,0,0,0,0,0,0,0,0,0,0,0,0,0,0,0,0,0,0,0,0,0,0,0,0,0,0,0,0,0,0,0",5,cost_sensitive_budget_policy,1.2533333332423695,1.2652104304807323,0.011877097238362833,386.9724539,4,160.0,0.005
10.1149/1.1527939,"10.1149/1.1527939|LiBOB|0.5|mol/l|mol|0,1,0,0,0,0,0,0,0,0,0,0,0,0,0,0,0,0,0,0,0,0,0,0,0,0,0,0,0,0,0,0,0,0,0,0,0,0",5,cost_sensitive_budget_policy,1.1200000001461399,1.1205023458590784,0.0005023457129385012,386.7281222,4,160.0,0.005
10.1149/1.1527939,"10.1149/1.1527939|LiBOB|1|mol/l|mol|0,1,0,0,0,0,0,0,0,0,0,0,0,0,0,0,0,0,0,0,0,0,0,0,0,0,0,0,0,0,0,0,0,0,0,0,0,0",5,cost_sensitive_budget_policy,0.8399999999881127,0.8567366719921947,0.01673667200408202,334.2610784,4,160.0,0.005
10.1149/1.1527939,"10.1149/1.1527939| LiBPFPB|2.57|mol/l|mol|0,1,0,0,0,0,0,0,0,0,0,0,0,0,0,0,0,0,0,0,0,0,0,0,0,0,0,0,0,0,0,0,0,0,0,0,0,0",5,cost_sensitive_budget_policy,-0.06086527366936826,0.0006784454386448147,0.061543719108013074,436.6553973,4,160.0,0.005
10.1149/1.1527939,"10.1149/1.1527939| LiBPFPB|2.15|mol/l|mol|0,1,0,0,0,0,0,0,0,0,0,0,0,0,0,0,0,0,0,0,0,0,0,0,0,0,0,0,0,0,0,0,0,0,0,0,0,0",5,cost_sensitive_budget_policy,0.606678730063689,0.6077870135023054,0.0011082834386163531,477.4233746,4,160.0,0.005
10.1149/1.1527939,"10.1149/1.1527939| LiBPFPB|1.97|mol/l|mol|0,1,0,0,0,0,0,0,0,0,0,0,0,0,0,0,0,0,0,0,0,0,0,0,0,0,0,0,0,0,0,0,0,0,0,0,0,0",5,cost_sensitive_budget_policy,0.5836486264695625,0.5893556830799476,0.005707056610385064,411.8638096,4,160.0,0.005
10.1149/1.1527939,"10.1149/1.1527939| LiBPFPB|1.6|mol/l|mol|0,1,0,0,0,0,0,0,0,0,0,0,0,0,0,0,0,0,0,0,0,0,0,0,0,0,0,0,0,0,0,0,0,0,0,0,0,0",5,cost_sensitive_budget_policy,0.8381312715847568,0.8308866338808016,0.007244637703955115,404.7809296,4,160.0,0.005
10.1149/1.1527939,"10.1149/1.1527939| LiBPFPB|0.5|mol/l|mol|0,1,0,0,0,0,0,0,0,0,0,0,0,0,0,0,0,0,0,0,0,0,0,0,0,0,0,0,0,0,0,0,0,0,0,0,0,0",5,cost_sensitive_budget_policy,1.0126665568733408,0.9885844774824255,0.024082079390915334,394.7539309,4,160.0,0.005
10.1149/1.1527939,"10.1149/1.1527939| LiBPFPB|0.08|mol/l|mol|0,1,0,0,0,0,0,0,0,0,0,0,0,0,0,0,0,0,0,0,0,0,0,0,0,0,0,0,0,0,0,0,0,0,0,0,0,0",5,cost_sensitive_budget_policy,0.40368481654417127,0.41046675885325423,0.006781942309082967,383.3493088,4,160.0,0.005
10.1149/1.1527939,"10.1149/1.1527939| LiBPFPB|1|mol/l|mol|0,1,0,0,0,0,0,0,0,0,0,0,0,0,0,0,0,0,0,0,0,0,0,0,0,0,0,0,0,0,0,0,0,0,0,0,0,0",5,cost_sensitive_budget_policy,0.9670998519604727,0.9983909907141768,0.03129113875370415,376.4055612,4,160.0,0.005
10.1149/1.1527939,"10.1149/1.1527939| LiBPFPB|0.2|mol/l|mol|0,0,0,0,0,1,0,0,0,0,0,0,0,0,0,0,0,0,0,0,0,0,0,0,0,0,0,0,0,0,0,0,0,0,0,0,0,0",5,cost_sensitive_budget_policy,0.8503639733481451,0.8459887433585351,0.00437522998960993,331.2374819,4,160.0,0.005
10.1149/1.1527939,"10.1149/1.1527939| LiBPFPB|0.4|mol/l|mol|0,0,0,0,0,1,0,0,0,0,0,0,0,0,0,0,0,0,0,0,0,0,0,0,0,0,0,0,0,0,0,0,0,0,0,0,0,0",5,cost_sensitive_budget_policy,1.0692398497847229,1.0667573674770816,0.002482482307641254,326.200598,4,160.0,0.005
10.1149/1.1527939,"10.1149/1.1527939| LiBPFPB|0.6|mol/l|mol|0,0,0,0,0,1,0,0,0,0,0,0,0,0,0,0,0,0,0,0,0,0,0,0,0,0,0,0,0,0,0,0,0,0,0,0,0,0",5,cost_sensitive_budget_policy,1.160220247809335,1.1692818385189359,0.009061590709600775,330.9207373,4,160.0,0.005
10.1149/1.1527939,"10.1149/1.1527939|LiBOB|0.2|mol/l|mol|0,0,0,0,0,1,0,0,0,0,0,0,0,0,0,0,0,0,0,0,0,0,0,0,0,0,0,0,0,0,0,0,0,0,0,0,0,0",5,cost_sensitive_budget_policy,0.8002209579141093,0.8061377120412451,0.00591675412713577,333.7273727,4,160.0,0.005
10.1149/1.1527939,"10.1149/1.1527939|LiBOB|0.4|mol/l|mol|0,0,0,0,0,1,0,0,0,0,0,0,0,0,0,0,0,0,0,0,0,0,0,0,0,0,0,0,0,0,0,0,0,0,0,0,0,0",5,cost_sensitive_budget_policy,1.069123347667127,1.071024667553557,0.001901319886430164,333.758078,4,160.0,0.005
10.1149/1.1527939,"10.1149/1.1527939|LiBOB|0.6|mol/l|mol|0,0,0,0,0,1,0,0,0,0,0,0,0,0,0,0,0,0,0,0,0,0,0,0,0,0,0,0,0,0,0,0,0,0,0,0,0,0",5,cost_sensitive_budget_policy,1.2386113279047528,1.2451879198370364,0.006576591932283549,333.6369667,4,160.0,0.005
10.1149/1.1527939,"10.1149/1.1527939|LiBOB|0.8|mol/l|mol|0,0,0,0,0,1,0,0,0,0,0,0,0,0,0,0,0,0,0,0,0,0,0,0,0,0,0,0,0,0,0,0,0,0,0,0,0,0",5,cost_sensitive_budget_policy,1.2933376093576872,1.2980509661213022,0.004713356763615062,332.5300914,4,160.0,0.005
10.1149/1.1527939,"10.1149/1.1527939|LiBOB|1|mol/l|mol|0,0,0,0,0,1,0,0,0,0,0,0,0,0,0,0,0,0,0,0,0,0,0,0,0,0,0,0,0,0,0,0,0,0,0,0,0,0",5,cost_sensitive_budget_policy,1.1828147358033385,1.186977995336259,0.004163259532920405,333.3333333,4,160.0,0.005
10.1149/1.1527939,"10.1149/1.1527939|LiBOB|1.2|mol/l|mol|0,0,0,0,0,1,0,0,0,0,0,0,0,0,0,0,0,0,0,0,0,0,0,0,0,0,0,0,0,0,0,0,0,0,0,0,0,0",5,cost_sensitive_budget_policy,1.3611537174400128,1.3590918776826677,0.0020618397573450853,333.1928691,4,160.0,0.005
10.1149/1.1527939,"10.1149/1.1527939|LiBOB|0.08|mol/l|mol|0,1,0,0,0,0,0,0,0,0,0,0,0,0,0,0,0,0,0,0,0,0,0,0,0,0,0,0,0,0,0,0,0,0,0,0,0,0",4,cost_sensitive_budget_policy,0.4733333332990731,0.48847207687872884,0.015138743579655722,387.5192442,4,160.0,0.01
10.1149/1.1527939,"10.1149/1.1527939|LiBOB|1.3|mol/l|mol|0,1,0,0,0,0,0,0,0,0,0,0,0,0,0,0,0,0,0,0,0,0,0,0,0,0,0,0,0,0,0,0,0,0,0,0,0,0",4,cost_sensitive_budget_policy,1.2533333332423695,1.2791717618274352,0.025838428585065687,386.9724539,4,160.0,0.01
10.1149/1.1527939,"10.1149/1.1527939|LiBOB|0.5|mol/l|mol|0,1,0,0,0,0,0,0,0,0,0,0,0,0,0,0,0,0,0,0,0,0,0,0,0,0,0,0,0,0,0,0,0,0,0,0,0,0",4,cost_sensitive_budget_policy,1.1200000001461399,1.1227440440968848,0.002744043950744901,386.7281222,4,160.0,0.01
10.1149/1.1527939,"10.1149/1.1527939|LiBOB|1|mol/l|mol|0,1,0,0,0,0,0,0,0,0,0,0,0,0,0,0,0,0,0,0,0,0,0,0,0,0,0,0,0,0,0,0,0,0,0,0,0,0",4,cost_sensitive_budget_policy,0.8399999999881127,0.8601102464442327,0.02011024645612003,334.2610784,4,160.0,0.01
10.1149/1.1527939,"10.1149/1.1527939| LiBPFPB|2.57|mol/l|mol|0,1,0,0,0,0,0,0,0,0,0,0,0,0,0,0,0,0,0,0,0,0,0,0,0,0,0,0,0,0,0,0,0,0,0,0,0,0",4,cost_sensitive_budget_policy,-0.06086527366936826,0.051726041071621154,0.1125913147409894,436.6553973,4,160.0,0.01
10.1149/1.1527939,"10.1149/1.1527939| LiBPFPB|2.15|mol/l|mol|0,1,0,0,0,0,0,0,0,0,0,0,0,0,0,0,0,0,0,0,0,0,0,0,0,0,0,0,0,0,0,0,0,0,0,0,0,0",4,cost_sensitive_budget_policy,0.606678730063689,0.6210971777500736,0.014418447686384561,477.4233746,4,160.0,0.01
10.1149/1.1527939,"10.1149/1.1527939| LiBPFPB|1.97|mol/l|mol|0,1,0,0,0,0,0,0,0,0,0,0,0,0,0,0,0,0,0,0,0,0,0,0,0,0,0,0,0,0,0,0,0,0,0,0,0,0",4,cost_sensitive_budget_policy,0.5836486264695625,0.5953659021268773,0.01171727565731484,411.8638096,4,160.0,0.01
10.1149/1.1527939,"10.1149/1.1527939| LiBPFPB|1.6|mol/l|mol|0,1,0,0,0,0,0,0,0,0,0,0,0,0,0,0,0,0,0,0,0,0,0,0,0,0,0,0,0,0,0,0,0,0,0,0,0,0",4,cost_sensitive_budget_policy,0.8381312715847568,0.8284539578731018,0.009677313711654922,404.7809296,4,160.0,0.01
10.1149/1.1527939,"10.1149/1.1527939| LiBPFPB|0.5|mol/l|mol|0,1,0,0,0,0,0,0,0,0,0,0,0,0,0,0,0,0,0,0,0,0,0,0,0,0,0,0,0,0,0,0,0,0,0,0,0,0",4,cost_sensitive_budget_policy,1.0126665568733408,1.0055412752642034,0.0071252816091373905,394.7539309,4,160.0,0.01
10.1149/1.1527939,"10.1149/1.1527939| LiBPFPB|0.08|mol/l|mol|0,1,0,0,0,0,0,0,0,0,0,0,0,0,0,0,0,0,0,0,0,0,0,0,0,0,0,0,0,0,0,0,0,0,0,0,0,0",4,cost_sensitive_budget_policy,0.40368481654417127,0.39901489626711895,0.00466992027705232,383.3493088,4,160.0,0.01
10.1149/1.1527939,"10.1149/1.1527939| LiBPFPB|1|mol/l|mol|0,1,0,0,0,0,0,0,0,0,0,0,0,0,0,0,0,0,0,0,0,0,0,0,0,0,0,0,0,0,0,0,0,0,0,0,0,0",4,cost_sensitive_budget_policy,0.9670998519604727,1.014603746195038,0.04750389423456525,376.4055612,4,160.0,0.01
10.1149/1.1527939,"10.1149/1.1527939| LiBPFPB|0.2|mol/l|mol|0,0,0,0,0,1,0,0,0,0,0,0,0,0,0,0,0,0,0,0,0,0,0,0,0,0,0,0,0,0,0,0,0,0,0,0,0,0",4,cost_sensitive_budget_policy,0.8503639733481451,0.8511316667774578,0.0007676934293127102,331.2374819,4,160.0,0.01
10.1149/1.1527939,"10.1149/1.1527939| LiBPFPB|0.4|mol/l|mol|0,0,0,0,0,1,0,0,0,0,0,0,0,0,0,0,0,0,0,0,0,0,0,0,0,0,0,0,0,0,0,0,0,0,0,0,0,0",4,cost_sensitive_budget_policy,1.0692398497847229,1.0770988751646664,0.00785902537994354,326.200598,4,160.0,0.01
10.1149/1.1527939,"10.1149/1.1527939| LiBPFPB|0.6|mol/l|mol|0,0,0,0,0,1,0,0,0,0,0,0,0,0,0,0,0,0,0,0,0,0,0,0,0,0,0,0,0,0,0,0,0,0,0,0,0,0",4,cost_sensitive_budget_policy,1.160220247809335,1.1715356083484385,0.011315360539103425,330.9207373,4,160.0,0.01
10.1149/1.1527939,"10.1149/1.1527939|LiBOB|0.2|mol/l|mol|0,0,0,0,0,1,0,0,0,0,0,0,0,0,0,0,0,0,0,0,0,0,0,0,0,0,0,0,0,0,0,0,0,0,0,0,0,0",4,cost_sensitive_budget_policy,0.8002209579141093,0.8088690442674517,0.008648086353342355,333.7273727,4,160.0,0.01
10.1149/1.1527939,"10.1149/1.1527939|LiBOB|0.4|mol/l|mol|0,0,0,0,0,1,0,0,0,0,0,0,0,0,0,0,0,0,0,0,0,0,0,0,0,0,0,0,0,0,0,0,0,0,0,0,0,0",4,cost_sensitive_budget_policy,1.069123347667127,1.0752946062571846,0.006171258590057738,333.758078,4,160.0,0.01
10.1149/1.1527939,"10.1149/1.1527939|LiBOB|0.6|mol/l|mol|0,0,0,0,0,1,0,0,0,0,0,0,0,0,0,0,0,0,0,0,0,0,0,0,0,0,0,0,0,0,0,0,0,0,0,0,0,0",4,cost_sensitive_budget_policy,1.2386113279047528,1.2439753878731599,0.005364059968407053,333.6369667,4,160.0,0.01
10.1149/1.1527939,"10.1149/1.1527939|LiBOB|0.8|mol/l|mol|0,0,0,0,0,1,0,0,0,0,0,0,0,0,0,0,0,0,0,0,0,0,0,0,0,0,0,0,0,0,0,0,0,0,0,0,0,0",4,cost_sensitive_budget_policy,1.2933376093576872,1.303865285731037,0.010527676373349948,332.5300914,4,160.0,0.01
10.1149/1.1527939,"10.1149/1.1527939|LiBOB|1|mol/l|mol|0,0,0,0,0,1,0,0,0,0,0,0,0,0,0,0,0,0,0,0,0,0,0,0,0,0,0,0,0,0,0,0,0,0,0,0,0,0",4,cost_sensitive_budget_policy,1.1828147358033385,1.1908579367198866,0.008043200916548088,333.3333333,4,160.0,0.01
10.1149/1.1527939,"10.1149/1.1527939|LiBOB|1.2|mol/l|mol|0,0,0,0,0,1,0,0,0,0,0,0,0,0,0,0,0,0,0,0,0,0,0,0,0,0,0,0,0,0,0,0,0,0,0,0,0,0",4,cost_sensitive_budget_policy,1.3611537174400128,1.3566551823297828,0.0044985351102300175,333.1928691,4,160.0,0.01
10.1149/1.1527939,"10.1149/1.1527939|LiBOB|0.08|mol/l|mol|0,1,0,0,0,0,0,0,0,0,0,0,0,0,0,0,0,0,0,0,0,0,0,0,0,0,0,0,0,0,0,0,0,0,0,0,0,0",3,cost_sensitive_budget_policy,0.4733333332990731,0.4940343357664937,0.02070100246742057,387.5192442,4,160.0,0.02
10.1149/1.1527939,"10.1149/1.1527939|LiBOB|1.3|mol/l|mol|0,1,0,0,0,0,0,0,0,0,0,0,0,0,0,0,0,0,0,0,0,0,0,0,0,0,0,0,0,0,0,0,0,0,0,0,0,0",3,cost_sensitive_budget_policy,1.2533333332423695,1.2533065606988318,2.677254353766756e-05,386.9724539,4,160.0,0.02
10.1149/1.1527939,"10.1149/1.1527939|LiBOB|0.5|mol/l|mol|0,1,0,0,0,0,0,0,0,0,0,0,0,0,0,0,0,0,0,0,0,0,0,0,0,0,0,0,0,0,0,0,0,0,0,0,0,0",3,cost_sensitive_budget_policy,1.1200000001461399,1.1236168544719638,0.003616854325823926,386.7281222,4,160.0,0.02
10.1149/1.1527939,"10.1149/1.1527939|LiBOB|1|mol/l|mol|0,1,0,0,0,0,0,0,0,0,0,0,0,0,0,0,0,0,0,0,0,0,0,0,0,0,0,0,0,0,0,0,0,0,0,0,0,0",3,cost_sensitive_budget_policy,0.8399999999881127,0.8595625229966768,0.019562523008564092,334.2610784,4,160.0,0.02
10.1149/1.1527939,"10.1149/1.1527939| LiBPFPB|2.57|mol/l|mol|0,1,0,0,0,0,0,0,0,0,0,0,0,0,0,0,0,0,0,0,0,0,0,0,0,0,0,0,0,0,0,0,0,0,0,0,0,0",3,cost_sensitive_budget_policy,-0.06086527366936826,-0.4727921591235851,0.4119268854542168,436.6553973,4,160.0,0.02
10.1149/1.1527939,"10.1149/1.1527939| LiBPFPB|2.15|mol/l|mol|0,1,0,0,0,0,0,0,0,0,0,0,0,0,0,0,0,0,0,0,0,0,0,0,0,0,0,0,0,0,0,0,0,0,0,0,0,0",3,cost_sensitive_budget_policy,0.606678730063689,0.6245833798033238,0.017904649739634793,477.4233746,4,160.0,0.02
10.1149/1.1527939,"10.1149/1.1527939| LiBPFPB|1.97|mol/l|mol|0,1,0,0,0,0,0,0,0,0,0,0,0,0,0,0,0,0,0,0,0,0,0,0,0,0,0,0,0,0,0,0,0,0,0,0,0,0",3,cost_sensitive_budget_policy,0.5836486264695625,0.5772156786239651,0.006432947845597448,411.8638096,4,160.0,0.02
10.1149/1.1527939,"10.1149/1.1527939| LiBPFPB|1.6|mol/l|mol|0,1,0,0,0,0,0,0,0,0,0,0,0,0,0,0,0,0,0,0,0,0,0,0,0,0,0,0,0,0,0,0,0,0,0,0,0,0",3,cost_sensitive_budget_policy,0.8381312715847568,0.7791417449589391,0.05898952662581769,404.7809296,4,160.0,0.02
10.1149/1.1527939,"10.1149/1.1527939| LiBPFPB|0.5|mol/l|mol|0,1,0,0,0,0,0,0,0,0,0,0,0,0,0,0,0,0,0,0,0,0,0,0,0,0,0,0,0,0,0,0,0,0,0,0,0,0",3,cost_sensitive_budget_policy,1.0126665568733408,0.968184367610472,0.04448218926286884,394.7539309,4,160.0,0.02
10.1149/1.1527939,"10.1149/1.1527939| LiBPFPB|0.08|mol/l|mol|0,1,0,0,0,0,0,0,0,0,0,0,0,0,0,0,0,0,0,0,0,0,0,0,0,0,0,0,0,0,0,0,0,0,0,0,0,0",3,cost_sensitive_budget_policy,0.40368481654417127,0.3840211831104048,0.01966363343376648,383.3493088,4,160.0,0.02
10.1149/1.1527939,"10.1149/1.1527939| LiBPFPB|1|mol/l|mol|0,1,0,0,0,0,0,0,0,0,0,0,0,0,0,0,0,0,0,0,0,0,0,0,0,0,0,0,0,0,0,0,0,0,0,0,0,0",3,cost_sensitive_budget_policy,0.9670998519604727,0.9941633908337576,0.027063538873284942,376.4055612,4,160.0,0.02
10.1149/1.1527939,"10.1149/1.1527939| LiBPFPB|0.2|mol/l|mol|0,0,0,0,0,1,0,0,0,0,0,0,0,0,0,0,0,0,0,0,0,0,0,0,0,0,0,0,0,0,0,0,0,0,0,0,0,0",3,cost_sensitive_budget_policy,0.8503639733481451,0.8718320055484059,0.021468032200260834,331.2374819,4,160.0,0.02
10.1149/1.1527939,"10.1149/1.1527939| LiBPFPB|0.4|mol/l|mol|0,0,0,0,0,1,0,0,0,0,0,0,0,0,0,0,0,0,0,0,0,0,0,0,0,0,0,0,0,0,0,0,0,0,0,0,0,0",3,cost_sensitive_budget_policy,1.0692398497847229,1.0843557597911484,0.015115910006425537,326.200598,4,160.0,0.02
10.1149/1.1527939,"10.1149/1.1527939| LiBPFPB|0.6|mol/l|mol|0,0,0,0,0,1,0,0,0,0,0,0,0,0,0,0,0,0,0,0,0,0,0,0,0,0,0,0,0,0,0,0,0,0,0,0,0,0",3,cost_sensitive_budget_policy,1.160220247809335,1.1802486708650082,0.020028423055673095,330.9207373,4,160.0,0.02
10.1149/1.1527939,"10.1149/1.1527939|LiBOB|0.2|mol/l|mol|0,0,0,0,0,1,0,0,0,0,0,0,0,0,0,0,0,0,0,0,0,0,0,0,0,0,0,0,0,0,0,0,0,0,0,0,0,0",3,cost_sensitive_budget_policy,0.8002209579141093,0.836210294220162,0.03598933630605272,333.7273727,4,160.0,0.02
10.1149/1.1527939,"10.1149/1.1527939|LiBOB|0.4|mol/l|mol|0,0,0,0,0,1,0,0,0,0,0,0,0,0,0,0,0,0,0,0,0,0,0,0,0,0,0,0,0,0,0,0,0,0,0,0,0,0",3,cost_sensitive_budget_policy,1.069123347667127,1.092723019327589,0.023599671660462063,333.758078,4,160.0,0.02
10.1149/1.1527939,"10.1149/1.1527939|LiBOB|0.6|mol/l|mol|0,0,0,0,0,1,0,0,0,0,0,0,0,0,0,0,0,0,0,0,0,0,0,0,0,0,0,0,0,0,0,0,0,0,0,0,0,0",3,cost_sensitive_budget_policy,1.2386113279047528,1.2720068010168133,0.03339547311206048,333.6369667,4,160.0,0.02
10.1149/1.1527939,"10.1149/1.1527939|LiBOB|0.8|mol/l|mol|0,0,0,0,0,1,0,0,0,0,0,0,0,0,0,0,0,0,0,0,0,0,0,0,0,0,0,0,0,0,0,0,0,0,0,0,0,0",3,cost_sensitive_budget_policy,1.2933376093576872,1.3153097487916023,0.021972139433915183,332.5300914,4,160.0,0.02
10.1149/1.1527939,"10.1149/1.1527939|LiBOB|1|mol/l|mol|0,0,0,0,0,1,0,0,0,0,0,0,0,0,0,0,0,0,0,0,0,0,0,0,0,0,0,0,0,0,0,0,0,0,0,0,0,0",3,cost_sensitive_budget_policy,1.1828147358033385,1.2033141569478962,0.020499421144557717,333.3333333,4,160.0,0.02
10.1149/1.1527939,"10.1149/1.1527939|LiBOB|1.2|mol/l|mol|0,0,0,0,0,1,0,0,0,0,0,0,0,0,0,0,0,0,0,0,0,0,0,0,0,0,0,0,0,0,0,0,0,0,0,0,0,0",3,cost_sensitive_budget_policy,1.3611537174400128,1.3481470476808166,0.013006669759196177,333.1928691,4,160.0,0.02
10.1149/1.1566019,"10.1149/1.1566019|LiPF6|0.37|mol/kg|w|0,0.8,0,0,0.2,0,0,0,0,0,0,0,0,0,0,0,0,0,0,0,0,0,0,0,0,0,0,0,0,0,0,0,0,0,0,0,0,0",3,fixed_target_router,1.0001565622976885,1.0094197233940188,0.009263161096330297,332.15,4,160.0,
10.1149/1.1566019,"10.1149/1.1566019|LiPF6|0.320455|mol/kg|w|0,0.6,0,0,0.4,0,0,0,0,0,0,0,0,0,0,0,0,0,0,0,0,0,0,0,0,0,0,0,0,0,0,0,0,0,0,0,0,0",3,fixed_target_router,0.9517092910710163,0.9718860747389811,0.020176783667964826,332.15,4,160.0,
10.1149/1.1566019,"10.1149/1.1566019|LiPF6|0.420455|mol/kg|w|0,0.6,0,0,0.4,0,0,0,0,0,0,0,0,0,0,0,0,0,0,0,0,0,0,0,0,0,0,0,0,0,0,0,0,0,0,0,0,0",3,fixed_target_router,1.0152352866340875,1.020498965991858,0.005263679357770501,332.15,4,160.0,
10.1149/1.1566019,"10.1149/1.1566019|LiPF6|0.686364|mol/kg|w|0,0.6,0,0,0.4,0,0,0,0,0,0,0,0,0,0,0,0,0,0,0,0,0,0,0,0,0,0,0,0,0,0,0,0,0,0,0,0,0",3,fixed_target_router,0.9794216145549447,0.9881860330226429,0.008764418467698154,312.45,4,160.0,
10.1149/1.1566019,"10.1149/1.1566019|LiPF6|1.29773|mol/kg|w|0,0.6,0,0,0.4,0,0,0,0,0,0,0,0,0,0,0,0,0,0,0,0,0,0,0,0,0,0,0,0,0,0,0,0,0,0,0,0,0",3,fixed_target_router,0.9432506402116124,1.0302358459464707,0.08698520573485824,312.45,4,160.0,
10.1149/1.1566019,"10.1149/1.1566019|LiPF6|1.50909|mol/kg|w|0,0.6,0,0,0.4,0,0,0,0,0,0,0,0,0,0,0,0,0,0,0,0,0,0,0,0,0,0,0,0,0,0,0,0,0,0,0,0,0",3,fixed_target_router,1.0529747054304779,1.1062266014255835,0.0532518959951056,332.15,4,160.0,
10.1149/1.1566019,"10.1149/1.1566019|LiPF6|0.37|mol/kg|w|0,0.8,0,0,0.2,0,0,0,0,0,0,0,0,0,0,0,0,0,0,0,0,0,0,0,0,0,0,0,0,0,0,0,0,0,0,0,0,0",4,fixed_target_router,1.0001565622976885,0.9898773750434533,0.010279187254235156,332.15,4,160.0,
10.1149/1.1566019,"10.1149/1.1566019|LiPF6|0.320455|mol/kg|w|0,0.6,0,0,0.4,0,0,0,0,0,0,0,0,0,0,0,0,0,0,0,0,0,0,0,0,0,0,0,0,0,0,0,0,0,0,0,0,0",4,fixed_target_router,0.9517092910710163,0.9452764675098636,0.006432823561152712,332.15,4,160.0,
10.1149/1.1566019,"10.1149/1.1566019|LiPF6|0.420455|mol/kg|w|0,0.6,0,0,0.4,0,0,0,0,0,0,0,0,0,0,0,0,0,0,0,0,0,0,0,0,0,0,0,0,0,0,0,0,0,0,0,0,0",4,fixed_target_router,1.0152352866340875,1.01102781621463,0.00420747041945746,332.15,4,160.0,
10.1149/1.1566019,"10.1149/1.1566019|LiPF6|0.686364|mol/kg|w|0,0.6,0,0,0.4,0,0,0,0,0,0,0,0,0,0,0,0,0,0,0,0,0,0,0,0,0,0,0,0,0,0,0,0,0,0,0,0,0",4,fixed_target_router,0.9794216145549447,0.9782547378697295,0.0011668766852152013,312.45,4,160.0,
10.1149/1.1566019,"10.1149/1.1566019|LiPF6|1.29773|mol/kg|w|0,0.6,0,0,0.4,0,0,0,0,0,0,0,0,0,0,0,0,0,0,0,0,0,0,0,0,0,0,0,0,0,0,0,0,0,0,0,0,0",4,fixed_target_router,0.9432506402116124,0.9298021752953647,0.013448464916247738,312.45,4,160.0,
10.1149/1.1566019,"10.1149/1.1566019|LiPF6|1.50909|mol/kg|w|0,0.6,0,0,0.4,0,0,0,0,0,0,0,0,0,0,0,0,0,0,0,0,0,0,0,0,0,0,0,0,0,0,0,0,0,0,0,0,0",4,fixed_target_router,1.0529747054304779,1.0870218129201352,0.034047107489657336,332.15,4,160.0,
10.1149/1.1566019,"10.1149/1.1566019|LiPF6|0.37|mol/kg|w|0,0.8,0,0,0.2,0,0,0,0,0,0,0,0,0,0,0,0,0,0,0,0,0,0,0,0,0,0,0,0,0,0,0,0,0,0,0,0,0",5,fixed_target_router,1.0001565622976885,0.9953066485870069,0.004849913710681553,332.15,4,160.0,
10.1149/1.1566019,"10.1149/1.1566019|LiPF6|0.320455|mol/kg|w|0,0.6,0,0,0.4,0,0,0,0,0,0,0,0,0,0,0,0,0,0,0,0,0,0,0,0,0,0,0,0,0,0,0,0,0,0,0,0,0",5,fixed_target_router,0.9517092910710163,0.9473491841041615,0.004360106966854849,332.15,4,160.0,
10.1149/1.1566019,"10.1149/1.1566019|LiPF6|0.420455|mol/kg|w|0,0.6,0,0,0.4,0,0,0,0,0,0,0,0,0,0,0,0,0,0,0,0,0,0,0,0,0,0,0,0,0,0,0,0,0,0,0,0,0",5,fixed_target_router,1.0152352866340875,1.0124823165395807,0.0027529700945068125,332.15,4,160.0,
10.1149/1.1566019,"10.1149/1.1566019|LiPF6|0.686364|mol/kg|w|0,0.6,0,0,0.4,0,0,0,0,0,0,0,0,0,0,0,0,0,0,0,0,0,0,0,0,0,0,0,0,0,0,0,0,0,0,0,0,0",5,fixed_target_router,0.9794216145549447,0.9788804451962767,0.0005411693586679922,312.45,4,160.0,
10.1149/1.1566019,"10.1149/1.1566019|LiPF6|1.29773|mol/kg|w|0,0.6,0,0,0.4,0,0,0,0,0,0,0,0,0,0,0,0,0,0,0,0,0,0,0,0,0,0,0,0,0,0,0,0,0,0,0,0,0",5,fixed_target_router,0.9432506402116124,0.9403231939398309,0.002927446271781542,312.45,4,160.0,
10.1149/1.1566019,"10.1149/1.1566019|LiPF6|1.50909|mol/kg|w|0,0.6,0,0,0.4,0,0,0,0,0,0,0,0,0,0,0,0,0,0,0,0,0,0,0,0,0,0,0,0,0,0,0,0,0,0,0,0,0",5,fixed_target_router,1.0529747054304779,1.0715050570742175,0.018530351643739618,332.15,4,160.0,
10.1149/1.1566019,"10.1149/1.1566019|LiPF6|0.37|mol/kg|w|0,0.8,0,0,0.2,0,0,0,0,0,0,0,0,0,0,0,0,0,0,0,0,0,0,0,0,0,0,0,0,0,0,0,0,0,0,0,0,0",5,cost_sensitive_budget_policy,1.0001565622976885,0.9953066485870069,0.004849913710681553,332.15,4,160.0,0.0
10.1149/1.1566019,"10.1149/1.1566019|LiPF6|0.320455|mol/kg|w|0,0.6,0,0,0.4,0,0,0,0,0,0,0,0,0,0,0,0,0,0,0,0,0,0,0,0,0,0,0,0,0,0,0,0,0,0,0,0,0",5,cost_sensitive_budget_policy,0.9517092910710163,0.9473491841041615,0.004360106966854849,332.15,4,160.0,0.0
10.1149/1.1566019,"10.1149/1.1566019|LiPF6|0.420455|mol/kg|w|0,0.6,0,0,0.4,0,0,0,0,0,0,0,0,0,0,0,0,0,0,0,0,0,0,0,0,0,0,0,0,0,0,0,0,0,0,0,0,0",5,cost_sensitive_budget_policy,1.0152352866340875,1.0124823165395807,0.0027529700945068125,332.15,4,160.0,0.0
10.1149/1.1566019,"10.1149/1.1566019|LiPF6|0.686364|mol/kg|w|0,0.6,0,0,0.4,0,0,0,0,0,0,0,0,0,0,0,0,0,0,0,0,0,0,0,0,0,0,0,0,0,0,0,0,0,0,0,0,0",5,cost_sensitive_budget_policy,0.9794216145549447,0.9788804451962767,0.0005411693586679922,312.45,4,160.0,0.0
10.1149/1.1566019,"10.1149/1.1566019|LiPF6|1.29773|mol/kg|w|0,0.6,0,0,0.4,0,0,0,0,0,0,0,0,0,0,0,0,0,0,0,0,0,0,0,0,0,0,0,0,0,0,0,0,0,0,0,0,0",5,cost_sensitive_budget_policy,0.9432506402116124,0.9403231939398309,0.002927446271781542,312.45,4,160.0,0.0
10.1149/1.1566019,"10.1149/1.1566019|LiPF6|1.50909|mol/kg|w|0,0.6,0,0,0.4,0,0,0,0,0,0,0,0,0,0,0,0,0,0,0,0,0,0,0,0,0,0,0,0,0,0,0,0,0,0,0,0,0",5,cost_sensitive_budget_policy,1.0529747054304779,1.0715050570742175,0.018530351643739618,332.15,4,160.0,0.0
10.1149/1.1566019,"10.1149/1.1566019|LiPF6|0.37|mol/kg|w|0,0.8,0,0,0.2,0,0,0,0,0,0,0,0,0,0,0,0,0,0,0,0,0,0,0,0,0,0,0,0,0,0,0,0,0,0,0,0,0",5,cost_sensitive_budget_policy,1.0001565622976885,0.9953066485870069,0.004849913710681553,332.15,4,160.0,0.0025
10.1149/1.1566019,"10.1149/1.1566019|LiPF6|0.320455|mol/kg|w|0,0.6,0,0,0.4,0,0,0,0,0,0,0,0,0,0,0,0,0,0,0,0,0,0,0,0,0,0,0,0,0,0,0,0,0,0,0,0,0",5,cost_sensitive_budget_policy,0.9517092910710163,0.9473491841041615,0.004360106966854849,332.15,4,160.0,0.0025
10.1149/1.1566019,"10.1149/1.1566019|LiPF6|0.420455|mol/kg|w|0,0.6,0,0,0.4,0,0,0,0,0,0,0,0,0,0,0,0,0,0,0,0,0,0,0,0,0,0,0,0,0,0,0,0,0,0,0,0,0",5,cost_sensitive_budget_policy,1.0152352866340875,1.0124823165395807,0.0027529700945068125,332.15,4,160.0,0.0025
10.1149/1.1566019,"10.1149/1.1566019|LiPF6|0.686364|mol/kg|w|0,0.6,0,0,0.4,0,0,0,0,0,0,0,0,0,0,0,0,0,0,0,0,0,0,0,0,0,0,0,0,0,0,0,0,0,0,0,0,0",5,cost_sensitive_budget_policy,0.9794216145549447,0.9788804451962767,0.0005411693586679922,312.45,4,160.0,0.0025
10.1149/1.1566019,"10.1149/1.1566019|LiPF6|1.29773|mol/kg|w|0,0.6,0,0,0.4,0,0,0,0,0,0,0,0,0,0,0,0,0,0,0,0,0,0,0,0,0,0,0,0,0,0,0,0,0,0,0,0,0",5,cost_sensitive_budget_policy,0.9432506402116124,0.9403231939398309,0.002927446271781542,312.45,4,160.0,0.0025
10.1149/1.1566019,"10.1149/1.1566019|LiPF6|1.50909|mol/kg|w|0,0.6,0,0,0.4,0,0,0,0,0,0,0,0,0,0,0,0,0,0,0,0,0,0,0,0,0,0,0,0,0,0,0,0,0,0,0,0,0",5,cost_sensitive_budget_policy,1.0529747054304779,1.0715050570742175,0.018530351643739618,332.15,4,160.0,0.0025
10.1149/1.1566019,"10.1149/1.1566019|LiPF6|0.37|mol/kg|w|0,0.8,0,0,0.2,0,0,0,0,0,0,0,0,0,0,0,0,0,0,0,0,0,0,0,0,0,0,0,0,0,0,0,0,0,0,0,0,0",4,cost_sensitive_budget_policy,1.0001565622976885,0.9898773750434533,0.010279187254235156,332.15,4,160.0,0.005
10.1149/1.1566019,"10.1149/1.1566019|LiPF6|0.320455|mol/kg|w|0,0.6,0,0,0.4,0,0,0,0,0,0,0,0,0,0,0,0,0,0,0,0,0,0,0,0,0,0,0,0,0,0,0,0,0,0,0,0,0",4,cost_sensitive_budget_policy,0.9517092910710163,0.9452764675098636,0.006432823561152712,332.15,4,160.0,0.005
10.1149/1.1566019,"10.1149/1.1566019|LiPF6|0.420455|mol/kg|w|0,0.6,0,0,0.4,0,0,0,0,0,0,0,0,0,0,0,0,0,0,0,0,0,0,0,0,0,0,0,0,0,0,0,0,0,0,0,0,0",4,cost_sensitive_budget_policy,1.0152352866340875,1.01102781621463,0.00420747041945746,332.15,4,160.0,0.005
10.1149/1.1566019,"10.1149/1.1566019|LiPF6|0.686364|mol/kg|w|0,0.6,0,0,0.4,0,0,0,0,0,0,0,0,0,0,0,0,0,0,0,0,0,0,0,0,0,0,0,0,0,0,0,0,0,0,0,0,0",4,cost_sensitive_budget_policy,0.9794216145549447,0.9782547378697295,0.0011668766852152013,312.45,4,160.0,0.005
10.1149/1.1566019,"10.1149/1.1566019|LiPF6|1.29773|mol/kg|w|0,0.6,0,0,0.4,0,0,0,0,0,0,0,0,0,0,0,0,0,0,0,0,0,0,0,0,0,0,0,0,0,0,0,0,0,0,0,0,0",4,cost_sensitive_budget_policy,0.9432506402116124,0.9298021752953647,0.013448464916247738,312.45,4,160.0,0.005
10.1149/1.1566019,"10.1149/1.1566019|LiPF6|1.50909|mol/kg|w|0,0.6,0,0,0.4,0,0,0,0,0,0,0,0,0,0,0,0,0,0,0,0,0,0,0,0,0,0,0,0,0,0,0,0,0,0,0,0,0",4,cost_sensitive_budget_policy,1.0529747054304779,1.0870218129201352,0.034047107489657336,332.15,4,160.0,0.005
10.1149/1.1566019,"10.1149/1.1566019|LiPF6|0.37|mol/kg|w|0,0.8,0,0,0.2,0,0,0,0,0,0,0,0,0,0,0,0,0,0,0,0,0,0,0,0,0,0,0,0,0,0,0,0,0,0,0,0,0",4,cost_sensitive_budget_policy,1.0001565622976885,0.9898773750434533,0.010279187254235156,332.15,4,160.0,0.01
10.1149/1.1566019,"10.1149/1.1566019|LiPF6|0.320455|mol/kg|w|0,0.6,0,0,0.4,0,0,0,0,0,0,0,0,0,0,0,0,0,0,0,0,0,0,0,0,0,0,0,0,0,0,0,0,0,0,0,0,0",4,cost_sensitive_budget_policy,0.9517092910710163,0.9452764675098636,0.006432823561152712,332.15,4,160.0,0.01
10.1149/1.1566019,"10.1149/1.1566019|LiPF6|0.420455|mol/kg|w|0,0.6,0,0,0.4,0,0,0,0,0,0,0,0,0,0,0,0,0,0,0,0,0,0,0,0,0,0,0,0,0,0,0,0,0,0,0,0,0",4,cost_sensitive_budget_policy,1.0152352866340875,1.01102781621463,0.00420747041945746,332.15,4,160.0,0.01
10.1149/1.1566019,"10.1149/1.1566019|LiPF6|0.686364|mol/kg|w|0,0.6,0,0,0.4,0,0,0,0,0,0,0,0,0,0,0,0,0,0,0,0,0,0,0,0,0,0,0,0,0,0,0,0,0,0,0,0,0",4,cost_sensitive_budget_policy,0.9794216145549447,0.9782547378697295,0.0011668766852152013,312.45,4,160.0,0.01
10.1149/1.1566019,"10.1149/1.1566019|LiPF6|1.29773|mol/kg|w|0,0.6,0,0,0.4,0,0,0,0,0,0,0,0,0,0,0,0,0,0,0,0,0,0,0,0,0,0,0,0,0,0,0,0,0,0,0,0,0",4,cost_sensitive_budget_policy,0.9432506402116124,0.9298021752953647,0.013448464916247738,312.45,4,160.0,0.01
10.1149/1.1566019,"10.1149/1.1566019|LiPF6|1.50909|mol/kg|w|0,0.6,0,0,0.4,0,0,0,0,0,0,0,0,0,0,0,0,0,0,0,0,0,0,0,0,0,0,0,0,0,0,0,0,0,0,0,0,0",4,cost_sensitive_budget_policy,1.0529747054304779,1.0870218129201352,0.034047107489657336,332.15,4,160.0,0.01
10.1149/1.1566019,"10.1149/1.1566019|LiPF6|0.37|mol/kg|w|0,0.8,0,0,0.2,0,0,0,0,0,0,0,0,0,0,0,0,0,0,0,0,0,0,0,0,0,0,0,0,0,0,0,0,0,0,0,0,0",3,cost_sensitive_budget_policy,1.0001565622976885,1.0094197233940188,0.009263161096330297,332.15,4,160.0,0.02
10.1149/1.1566019,"10.1149/1.1566019|LiPF6|0.320455|mol/kg|w|0,0.6,0,0,0.4,0,0,0,0,0,0,0,0,0,0,0,0,0,0,0,0,0,0,0,0,0,0,0,0,0,0,0,0,0,0,0,0,0",3,cost_sensitive_budget_policy,0.9517092910710163,0.9718860747389811,0.020176783667964826,332.15,4,160.0,0.02
10.1149/1.1566019,"10.1149/1.1566019|LiPF6|0.420455|mol/kg|w|0,0.6,0,0,0.4,0,0,0,0,0,0,0,0,0,0,0,0,0,0,0,0,0,0,0,0,0,0,0,0,0,0,0,0,0,0,0,0,0",3,cost_sensitive_budget_policy,1.0152352866340875,1.020498965991858,0.005263679357770501,332.15,4,160.0,0.02
10.1149/1.1566019,"10.1149/1.1566019|LiPF6|0.686364|mol/kg|w|0,0.6,0,0,0.4,0,0,0,0,0,0,0,0,0,0,0,0,0,0,0,0,0,0,0,0,0,0,0,0,0,0,0,0,0,0,0,0,0",3,cost_sensitive_budget_policy,0.9794216145549447,0.9881860330226429,0.008764418467698154,312.45,4,160.0,0.02
10.1149/1.1566019,"10.1149/1.1566019|LiPF6|1.29773|mol/kg|w|0,0.6,0,0,0.4,0,0,0,0,0,0,0,0,0,0,0,0,0,0,0,0,0,0,0,0,0,0,0,0,0,0,0,0,0,0,0,0,0",3,cost_sensitive_budget_policy,0.9432506402116124,1.0302358459464707,0.08698520573485824,312.45,4,160.0,0.02
10.1149/1.1566019,"10.1149/1.1566019|LiPF6|1.50909|mol/kg|w|0,0.6,0,0,0.4,0,0,0,0,0,0,0,0,0,0,0,0,0,0,0,0,0,0,0,0,0,0,0,0,0,0,0,0,0,0,0,0,0",3,cost_sensitive_budget_policy,1.0529747054304779,1.1062266014255835,0.0532518959951056,332.15,4,160.0,0.02
10.1149/1.1630593,"10.1149/1.1630593|LiBF4|0.334764|mol/kg|w|0,0.7,0,0,0.3,0,0,0,0,0,0,0,0,0,0,0,0,0,0,0,0,0,0,0,0,0,0,0,0,0,0,0,0,0,0,0,0,0",3,fixed_target_router,0.6389262762982185,0.6441893931628077,0.005263116864589135,322.35,4,170.0,
10.1149/1.1630593,"10.1149/1.1630593|LiBF4|0.418455|mol/kg|w|0,0.7,0,0,0.3,0,0,0,0,0,0,0,0,0,0,0,0,0,0,0,0,0,0,0,0,0,0,0,0,0,0,0,0,0,0,0,0,0",3,fixed_target_router,0.4716394169153869,0.5044519094226738,0.032812492507286906,292.65,4,170.0,
10.1149/1.1630593,"10.1149/1.1630593|LiBF4|0.770386|mol/kg|w|0,0.7,0,0,0.3,0,0,0,0,0,0,0,0,0,0,0,0,0,0,0,0,0,0,0,0,0,0,0,0,0,0,0,0,0,0,0,0,0",3,fixed_target_router,0.6337986226134048,0.6381452699067426,0.00434664729333778,312.45,4,170.0,
10.1149/1.1630593,"10.1149/1.1630593|LiBF4|1.09657|mol/kg|w|0,0.7,0,0,0.3,0,0,0,0,0,0,0,0,0,0,0,0,0,0,0,0,0,0,0,0,0,0,0,0,0,0,0,0,0,0,0,0,0",3,fixed_target_router,0.6727280182060406,0.7235437302324486,0.050815712026408,322.35,4,170.0,
10.1149/1.1630593,"10.1149/1.1630593|LiBF4|1.88412|mol/kg|w|0,0.7,0,0,0.3,0,0,0,0,0,0,0,0,0,0,0,0,0,0,0,0,0,0,0,0,0,0,0,0,0,0,0,0,0,0,0,0,0",3,fixed_target_router,0.4621018778060848,0.4475737029984167,0.014528174807668104,312.45,4,170.0,
10.1149/1.1630593,"10.1149/1.1630593|LiBF4|2.06223|mol/kg|w|0,0.7,0,0,0.3,0,0,0,0,0,0,0,0,0,0,0,0,0,0,0,0,0,0,0,0,0,0,0,0,0,0,0,0,0,0,0,0,0",3,fixed_target_router,0.5937475169219935,0.6127730273135021,0.019025510391508682,332.15,4,170.0,
10.1149/1.1630593,"10.1149/1.1630593|LiBF4|0.434579|mol/kg|w|0.15,0.85,0,0,0,0,0,0,0,0,0,0,0,0,0,0,0,0,0,0,0,0,0,0,0,0,0,0,0,0,0,0,0,0,0,0,0,0",3,fixed_target_router,0.7059726278886455,0.7183557865788259,0.012383158690180474,312.45,4,170.0,
10.1149/1.1630593,"10.1149/1.1630593|LiBF4|0.199029|mol/kg|w|0,0.3,0,0,0.7,0,0,0,0,0,0,0,0,0,0,0,0,0,0,0,0,0,0,0,0,0,0,0,0,0,0,0,0,0,0,0,0,0",3,fixed_target_router,0.039983359061869055,0.03150648317947463,0.008476875882394423,312.45,4,170.0,
10.1149/1.1630593,"10.1149/1.1630593|LiBF4|0.609223|mol/kg|w|0,0.3,0,0,0.7,0,0,0,0,0,0,0,0,0,0,0,0,0,0,0,0,0,0,0,0,0,0,0,0,0,0,0,0,0,0,0,0,0",3,fixed_target_router,0.3172175406210149,0.33112201302517846,0.013904472404163537,322.35,4,170.0,
10.1149/1.1630593,"10.1149/1.1630593|LiBF4|0.696602|mol/kg|w|0,0.3,0,0,0.7,0,0,0,0,0,0,0,0,0,0,0,0,0,0,0,0,0,0,0,0,0,0,0,0,0,0,0,0,0,0,0,0,0",3,fixed_target_router,0.3848272903724122,0.3855957604406629,0.000768470068250704,332.15,4,170.0,
10.1149/1.1630593,"10.1149/1.1630593|LiBF4|0.805825|mol/kg|w|0,0.3,0,0,0.7,0,0,0,0,0,0,0,0,0,0,0,0,0,0,0,0,0,0,0,0,0,0,0,0,0,0,0,0,0,0,0,0,0",3,fixed_target_router,0.40345817743428325,0.4055010930858275,0.0020429156515442415,332.15,4,170.0,
10.1149/1.1630593,"10.1149/1.1630593|LiBF4|1.86408|mol/kg|w|0,0.3,0,0,0.7,0,0,0,0,0,0,0,0,0,0,0,0,0,0,0,0,0,0,0,0,0,0,0,0,0,0,0,0,0,0,0,0,0",3,fixed_target_router,0.4310456046297564,0.43261320262624525,0.0015675979964888676,332.15,4,170.0,
10.1149/1.1630593,"10.1149/1.1630593|LiBF4|1.93519|mol/kg|w|0.6,0.4,0,0,0,0,0,0,0,0,0,0,0,0,0,0,0,0,0,0,0,0,0,0,0,0,0,0,0,0,0,0,0,0,0,0,0,0",3,fixed_target_router,0.7889340609307316,0.7540226283976029,0.03491143253312867,332.15,4,170.0,
10.1149/1.1630593,"10.1149/1.1630593|LiBF4|0.334764|mol/kg|w|0,0.7,0,0,0.3,0,0,0,0,0,0,0,0,0,0,0,0,0,0,0,0,0,0,0,0,0,0,0,0,0,0,0,0,0,0,0,0,0",4,fixed_target_router,0.6389262762982185,0.6361239355097107,0.002802340788507829,322.35,4,160.0,
10.1149/1.1630593,"10.1149/1.1630593|LiBF4|0.418455|mol/kg|w|0,0.7,0,0,0.3,0,0,0,0,0,0,0,0,0,0,0,0,0,0,0,0,0,0,0,0,0,0,0,0,0,0,0,0,0,0,0,0,0",4,fixed_target_router,0.4716394169153869,0.4638176168279404,0.007821800087446484,292.65,4,160.0,
10.1149/1.1630593,"10.1149/1.1630593|LiBF4|0.770386|mol/kg|w|0,0.7,0,0,0.3,0,0,0,0,0,0,0,0,0,0,0,0,0,0,0,0,0,0,0,0,0,0,0,0,0,0,0,0,0,0,0,0,0",4,fixed_target_router,0.6337986226134048,0.6329242373830615,0.000874385230343333,312.45,4,160.0,
10.1149/1.1630593,"10.1149/1.1630593|LiBF4|1.09657|mol/kg|w|0,0.7,0,0,0.3,0,0,0,0,0,0,0,0,0,0,0,0,0,0,0,0,0,0,0,0,0,0,0,0,0,0,0,0,0,0,0,0,0",4,fixed_target_router,0.6727280182060406,0.667960815527809,0.004767202678231608,322.35,4,160.0,
10.1149/1.1630593,"10.1149/1.1630593|LiBF4|1.88412|mol/kg|w|0,0.7,0,0,0.3,0,0,0,0,0,0,0,0,0,0,0,0,0,0,0,0,0,0,0,0,0,0,0,0,0,0,0,0,0,0,0,0,0",4,fixed_target_router,0.4621018778060848,0.4524250103520697,0.009676867454015081,312.45,4,160.0,
10.1149/1.1630593,"10.1149/1.1630593|LiBF4|2.06223|mol/kg|w|0,0.7,0,0,0.3,0,0,0,0,0,0,0,0,0,0,0,0,0,0,0,0,0,0,0,0,0,0,0,0,0,0,0,0,0,0,0,0,0",4,fixed_target_router,0.5937475169219935,0.593936776531562,0.00018925960956850396,332.15,4,160.0,
10.1149/1.1630593,"10.1149/1.1630593|LiBF4|0.434579|mol/kg|w|0.15,0.85,0,0,0,0,0,0,0,0,0,0,0,0,0,0,0,0,0,0,0,0,0,0,0,0,0,0,0,0,0,0,0,0,0,0,0,0",4,fixed_target_router,0.7059726278886455,0.7047232096589526,0.0012494182296928225,312.45,4,160.0,
10.1149/1.1630593,"10.1149/1.1630593|LiBF4|0.199029|mol/kg|w|0,0.3,0,0,0.7,0,0,0,0,0,0,0,0,0,0,0,0,0,0,0,0,0,0,0,0,0,0,0,0,0,0,0,0,0,0,0,0,0",4,fixed_target_router,0.039983359061869055,0.0015886759784558002,0.038394683083413254,312.45,4,160.0,
10.1149/1.1630593,"10.1149/1.1630593|LiBF4|0.609223|mol/kg|w|0,0.3,0,0,0.7,0,0,0,0,0,0,0,0,0,0,0,0,0,0,0,0,0,0,0,0,0,0,0,0,0,0,0,0,0,0,0,0,0",4,fixed_target_router,0.3172175406210149,0.30880372164895764,0.008413818972057285,322.35,4,160.0,
10.1149/1.1630593,"10.1149/1.1630593|LiBF4|0.696602|mol/kg|w|0,0.3,0,0,0.7,0,0,0,0,0,0,0,0,0,0,0,0,0,0,0,0,0,0,0,0,0,0,0,0,0,0,0,0,0,0,0,0,0",4,fixed_target_router,0.3848272903724122,0.3569042485395858,0.0279230418328264,332.15,4,160.0,
10.1149/1.1630593,"10.1149/1.1630593|LiBF4|0.805825|mol/kg|w|0,0.3,0,0,0.7,0,0,0,0,0,0,0,0,0,0,0,0,0,0,0,0,0,0,0,0,0,0,0,0,0,0,0,0,0,0,0,0,0",4,fixed_target_router,0.40345817743428325,0.389110849217859,0.01434732821642426,332.15,4,160.0,
10.1149/1.1630593,"10.1149/1.1630593|LiBF4|1.86408|mol/kg|w|0,0.3,0,0,0.7,0,0,0,0,0,0,0,0,0,0,0,0,0,0,0,0,0,0,0,0,0,0,0,0,0,0,0,0,0,0,0,0,0",4,fixed_target_router,0.4310456046297564,0.40970027986380997,0.021345324765946416,332.15,4,160.0,
10.1149/1.1630593,"10.1149/1.1630593|LiBF4|1.93519|mol/kg|w|0.6,0.4,0,0,0,0,0,0,0,0,0,0,0,0,0,0,0,0,0,0,0,0,0,0,0,0,0,0,0,0,0,0,0,0,0,0,0,0",4,fixed_target_router,0.7889340609307316,0.7833009591331594,0.005633101797572149,332.15,4,160.0,
10.1149/1.1630593,"10.1149/1.1630593|LiBF4|0.334764|mol/kg|w|0,0.7,0,0,0.3,0,0,0,0,0,0,0,0,0,0,0,0,0,0,0,0,0,0,0,0,0,0,0,0,0,0,0,0,0,0,0,0,0",5,fixed_target_router,0.6389262762982185,0.6364984728447495,0.0024278034534690462,322.35,4,160.0,
10.1149/1.1630593,"10.1149/1.1630593|LiBF4|0.418455|mol/kg|w|0,0.7,0,0,0.3,0,0,0,0,0,0,0,0,0,0,0,0,0,0,0,0,0,0,0,0,0,0,0,0,0,0,0,0,0,0,0,0,0",5,fixed_target_router,0.4716394169153869,0.46570445716483944,0.005934959750547475,292.65,4,160.0,
10.1149/1.1630593,"10.1149/1.1630593|LiBF4|0.770386|mol/kg|w|0,0.7,0,0,0.3,0,0,0,0,0,0,0,0,0,0,0,0,0,0,0,0,0,0,0,0,0,0,0,0,0,0,0,0,0,0,0,0,0",5,fixed_target_router,0.6337986226134048,0.632968639457574,0.0008299831558308268,312.45,4,160.0,
10.1149/1.1630593,"10.1149/1.1630593|LiBF4|1.09657|mol/kg|w|0,0.7,0,0,0.3,0,0,0,0,0,0,0,0,0,0,0,0,0,0,0,0,0,0,0,0,0,0,0,0,0,0,0,0,0,0,0,0,0",5,fixed_target_router,0.6727280182060406,0.668834839135416,0.003893179070624586,322.35,4,160.0,
10.1149/1.1630593,"10.1149/1.1630593|LiBF4|1.88412|mol/kg|w|0,0.7,0,0,0.3,0,0,0,0,0,0,0,0,0,0,0,0,0,0,0,0,0,0,0,0,0,0,0,0,0,0,0,0,0,0,0,0,0",5,fixed_target_router,0.4621018778060848,0.4560943909331854,0.006007486872899426,312.45,4,160.0,
10.1149/1.1630593,"10.1149/1.1630593|LiBF4|2.06223|mol/kg|w|0,0.7,0,0,0.3,0,0,0,0,0,0,0,0,0,0,0,0,0,0,0,0,0,0,0,0,0,0,0,0,0,0,0,0,0,0,0,0,0",5,fixed_target_router,0.5937475169219935,0.5931572536512302,0.0005902632707632804,332.15,4,160.0,
10.1149/1.1630593,"10.1149/1.1630593|LiBF4|0.434579|mol/kg|w|0.15,0.85,0,0,0,0,0,0,0,0,0,0,0,0,0,0,0,0,0,0,0,0,0,0,0,0,0,0,0,0,0,0,0,0,0,0,0,0",5,fixed_target_router,0.7059726278886455,0.7043928840257667,0.0015797438628787352,312.45,4,160.0,
10.1149/1.1630593,"10.1149/1.1630593|LiBF4|0.199029|mol/kg|w|0,0.3,0,0,0.7,0,0,0,0,0,0,0,0,0,0,0,0,0,0,0,0,0,0,0,0,0,0,0,0,0,0,0,0,0,0,0,0,0",5,fixed_target_router,0.039983359061869055,0.022238178220941207,0.017745180840927847,312.45,4,160.0,
10.1149/1.1630593,"10.1149/1.1630593|LiBF4|0.609223|mol/kg|w|0,0.3,0,0,0.7,0,0,0,0,0,0,0,0,0,0,0,0,0,0,0,0,0,0,0,0,0,0,0,0,0,0,0,0,0,0,0,0,0",5,fixed_target_router,0.3172175406210149,0.31114483560873707,0.006072705012277857,322.35,4,160.0,
10.1149/1.1630593,"10.1149/1.1630593|LiBF4|0.696602|mol/kg|w|0,0.3,0,0,0.7,0,0,0,0,0,0,0,0,0,0,0,0,0,0,0,0,0,0,0,0,0,0,0,0,0,0,0,0,0,0,0,0,0",5,fixed_target_router,0.3848272903724122,0.36083619386343824,0.023991096508973964,332.15,4,160.0,
10.1149/1.1630593,"10.1149/1.1630593|LiBF4|0.805825|mol/kg|w|0,0.3,0,0,0.7,0,0,0,0,0,0,0,0,0,0,0,0,0,0,0,0,0,0,0,0,0,0,0,0,0,0,0,0,0,0,0,0,0",5,fixed_target_router,0.40345817743428325,0.394614188366719,0.008843989067564229,332.15,4,160.0,
10.1149/1.1630593,"10.1149/1.1630593|LiBF4|1.86408|mol/kg|w|0,0.3,0,0,0.7,0,0,0,0,0,0,0,0,0,0,0,0,0,0,0,0,0,0,0,0,0,0,0,0,0,0,0,0,0,0,0,0,0",5,fixed_target_router,0.4310456046297564,0.41558679879453975,0.015458805835216638,332.15,4,160.0,
10.1149/1.1630593,"10.1149/1.1630593|LiBF4|1.93519|mol/kg|w|0.6,0.4,0,0,0,0,0,0,0,0,0,0,0,0,0,0,0,0,0,0,0,0,0,0,0,0,0,0,0,0,0,0,0,0,0,0,0,0",5,fixed_target_router,0.7889340609307316,0.7867292960120935,0.0022047649186380802,332.15,4,160.0,
10.1149/1.1630593,"10.1149/1.1630593|LiBF4|0.334764|mol/kg|w|0,0.7,0,0,0.3,0,0,0,0,0,0,0,0,0,0,0,0,0,0,0,0,0,0,0,0,0,0,0,0,0,0,0,0,0,0,0,0,0",5,cost_sensitive_budget_policy,0.6389262762982185,0.6364984728447495,0.0024278034534690462,322.35,4,160.0,0.0
10.1149/1.1630593,"10.1149/1.1630593|LiBF4|0.418455|mol/kg|w|0,0.7,0,0,0.3,0,0,0,0,0,0,0,0,0,0,0,0,0,0,0,0,0,0,0,0,0,0,0,0,0,0,0,0,0,0,0,0,0",5,cost_sensitive_budget_policy,0.4716394169153869,0.46570445716483944,0.005934959750547475,292.65,4,160.0,0.0
10.1149/1.1630593,"10.1149/1.1630593|LiBF4|0.770386|mol/kg|w|0,0.7,0,0,0.3,0,0,0,0,0,0,0,0,0,0,0,0,0,0,0,0,0,0,0,0,0,0,0,0,0,0,0,0,0,0,0,0,0",5,cost_sensitive_budget_policy,0.6337986226134048,0.632968639457574,0.0008299831558308268,312.45,4,160.0,0.0
10.1149/1.1630593,"10.1149/1.1630593|LiBF4|1.09657|mol/kg|w|0,0.7,0,0,0.3,0,0,0,0,0,0,0,0,0,0,0,0,0,0,0,0,0,0,0,0,0,0,0,0,0,0,0,0,0,0,0,0,0",5,cost_sensitive_budget_policy,0.6727280182060406,0.668834839135416,0.003893179070624586,322.35,4,160.0,0.0
10.1149/1.1630593,"10.1149/1.1630593|LiBF4|1.88412|mol/kg|w|0,0.7,0,0,0.3,0,0,0,0,0,0,0,0,0,0,0,0,0,0,0,0,0,0,0,0,0,0,0,0,0,0,0,0,0,0,0,0,0",5,cost_sensitive_budget_policy,0.4621018778060848,0.4560943909331854,0.006007486872899426,312.45,4,160.0,0.0
10.1149/1.1630593,"10.1149/1.1630593|LiBF4|2.06223|mol/kg|w|0,0.7,0,0,0.3,0,0,0,0,0,0,0,0,0,0,0,0,0,0,0,0,0,0,0,0,0,0,0,0,0,0,0,0,0,0,0,0,0",5,cost_sensitive_budget_policy,0.5937475169219935,0.5931572536512302,0.0005902632707632804,332.15,4,160.0,0.0
10.1149/1.1630593,"10.1149/1.1630593|LiBF4|0.434579|mol/kg|w|0.15,0.85,0,0,0,0,0,0,0,0,0,0,0,0,0,0,0,0,0,0,0,0,0,0,0,0,0,0,0,0,0,0,0,0,0,0,0,0",5,cost_sensitive_budget_policy,0.7059726278886455,0.7043928840257667,0.0015797438628787352,312.45,4,160.0,0.0
10.1149/1.1630593,"10.1149/1.1630593|LiBF4|0.199029|mol/kg|w|0,0.3,0,0,0.7,0,0,0,0,0,0,0,0,0,0,0,0,0,0,0,0,0,0,0,0,0,0,0,0,0,0,0,0,0,0,0,0,0",5,cost_sensitive_budget_policy,0.039983359061869055,0.022238178220941207,0.017745180840927847,312.45,4,160.0,0.0
10.1149/1.1630593,"10.1149/1.1630593|LiBF4|0.609223|mol/kg|w|0,0.3,0,0,0.7,0,0,0,0,0,0,0,0,0,0,0,0,0,0,0,0,0,0,0,0,0,0,0,0,0,0,0,0,0,0,0,0,0",5,cost_sensitive_budget_policy,0.3172175406210149,0.31114483560873707,0.006072705012277857,322.35,4,160.0,0.0
10.1149/1.1630593,"10.1149/1.1630593|LiBF4|0.696602|mol/kg|w|0,0.3,0,0,0.7,0,0,0,0,0,0,0,0,0,0,0,0,0,0,0,0,0,0,0,0,0,0,0,0,0,0,0,0,0,0,0,0,0",5,cost_sensitive_budget_policy,0.3848272903724122,0.36083619386343824,0.023991096508973964,332.15,4,160.0,0.0
10.1149/1.1630593,"10.1149/1.1630593|LiBF4|0.805825|mol/kg|w|0,0.3,0,0,0.7,0,0,0,0,0,0,0,0,0,0,0,0,0,0,0,0,0,0,0,0,0,0,0,0,0,0,0,0,0,0,0,0,0",5,cost_sensitive_budget_policy,0.40345817743428325,0.394614188366719,0.008843989067564229,332.15,4,160.0,0.0
10.1149/1.1630593,"10.1149/1.1630593|LiBF4|1.86408|mol/kg|w|0,0.3,0,0,0.7,0,0,0,0,0,0,0,0,0,0,0,0,0,0,0,0,0,0,0,0,0,0,0,0,0,0,0,0,0,0,0,0,0",5,cost_sensitive_budget_policy,0.4310456046297564,0.41558679879453975,0.015458805835216638,332.15,4,160.0,0.0
10.1149/1.1630593,"10.1149/1.1630593|LiBF4|1.93519|mol/kg|w|0.6,0.4,0,0,0,0,0,0,0,0,0,0,0,0,0,0,0,0,0,0,0,0,0,0,0,0,0,0,0,0,0,0,0,0,0,0,0,0",5,cost_sensitive_budget_policy,0.7889340609307316,0.7867292960120935,0.0022047649186380802,332.15,4,160.0,0.0
10.1149/1.1630593,"10.1149/1.1630593|LiBF4|0.334764|mol/kg|w|0,0.7,0,0,0.3,0,0,0,0,0,0,0,0,0,0,0,0,0,0,0,0,0,0,0,0,0,0,0,0,0,0,0,0,0,0,0,0,0",5,cost_sensitive_budget_policy,0.6389262762982185,0.6364984728447495,0.0024278034534690462,322.35,4,160.0,0.0025
10.1149/1.1630593,"10.1149/1.1630593|LiBF4|0.418455|mol/kg|w|0,0.7,0,0,0.3,0,0,0,0,0,0,0,0,0,0,0,0,0,0,0,0,0,0,0,0,0,0,0,0,0,0,0,0,0,0,0,0,0",5,cost_sensitive_budget_policy,0.4716394169153869,0.46570445716483944,0.005934959750547475,292.65,4,160.0,0.0025
10.1149/1.1630593,"10.1149/1.1630593|LiBF4|0.770386|mol/kg|w|0,0.7,0,0,0.3,0,0,0,0,0,0,0,0,0,0,0,0,0,0,0,0,0,0,0,0,0,0,0,0,0,0,0,0,0,0,0,0,0",5,cost_sensitive_budget_policy,0.6337986226134048,0.632968639457574,0.0008299831558308268,312.45,4,160.0,0.0025
10.1149/1.1630593,"10.1149/1.1630593|LiBF4|1.09657|mol/kg|w|0,0.7,0,0,0.3,0,0,0,0,0,0,0,0,0,0,0,0,0,0,0,0,0,0,0,0,0,0,0,0,0,0,0,0,0,0,0,0,0",5,cost_sensitive_budget_policy,0.6727280182060406,0.668834839135416,0.003893179070624586,322.35,4,160.0,0.0025
10.1149/1.1630593,"10.1149/1.1630593|LiBF4|1.88412|mol/kg|w|0,0.7,0,0,0.3,0,0,0,0,0,0,0,0,0,0,0,0,0,0,0,0,0,0,0,0,0,0,0,0,0,0,0,0,0,0,0,0,0",5,cost_sensitive_budget_policy,0.4621018778060848,0.4560943909331854,0.006007486872899426,312.45,4,160.0,0.0025
10.1149/1.1630593,"10.1149/1.1630593|LiBF4|2.06223|mol/kg|w|0,0.7,0,0,0.3,0,0,0,0,0,0,0,0,0,0,0,0,0,0,0,0,0,0,0,0,0,0,0,0,0,0,0,0,0,0,0,0,0",5,cost_sensitive_budget_policy,0.5937475169219935,0.5931572536512302,0.0005902632707632804,332.15,4,160.0,0.0025
10.1149/1.1630593,"10.1149/1.1630593|LiBF4|0.434579|mol/kg|w|0.15,0.85,0,0,0,0,0,0,0,0,0,0,0,0,0,0,0,0,0,0,0,0,0,0,0,0,0,0,0,0,0,0,0,0,0,0,0,0",5,cost_sensitive_budget_policy,0.7059726278886455,0.7043928840257667,0.0015797438628787352,312.45,4,160.0,0.0025
10.1149/1.1630593,"10.1149/1.1630593|LiBF4|0.199029|mol/kg|w|0,0.3,0,0,0.7,0,0,0,0,0,0,0,0,0,0,0,0,0,0,0,0,0,0,0,0,0,0,0,0,0,0,0,0,0,0,0,0,0",5,cost_sensitive_budget_policy,0.039983359061869055,0.022238178220941207,0.017745180840927847,312.45,4,160.0,0.0025
10.1149/1.1630593,"10.1149/1.1630593|LiBF4|0.609223|mol/kg|w|0,0.3,0,0,0.7,0,0,0,0,0,0,0,0,0,0,0,0,0,0,0,0,0,0,0,0,0,0,0,0,0,0,0,0,0,0,0,0,0",5,cost_sensitive_budget_policy,0.3172175406210149,0.31114483560873707,0.006072705012277857,322.35,4,160.0,0.0025
10.1149/1.1630593,"10.1149/1.1630593|LiBF4|0.696602|mol/kg|w|0,0.3,0,0,0.7,0,0,0,0,0,0,0,0,0,0,0,0,0,0,0,0,0,0,0,0,0,0,0,0,0,0,0,0,0,0,0,0,0",5,cost_sensitive_budget_policy,0.3848272903724122,0.36083619386343824,0.023991096508973964,332.15,4,160.0,0.0025
10.1149/1.1630593,"10.1149/1.1630593|LiBF4|0.805825|mol/kg|w|0,0.3,0,0,0.7,0,0,0,0,0,0,0,0,0,0,0,0,0,0,0,0,0,0,0,0,0,0,0,0,0,0,0,0,0,0,0,0,0",5,cost_sensitive_budget_policy,0.40345817743428325,0.394614188366719,0.008843989067564229,332.15,4,160.0,0.0025
10.1149/1.1630593,"10.1149/1.1630593|LiBF4|1.86408|mol/kg|w|0,0.3,0,0,0.7,0,0,0,0,0,0,0,0,0,0,0,0,0,0,0,0,0,0,0,0,0,0,0,0,0,0,0,0,0,0,0,0,0",5,cost_sensitive_budget_policy,0.4310456046297564,0.41558679879453975,0.015458805835216638,332.15,4,160.0,0.0025
10.1149/1.1630593,"10.1149/1.1630593|LiBF4|1.93519|mol/kg|w|0.6,0.4,0,0,0,0,0,0,0,0,0,0,0,0,0,0,0,0,0,0,0,0,0,0,0,0,0,0,0,0,0,0,0,0,0,0,0,0",5,cost_sensitive_budget_policy,0.7889340609307316,0.7867292960120935,0.0022047649186380802,332.15,4,160.0,0.0025
10.1149/1.1630593,"10.1149/1.1630593|LiBF4|0.334764|mol/kg|w|0,0.7,0,0,0.3,0,0,0,0,0,0,0,0,0,0,0,0,0,0,0,0,0,0,0,0,0,0,0,0,0,0,0,0,0,0,0,0,0",5,cost_sensitive_budget_policy,0.6389262762982185,0.6364984728447495,0.0024278034534690462,322.35,4,160.0,0.005
10.1149/1.1630593,"10.1149/1.1630593|LiBF4|0.418455|mol/kg|w|0,0.7,0,0,0.3,0,0,0,0,0,0,0,0,0,0,0,0,0,0,0,0,0,0,0,0,0,0,0,0,0,0,0,0,0,0,0,0,0",5,cost_sensitive_budget_policy,0.4716394169153869,0.46570445716483944,0.005934959750547475,292.65,4,160.0,0.005
10.1149/1.1630593,"10.1149/1.1630593|LiBF4|0.770386|mol/kg|w|0,0.7,0,0,0.3,0,0,0,0,0,0,0,0,0,0,0,0,0,0,0,0,0,0,0,0,0,0,0,0,0,0,0,0,0,0,0,0,0",5,cost_sensitive_budget_policy,0.6337986226134048,0.632968639457574,0.0008299831558308268,312.45,4,160.0,0.005
10.1149/1.1630593,"10.1149/1.1630593|LiBF4|1.09657|mol/kg|w|0,0.7,0,0,0.3,0,0,0,0,0,0,0,0,0,0,0,0,0,0,0,0,0,0,0,0,0,0,0,0,0,0,0,0,0,0,0,0,0",5,cost_sensitive_budget_policy,0.6727280182060406,0.668834839135416,0.003893179070624586,322.35,4,160.0,0.005
10.1149/1.1630593,"10.1149/1.1630593|LiBF4|1.88412|mol/kg|w|0,0.7,0,0,0.3,0,0,0,0,0,0,0,0,0,0,0,0,0,0,0,0,0,0,0,0,0,0,0,0,0,0,0,0,0,0,0,0,0",5,cost_sensitive_budget_policy,0.4621018778060848,0.4560943909331854,0.006007486872899426,312.45,4,160.0,0.005
10.1149/1.1630593,"10.1149/1.1630593|LiBF4|2.06223|mol/kg|w|0,0.7,0,0,0.3,0,0,0,0,0,0,0,0,0,0,0,0,0,0,0,0,0,0,0,0,0,0,0,0,0,0,0,0,0,0,0,0,0",5,cost_sensitive_budget_policy,0.5937475169219935,0.5931572536512302,0.0005902632707632804,332.15,4,160.0,0.005
10.1149/1.1630593,"10.1149/1.1630593|LiBF4|0.434579|mol/kg|w|0.15,0.85,0,0,0,0,0,0,0,0,0,0,0,0,0,0,0,0,0,0,0,0,0,0,0,0,0,0,0,0,0,0,0,0,0,0,0,0",5,cost_sensitive_budget_policy,0.7059726278886455,0.7043928840257667,0.0015797438628787352,312.45,4,160.0,0.005
10.1149/1.1630593,"10.1149/1.1630593|LiBF4|0.199029|mol/kg|w|0,0.3,0,0,0.7,0,0,0,0,0,0,0,0,0,0,0,0,0,0,0,0,0,0,0,0,0,0,0,0,0,0,0,0,0,0,0,0,0",5,cost_sensitive_budget_policy,0.039983359061869055,0.022238178220941207,0.017745180840927847,312.45,4,160.0,0.005
10.1149/1.1630593,"10.1149/1.1630593|LiBF4|0.609223|mol/kg|w|0,0.3,0,0,0.7,0,0,0,0,0,0,0,0,0,0,0,0,0,0,0,0,0,0,0,0,0,0,0,0,0,0,0,0,0,0,0,0,0",5,cost_sensitive_budget_policy,0.3172175406210149,0.31114483560873707,0.006072705012277857,322.35,4,160.0,0.005
10.1149/1.1630593,"10.1149/1.1630593|LiBF4|0.696602|mol/kg|w|0,0.3,0,0,0.7,0,0,0,0,0,0,0,0,0,0,0,0,0,0,0,0,0,0,0,0,0,0,0,0,0,0,0,0,0,0,0,0,0",5,cost_sensitive_budget_policy,0.3848272903724122,0.36083619386343824,0.023991096508973964,332.15,4,160.0,0.005
10.1149/1.1630593,"10.1149/1.1630593|LiBF4|0.805825|mol/kg|w|0,0.3,0,0,0.7,0,0,0,0,0,0,0,0,0,0,0,0,0,0,0,0,0,0,0,0,0,0,0,0,0,0,0,0,0,0,0,0,0",5,cost_sensitive_budget_policy,0.40345817743428325,0.394614188366719,0.008843989067564229,332.15,4,160.0,0.005
10.1149/1.1630593,"10.1149/1.1630593|LiBF4|1.86408|mol/kg|w|0,0.3,0,0,0.7,0,0,0,0,0,0,0,0,0,0,0,0,0,0,0,0,0,0,0,0,0,0,0,0,0,0,0,0,0,0,0,0,0",5,cost_sensitive_budget_policy,0.4310456046297564,0.41558679879453975,0.015458805835216638,332.15,4,160.0,0.005
10.1149/1.1630593,"10.1149/1.1630593|LiBF4|1.93519|mol/kg|w|0.6,0.4,0,0,0,0,0,0,0,0,0,0,0,0,0,0,0,0,0,0,0,0,0,0,0,0,0,0,0,0,0,0,0,0,0,0,0,0",5,cost_sensitive_budget_policy,0.7889340609307316,0.7867292960120935,0.0022047649186380802,332.15,4,160.0,0.005
10.1149/1.1630593,"10.1149/1.1630593|LiBF4|0.334764|mol/kg|w|0,0.7,0,0,0.3,0,0,0,0,0,0,0,0,0,0,0,0,0,0,0,0,0,0,0,0,0,0,0,0,0,0,0,0,0,0,0,0,0",4,cost_sensitive_budget_policy,0.6389262762982185,0.6361239355097107,0.002802340788507829,322.35,4,160.0,0.01
10.1149/1.1630593,"10.1149/1.1630593|LiBF4|0.418455|mol/kg|w|0,0.7,0,0,0.3,0,0,0,0,0,0,0,0,0,0,0,0,0,0,0,0,0,0,0,0,0,0,0,0,0,0,0,0,0,0,0,0,0",4,cost_sensitive_budget_policy,0.4716394169153869,0.4638176168279404,0.007821800087446484,292.65,4,160.0,0.01
10.1149/1.1630593,"10.1149/1.1630593|LiBF4|0.770386|mol/kg|w|0,0.7,0,0,0.3,0,0,0,0,0,0,0,0,0,0,0,0,0,0,0,0,0,0,0,0,0,0,0,0,0,0,0,0,0,0,0,0,0",4,cost_sensitive_budget_policy,0.6337986226134048,0.6329242373830615,0.000874385230343333,312.45,4,160.0,0.01
10.1149/1.1630593,"10.1149/1.1630593|LiBF4|1.09657|mol/kg|w|0,0.7,0,0,0.3,0,0,0,0,0,0,0,0,0,0,0,0,0,0,0,0,0,0,0,0,0,0,0,0,0,0,0,0,0,0,0,0,0",4,cost_sensitive_budget_policy,0.6727280182060406,0.667960815527809,0.004767202678231608,322.35,4,160.0,0.01
10.1149/1.1630593,"10.1149/1.1630593|LiBF4|1.88412|mol/kg|w|0,0.7,0,0,0.3,0,0,0,0,0,0,0,0,0,0,0,0,0,0,0,0,0,0,0,0,0,0,0,0,0,0,0,0,0,0,0,0,0",4,cost_sensitive_budget_policy,0.4621018778060848,0.4524250103520697,0.009676867454015081,312.45,4,160.0,0.01
10.1149/1.1630593,"10.1149/1.1630593|LiBF4|2.06223|mol/kg|w|0,0.7,0,0,0.3,0,0,0,0,0,0,0,0,0,0,0,0,0,0,0,0,0,0,0,0,0,0,0,0,0,0,0,0,0,0,0,0,0",4,cost_sensitive_budget_policy,0.5937475169219935,0.593936776531562,0.00018925960956850396,332.15,4,160.0,0.01
10.1149/1.1630593,"10.1149/1.1630593|LiBF4|0.434579|mol/kg|w|0.15,0.85,0,0,0,0,0,0,0,0,0,0,0,0,0,0,0,0,0,0,0,0,0,0,0,0,0,0,0,0,0,0,0,0,0,0,0,0",4,cost_sensitive_budget_policy,0.7059726278886455,0.7047232096589526,0.0012494182296928225,312.45,4,160.0,0.01
10.1149/1.1630593,"10.1149/1.1630593|LiBF4|0.199029|mol/kg|w|0,0.3,0,0,0.7,0,0,0,0,0,0,0,0,0,0,0,0,0,0,0,0,0,0,0,0,0,0,0,0,0,0,0,0,0,0,0,0,0",4,cost_sensitive_budget_policy,0.039983359061869055,0.0015886759784558002,0.038394683083413254,312.45,4,160.0,0.01
10.1149/1.1630593,"10.1149/1.1630593|LiBF4|0.609223|mol/kg|w|0,0.3,0,0,0.7,0,0,0,0,0,0,0,0,0,0,0,0,0,0,0,0,0,0,0,0,0,0,0,0,0,0,0,0,0,0,0,0,0",4,cost_sensitive_budget_policy,0.3172175406210149,0.30880372164895764,0.008413818972057285,322.35,4,160.0,0.01
10.1149/1.1630593,"10.1149/1.1630593|LiBF4|0.696602|mol/kg|w|0,0.3,0,0,0.7,0,0,0,0,0,0,0,0,0,0,0,0,0,0,0,0,0,0,0,0,0,0,0,0,0,0,0,0,0,0,0,0,0",4,cost_sensitive_budget_policy,0.3848272903724122,0.3569042485395858,0.0279230418328264,332.15,4,160.0,0.01
10.1149/1.1630593,"10.1149/1.1630593|LiBF4|0.805825|mol/kg|w|0,0.3,0,0,0.7,0,0,0,0,0,0,0,0,0,0,0,0,0,0,0,0,0,0,0,0,0,0,0,0,0,0,0,0,0,0,0,0,0",4,cost_sensitive_budget_policy,0.40345817743428325,0.389110849217859,0.01434732821642426,332.15,4,160.0,0.01
10.1149/1.1630593,"10.1149/1.1630593|LiBF4|1.86408|mol/kg|w|0,0.3,0,0,0.7,0,0,0,0,0,0,0,0,0,0,0,0,0,0,0,0,0,0,0,0,0,0,0,0,0,0,0,0,0,0,0,0,0",4,cost_sensitive_budget_policy,0.4310456046297564,0.40970027986380997,0.021345324765946416,332.15,4,160.0,0.01
10.1149/1.1630593,"10.1149/1.1630593|LiBF4|1.93519|mol/kg|w|0.6,0.4,0,0,0,0,0,0,0,0,0,0,0,0,0,0,0,0,0,0,0,0,0,0,0,0,0,0,0,0,0,0,0,0,0,0,0,0",4,cost_sensitive_budget_policy,0.7889340609307316,0.7833009591331594,0.005633101797572149,332.15,4,160.0,0.01
10.1149/1.1630593,"10.1149/1.1630593|LiBF4|0.334764|mol/kg|w|0,0.7,0,0,0.3,0,0,0,0,0,0,0,0,0,0,0,0,0,0,0,0,0,0,0,0,0,0,0,0,0,0,0,0,0,0,0,0,0",4,cost_sensitive_budget_policy,0.6389262762982185,0.6361239355097107,0.002802340788507829,322.35,4,160.0,0.02
10.1149/1.1630593,"10.1149/1.1630593|LiBF4|0.418455|mol/kg|w|0,0.7,0,0,0.3,0,0,0,0,0,0,0,0,0,0,0,0,0,0,0,0,0,0,0,0,0,0,0,0,0,0,0,0,0,0,0,0,0",4,cost_sensitive_budget_policy,0.4716394169153869,0.4638176168279404,0.007821800087446484,292.65,4,160.0,0.02
10.1149/1.1630593,"10.1149/1.1630593|LiBF4|0.770386|mol/kg|w|0,0.7,0,0,0.3,0,0,0,0,0,0,0,0,0,0,0,0,0,0,0,0,0,0,0,0,0,0,0,0,0,0,0,0,0,0,0,0,0",4,cost_sensitive_budget_policy,0.6337986226134048,0.6329242373830615,0.000874385230343333,312.45,4,160.0,0.02
10.1149/1.1630593,"10.1149/1.1630593|LiBF4|1.09657|mol/kg|w|0,0.7,0,0,0.3,0,0,0,0,0,0,0,0,0,0,0,0,0,0,0,0,0,0,0,0,0,0,0,0,0,0,0,0,0,0,0,0,0",4,cost_sensitive_budget_policy,0.6727280182060406,0.667960815527809,0.004767202678231608,322.35,4,160.0,0.02
10.1149/1.1630593,"10.1149/1.1630593|LiBF4|1.88412|mol/kg|w|0,0.7,0,0,0.3,0,0,0,0,0,0,0,0,0,0,0,0,0,0,0,0,0,0,0,0,0,0,0,0,0,0,0,0,0,0,0,0,0",4,cost_sensitive_budget_policy,0.4621018778060848,0.4524250103520697,0.009676867454015081,312.45,4,160.0,0.02
10.1149/1.1630593,"10.1149/1.1630593|LiBF4|2.06223|mol/kg|w|0,0.7,0,0,0.3,0,0,0,0,0,0,0,0,0,0,0,0,0,0,0,0,0,0,0,0,0,0,0,0,0,0,0,0,0,0,0,0,0",4,cost_sensitive_budget_policy,0.5937475169219935,0.593936776531562,0.00018925960956850396,332.15,4,160.0,0.02
10.1149/1.1630593,"10.1149/1.1630593|LiBF4|0.434579|mol/kg|w|0.15,0.85,0,0,0,0,0,0,0,0,0,0,0,0,0,0,0,0,0,0,0,0,0,0,0,0,0,0,0,0,0,0,0,0,0,0,0,0",4,cost_sensitive_budget_policy,0.7059726278886455,0.7047232096589526,0.0012494182296928225,312.45,4,160.0,0.02
10.1149/1.1630593,"10.1149/1.1630593|LiBF4|0.199029|mol/kg|w|0,0.3,0,0,0.7,0,0,0,0,0,0,0,0,0,0,0,0,0,0,0,0,0,0,0,0,0,0,0,0,0,0,0,0,0,0,0,0,0",4,cost_sensitive_budget_policy,0.039983359061869055,0.0015886759784558002,0.038394683083413254,312.45,4,160.0,0.02
10.1149/1.1630593,"10.1149/1.1630593|LiBF4|0.609223|mol/kg|w|0,0.3,0,0,0.7,0,0,0,0,0,0,0,0,0,0,0,0,0,0,0,0,0,0,0,0,0,0,0,0,0,0,0,0,0,0,0,0,0",4,cost_sensitive_budget_policy,0.3172175406210149,0.30880372164895764,0.008413818972057285,322.35,4,160.0,0.02
10.1149/1.1630593,"10.1149/1.1630593|LiBF4|0.696602|mol/kg|w|0,0.3,0,0,0.7,0,0,0,0,0,0,0,0,0,0,0,0,0,0,0,0,0,0,0,0,0,0,0,0,0,0,0,0,0,0,0,0,0",4,cost_sensitive_budget_policy,0.3848272903724122,0.3569042485395858,0.0279230418328264,332.15,4,160.0,0.02
10.1149/1.1630593,"10.1149/1.1630593|LiBF4|0.805825|mol/kg|w|0,0.3,0,0,0.7,0,0,0,0,0,0,0,0,0,0,0,0,0,0,0,0,0,0,0,0,0,0,0,0,0,0,0,0,0,0,0,0,0",4,cost_sensitive_budget_policy,0.40345817743428325,0.389110849217859,0.01434732821642426,332.15,4,160.0,0.02
10.1149/1.1630593,"10.1149/1.1630593|LiBF4|1.86408|mol/kg|w|0,0.3,0,0,0.7,0,0,0,0,0,0,0,0,0,0,0,0,0,0,0,0,0,0,0,0,0,0,0,0,0,0,0,0,0,0,0,0,0",4,cost_sensitive_budget_policy,0.4310456046297564,0.40970027986380997,0.021345324765946416,332.15,4,160.0,0.02
10.1149/1.1630593,"10.1149/1.1630593|LiBF4|1.93519|mol/kg|w|0.6,0.4,0,0,0,0,0,0,0,0,0,0,0,0,0,0,0,0,0,0,0,0,0,0,0,0,0,0,0,0,0,0,0,0,0,0,0,0",4,cost_sensitive_budget_policy,0.7889340609307316,0.7833009591331594,0.005633101797572149,332.15,4,160.0,0.02
10.1149/1.1833611,"10.1149/1.1833611|LiBOB|0.150725|mol/kg|w|0.4,0.6,0,0,0,0,0,0,0,0,0,0,0,0,0,0,0,0,0,0,0,0,0,0,0,0,0,0,0,0,0,0,0,0,0,0,0,0",3,fixed_target_router,0.5994124669909516,0.6090817065352725,0.009669239544320862,332.15,4,160.0,
10.1149/1.1833611,"10.1149/1.1833611|LiBOB|0.24058|mol/kg|w|0.4,0.6,0,0,0,0,0,0,0,0,0,0,0,0,0,0,0,0,0,0,0,0,0,0,0,0,0,0,0,0,0,0,0,0,0,0,0,0",3,fixed_target_router,0.7385685784219824,0.735628848547103,0.0029397298748794487,332.15,4,160.0,
10.1149/1.1833611,"10.1149/1.1833611|LiBOB|0.304348|mol/kg|w|0.4,0.6,0,0,0,0,0,0,0,0,0,0,0,0,0,0,0,0,0,0,0,0,0,0,0,0,0,0,0,0,0,0,0,0,0,0,0,0",3,fixed_target_router,0.7907577804783202,0.8461557715508945,0.05539799107257426,332.15,4,160.0,
10.1149/1.1833611,"10.1149/1.1833611|LiBOB|0.362319|mol/kg|w|0.4,0.6,0,0,0,0,0,0,0,0,0,0,0,0,0,0,0,0,0,0,0,0,0,0,0,0,0,0,0,0,0,0,0,0,0,0,0,0",3,fixed_target_router,0.8270948457750013,0.8165720582904449,0.010522787484556373,332.15,4,160.0,
10.1149/1.1833611,"10.1149/1.1833611|LiBOB|0.484058|mol/kg|w|0.4,0.6,0,0,0,0,0,0,0,0,0,0,0,0,0,0,0,0,0,0,0,0,0,0,0,0,0,0,0,0,0,0,0,0,0,0,0,0",3,fixed_target_router,0.8733388121512187,0.8497756076725536,0.023563204478665112,332.15,4,160.0,
10.1149/1.1833611,"10.1149/1.1833611|LiBOB|0.553623|mol/kg|w|0.4,0.6,0,0,0,0,0,0,0,0,0,0,0,0,0,0,0,0,0,0,0,0,0,0,0,0,0,0,0,0,0,0,0,0,0,0,0,0",3,fixed_target_router,0.8874573667002804,0.8795693465323491,0.007888020167931331,332.15,4,160.0,
10.1149/1.1833611,"10.1149/1.1833611|LiBOB|0.637681|mol/kg|w|0.4,0.6,0,0,0,0,0,0,0,0,0,0,0,0,0,0,0,0,0,0,0,0,0,0,0,0,0,0,0,0,0,0,0,0,0,0,0,0",3,fixed_target_router,0.8956926603779694,0.8929575716373737,0.0027350887405956925,332.15,4,160.0,
10.1149/1.1833611,"10.1149/1.1833611|LiBOB|0.733333|mol/kg|w|0.4,0.6,0,0,0,0,0,0,0,0,0,0,0,0,0,0,0,0,0,0,0,0,0,0,0,0,0,0,0,0,0,0,0,0,0,0,0,0",3,fixed_target_router,0.8983948658042163,0.8891576530904414,0.009237212713774978,332.15,4,160.0,
10.1149/1.1833611,"10.1149/1.1833611|LiBOB|0.843478|mol/kg|w|0.4,0.6,0,0,0,0,0,0,0,0,0,0,0,0,0,0,0,0,0,0,0,0,0,0,0,0,0,0,0,0,0,0,0,0,0,0,0,0",3,fixed_target_router,0.8920633652148822,0.8954451912693685,0.0033818260544863366,332.15,4,160.0,
10.1149/1.1833611,"10.1149/1.1833611|LiBOB|0.956522|mol/kg|w|0.4,0.6,0,0,0,0,0,0,0,0,0,0,0,0,0,0,0,0,0,0,0,0,0,0,0,0,0,0,0,0,0,0,0,0,0,0,0,0",3,fixed_target_router,0.8782574456656309,0.9082085894280432,0.029951143762412258,332.15,4,160.0,
10.1149/1.1833611,"10.1149/1.1833611|LiBOB|1.06957|mol/kg|w|0.4,0.6,0,0,0,0,0,0,0,0,0,0,0,0,0,0,0,0,0,0,0,0,0,0,0,0,0,0,0,0,0,0,0,0,0,0,0,0",3,fixed_target_router,0.8582114300486811,0.8767183611211176,0.018506931072436505,332.15,4,160.0,
10.1149/1.1833611,"10.1149/1.1833611|LiBOB|0.0333333|mol/kg|w|0,0.6,0,0,0.4,0,0,0,0,0,0,0,0,0,0,0,0,0,0,0,0,0,0,0,0,0,0,0,0,0,0,0,0,0,0,0,0,0",3,fixed_target_router,0.16489335930822416,0.1754321070780228,0.010538747769798629,332.15,4,160.0,
10.1149/1.1833611,"10.1149/1.1833611|LiBOB|0.0733333|mol/kg|w|0,0.6,0,0,0.4,0,0,0,0,0,0,0,0,0,0,0,0,0,0,0,0,0,0,0,0,0,0,0,0,0,0,0,0,0,0,0,0,0",3,fixed_target_router,0.4380386520683107,0.4221330709370379,0.015905581131272828,332.15,4,160.0,
10.1149/1.1833611,"10.1149/1.1833611|LiBOB|0.103333|mol/kg|w|0,0.6,0,0,0.4,0,0,0,0,0,0,0,0,0,0,0,0,0,0,0,0,0,0,0,0,0,0,0,0,0,0,0,0,0,0,0,0,0",3,fixed_target_router,0.5408979976175841,0.5365531068745777,0.004344890743006369,332.15,4,160.0,
10.1149/1.1833611,"10.1149/1.1833611|LiBOB|0.13|mol/kg|w|0,0.6,0,0,0.4,0,0,0,0,0,0,0,0,0,0,0,0,0,0,0,0,0,0,0,0,0,0,0,0,0,0,0,0,0,0,0,0,0",3,fixed_target_router,0.503584357517213,0.49770996731484535,0.00587439020236763,312.45,4,160.0,
10.1149/1.1833611,"10.1149/1.1833611|LiBOB|0.153333|mol/kg|w|0,0.6,0,0,0.4,0,0,0,0,0,0,0,0,0,0,0,0,0,0,0,0,0,0,0,0,0,0,0,0,0,0,0,0,0,0,0,0,0",3,fixed_target_router,0.6705831692272491,0.6574898231394181,0.013093346087831081,332.15,4,160.0,
10.1149/1.1833611,"10.1149/1.1833611|LiBOB|0.176667|mol/kg|w|0,0.6,0,0,0.4,0,0,0,0,0,0,0,0,0,0,0,0,0,0,0,0,0,0,0,0,0,0,0,0,0,0,0,0,0,0,0,0,0",3,fixed_target_router,0.7127007081178658,0.7195401577816709,0.006839449663805119,332.15,4,160.0,
10.1149/1.1833611,"10.1149/1.1833611|LiBOB|0.21|mol/kg|w|0,0.6,0,0,0.4,0,0,0,0,0,0,0,0,0,0,0,0,0,0,0,0,0,0,0,0,0,0,0,0,0,0,0,0,0,0,0,0,0",3,fixed_target_router,0.7540238375158995,0.7418711848540418,0.012152652661857721,332.15,4,160.0,
10.1149/1.1833611,"10.1149/1.1833611|LiBOB|0.273333|mol/kg|w|0,0.6,0,0,0.4,0,0,0,0,0,0,0,0,0,0,0,0,0,0,0,0,0,0,0,0,0,0,0,0,0,0,0,0,0,0,0,0,0",3,fixed_target_router,0.8240666374978196,0.8156193454530788,0.008447292044740817,332.15,4,160.0,
10.1149/1.1833611,"10.1149/1.1833611|LiBOB|0.313333|mol/kg|w|0,0.6,0,0,0.4,0,0,0,0,0,0,0,0,0,0,0,0,0,0,0,0,0,0,0,0,0,0,0,0,0,0,0,0,0,0,0,0,0",3,fixed_target_router,0.8520361566379724,0.8430216742156039,0.009014482422368464,332.15,4,160.0,
10.1149/1.1833611,"10.1149/1.1833611|LiBOB|0.35|mol/kg|w|0,0.6,0,0,0.4,0,0,0,0,0,0,0,0,0,0,0,0,0,0,0,0,0,0,0,0,0,0,0,0,0,0,0,0,0,0,0,0,0",3,fixed_target_router,0.8740775039293075,0.8608067919207735,0.013270712008534025,332.15,4,160.0,
10.1149/1.1833611,"10.1149/1.1833611|LiBOB|0.39|mol/kg|w|0,0.6,0,0,0.4,0,0,0,0,0,0,0,0,0,0,0,0,0,0,0,0,0,0,0,0,0,0,0,0,0,0,0,0,0,0,0,0,0",3,fixed_target_router,0.8950875456544244,0.8885457730592077,0.0065417725952167105,332.15,4,160.0,
10.1149/1.1833611,"10.1149/1.1833611|LiBOB|0.433333|mol/kg|w|0,0.6,0,0,0.4,0,0,0,0,0,0,0,0,0,0,0,0,0,0,0,0,0,0,0,0,0,0,0,0,0,0,0,0,0,0,0,0,0",3,fixed_target_router,0.9113029144432199,0.9069403277553523,0.004362586687867598,332.15,4,160.0,
10.1149/1.1833611,"10.1149/1.1833611|LiBOB|0.476667|mol/kg|w|0,0.6,0,0,0.4,0,0,0,0,0,0,0,0,0,0,0,0,0,0,0,0,0,0,0,0,0,0,0,0,0,0,0,0,0,0,0,0,0",3,fixed_target_router,0.9231811957738244,0.918500149934091,0.004681045839733389,332.15,4,160.0,
10.1149/1.1833611,"10.1149/1.1833611|LiBOB|0.523333|mol/kg|w|0,0.6,0,0,0.4,0,0,0,0,0,0,0,0,0,0,0,0,0,0,0,0,0,0,0,0,0,0,0,0,0,0,0,0,0,0,0,0,0",3,fixed_target_router,0.9329347502607845,0.9250938057257275,0.007840944535057015,332.15,4,160.0,
10.1149/1.1833611,"10.1149/1.1833611|LiBOB|0.573333|mol/kg|w|0,0.6,0,0,0.4,0,0,0,0,0,0,0,0,0,0,0,0,0,0,0,0,0,0,0,0,0,0,0,0,0,0,0,0,0,0,0,0,0",3,fixed_target_router,0.9406975541556711,0.9307788449540207,0.009918709201650389,332.15,4,160.0,
10.1149/1.1833611,"10.1149/1.1833611|LiBOB|0.626667|mol/kg|w|0,0.6,0,0,0.4,0,0,0,0,0,0,0,0,0,0,0,0,0,0,0,0,0,0,0,0,0,0,0,0,0,0,0,0,0,0,0,0,0",3,fixed_target_router,0.9447816700811263,0.9298109002038681,0.014970769877258205,332.15,4,160.0,
10.1149/1.1833611,"10.1149/1.1833611|LiBOB|0.67|mol/kg|w|0,0.6,0,0,0.4,0,0,0,0,0,0,0,0,0,0,0,0,0,0,0,0,0,0,0,0,0,0,0,0,0,0,0,0,0,0,0,0,0",3,fixed_target_router,0.9451700599086559,0.9413107429728009,0.0038593169358549506,332.15,4,160.0,
10.1149/1.1833611,"10.1149/1.1833611|LiBOB|0.163934|mol/kg|w|0,1,0,0,0,0,0,0,0,0,0,0,0,0,0,0,0,0,0,0,0,0,0,0,0,0,0,0,0,0,0,0,0,0,0,0,0,0",3,fixed_target_router,0.522089789644058,0.5479274900725312,0.02583770042847311,322.35,4,160.0,
10.1149/1.1833611,"10.1149/1.1833611|LiBOB|0.2|mol/kg|w|0,1,0,0,0,0,0,0,0,0,0,0,0,0,0,0,0,0,0,0,0,0,0,0,0,0,0,0,0,0,0,0,0,0,0,0,0,0",3,fixed_target_router,0.6496950212585995,0.645525757468552,0.0041692637900474505,332.15,4,160.0,
10.1149/1.1833611,"10.1149/1.1833611|LiBOB|0.242623|mol/kg|w|0,1,0,0,0,0,0,0,0,0,0,0,0,0,0,0,0,0,0,0,0,0,0,0,0,0,0,0,0,0,0,0,0,0,0,0,0,0",3,fixed_target_router,0.698257461985226,0.6993345192000031,0.001077057214777133,332.15,4,160.0,
10.1149/1.1833611,"10.1149/1.1833611|LiBOB|0.278689|mol/kg|w|0,1,0,0,0,0,0,0,0,0,0,0,0,0,0,0,0,0,0,0,0,0,0,0,0,0,0,0,0,0,0,0,0,0,0,0,0,0",3,fixed_target_router,0.7363685082661853,0.7327352590421093,0.0036332492240759295,332.15,4,160.0,
10.1149/1.1833611,"10.1149/1.1833611|LiBOB|0.321311|mol/kg|w|0,1,0,0,0,0,0,0,0,0,0,0,0,0,0,0,0,0,0,0,0,0,0,0,0,0,0,0,0,0,0,0,0,0,0,0,0,0",3,fixed_target_router,0.7660330165130792,0.7543979367130853,0.011635079799993897,332.15,4,160.0,
10.1149/1.1833611,"10.1149/1.1833611|LiBOB|0.370492|mol/kg|w|0,1,0,0,0,0,0,0,0,0,0,0,0,0,0,0,0,0,0,0,0,0,0,0,0,0,0,0,0,0,0,0,0,0,0,0,0,0",3,fixed_target_router,0.5534111620097821,0.5441892065769762,0.009221955432805906,302.55,4,160.0,
10.1149/1.1833611,"10.1149/1.1833611|LiBOB|0.419672|mol/kg|w|0,1,0,0,0,0,0,0,0,0,0,0,0,0,0,0,0,0,0,0,0,0,0,0,0,0,0,0,0,0,0,0,0,0,0,0,0,0",3,fixed_target_router,0.8173888535359182,0.803768262795316,0.013620590740602179,332.15,4,160.0,
10.1149/1.1833611,"10.1149/1.1833611|LiBOB|0.47541|mol/kg|w|0,1,0,0,0,0,0,0,0,0,0,0,0,0,0,0,0,0,0,0,0,0,0,0,0,0,0,0,0,0,0,0,0,0,0,0,0,0",3,fixed_target_router,0.8352523365799425,0.8238613206746647,0.011391015905277802,332.15,4,160.0,
10.1149/1.1833611,"10.1149/1.1833611|LiBOB|0.531148|mol/kg|w|0,1,0,0,0,0,0,0,0,0,0,0,0,0,0,0,0,0,0,0,0,0,0,0,0,0,0,0,0,0,0,0,0,0,0,0,0,0",3,fixed_target_router,0.8480303941995317,0.834240011447448,0.013790382752083774,332.15,4,160.0,
10.1149/1.1833611,"10.1149/1.1833611|LiBOB|0.659016|mol/kg|w|0,1,0,0,0,0,0,0,0,0,0,0,0,0,0,0,0,0,0,0,0,0,0,0,0,0,0,0,0,0,0,0,0,0,0,0,0,0",3,fixed_target_router,0.8618085310562983,0.8474930926068485,0.014315438449449824,332.15,4,160.0,
10.1149/1.1833611,"10.1149/1.1833611|LiBOB|0.727869|mol/kg|w|0,1,0,0,0,0,0,0,0,0,0,0,0,0,0,0,0,0,0,0,0,0,0,0,0,0,0,0,0,0,0,0,0,0,0,0,0,0",3,fixed_target_router,0.8610738912142633,0.8597371808310718,0.0013367103831914973,332.15,4,160.0,
10.1149/1.1833611,"10.1149/1.1833611|LiBOB|0.891803|mol/kg|w|0,1,0,0,0,0,0,0,0,0,0,0,0,0,0,0,0,0,0,0,0,0,0,0,0,0,0,0,0,0,0,0,0,0,0,0,0,0",3,fixed_target_router,0.8484631380442306,0.832626059469607,0.015837078574623575,332.15,4,160.0,
10.1149/1.1833611,"10.1149/1.1833611|LiBOB|0.986885|mol/kg|w|0,1,0,0,0,0,0,0,0,0,0,0,0,0,0,0,0,0,0,0,0,0,0,0,0,0,0,0,0,0,0,0,0,0,0,0,0,0",3,fixed_target_router,0.7433114433267886,0.7694675536074578,0.02615611028066922,322.35,4,160.0,
10.1149/1.1833611,"10.1149/1.1833611|LiBOB|0.164865|mol/kg|w|0.7,0.3,0,0,0,0,0,0,0,0,0,0,0,0,0,0,0,0,0,0,0,0,0,0,0,0,0,0,0,0,0,0,0,0,0,0,0,0",3,fixed_target_router,0.6532125137753437,0.6258141594381976,0.027398354337146102,332.15,4,160.0,
10.1149/1.1833611,"10.1149/1.1833611|LiBOB|0.310811|mol/kg|w|0.7,0.3,0,0,0,0,0,0,0,0,0,0,0,0,0,0,0,0,0,0,0,0,0,0,0,0,0,0,0,0,0,0,0,0,0,0,0,0",3,fixed_target_router,0.7495544502191152,0.7343735048775322,0.015180945341582985,322.35,4,160.0,
10.1149/1.1833611,"10.1149/1.1833611|LiBOB|0.372973|mol/kg|w|0.7,0.3,0,0,0,0,0,0,0,0,0,0,0,0,0,0,0,0,0,0,0,0,0,0,0,0,0,0,0,0,0,0,0,0,0,0,0,0",3,fixed_target_router,0.8541273565846526,0.8408357177602617,0.013291638824390883,332.15,4,160.0,
10.1149/1.1833611,"10.1149/1.1833611|LiBOB|0.497297|mol/kg|w|0.7,0.3,0,0,0,0,0,0,0,0,0,0,0,0,0,0,0,0,0,0,0,0,0,0,0,0,0,0,0,0,0,0,0,0,0,0,0,0",3,fixed_target_router,0.8998848471392512,0.8850318081939663,0.014853038945284891,332.15,4,160.0,
10.1149/1.1833611,"10.1149/1.1833611|LiBOB|0.571351|mol/kg|w|0.7,0.3,0,0,0,0,0,0,0,0,0,0,0,0,0,0,0,0,0,0,0,0,0,0,0,0,0,0,0,0,0,0,0,0,0,0,0,0",3,fixed_target_router,0.9141252862344557,0.9048001173265839,0.009325168907871717,332.15,4,160.0,
10.1149/1.1833611,"10.1149/1.1833611|LiBOB|0.655676|mol/kg|w|0.7,0.3,0,0,0,0,0,0,0,0,0,0,0,0,0,0,0,0,0,0,0,0,0,0,0,0,0,0,0,0,0,0,0,0,0,0,0,0",3,fixed_target_router,0.9215334741036846,0.9149705517844272,0.006562922319257369,332.15,4,160.0,
10.1149/1.1833611,"10.1149/1.1833611|LiBOB|0.752973|mol/kg|w|0.7,0.3,0,0,0,0,0,0,0,0,0,0,0,0,0,0,0,0,0,0,0,0,0,0,0,0,0,0,0,0,0,0,0,0,0,0,0,0",3,fixed_target_router,0.923365942957112,0.9142549407481995,0.009111002208912589,332.15,4,160.0,
10.1149/1.1833611,"10.1149/1.1833611|LiBOB|0.866486|mol/kg|w|0.7,0.3,0,0,0,0,0,0,0,0,0,0,0,0,0,0,0,0,0,0,0,0,0,0,0,0,0,0,0,0,0,0,0,0,0,0,0,0",3,fixed_target_router,0.9159892139291999,0.9044382231352286,0.01155099079397126,332.15,4,160.0,
10.1149/1.1833611,"10.1149/1.1833611|LiBOB|0.983243|mol/kg|w|0.7,0.3,0,0,0,0,0,0,0,0,0,0,0,0,0,0,0,0,0,0,0,0,0,0,0,0,0,0,0,0,0,0,0,0,0,0,0,0",3,fixed_target_router,0.9027705353510247,0.921068154681637,0.018297619330612358,332.15,4,160.0,
10.1149/1.1833611,"10.1149/1.1833611|LiBOB|0.15873|mol/kg|w|0.3,0.7,0,0,0,0,0,0,0,0,0,0,0,0,0,0,0,0,0,0,0,0,0,0,0,0,0,0,0,0,0,0,0,0,0,0,0,0",3,fixed_target_router,0.6126997807162147,0.6256052690672729,0.012905488351058203,332.15,4,160.0,
10.1149/1.1833611,"10.1149/1.1833611|LiBOB|0.250794|mol/kg|w|0.3,0.7,0,0,0,0,0,0,0,0,0,0,0,0,0,0,0,0,0,0,0,0,0,0,0,0,0,0,0,0,0,0,0,0,0,0,0,0",3,fixed_target_router,0.7410336219056128,0.7455214046928098,0.00448778278719697,332.15,4,160.0,
10.1149/1.1833611,"10.1149/1.1833611|LiBOB|0.311111|mol/kg|w|0.3,0.7,0,0,0,0,0,0,0,0,0,0,0,0,0,0,0,0,0,0,0,0,0,0,0,0,0,0,0,0,0,0,0,0,0,0,0,0",3,fixed_target_router,0.7947361503963257,0.7780025717863478,0.016733578609977928,332.15,4,160.0,
10.1149/1.1833611,"10.1149/1.1833611|LiBOB|0.368254|mol/kg|w|0.3,0.7,0,0,0,0,0,0,0,0,0,0,0,0,0,0,0,0,0,0,0,0,0,0,0,0,0,0,0,0,0,0,0,0,0,0,0,0",3,fixed_target_router,0.8311962850875894,0.8186831616057151,0.012513123481874278,332.15,4,160.0,
10.1149/1.1833611,"10.1149/1.1833611|LiBOB|0.425397|mol/kg|w|0.3,0.7,0,0,0,0,0,0,0,0,0,0,0,0,0,0,0,0,0,0,0,0,0,0,0,0,0,0,0,0,0,0,0,0,0,0,0,0",3,fixed_target_router,0.8562780341154737,0.8396601524071513,0.016617881708322346,332.15,4,160.0,
10.1149/1.1833611,"10.1149/1.1833611|LiBOB|0.488889|mol/kg|w|0.3,0.7,0,0,0,0,0,0,0,0,0,0,0,0,0,0,0,0,0,0,0,0,0,0,0,0,0,0,0,0,0,0,0,0,0,0,0,0",3,fixed_target_router,0.8018655244924775,0.7878435425534429,0.014021981939034589,322.35,4,160.0,
10.1149/1.1833611,"10.1149/1.1833611|LiBOB|0.55873|mol/kg|w|0.3,0.7,0,0,0,0,0,0,0,0,0,0,0,0,0,0,0,0,0,0,0,0,0,0,0,0,0,0,0,0,0,0,0,0,0,0,0,0",3,fixed_target_router,0.8908555305873403,0.871314235418776,0.0195412951685644,332.15,4,160.0,
10.1149/1.1833611,"10.1149/1.1833611|LiBOB|0.638095|mol/kg|w|0.3,0.7,0,0,0,0,0,0,0,0,0,0,0,0,0,0,0,0,0,0,0,0,0,0,0,0,0,0,0,0,0,0,0,0,0,0,0,0",3,fixed_target_router,0.8995363817937931,0.889902378290578,0.009634003503215194,332.15,4,160.0,
10.1149/1.1833611,"10.1149/1.1833611|LiBOB|0.733333|mol/kg|w|0.3,0.7,0,0,0,0,0,0,0,0,0,0,0,0,0,0,0,0,0,0,0,0,0,0,0,0,0,0,0,0,0,0,0,0,0,0,0,0",3,fixed_target_router,0.9024124123314328,0.8880990601582264,0.014313352173206395,332.15,4,160.0,
10.1149/1.1833611,"10.1149/1.1833611|LiBOB|0.955556|mol/kg|w|0.3,0.7,0,0,0,0,0,0,0,0,0,0,0,0,0,0,0,0,0,0,0,0,0,0,0,0,0,0,0,0,0,0,0,0,0,0,0,0",3,fixed_target_router,0.8868167361072647,0.911430453243833,0.024613717136568236,332.15,4,160.0,
10.1149/1.1833611,"10.1149/1.1833611|LiBOB|1.06349|mol/kg|w|0.3,0.7,0,0,0,0,0,0,0,0,0,0,0,0,0,0,0,0,0,0,0,0,0,0,0,0,0,0,0,0,0,0,0,0,0,0,0,0",3,fixed_target_router,0.8715345480544757,0.8619417060373347,0.009592842017141057,332.15,4,160.0,
10.1149/1.1833611,"10.1149/1.1833611|LiBOB|0.151351|mol/kg|w|0.6,0.4,0,0,0,0,0,0,0,0,0,0,0,0,0,0,0,0,0,0,0,0,0,0,0,0,0,0,0,0,0,0,0,0,0,0,0,0",3,fixed_target_router,0.6146491186545956,0.6004171670051857,0.014231951649409935,332.15,4,160.0,
10.1149/1.1833611,"10.1149/1.1833611|LiBOB|0.356757|mol/kg|w|0.6,0.4,0,0,0,0,0,0,0,0,0,0,0,0,0,0,0,0,0,0,0,0,0,0,0,0,0,0,0,0,0,0,0,0,0,0,0,0",3,fixed_target_router,0.8395889452368733,0.821671822091018,0.017917123145855363,332.15,4,160.0,
10.1149/1.1833611,"10.1149/1.1833611|LiBOB|0.418919|mol/kg|w|0.6,0.4,0,0,0,0,0,0,0,0,0,0,0,0,0,0,0,0,0,0,0,0,0,0,0,0,0,0,0,0,0,0,0,0,0,0,0,0",3,fixed_target_router,0.8681948044284015,0.8593840786708579,0.008810725757543603,332.15,4,160.0,
10.1149/1.1833611,"10.1149/1.1833611|LiBOB|0.486486|mol/kg|w|0.6,0.4,0,0,0,0,0,0,0,0,0,0,0,0,0,0,0,0,0,0,0,0,0,0,0,0,0,0,0,0,0,0,0,0,0,0,0,0",3,fixed_target_router,0.8884768314673185,0.8746652012047457,0.013811630262572816,332.15,4,160.0,
10.1149/1.1833611,"10.1149/1.1833611|LiBOB|0.564865|mol/kg|w|0.6,0.4,0,0,0,0,0,0,0,0,0,0,0,0,0,0,0,0,0,0,0,0,0,0,0,0,0,0,0,0,0,0,0,0,0,0,0,0",3,fixed_target_router,0.9046837300144092,0.8795802001658316,0.025103529848577555,332.15,4,160.0,
10.1149/1.1833611,"10.1149/1.1833611|LiBOB|0.651351|mol/kg|w|0.6,0.4,0,0,0,0,0,0,0,0,0,0,0,0,0,0,0,0,0,0,0,0,0,0,0,0,0,0,0,0,0,0,0,0,0,0,0,0",3,fixed_target_router,0.9125658788633235,0.90492339916373,0.00764247969959353,332.15,4,160.0,
10.1149/1.1833611,"10.1149/1.1833611|LiBOB|0.875676|mol/kg|w|0.6,0.4,0,0,0,0,0,0,0,0,0,0,0,0,0,0,0,0,0,0,0,0,0,0,0,0,0,0,0,0,0,0,0,0,0,0,0,0",3,fixed_target_router,0.9062716457559425,0.8933363804100878,0.012935265345854763,332.15,4,160.0,
10.1149/1.1833611,"10.1149/1.1833611|LiBOB|0.997297|mol/kg|w|0.6,0.4,0,0,0,0,0,0,0,0,0,0,0,0,0,0,0,0,0,0,0,0,0,0,0,0,0,0,0,0,0,0,0,0,0,0,0,0",3,fixed_target_router,0.8934027196018733,0.8843598682438432,0.00904285135803018,332.15,4,160.0,
10.1149/1.1833611,"10.1149/1.1833611|LiBOB|1.11892|mol/kg|w|0.6,0.4,0,0,0,0,0,0,0,0,0,0,0,0,0,0,0,0,0,0,0,0,0,0,0,0,0,0,0,0,0,0,0,0,0,0,0,0",3,fixed_target_router,0.871641604157595,0.8848620183279629,0.0132204141703679,332.15,4,160.0,
10.1149/1.1833611,"10.1149/1.1833611|LiBOB|0.0285714|mol/kg|w|0,0.5,0,0,0.5,0,0,0,0,0,0,0,0,0,0,0,0,0,0,0,0,0,0,0,0,0,0,0,0,0,0,0,0,0,0,0,0,0",3,fixed_target_router,0.04050121485602134,0.03200955541155599,0.008491659444465345,332.15,4,160.0,
10.1149/1.1833611,"10.1149/1.1833611|LiBOB|0.052381|mol/kg|w|0,0.5,0,0,0.5,0,0,0,0,0,0,0,0,0,0,0,0,0,0,0,0,0,0,0,0,0,0,0,0,0,0,0,0,0,0,0,0,0",3,fixed_target_router,0.27437780090353575,0.2598267612193562,0.014551039684179534,332.15,4,160.0,
10.1149/1.1833611,"10.1149/1.1833611|LiBOB|0.0714286|mol/kg|w|0,0.5,0,0,0.5,0,0,0,0,0,0,0,0,0,0,0,0,0,0,0,0,0,0,0,0,0,0,0,0,0,0,0,0,0,0,0,0,0",3,fixed_target_router,0.3806192215096623,0.37012166099057725,0.01049756051908507,332.15,4,160.0,
10.1149/1.1833611,"10.1149/1.1833611|LiBOB|0.0952381|mol/kg|w|0,0.5,0,0,0.5,0,0,0,0,0,0,0,0,0,0,0,0,0,0,0,0,0,0,0,0,0,0,0,0,0,0,0,0,0,0,0,0,0",3,fixed_target_router,0.4734778232155228,0.47918869252338686,0.005710869307864075,332.15,4,160.0,
10.1149/1.1833611,"10.1149/1.1833611|LiBOB|0.138095|mol/kg|w|0,0.5,0,0,0.5,0,0,0,0,0,0,0,0,0,0,0,0,0,0,0,0,0,0,0,0,0,0,0,0,0,0,0,0,0,0,0,0,0",3,fixed_target_router,0.6038251425238906,0.6113272817883788,0.007502139264488172,332.15,4,160.0,
10.1149/1.1833611,"10.1149/1.1833611|LiBOB|0.195238|mol/kg|w|0,0.5,0,0,0.5,0,0,0,0,0,0,0,0,0,0,0,0,0,0,0,0,0,0,0,0,0,0,0,0,0,0,0,0,0,0,0,0,0",3,fixed_target_router,0.7036253306758419,0.7105108524076633,0.006885521731821442,332.15,4,160.0,
10.1149/1.1833611,"10.1149/1.1833611|LiBOB|0.233333|mol/kg|w|0,0.5,0,0,0.5,0,0,0,0,0,0,0,0,0,0,0,0,0,0,0,0,0,0,0,0,0,0,0,0,0,0,0,0,0,0,0,0,0",3,fixed_target_router,0.7458688739869638,0.7462846649200121,0.00041579093304833226,332.15,4,160.0,
10.1149/1.1833611,"10.1149/1.1833611|LiBOB|0.271429|mol/kg|w|0,0.5,0,0,0.5,0,0,0,0,0,0,0,0,0,0,0,0,0,0,0,0,0,0,0,0,0,0,0,0,0,0,0,0,0,0,0,0,0",3,fixed_target_router,0.7843652120927994,0.7778323243183115,0.0065328877744879055,332.15,4,160.0,
10.1149/1.1833611,"10.1149/1.1833611|LiBOB|0.309524|mol/kg|w|0,0.5,0,0,0.5,0,0,0,0,0,0,0,0,0,0,0,0,0,0,0,0,0,0,0,0,0,0,0,0,0,0,0,0,0,0,0,0,0",3,fixed_target_router,0.8162496087282435,0.8133332323657718,0.002916376362471662,332.15,4,160.0,
10.1149/1.1833611,"10.1149/1.1833611|LiBOB|0.438095|mol/kg|w|0,0.5,0,0,0.5,0,0,0,0,0,0,0,0,0,0,0,0,0,0,0,0,0,0,0,0,0,0,0,0,0,0,0,0,0,0,0,0,0",3,fixed_target_router,0.8880006290618762,0.8819307642379624,0.0060698648239138064,332.15,4,160.0,
10.1149/1.1833611,"10.1149/1.1833611|LiBOB|0.590476|mol/kg|w|0,0.5,0,0,0.5,0,0,0,0,0,0,0,0,0,0,0,0,0,0,0,0,0,0,0,0,0,0,0,0,0,0,0,0,0,0,0,0,0",3,fixed_target_router,0.9227735711094729,0.9170168787220184,0.005756692387454465,332.15,4,160.0,
10.1149/1.1833611,"10.1149/1.1833611|LiBOB|0.0375|mol/kg|w|0,0.7,0,0,0.3,0,0,0,0,0,0,0,0,0,0,0,0,0,0,0,0,0,0,0,0,0,0,0,0,0,0,0,0,0,0,0,0,0",3,fixed_target_router,0.17363066058698706,0.13781606410009997,0.03581459648688709,332.15,4,160.0,
10.1149/1.1833611,"10.1149/1.1833611|LiBOB|0.078125|mol/kg|w|0,0.7,0,0,0.3,0,0,0,0,0,0,0,0,0,0,0,0,0,0,0,0,0,0,0,0,0,0,0,0,0,0,0,0,0,0,0,0,0",3,fixed_target_router,0.43326797104906706,0.41530077983244595,0.017967191216621103,332.15,4,160.0,
10.1149/1.1833611,"10.1149/1.1833611|LiBOB|0.10625|mol/kg|w|0,0.7,0,0,0.3,0,0,0,0,0,0,0,0,0,0,0,0,0,0,0,0,0,0,0,0,0,0,0,0,0,0,0,0,0,0,0,0,0",3,fixed_target_router,0.5387781558284613,0.5320067095146299,0.00677144631383142,332.15,4,160.0,
10.1149/1.1833611,"10.1149/1.1833611|LiBOB|0.13125|mol/kg|w|0,0.7,0,0,0.3,0,0,0,0,0,0,0,0,0,0,0,0,0,0,0,0,0,0,0,0,0,0,0,0,0,0,0,0,0,0,0,0,0",3,fixed_target_router,0.6129633543113681,0.6034821216075066,0.009481232703861475,332.15,4,160.0,
10.1149/1.1833611,"10.1149/1.1833611|LiBOB|0.159375|mol/kg|w|0,0.7,0,0,0.3,0,0,0,0,0,0,0,0,0,0,0,0,0,0,0,0,0,0,0,0,0,0,0,0,0,0,0,0,0,0,0,0,0",3,fixed_target_router,0.6731927842962409,0.6630589640760611,0.010133820220179723,332.15,4,160.0,
10.1149/1.1833611,"10.1149/1.1833611|LiBOB|0.1875|mol/kg|w|0,0.7,0,0,0.3,0,0,0,0,0,0,0,0,0,0,0,0,0,0,0,0,0,0,0,0,0,0,0,0,0,0,0,0,0,0,0,0,0",3,fixed_target_router,0.71769870485407,0.7053883055326458,0.012310399321424192,332.15,4,160.0,
10.1149/1.1833611,"10.1149/1.1833611|LiBOB|0.21875|mol/kg|w|0,0.7,0,0,0.3,0,0,0,0,0,0,0,0,0,0,0,0,0,0,0,0,0,0,0,0,0,0,0,0,0,0,0,0,0,0,0,0,0",3,fixed_target_router,0.7580646886110975,0.7441490869093057,0.013915601701791847,332.15,4,160.0,
10.1149/1.1833611,"10.1149/1.1833611|LiBOB|0.25625|mol/kg|w|0,0.7,0,0,0.3,0,0,0,0,0,0,0,0,0,0,0,0,0,0,0,0,0,0,0,0,0,0,0,0,0,0,0,0,0,0,0,0,0",3,fixed_target_router,0.7973497124471525,0.7882163217448621,0.009133390702290356,332.15,4,160.0,
10.1149/1.1833611,"10.1149/1.1833611|LiBOB|0.29375|mol/kg|w|0,0.7,0,0,0.3,0,0,0,0,0,0,0,0,0,0,0,0,0,0,0,0,0,0,0,0,0,0,0,0,0,0,0,0,0,0,0,0,0",3,fixed_target_router,0.8290310604402732,0.8241488147945082,0.004882245645765004,332.15,4,160.0,
10.1149/1.1833611,"10.1149/1.1833611|LiBOB|0.3375|mol/kg|w|0,0.7,0,0,0.3,0,0,0,0,0,0,0,0,0,0,0,0,0,0,0,0,0,0,0,0,0,0,0,0,0,0,0,0,0,0,0,0,0",3,fixed_target_router,0.856513844952637,0.8506269133161948,0.005886931636442272,332.15,4,160.0,
10.1149/1.1833611,"10.1149/1.1833611|LiBOB|0.38125|mol/kg|w|0,0.7,0,0,0.3,0,0,0,0,0,0,0,0,0,0,0,0,0,0,0,0,0,0,0,0,0,0,0,0,0,0,0,0,0,0,0,0,0",3,fixed_target_router,0.8784828470758402,0.8706882252184353,0.007794621857404982,332.15,4,160.0,
10.1149/1.1833611,"10.1149/1.1833611|LiBOB|0.428125|mol/kg|w|0,0.7,0,0,0.3,0,0,0,0,0,0,0,0,0,0,0,0,0,0,0,0,0,0,0,0,0,0,0,0,0,0,0,0,0,0,0,0,0",3,fixed_target_router,0.5870828353964056,0.5709771448080884,0.016105690588317234,292.65,4,160.0,
10.1149/1.1833611,"10.1149/1.1833611|LiBOB|0.475|mol/kg|w|0,0.7,0,0,0.3,0,0,0,0,0,0,0,0,0,0,0,0,0,0,0,0,0,0,0,0,0,0,0,0,0,0,0,0,0,0,0,0,0",3,fixed_target_router,0.9085758849563462,0.9032796112209779,0.00529627373536834,332.15,4,160.0,
10.1149/1.1833611,"10.1149/1.1833611|LiBOB|0.52375|mol/kg|w|0,0.7,0,0,0.3,0,0,0,0,0,0,0,0,0,0,0,0,0,0,0,0,0,0,0,0,0,0,0,0,0,0,0,0,0,0,0,0,0",3,fixed_target_router,0.9189893975086663,0.9098230524327984,0.009166345075867888,332.15,4,160.0,
10.1149/1.1833611,"10.1149/1.1833611|LiBOB|0.58|mol/kg|w|0,0.7,0,0,0.3,0,0,0,0,0,0,0,0,0,0,0,0,0,0,0,0,0,0,0,0,0,0,0,0,0,0,0,0,0,0,0,0,0",3,fixed_target_router,0.9232264504412505,0.9171944117323394,0.006032038708911114,332.15,4,160.0,
10.1149/1.1833611,"10.1149/1.1833611|LiBOB|0.64|mol/kg|w|0,0.7,0,0,0.3,0,0,0,0,0,0,0,0,0,0,0,0,0,0,0,0,0,0,0,0,0,0,0,0,0,0,0,0,0,0,0,0,0",3,fixed_target_router,0.9274225650243936,0.9171133730563467,0.010309191968046916,332.15,4,160.0,
10.1149/1.1833611,"10.1149/1.1833611|LiBOB|0.70375|mol/kg|w|0,0.7,0,0,0.3,0,0,0,0,0,0,0,0,0,0,0,0,0,0,0,0,0,0,0,0,0,0,0,0,0,0,0,0,0,0,0,0,0",3,fixed_target_router,0.925329575523757,0.9145593159593898,0.01077025956436728,332.15,4,160.0,
10.1149/1.1833611,"10.1149/1.1833611|LiBOB|0.75625|mol/kg|w|0,0.7,0,0,0.3,0,0,0,0,0,0,0,0,0,0,0,0,0,0,0,0,0,0,0,0,0,0,0,0,0,0,0,0,0,0,0,0,0",3,fixed_target_router,0.9189893975086663,0.9094319480346067,0.009557449474059565,332.15,4,160.0,
10.1149/1.1833611,"10.1149/1.1833611|LiBOB|0.235294|mol/kg|w|0,1,0,0,0,0,0,0,0,0,0,0,0,0,0,0,0,0,0,0,0,0,0,0,0,0,0,0,0,0,0,0,0,0,0,0,0,0",3,fixed_target_router,0.7072953931586318,0.713768579865278,0.006473186706646206,332.15,4,160.0,
10.1149/1.1833611,"10.1149/1.1833611|LiBOB|0.35|mol/kg|w|0,1,0,0,0,0,0,0,0,0,0,0,0,0,0,0,0,0,0,0,0,0,0,0,0,0,0,0,0,0,0,0,0,0,0,0,0,0",3,fixed_target_router,0.7964400360869989,0.7843026250647893,0.012137411022209554,332.15,4,160.0,
10.1149/1.1833611,"10.1149/1.1833611|LiBOB|0.408824|mol/kg|w|0,1,0,0,0,0,0,0,0,0,0,0,0,0,0,0,0,0,0,0,0,0,0,0,0,0,0,0,0,0,0,0,0,0,0,0,0,0",3,fixed_target_router,0.3411472188528036,0.4239076111172315,0.08276039226442794,282.85,4,160.0,
10.1149/1.1833611,"10.1149/1.1833611|LiBOB|0.470588|mol/kg|w|0,1,0,0,0,0,0,0,0,0,0,0,0,0,0,0,0,0,0,0,0,0,0,0,0,0,0,0,0,0,0,0,0,0,0,0,0,0",3,fixed_target_router,0.8470947998002147,0.830105989944386,0.016988809855828735,332.15,4,160.0,
10.1149/1.1833611,"10.1149/1.1833611|LiBOB|0.541176|mol/kg|w|0,1,0,0,0,0,0,0,0,0,0,0,0,0,0,0,0,0,0,0,0,0,0,0,0,0,0,0,0,0,0,0,0,0,0,0,0,0",3,fixed_target_router,0.8627467453342664,0.8467884322912416,0.015958313043024863,332.15,4,160.0,
10.1149/1.1833611,"10.1149/1.1833611|LiBOB|0.829412|mol/kg|w|0,1,0,0,0,0,0,0,0,0,0,0,0,0,0,0,0,0,0,0,0,0,0,0,0,0,0,0,0,0,0,0,0,0,0,0,0,0",3,fixed_target_router,0.8741262910716027,0.8670907735011302,0.007035517570472494,332.15,4,160.0,
10.1149/1.1833611,"10.1149/1.1833611|LiBOB|0.935294|mol/kg|w|0,1,0,0,0,0,0,0,0,0,0,0,0,0,0,0,0,0,0,0,0,0,0,0,0,0,0,0,0,0,0,0,0,0,0,0,0,0",3,fixed_target_router,0.8665731531852291,0.8487820040717233,0.017791149113505766,332.15,4,160.0,
10.1149/1.1833611,"10.1149/1.1833611|LiBOB|0.0528302|mol/kg|w|0,0.4,0,0,0.6,0,0,0,0,0,0,0,0,0,0,0,0,0,0,0,0,0,0,0,0,0,0,0,0,0,0,0,0,0,0,0,0,0",3,fixed_target_router,0.2208106884744153,0.1570506531861163,0.06376003528829899,322.35,4,160.0,
10.1149/1.1833611,"10.1149/1.1833611|LiBOB|0.0679245|mol/kg|w|0,0.4,0,0,0.6,0,0,0,0,0,0,0,0,0,0,0,0,0,0,0,0,0,0,0,0,0,0,0,0,0,0,0,0,0,0,0,0,0",3,fixed_target_router,0.3485065413259138,0.3303140295421163,0.018192511783797494,332.15,4,160.0,
10.1149/1.1833611,"10.1149/1.1833611|LiBOB|0.0830189|mol/kg|w|0,0.4,0,0,0.6,0,0,0,0,0,0,0,0,0,0,0,0,0,0,0,0,0,0,0,0,0,0,0,0,0,0,0,0,0,0,0,0,0",3,fixed_target_router,0.32335655616648623,0.33110371414488654,0.00774715797840031,312.45,4,160.0,
10.1149/1.1833611,"10.1149/1.1833611|LiBOB|0.10566|mol/kg|w|0,0.4,0,0,0.6,0,0,0,0,0,0,0,0,0,0,0,0,0,0,0,0,0,0,0,0,0,0,0,0,0,0,0,0,0,0,0,0,0",3,fixed_target_router,0.4943346498405031,0.4902967825655323,0.004037867274970852,332.15,4,160.0,
10.1149/1.1833611,"10.1149/1.1833611|LiBOB|0.128302|mol/kg|w|0,0.4,0,0,0.6,0,0,0,0,0,0,0,0,0,0,0,0,0,0,0,0,0,0,0,0,0,0,0,0,0,0,0,0,0,0,0,0,0",3,fixed_target_router,0.5570822038534365,0.5640764434919924,0.0069942396385558325,332.15,4,160.0,
10.1149/1.1833611,"10.1149/1.1833611|LiBOB|0.154717|mol/kg|w|0,0.4,0,0,0.6,0,0,0,0,0,0,0,0,0,0,0,0,0,0,0,0,0,0,0,0,0,0,0,0,0,0,0,0,0,0,0,0,0",3,fixed_target_router,0.6161277723351913,0.6122449904363472,0.0038827818988441676,332.15,4,160.0,
10.1149/1.1833611,"10.1149/1.1833611|LiBOB|0.184906|mol/kg|w|0,0.4,0,0,0.6,0,0,0,0,0,0,0,0,0,0,0,0,0,0,0,0,0,0,0,0,0,0,0,0,0,0,0,0,0,0,0,0,0",3,fixed_target_router,0.6680261888798529,0.6675711308101067,0.000455058069746217,332.15,4,160.0,
10.1149/1.1833611,"10.1149/1.1833611|LiBOB|0.218868|mol/kg|w|0,0.4,0,0,0.6,0,0,0,0,0,0,0,0,0,0,0,0,0,0,0,0,0,0,0,0,0,0,0,0,0,0,0,0,0,0,0,0,0",3,fixed_target_router,0.7143149090514236,0.716702862394138,0.002387953342714466,332.15,4,160.0,
10.1149/1.1833611,"10.1149/1.1833611|LiBOB|0.381132|mol/kg|w|0,0.4,0,0,0.6,0,0,0,0,0,0,0,0,0,0,0,0,0,0,0,0,0,0,0,0,0,0,0,0,0,0,0,0,0,0,0,0,0",3,fixed_target_router,0.8415237770901847,0.8391981149949986,0.002325662095186032,332.15,4,160.0,
10.1149/1.1833611,"10.1149/1.1833611|LiBOB|0.430189|mol/kg|w|0,0.4,0,0,0.6,0,0,0,0,0,0,0,0,0,0,0,0,0,0,0,0,0,0,0,0,0,0,0,0,0,0,0,0,0,0,0,0,0",3,fixed_target_router,0.8633205693002606,0.8654792197572658,0.002158650457005251,332.15,4,160.0,
10.1149/1.1833611,"10.1149/1.1833611|LiBOB|0.483019|mol/kg|w|0,0.4,0,0,0.6,0,0,0,0,0,0,0,0,0,0,0,0,0,0,0,0,0,0,0,0,0,0,0,0,0,0,0,0,0,0,0,0,0",3,fixed_target_router,0.8817104229194349,0.8767046677091486,0.0050057552102863445,332.15,4,160.0,
10.1149/1.1833611,"10.1149/1.1833611|LiBOB|0.528302|mol/kg|w|0,0.4,0,0,0.6,0,0,0,0,0,0,0,0,0,0,0,0,0,0,0,0,0,0,0,0,0,0,0,0,0,0,0,0,0,0,0,0,0",3,fixed_target_router,0.8926816522271562,0.8893518383709268,0.0033298138562294355,332.15,4,160.0,
10.1149/1.1833611,"10.1149/1.1833611|LiBOB|0.0740741|mol/kg|w|0,0.3,0,0,0.7,0,0,0,0,0,0,0,0,0,0,0,0,0,0,0,0,0,0,0,0,0,0,0,0,0,0,0,0,0,0,0,0,0",3,fixed_target_router,0.3010299956639812,0.2846433735302353,0.01638662213374592,332.15,4,160.0,
10.1149/1.1833611,"10.1149/1.1833611|LiBOB|0.0888889|mol/kg|w|0,0.3,0,0,0.7,0,0,0,0,0,0,0,0,0,0,0,0,0,0,0,0,0,0,0,0,0,0,0,0,0,0,0,0,0,0,0,0,0",3,fixed_target_router,0.3667087712622437,0.33929961366355404,0.02740915759868967,332.15,4,160.0,
10.1149/1.1833611,"10.1149/1.1833611|LiBOB|0.107407|mol/kg|w|0,0.3,0,0,0.7,0,0,0,0,0,0,0,0,0,0,0,0,0,0,0,0,0,0,0,0,0,0,0,0,0,0,0,0,0,0,0,0,0",3,fixed_target_router,0.4237472721981457,0.42049738618951393,0.0032498860086317416,332.15,4,160.0,
10.1149/1.1833611,"10.1149/1.1833611|LiBOB|0.125926|mol/kg|w|0,0.3,0,0,0.7,0,0,0,0,0,0,0,0,0,0,0,0,0,0,0,0,0,0,0,0,0,0,0,0,0,0,0,0,0,0,0,0,0",3,fixed_target_router,0.4858951790561205,0.49461169789413484,0.008716518838014331,332.15,4,160.0,
10.1149/1.1833611,"10.1149/1.1833611|LiBOB|0.17037|mol/kg|w|0,0.3,0,0,0.7,0,0,0,0,0,0,0,0,0,0,0,0,0,0,0,0,0,0,0,0,0,0,0,0,0,0,0,0,0,0,0,0,0",3,fixed_target_router,0.5839617692490267,0.591410126159234,0.007448356910207399,332.15,4,160.0,
10.1149/1.1833611,"10.1149/1.1833611|LiBOB|0.196296|mol/kg|w|0,0.3,0,0,0.7,0,0,0,0,0,0,0,0,0,0,0,0,0,0,0,0,0,0,0,0,0,0,0,0,0,0,0,0,0,0,0,0,0",3,fixed_target_router,0.6320232147343586,0.619915457173631,0.012107757560727683,332.15,4,160.0,
10.1149/1.1833611,"10.1149/1.1833611|LiBOB|0.222222|mol/kg|w|0,0.3,0,0,0.7,0,0,0,0,0,0,0,0,0,0,0,0,0,0,0,0,0,0,0,0,0,0,0,0,0,0,0,0,0,0,0,0,0",3,fixed_target_router,0.6677387669262249,0.6638952846342057,0.0038434822920192513,332.15,4,160.0,
10.1149/1.1833611,"10.1149/1.1833611|LiBOB|0.251852|mol/kg|w|0,0.3,0,0,0.7,0,0,0,0,0,0,0,0,0,0,0,0,0,0,0,0,0,0,0,0,0,0,0,0,0,0,0,0,0,0,0,0,0",3,fixed_target_router,0.7007390270519149,0.7057191131947367,0.004980086142821749,332.15,4,160.0,
10.1149/1.1833611,"10.1149/1.1833611|LiBOB|0.314815|mol/kg|w|0,0.3,0,0,0.7,0,0,0,0,0,0,0,0,0,0,0,0,0,0,0,0,0,0,0,0,0,0,0,0,0,0,0,0,0,0,0,0,0",3,fixed_target_router,0.7077439286157291,0.7234481960243307,0.015704267408601646,322.35,4,160.0,
10.1149/1.1833611,"10.1149/1.1833611|LiBOB|0.348148|mol/kg|w|0,0.3,0,0,0.7,0,0,0,0,0,0,0,0,0,0,0,0,0,0,0,0,0,0,0,0,0,0,0,0,0,0,0,0,0,0,0,0,0",3,fixed_target_router,0.675291904903569,0.6666402598478862,0.008651645055682833,312.45,4,160.0,
10.1149/1.1833611,"10.1149/1.1833611|LiBOB|0.388889|mol/kg|w|0,0.3,0,0,0.7,0,0,0,0,0,0,0,0,0,0,0,0,0,0,0,0,0,0,0,0,0,0,0,0,0,0,0,0,0,0,0,0,0",3,fixed_target_router,0.8067335680239547,0.8047371710341364,0.0019963969898182388,332.15,4,160.0,
10.1149/1.1833611,"10.1149/1.1833611|LiBOB|0.150725|mol/kg|w|0.4,0.6,0,0,0,0,0,0,0,0,0,0,0,0,0,0,0,0,0,0,0,0,0,0,0,0,0,0,0,0,0,0,0,0,0,0,0,0",4,fixed_target_router,0.5994124669909516,0.6023006714718848,0.0028882044809331875,332.15,4,160.0,
10.1149/1.1833611,"10.1149/1.1833611|LiBOB|0.24058|mol/kg|w|0.4,0.6,0,0,0,0,0,0,0,0,0,0,0,0,0,0,0,0,0,0,0,0,0,0,0,0,0,0,0,0,0,0,0,0,0,0,0,0",4,fixed_target_router,0.7385685784219824,0.7361604754072812,0.0024081030147011795,332.15,4,160.0,
10.1149/1.1833611,"10.1149/1.1833611|LiBOB|0.304348|mol/kg|w|0.4,0.6,0,0,0,0,0,0,0,0,0,0,0,0,0,0,0,0,0,0,0,0,0,0,0,0,0,0,0,0,0,0,0,0,0,0,0,0",4,fixed_target_router,0.7907577804783202,0.8041940571099941,0.013436276631673905,332.15,4,160.0,
10.1149/1.1833611,"10.1149/1.1833611|LiBOB|0.362319|mol/kg|w|0.4,0.6,0,0,0,0,0,0,0,0,0,0,0,0,0,0,0,0,0,0,0,0,0,0,0,0,0,0,0,0,0,0,0,0,0,0,0,0",4,fixed_target_router,0.8270948457750013,0.8286043395314351,0.0015094937564338329,332.15,4,160.0,
10.1149/1.1833611,"10.1149/1.1833611|LiBOB|0.484058|mol/kg|w|0.4,0.6,0,0,0,0,0,0,0,0,0,0,0,0,0,0,0,0,0,0,0,0,0,0,0,0,0,0,0,0,0,0,0,0,0,0,0,0",4,fixed_target_router,0.8733388121512187,0.8768544030223353,0.003515590871116636,332.15,4,160.0,
10.1149/1.1833611,"10.1149/1.1833611|LiBOB|0.553623|mol/kg|w|0.4,0.6,0,0,0,0,0,0,0,0,0,0,0,0,0,0,0,0,0,0,0,0,0,0,0,0,0,0,0,0,0,0,0,0,0,0,0,0",4,fixed_target_router,0.8874573667002804,0.8958510831360309,0.008393716435750487,332.15,4,160.0,
10.1149/1.1833611,"10.1149/1.1833611|LiBOB|0.637681|mol/kg|w|0.4,0.6,0,0,0,0,0,0,0,0,0,0,0,0,0,0,0,0,0,0,0,0,0,0,0,0,0,0,0,0,0,0,0,0,0,0,0,0",4,fixed_target_router,0.8956926603779694,0.9057810654391223,0.010088405061152939,332.15,4,160.0,
10.1149/1.1833611,"10.1149/1.1833611|LiBOB|0.733333|mol/kg|w|0.4,0.6,0,0,0,0,0,0,0,0,0,0,0,0,0,0,0,0,0,0,0,0,0,0,0,0,0,0,0,0,0,0,0,0,0,0,0,0",4,fixed_target_router,0.8983948658042163,0.9139457337485322,0.015550867944315816,332.15,4,160.0,
10.1149/1.1833611,"10.1149/1.1833611|LiBOB|0.843478|mol/kg|w|0.4,0.6,0,0,0,0,0,0,0,0,0,0,0,0,0,0,0,0,0,0,0,0,0,0,0,0,0,0,0,0,0,0,0,0,0,0,0,0",4,fixed_target_router,0.8920633652148822,0.9090167397551525,0.01695337454027035,332.15,4,160.0,
10.1149/1.1833611,"10.1149/1.1833611|LiBOB|0.956522|mol/kg|w|0.4,0.6,0,0,0,0,0,0,0,0,0,0,0,0,0,0,0,0,0,0,0,0,0,0,0,0,0,0,0,0,0,0,0,0,0,0,0,0",4,fixed_target_router,0.8782574456656309,0.9072025556594312,0.02894510999380029,332.15,4,160.0,
10.1149/1.1833611,"10.1149/1.1833611|LiBOB|1.06957|mol/kg|w|0.4,0.6,0,0,0,0,0,0,0,0,0,0,0,0,0,0,0,0,0,0,0,0,0,0,0,0,0,0,0,0,0,0,0,0,0,0,0,0",4,fixed_target_router,0.8582114300486811,0.8909391045733046,0.03272767452462355,332.15,4,160.0,
10.1149/1.1833611,"10.1149/1.1833611|LiBOB|0.0333333|mol/kg|w|0,0.6,0,0,0.4,0,0,0,0,0,0,0,0,0,0,0,0,0,0,0,0,0,0,0,0,0,0,0,0,0,0,0,0,0,0,0,0,0",4,fixed_target_router,0.16489335930822416,0.17049517800099423,0.005601818692770072,332.15,4,160.0,
10.1149/1.1833611,"10.1149/1.1833611|LiBOB|0.0733333|mol/kg|w|0,0.6,0,0,0.4,0,0,0,0,0,0,0,0,0,0,0,0,0,0,0,0,0,0,0,0,0,0,0,0,0,0,0,0,0,0,0,0,0",4,fixed_target_router,0.4380386520683107,0.4245318035617963,0.013506848506514402,332.15,4,160.0,
10.1149/1.1833611,"10.1149/1.1833611|LiBOB|0.103333|mol/kg|w|0,0.6,0,0,0.4,0,0,0,0,0,0,0,0,0,0,0,0,0,0,0,0,0,0,0,0,0,0,0,0,0,0,0,0,0,0,0,0,0",4,fixed_target_router,0.5408979976175841,0.5381463718324445,0.0027516257851395443,332.15,4,160.0,
10.1149/1.1833611,"10.1149/1.1833611|LiBOB|0.13|mol/kg|w|0,0.6,0,0,0.4,0,0,0,0,0,0,0,0,0,0,0,0,0,0,0,0,0,0,0,0,0,0,0,0,0,0,0,0,0,0,0,0,0",4,fixed_target_router,0.503584357517213,0.5003086595658492,0.003275697951363732,312.45,4,160.0,
10.1149/1.1833611,"10.1149/1.1833611|LiBOB|0.153333|mol/kg|w|0,0.6,0,0,0.4,0,0,0,0,0,0,0,0,0,0,0,0,0,0,0,0,0,0,0,0,0,0,0,0,0,0,0,0,0,0,0,0,0",4,fixed_target_router,0.6705831692272491,0.6634815784387182,0.007101590788530898,332.15,4,160.0,
10.1149/1.1833611,"10.1149/1.1833611|LiBOB|0.176667|mol/kg|w|0,0.6,0,0,0.4,0,0,0,0,0,0,0,0,0,0,0,0,0,0,0,0,0,0,0,0,0,0,0,0,0,0,0,0,0,0,0,0,0",4,fixed_target_router,0.7127007081178658,0.705626907092804,0.007073801025061832,332.15,4,160.0,
10.1149/1.1833611,"10.1149/1.1833611|LiBOB|0.21|mol/kg|w|0,0.6,0,0,0.4,0,0,0,0,0,0,0,0,0,0,0,0,0,0,0,0,0,0,0,0,0,0,0,0,0,0,0,0,0,0,0,0,0",4,fixed_target_router,0.7540238375158995,0.7308170719574183,0.023206765558481224,332.15,4,160.0,
10.1149/1.1833611,"10.1149/1.1833611|LiBOB|0.273333|mol/kg|w|0,0.6,0,0,0.4,0,0,0,0,0,0,0,0,0,0,0,0,0,0,0,0,0,0,0,0,0,0,0,0,0,0,0,0,0,0,0,0,0",4,fixed_target_router,0.8240666374978196,0.822175257690138,0.0018913798076816146,332.15,4,160.0,
10.1149/1.1833611,"10.1149/1.1833611|LiBOB|0.313333|mol/kg|w|0,0.6,0,0,0.4,0,0,0,0,0,0,0,0,0,0,0,0,0,0,0,0,0,0,0,0,0,0,0,0,0,0,0,0,0,0,0,0,0",4,fixed_target_router,0.8520361566379724,0.848962738981678,0.0030734176562944304,332.15,4,160.0,
10.1149/1.1833611,"10.1149/1.1833611|LiBOB|0.35|mol/kg|w|0,0.6,0,0,0.4,0,0,0,0,0,0,0,0,0,0,0,0,0,0,0,0,0,0,0,0,0,0,0,0,0,0,0,0,0,0,0,0,0",4,fixed_target_router,0.8740775039293075,0.8693100482921535,0.004767455637153972,332.15,4,160.0,
10.1149/1.1833611,"10.1149/1.1833611|LiBOB|0.39|mol/kg|w|0,0.6,0,0,0.4,0,0,0,0,0,0,0,0,0,0,0,0,0,0,0,0,0,0,0,0,0,0,0,0,0,0,0,0,0,0,0,0,0",4,fixed_target_router,0.8950875456544244,0.8931350921097632,0.0019524535446612257,332.15,4,160.0,
10.1149/1.1833611,"10.1149/1.1833611|LiBOB|0.433333|mol/kg|w|0,0.6,0,0,0.4,0,0,0,0,0,0,0,0,0,0,0,0,0,0,0,0,0,0,0,0,0,0,0,0,0,0,0,0,0,0,0,0,0",4,fixed_target_router,0.9113029144432199,0.9070910750575545,0.0042118393856653835,332.15,4,160.0,
10.1149/1.1833611,"10.1149/1.1833611|LiBOB|0.476667|mol/kg|w|0,0.6,0,0,0.4,0,0,0,0,0,0,0,0,0,0,0,0,0,0,0,0,0,0,0,0,0,0,0,0,0,0,0,0,0,0,0,0,0",4,fixed_target_router,0.9231811957738244,0.9233725602783489,0.00019136450452450493,332.15,4,160.0,
10.1149/1.1833611,"10.1149/1.1833611|LiBOB|0.523333|mol/kg|w|0,0.6,0,0,0.4,0,0,0,0,0,0,0,0,0,0,0,0,0,0,0,0,0,0,0,0,0,0,0,0,0,0,0,0,0,0,0,0,0",4,fixed_target_router,0.9329347502607845,0.9325212888671124,0.0004134613936721543,332.15,4,160.0,
10.1149/1.1833611,"10.1149/1.1833611|LiBOB|0.573333|mol/kg|w|0,0.6,0,0,0.4,0,0,0,0,0,0,0,0,0,0,0,0,0,0,0,0,0,0,0,0,0,0,0,0,0,0,0,0,0,0,0,0,0",4,fixed_target_router,0.9406975541556711,0.9385720026129261,0.0021255515427450744,332.15,4,160.0,
10.1149/1.1833611,"10.1149/1.1833611|LiBOB|0.626667|mol/kg|w|0,0.6,0,0,0.4,0,0,0,0,0,0,0,0,0,0,0,0,0,0,0,0,0,0,0,0,0,0,0,0,0,0,0,0,0,0,0,0,0",4,fixed_target_router,0.9447816700811263,0.9433248672116392,0.0014568028694871282,332.15,4,160.0,
10.1149/1.1833611,"10.1149/1.1833611|LiBOB|0.67|mol/kg|w|0,0.6,0,0,0.4,0,0,0,0,0,0,0,0,0,0,0,0,0,0,0,0,0,0,0,0,0,0,0,0,0,0,0,0,0,0,0,0,0",4,fixed_target_router,0.9451700599086559,0.945536449376017,0.00036638946736111677,332.15,4,160.0,
10.1149/1.1833611,"10.1149/1.1833611|LiBOB|0.163934|mol/kg|w|0,1,0,0,0,0,0,0,0,0,0,0,0,0,0,0,0,0,0,0,0,0,0,0,0,0,0,0,0,0,0,0,0,0,0,0,0,0",4,fixed_target_router,0.522089789644058,0.529708849371056,0.007619059726997945,322.35,4,160.0,
10.1149/1.1833611,"10.1149/1.1833611|LiBOB|0.2|mol/kg|w|0,1,0,0,0,0,0,0,0,0,0,0,0,0,0,0,0,0,0,0,0,0,0,0,0,0,0,0,0,0,0,0,0,0,0,0,0,0",4,fixed_target_router,0.6496950212585995,0.6449426351184642,0.00475238614013529,332.15,4,160.0,
10.1149/1.1833611,"10.1149/1.1833611|LiBOB|0.242623|mol/kg|w|0,1,0,0,0,0,0,0,0,0,0,0,0,0,0,0,0,0,0,0,0,0,0,0,0,0,0,0,0,0,0,0,0,0,0,0,0,0",4,fixed_target_router,0.698257461985226,0.6977755813230684,0.0004818806621575966,332.15,4,160.0,
10.1149/1.1833611,"10.1149/1.1833611|LiBOB|0.278689|mol/kg|w|0,1,0,0,0,0,0,0,0,0,0,0,0,0,0,0,0,0,0,0,0,0,0,0,0,0,0,0,0,0,0,0,0,0,0,0,0,0",4,fixed_target_router,0.7363685082661853,0.7343187935475126,0.002049714718672657,332.15,4,160.0,
10.1149/1.1833611,"10.1149/1.1833611|LiBOB|0.321311|mol/kg|w|0,1,0,0,0,0,0,0,0,0,0,0,0,0,0,0,0,0,0,0,0,0,0,0,0,0,0,0,0,0,0,0,0,0,0,0,0,0",4,fixed_target_router,0.7660330165130792,0.7631722980947429,0.00286071841833635,332.15,4,160.0,
10.1149/1.1833611,"10.1149/1.1833611|LiBOB|0.370492|mol/kg|w|0,1,0,0,0,0,0,0,0,0,0,0,0,0,0,0,0,0,0,0,0,0,0,0,0,0,0,0,0,0,0,0,0,0,0,0,0,0",4,fixed_target_router,0.5534111620097821,0.5611626902156619,0.007751528205879765,302.55,4,160.0,
10.1149/1.1833611,"10.1149/1.1833611|LiBOB|0.419672|mol/kg|w|0,1,0,0,0,0,0,0,0,0,0,0,0,0,0,0,0,0,0,0,0,0,0,0,0,0,0,0,0,0,0,0,0,0,0,0,0,0",4,fixed_target_router,0.8173888535359182,0.8178568041485932,0.0004679506126750166,332.15,4,160.0,
10.1149/1.1833611,"10.1149/1.1833611|LiBOB|0.47541|mol/kg|w|0,1,0,0,0,0,0,0,0,0,0,0,0,0,0,0,0,0,0,0,0,0,0,0,0,0,0,0,0,0,0,0,0,0,0,0,0,0",4,fixed_target_router,0.8352523365799425,0.8387928555779485,0.0035405189980060037,332.15,4,160.0,
10.1149/1.1833611,"10.1149/1.1833611|LiBOB|0.531148|mol/kg|w|0,1,0,0,0,0,0,0,0,0,0,0,0,0,0,0,0,0,0,0,0,0,0,0,0,0,0,0,0,0,0,0,0,0,0,0,0,0",4,fixed_target_router,0.8480303941995317,0.8534508486953183,0.005420454495786542,332.15,4,160.0,
10.1149/1.1833611,"10.1149/1.1833611|LiBOB|0.659016|mol/kg|w|0,1,0,0,0,0,0,0,0,0,0,0,0,0,0,0,0,0,0,0,0,0,0,0,0,0,0,0,0,0,0,0,0,0,0,0,0,0",4,fixed_target_router,0.8618085310562983,0.8667414901560919,0.004932959099793632,332.15,4,160.0,
10.1149/1.1833611,"10.1149/1.1833611|LiBOB|0.727869|mol/kg|w|0,1,0,0,0,0,0,0,0,0,0,0,0,0,0,0,0,0,0,0,0,0,0,0,0,0,0,0,0,0,0,0,0,0,0,0,0,0",4,fixed_target_router,0.8610738912142633,0.8732290752350869,0.012155184020823606,332.15,4,160.0,
10.1149/1.1833611,"10.1149/1.1833611|LiBOB|0.891803|mol/kg|w|0,1,0,0,0,0,0,0,0,0,0,0,0,0,0,0,0,0,0,0,0,0,0,0,0,0,0,0,0,0,0,0,0,0,0,0,0,0",4,fixed_target_router,0.8484631380442306,0.8632136814824054,0.014750543438174835,332.15,4,160.0,
10.1149/1.1833611,"10.1149/1.1833611|LiBOB|0.986885|mol/kg|w|0,1,0,0,0,0,0,0,0,0,0,0,0,0,0,0,0,0,0,0,0,0,0,0,0,0,0,0,0,0,0,0,0,0,0,0,0,0",4,fixed_target_router,0.7433114433267886,0.7791682173313943,0.03585677400460574,322.35,4,160.0,
10.1149/1.1833611,"10.1149/1.1833611|LiBOB|0.164865|mol/kg|w|0.7,0.3,0,0,0,0,0,0,0,0,0,0,0,0,0,0,0,0,0,0,0,0,0,0,0,0,0,0,0,0,0,0,0,0,0,0,0,0",4,fixed_target_router,0.6532125137753437,0.6448403976259607,0.008372116149383046,332.15,4,160.0,
10.1149/1.1833611,"10.1149/1.1833611|LiBOB|0.310811|mol/kg|w|0.7,0.3,0,0,0,0,0,0,0,0,0,0,0,0,0,0,0,0,0,0,0,0,0,0,0,0,0,0,0,0,0,0,0,0,0,0,0,0",4,fixed_target_router,0.7495544502191152,0.7495492143134692,5.235905645939454e-06,322.35,4,160.0,
10.1149/1.1833611,"10.1149/1.1833611|LiBOB|0.372973|mol/kg|w|0.7,0.3,0,0,0,0,0,0,0,0,0,0,0,0,0,0,0,0,0,0,0,0,0,0,0,0,0,0,0,0,0,0,0,0,0,0,0,0",4,fixed_target_router,0.8541273565846526,0.8569777600990167,0.0028504035143641637,332.15,4,160.0,
10.1149/1.1833611,"10.1149/1.1833611|LiBOB|0.497297|mol/kg|w|0.7,0.3,0,0,0,0,0,0,0,0,0,0,0,0,0,0,0,0,0,0,0,0,0,0,0,0,0,0,0,0,0,0,0,0,0,0,0,0",4,fixed_target_router,0.8998848471392512,0.9005456468277886,0.0006607996885373835,332.15,4,160.0,
10.1149/1.1833611,"10.1149/1.1833611|LiBOB|0.571351|mol/kg|w|0.7,0.3,0,0,0,0,0,0,0,0,0,0,0,0,0,0,0,0,0,0,0,0,0,0,0,0,0,0,0,0,0,0,0,0,0,0,0,0",4,fixed_target_router,0.9141252862344557,0.9188340127854537,0.004708726550998077,332.15,4,160.0,
10.1149/1.1833611,"10.1149/1.1833611|LiBOB|0.655676|mol/kg|w|0.7,0.3,0,0,0,0,0,0,0,0,0,0,0,0,0,0,0,0,0,0,0,0,0,0,0,0,0,0,0,0,0,0,0,0,0,0,0,0",4,fixed_target_router,0.9215334741036846,0.9291255949265591,0.007592120822874526,332.15,4,160.0,
10.1149/1.1833611,"10.1149/1.1833611|LiBOB|0.752973|mol/kg|w|0.7,0.3,0,0,0,0,0,0,0,0,0,0,0,0,0,0,0,0,0,0,0,0,0,0,0,0,0,0,0,0,0,0,0,0,0,0,0,0",4,fixed_target_router,0.923365942957112,0.9293945674898514,0.006028624532739335,332.15,4,160.0,
10.1149/1.1833611,"10.1149/1.1833611|LiBOB|0.866486|mol/kg|w|0.7,0.3,0,0,0,0,0,0,0,0,0,0,0,0,0,0,0,0,0,0,0,0,0,0,0,0,0,0,0,0,0,0,0,0,0,0,0,0",4,fixed_target_router,0.9159892139291999,0.9345704569283704,0.018581242999170522,332.15,4,160.0,
10.1149/1.1833611,"10.1149/1.1833611|LiBOB|0.983243|mol/kg|w|0.7,0.3,0,0,0,0,0,0,0,0,0,0,0,0,0,0,0,0,0,0,0,0,0,0,0,0,0,0,0,0,0,0,0,0,0,0,0,0",4,fixed_target_router,0.9027705353510247,0.938474380830663,0.03570384547963834,332.15,4,160.0,
10.1149/1.1833611,"10.1149/1.1833611|LiBOB|0.15873|mol/kg|w|0.3,0.7,0,0,0,0,0,0,0,0,0,0,0,0,0,0,0,0,0,0,0,0,0,0,0,0,0,0,0,0,0,0,0,0,0,0,0,0",4,fixed_target_router,0.6126997807162147,0.6173453072294486,0.004645526513233911,332.15,4,160.0,
10.1149/1.1833611,"10.1149/1.1833611|LiBOB|0.250794|mol/kg|w|0.3,0.7,0,0,0,0,0,0,0,0,0,0,0,0,0,0,0,0,0,0,0,0,0,0,0,0,0,0,0,0,0,0,0,0,0,0,0,0",4,fixed_target_router,0.7410336219056128,0.7420721181560364,0.0010384962504235151,332.15,4,160.0,
10.1149/1.1833611,"10.1149/1.1833611|LiBOB|0.311111|mol/kg|w|0.3,0.7,0,0,0,0,0,0,0,0,0,0,0,0,0,0,0,0,0,0,0,0,0,0,0,0,0,0,0,0,0,0,0,0,0,0,0,0",4,fixed_target_router,0.7947361503963257,0.7948069834735194,7.083307719368825e-05,332.15,4,160.0,
10.1149/1.1833611,"10.1149/1.1833611|LiBOB|0.368254|mol/kg|w|0.3,0.7,0,0,0,0,0,0,0,0,0,0,0,0,0,0,0,0,0,0,0,0,0,0,0,0,0,0,0,0,0,0,0,0,0,0,0,0",4,fixed_target_router,0.8311962850875894,0.8294338940374935,0.0017623910500959017,332.15,4,160.0,
10.1149/1.1833611,"10.1149/1.1833611|LiBOB|0.425397|mol/kg|w|0.3,0.7,0,0,0,0,0,0,0,0,0,0,0,0,0,0,0,0,0,0,0,0,0,0,0,0,0,0,0,0,0,0,0,0,0,0,0,0",4,fixed_target_router,0.8562780341154737,0.8561596945012742,0.0001183396141994919,332.15,4,160.0,
10.1149/1.1833611,"10.1149/1.1833611|LiBOB|0.488889|mol/kg|w|0.3,0.7,0,0,0,0,0,0,0,0,0,0,0,0,0,0,0,0,0,0,0,0,0,0,0,0,0,0,0,0,0,0,0,0,0,0,0,0",4,fixed_target_router,0.8018655244924775,0.8050892535031351,0.0032237290106575944,322.35,4,160.0,
10.1149/1.1833611,"10.1149/1.1833611|LiBOB|0.55873|mol/kg|w|0.3,0.7,0,0,0,0,0,0,0,0,0,0,0,0,0,0,0,0,0,0,0,0,0,0,0,0,0,0,0,0,0,0,0,0,0,0,0,0",4,fixed_target_router,0.8908555305873403,0.8951690529815737,0.004313522394233327,332.15,4,160.0,
10.1149/1.1833611,"10.1149/1.1833611|LiBOB|0.638095|mol/kg|w|0.3,0.7,0,0,0,0,0,0,0,0,0,0,0,0,0,0,0,0,0,0,0,0,0,0,0,0,0,0,0,0,0,0,0,0,0,0,0,0",4,fixed_target_router,0.8995363817937931,0.9039688511357034,0.004432469341910217,332.15,4,160.0,
10.1149/1.1833611,"10.1149/1.1833611|LiBOB|0.733333|mol/kg|w|0.3,0.7,0,0,0,0,0,0,0,0,0,0,0,0,0,0,0,0,0,0,0,0,0,0,0,0,0,0,0,0,0,0,0,0,0,0,0,0",4,fixed_target_router,0.9024124123314328,0.9119703790557712,0.009557966724338396,332.15,4,160.0,
10.1149/1.1833611,"10.1149/1.1833611|LiBOB|0.955556|mol/kg|w|0.3,0.7,0,0,0,0,0,0,0,0,0,0,0,0,0,0,0,0,0,0,0,0,0,0,0,0,0,0,0,0,0,0,0,0,0,0,0,0",4,fixed_target_router,0.8868167361072647,0.8958453282349119,0.009028592127647173,332.15,4,160.0,
10.1149/1.1833611,"10.1149/1.1833611|LiBOB|1.06349|mol/kg|w|0.3,0.7,0,0,0,0,0,0,0,0,0,0,0,0,0,0,0,0,0,0,0,0,0,0,0,0,0,0,0,0,0,0,0,0,0,0,0,0",4,fixed_target_router,0.8715345480544757,0.8827768132399576,0.011242265185481881,332.15,4,160.0,
10.1149/1.1833611,"10.1149/1.1833611|LiBOB|0.151351|mol/kg|w|0.6,0.4,0,0,0,0,0,0,0,0,0,0,0,0,0,0,0,0,0,0,0,0,0,0,0,0,0,0,0,0,0,0,0,0,0,0,0,0",4,fixed_target_router,0.6146491186545956,0.6090724715766729,0.005576647077922714,332.15,4,160.0,
10.1149/1.1833611,"10.1149/1.1833611|LiBOB|0.356757|mol/kg|w|0.6,0.4,0,0,0,0,0,0,0,0,0,0,0,0,0,0,0,0,0,0,0,0,0,0,0,0,0,0,0,0,0,0,0,0,0,0,0,0",4,fixed_target_router,0.8395889452368733,0.8348002117631754,0.004788733473697904,332.15,4,160.0,
10.1149/1.1833611,"10.1149/1.1833611|LiBOB|0.418919|mol/kg|w|0.6,0.4,0,0,0,0,0,0,0,0,0,0,0,0,0,0,0,0,0,0,0,0,0,0,0,0,0,0,0,0,0,0,0,0,0,0,0,0",4,fixed_target_router,0.8681948044284015,0.8703350229071987,0.0021402184787971956,332.15,4,160.0,
10.1149/1.1833611,"10.1149/1.1833611|LiBOB|0.486486|mol/kg|w|0.6,0.4,0,0,0,0,0,0,0,0,0,0,0,0,0,0,0,0,0,0,0,0,0,0,0,0,0,0,0,0,0,0,0,0,0,0,0,0",4,fixed_target_router,0.8884768314673185,0.8945773910277115,0.006100559560393015,332.15,4,160.0,
10.1149/1.1833611,"10.1149/1.1833611|LiBOB|0.564865|mol/kg|w|0.6,0.4,0,0,0,0,0,0,0,0,0,0,0,0,0,0,0,0,0,0,0,0,0,0,0,0,0,0,0,0,0,0,0,0,0,0,0,0",4,fixed_target_router,0.9046837300144092,0.9071608195642236,0.002477089549814404,332.15,4,160.0,
10.1149/1.1833611,"10.1149/1.1833611|LiBOB|0.651351|mol/kg|w|0.6,0.4,0,0,0,0,0,0,0,0,0,0,0,0,0,0,0,0,0,0,0,0,0,0,0,0,0,0,0,0,0,0,0,0,0,0,0,0",4,fixed_target_router,0.9125658788633235,0.920013758428158,0.007447879564834503,332.15,4,160.0,
10.1149/1.1833611,"10.1149/1.1833611|LiBOB|0.875676|mol/kg|w|0.6,0.4,0,0,0,0,0,0,0,0,0,0,0,0,0,0,0,0,0,0,0,0,0,0,0,0,0,0,0,0,0,0,0,0,0,0,0,0",4,fixed_target_router,0.9062716457559425,0.9188810754927319,0.012609429736789357,332.15,4,160.0,
10.1149/1.1833611,"10.1149/1.1833611|LiBOB|0.997297|mol/kg|w|0.6,0.4,0,0,0,0,0,0,0,0,0,0,0,0,0,0,0,0,0,0,0,0,0,0,0,0,0,0,0,0,0,0,0,0,0,0,0,0",4,fixed_target_router,0.8934027196018733,0.9083731262574095,0.014970406655536173,332.15,4,160.0,
10.1149/1.1833611,"10.1149/1.1833611|LiBOB|1.11892|mol/kg|w|0.6,0.4,0,0,0,0,0,0,0,0,0,0,0,0,0,0,0,0,0,0,0,0,0,0,0,0,0,0,0,0,0,0,0,0,0,0,0,0",4,fixed_target_router,0.871641604157595,0.8951764801045135,0.0235348759469185,332.15,4,160.0,
10.1149/1.1833611,"10.1149/1.1833611|LiBOB|0.0285714|mol/kg|w|0,0.5,0,0,0.5,0,0,0,0,0,0,0,0,0,0,0,0,0,0,0,0,0,0,0,0,0,0,0,0,0,0,0,0,0,0,0,0,0",4,fixed_target_router,0.04050121485602134,0.038910381899111,0.001590832956910336,332.15,4,160.0,
10.1149/1.1833611,"10.1149/1.1833611|LiBOB|0.052381|mol/kg|w|0,0.5,0,0,0.5,0,0,0,0,0,0,0,0,0,0,0,0,0,0,0,0,0,0,0,0,0,0,0,0,0,0,0,0,0,0,0,0,0",4,fixed_target_router,0.27437780090353575,0.2660541045221092,0.008323696381426549,332.15,4,160.0,
10.1149/1.1833611,"10.1149/1.1833611|LiBOB|0.0714286|mol/kg|w|0,0.5,0,0,0.5,0,0,0,0,0,0,0,0,0,0,0,0,0,0,0,0,0,0,0,0,0,0,0,0,0,0,0,0,0,0,0,0,0",4,fixed_target_router,0.3806192215096623,0.3742348594897421,0.006384362019920209,332.15,4,160.0,
10.1149/1.1833611,"10.1149/1.1833611|LiBOB|0.0952381|mol/kg|w|0,0.5,0,0,0.5,0,0,0,0,0,0,0,0,0,0,0,0,0,0,0,0,0,0,0,0,0,0,0,0,0,0,0,0,0,0,0,0,0",4,fixed_target_router,0.4734778232155228,0.4778316780183758,0.004353854802852997,332.15,4,160.0,
10.1149/1.1833611,"10.1149/1.1833611|LiBOB|0.138095|mol/kg|w|0,0.5,0,0,0.5,0,0,0,0,0,0,0,0,0,0,0,0,0,0,0,0,0,0,0,0,0,0,0,0,0,0,0,0,0,0,0,0,0",4,fixed_target_router,0.6038251425238906,0.5967009123854471,0.007124230138443544,332.15,4,160.0,
10.1149/1.1833611,"10.1149/1.1833611|LiBOB|0.195238|mol/kg|w|0,0.5,0,0,0.5,0,0,0,0,0,0,0,0,0,0,0,0,0,0,0,0,0,0,0,0,0,0,0,0,0,0,0,0,0,0,0,0,0",4,fixed_target_router,0.7036253306758419,0.6855629286653957,0.018062402010446177,332.15,4,160.0,
10.1149/1.1833611,"10.1149/1.1833611|LiBOB|0.233333|mol/kg|w|0,0.5,0,0,0.5,0,0,0,0,0,0,0,0,0,0,0,0,0,0,0,0,0,0,0,0,0,0,0,0,0,0,0,0,0,0,0,0,0",4,fixed_target_router,0.7458688739869638,0.7424841652817766,0.003384708705187145,332.15,4,160.0,
10.1149/1.1833611,"10.1149/1.1833611|LiBOB|0.271429|mol/kg|w|0,0.5,0,0,0.5,0,0,0,0,0,0,0,0,0,0,0,0,0,0,0,0,0,0,0,0,0,0,0,0,0,0,0,0,0,0,0,0,0",4,fixed_target_router,0.7843652120927994,0.7795804917323874,0.004784720360411998,332.15,4,160.0,
10.1149/1.1833611,"10.1149/1.1833611|LiBOB|0.309524|mol/kg|w|0,0.5,0,0,0.5,0,0,0,0,0,0,0,0,0,0,0,0,0,0,0,0,0,0,0,0,0,0,0,0,0,0,0,0,0,0,0,0,0",4,fixed_target_router,0.8162496087282435,0.8137678397795551,0.0024817689486883454,332.15,4,160.0,
10.1149/1.1833611,"10.1149/1.1833611|LiBOB|0.438095|mol/kg|w|0,0.5,0,0,0.5,0,0,0,0,0,0,0,0,0,0,0,0,0,0,0,0,0,0,0,0,0,0,0,0,0,0,0,0,0,0,0,0,0",4,fixed_target_router,0.8880006290618762,0.8885416525829207,0.0005410235210445702,332.15,4,160.0,
10.1149/1.1833611,"10.1149/1.1833611|LiBOB|0.590476|mol/kg|w|0,0.5,0,0,0.5,0,0,0,0,0,0,0,0,0,0,0,0,0,0,0,0,0,0,0,0,0,0,0,0,0,0,0,0,0,0,0,0,0",4,fixed_target_router,0.9227735711094729,0.9219679672002168,0.0008056039092561029,332.15,4,160.0,
10.1149/1.1833611,"10.1149/1.1833611|LiBOB|0.0375|mol/kg|w|0,0.7,0,0,0.3,0,0,0,0,0,0,0,0,0,0,0,0,0,0,0,0,0,0,0,0,0,0,0,0,0,0,0,0,0,0,0,0,0",4,fixed_target_router,0.17363066058698706,0.1560013914402405,0.017629269146746562,332.15,4,160.0,
10.1149/1.1833611,"10.1149/1.1833611|LiBOB|0.078125|mol/kg|w|0,0.7,0,0,0.3,0,0,0,0,0,0,0,0,0,0,0,0,0,0,0,0,0,0,0,0,0,0,0,0,0,0,0,0,0,0,0,0,0",4,fixed_target_router,0.43326797104906706,0.4223869930830043,0.010880977966062744,332.15,4,160.0,
10.1149/1.1833611,"10.1149/1.1833611|LiBOB|0.10625|mol/kg|w|0,0.7,0,0,0.3,0,0,0,0,0,0,0,0,0,0,0,0,0,0,0,0,0,0,0,0,0,0,0,0,0,0,0,0,0,0,0,0,0",4,fixed_target_router,0.5387781558284613,0.5276202698871325,0.011157885941328827,332.15,4,160.0,
10.1149/1.1833611,"10.1149/1.1833611|LiBOB|0.13125|mol/kg|w|0,0.7,0,0,0.3,0,0,0,0,0,0,0,0,0,0,0,0,0,0,0,0,0,0,0,0,0,0,0,0,0,0,0,0,0,0,0,0,0",4,fixed_target_router,0.6129633543113681,0.6061838405308031,0.006779513780564961,332.15,4,160.0,
10.1149/1.1833611,"10.1149/1.1833611|LiBOB|0.159375|mol/kg|w|0,0.7,0,0,0.3,0,0,0,0,0,0,0,0,0,0,0,0,0,0,0,0,0,0,0,0,0,0,0,0,0,0,0,0,0,0,0,0,0",4,fixed_target_router,0.6731927842962409,0.6636488741607838,0.009543910135457079,332.15,4,160.0,
10.1149/1.1833611,"10.1149/1.1833611|LiBOB|0.1875|mol/kg|w|0,0.7,0,0,0.3,0,0,0,0,0,0,0,0,0,0,0,0,0,0,0,0,0,0,0,0,0,0,0,0,0,0,0,0,0,0,0,0,0",4,fixed_target_router,0.71769870485407,0.7094190849641588,0.008279619889911105,332.15,4,160.0,
10.1149/1.1833611,"10.1149/1.1833611|LiBOB|0.21875|mol/kg|w|0,0.7,0,0,0.3,0,0,0,0,0,0,0,0,0,0,0,0,0,0,0,0,0,0,0,0,0,0,0,0,0,0,0,0,0,0,0,0,0",4,fixed_target_router,0.7580646886110975,0.7566362389938431,0.0014284496172544126,332.15,4,160.0,
10.1149/1.1833611,"10.1149/1.1833611|LiBOB|0.25625|mol/kg|w|0,0.7,0,0,0.3,0,0,0,0,0,0,0,0,0,0,0,0,0,0,0,0,0,0,0,0,0,0,0,0,0,0,0,0,0,0,0,0,0",4,fixed_target_router,0.7973497124471525,0.7945069167453852,0.0028427957017672645,332.15,4,160.0,
10.1149/1.1833611,"10.1149/1.1833611|LiBOB|0.29375|mol/kg|w|0,0.7,0,0,0.3,0,0,0,0,0,0,0,0,0,0,0,0,0,0,0,0,0,0,0,0,0,0,0,0,0,0,0,0,0,0,0,0,0",4,fixed_target_router,0.8290310604402732,0.8259758028089874,0.0030552576312857793,332.15,4,160.0,
10.1149/1.1833611,"10.1149/1.1833611|LiBOB|0.3375|mol/kg|w|0,0.7,0,0,0.3,0,0,0,0,0,0,0,0,0,0,0,0,0,0,0,0,0,0,0,0,0,0,0,0,0,0,0,0,0,0,0,0,0",4,fixed_target_router,0.856513844952637,0.8578372241532692,0.001323379200632191,332.15,4,160.0,
10.1149/1.1833611,"10.1149/1.1833611|LiBOB|0.38125|mol/kg|w|0,0.7,0,0,0.3,0,0,0,0,0,0,0,0,0,0,0,0,0,0,0,0,0,0,0,0,0,0,0,0,0,0,0,0,0,0,0,0,0",4,fixed_target_router,0.8784828470758402,0.8793116036817428,0.0008287566059025364,332.15,4,160.0,
10.1149/1.1833611,"10.1149/1.1833611|LiBOB|0.428125|mol/kg|w|0,0.7,0,0,0.3,0,0,0,0,0,0,0,0,0,0,0,0,0,0,0,0,0,0,0,0,0,0,0,0,0,0,0,0,0,0,0,0,0",4,fixed_target_router,0.5870828353964056,0.5872605916134035,0.000177756216997893,292.65,4,160.0,
10.1149/1.1833611,"10.1149/1.1833611|LiBOB|0.475|mol/kg|w|0,0.7,0,0,0.3,0,0,0,0,0,0,0,0,0,0,0,0,0,0,0,0,0,0,0,0,0,0,0,0,0,0,0,0,0,0,0,0,0",4,fixed_target_router,0.9085758849563462,0.9085624094439548,1.3475512391392108e-05,332.15,4,160.0,
10.1149/1.1833611,"10.1149/1.1833611|LiBOB|0.52375|mol/kg|w|0,0.7,0,0,0.3,0,0,0,0,0,0,0,0,0,0,0,0,0,0,0,0,0,0,0,0,0,0,0,0,0,0,0,0,0,0,0,0,0",4,fixed_target_router,0.9189893975086663,0.9169793292168611,0.002010068291805167,332.15,4,160.0,
10.1149/1.1833611,"10.1149/1.1833611|LiBOB|0.58|mol/kg|w|0,0.7,0,0,0.3,0,0,0,0,0,0,0,0,0,0,0,0,0,0,0,0,0,0,0,0,0,0,0,0,0,0,0,0,0,0,0,0,0",4,fixed_target_router,0.9232264504412505,0.9277481766514657,0.004521726210215182,332.15,4,160.0,
10.1149/1.1833611,"10.1149/1.1833611|LiBOB|0.64|mol/kg|w|0,0.7,0,0,0.3,0,0,0,0,0,0,0,0,0,0,0,0,0,0,0,0,0,0,0,0,0,0,0,0,0,0,0,0,0,0,0,0,0",4,fixed_target_router,0.9274225650243936,0.9303506129533872,0.0029280479289935935,332.15,4,160.0,
10.1149/1.1833611,"10.1149/1.1833611|LiBOB|0.70375|mol/kg|w|0,0.7,0,0,0.3,0,0,0,0,0,0,0,0,0,0,0,0,0,0,0,0,0,0,0,0,0,0,0,0,0,0,0,0,0,0,0,0,0",4,fixed_target_router,0.925329575523757,0.927846189122737,0.002516613598979922,332.15,4,160.0,
10.1149/1.1833611,"10.1149/1.1833611|LiBOB|0.75625|mol/kg|w|0,0.7,0,0,0.3,0,0,0,0,0,0,0,0,0,0,0,0,0,0,0,0,0,0,0,0,0,0,0,0,0,0,0,0,0,0,0,0,0",4,fixed_target_router,0.9189893975086663,0.9242110053287751,0.005221607820108831,332.15,4,160.0,
10.1149/1.1833611,"10.1149/1.1833611|LiBOB|0.235294|mol/kg|w|0,1,0,0,0,0,0,0,0,0,0,0,0,0,0,0,0,0,0,0,0,0,0,0,0,0,0,0,0,0,0,0,0,0,0,0,0,0",4,fixed_target_router,0.7072953931586318,0.7125109622088472,0.005215569050215474,332.15,4,160.0,
10.1149/1.1833611,"10.1149/1.1833611|LiBOB|0.35|mol/kg|w|0,1,0,0,0,0,0,0,0,0,0,0,0,0,0,0,0,0,0,0,0,0,0,0,0,0,0,0,0,0,0,0,0,0,0,0,0,0",4,fixed_target_router,0.7964400360869989,0.8069489497059517,0.010508913618952787,332.15,4,160.0,
10.1149/1.1833611,"10.1149/1.1833611|LiBOB|0.408824|mol/kg|w|0,1,0,0,0,0,0,0,0,0,0,0,0,0,0,0,0,0,0,0,0,0,0,0,0,0,0,0,0,0,0,0,0,0,0,0,0,0",4,fixed_target_router,0.3411472188528036,0.3820806214557524,0.04093340260294881,282.85,4,160.0,
10.1149/1.1833611,"10.1149/1.1833611|LiBOB|0.470588|mol/kg|w|0,1,0,0,0,0,0,0,0,0,0,0,0,0,0,0,0,0,0,0,0,0,0,0,0,0,0,0,0,0,0,0,0,0,0,0,0,0",4,fixed_target_router,0.8470947998002147,0.8492743500386963,0.002179550238481598,332.15,4,160.0,
10.1149/1.1833611,"10.1149/1.1833611|LiBOB|0.541176|mol/kg|w|0,1,0,0,0,0,0,0,0,0,0,0,0,0,0,0,0,0,0,0,0,0,0,0,0,0,0,0,0,0,0,0,0,0,0,0,0,0",4,fixed_target_router,0.8627467453342664,0.8684565945374483,0.005709849203181849,332.15,4,160.0,
10.1149/1.1833611,"10.1149/1.1833611|LiBOB|0.829412|mol/kg|w|0,1,0,0,0,0,0,0,0,0,0,0,0,0,0,0,0,0,0,0,0,0,0,0,0,0,0,0,0,0,0,0,0,0,0,0,0,0",4,fixed_target_router,0.8741262910716027,0.8884773463083742,0.014351055236771493,332.15,4,160.0,
10.1149/1.1833611,"10.1149/1.1833611|LiBOB|0.935294|mol/kg|w|0,1,0,0,0,0,0,0,0,0,0,0,0,0,0,0,0,0,0,0,0,0,0,0,0,0,0,0,0,0,0,0,0,0,0,0,0,0",4,fixed_target_router,0.8665731531852291,0.8758944871418242,0.009321333956595068,332.15,4,160.0,
10.1149/1.1833611,"10.1149/1.1833611|LiBOB|0.0528302|mol/kg|w|0,0.4,0,0,0.6,0,0,0,0,0,0,0,0,0,0,0,0,0,0,0,0,0,0,0,0,0,0,0,0,0,0,0,0,0,0,0,0,0",4,fixed_target_router,0.2208106884744153,0.1894796932133881,0.0313309952610272,322.35,4,160.0,
10.1149/1.1833611,"10.1149/1.1833611|LiBOB|0.0679245|mol/kg|w|0,0.4,0,0,0.6,0,0,0,0,0,0,0,0,0,0,0,0,0,0,0,0,0,0,0,0,0,0,0,0,0,0,0,0,0,0,0,0,0",4,fixed_target_router,0.3485065413259138,0.34108703979892907,0.007419501526984729,332.15,4,160.0,
10.1149/1.1833611,"10.1149/1.1833611|LiBOB|0.0830189|mol/kg|w|0,0.4,0,0,0.6,0,0,0,0,0,0,0,0,0,0,0,0,0,0,0,0,0,0,0,0,0,0,0,0,0,0,0,0,0,0,0,0,0",4,fixed_target_router,0.32335655616648623,0.32281726087651175,0.0005392952899744841,312.45,4,160.0,
10.1149/1.1833611,"10.1149/1.1833611|LiBOB|0.10566|mol/kg|w|0,0.4,0,0,0.6,0,0,0,0,0,0,0,0,0,0,0,0,0,0,0,0,0,0,0,0,0,0,0,0,0,0,0,0,0,0,0,0,0",4,fixed_target_router,0.4943346498405031,0.4900897358780032,0.00424491396249993,332.15,4,160.0,
10.1149/1.1833611,"10.1149/1.1833611|LiBOB|0.128302|mol/kg|w|0,0.4,0,0,0.6,0,0,0,0,0,0,0,0,0,0,0,0,0,0,0,0,0,0,0,0,0,0,0,0,0,0,0,0,0,0,0,0,0",4,fixed_target_router,0.5570822038534365,0.5586256720195546,0.001543468166118056,332.15,4,160.0,
10.1149/1.1833611,"10.1149/1.1833611|LiBOB|0.154717|mol/kg|w|0,0.4,0,0,0.6,0,0,0,0,0,0,0,0,0,0,0,0,0,0,0,0,0,0,0,0,0,0,0,0,0,0,0,0,0,0,0,0,0",4,fixed_target_router,0.6161277723351913,0.6142307121028325,0.0018970602323588048,332.15,4,160.0,
10.1149/1.1833611,"10.1149/1.1833611|LiBOB|0.184906|mol/kg|w|0,0.4,0,0,0.6,0,0,0,0,0,0,0,0,0,0,0,0,0,0,0,0,0,0,0,0,0,0,0,0,0,0,0,0,0,0,0,0,0",4,fixed_target_router,0.6680261888798529,0.66852438562728,0.0004981967474271265,332.15,4,160.0,
10.1149/1.1833611,"10.1149/1.1833611|LiBOB|0.218868|mol/kg|w|0,0.4,0,0,0.6,0,0,0,0,0,0,0,0,0,0,0,0,0,0,0,0,0,0,0,0,0,0,0,0,0,0,0,0,0,0,0,0,0",4,fixed_target_router,0.7143149090514236,0.7103874190288723,0.003927490022551328,332.15,4,160.0,
10.1149/1.1833611,"10.1149/1.1833611|LiBOB|0.381132|mol/kg|w|0,0.4,0,0,0.6,0,0,0,0,0,0,0,0,0,0,0,0,0,0,0,0,0,0,0,0,0,0,0,0,0,0,0,0,0,0,0,0,0",4,fixed_target_router,0.8415237770901847,0.8406518832772639,0.0008718938129207432,332.15,4,160.0,
10.1149/1.1833611,"10.1149/1.1833611|LiBOB|0.430189|mol/kg|w|0,0.4,0,0,0.6,0,0,0,0,0,0,0,0,0,0,0,0,0,0,0,0,0,0,0,0,0,0,0,0,0,0,0,0,0,0,0,0,0",4,fixed_target_router,0.8633205693002606,0.864585956127773,0.001265386827512427,332.15,4,160.0,
10.1149/1.1833611,"10.1149/1.1833611|LiBOB|0.483019|mol/kg|w|0,0.4,0,0,0.6,0,0,0,0,0,0,0,0,0,0,0,0,0,0,0,0,0,0,0,0,0,0,0,0,0,0,0,0,0,0,0,0,0",4,fixed_target_router,0.8817104229194349,0.8836544067957076,0.0019439838762727035,332.15,4,160.0,
10.1149/1.1833611,"10.1149/1.1833611|LiBOB|0.528302|mol/kg|w|0,0.4,0,0,0.6,0,0,0,0,0,0,0,0,0,0,0,0,0,0,0,0,0,0,0,0,0,0,0,0,0,0,0,0,0,0,0,0,0",4,fixed_target_router,0.8926816522271562,0.8934384206931874,0.0007567684660311214,332.15,4,160.0,
10.1149/1.1833611,"10.1149/1.1833611|LiBOB|0.0740741|mol/kg|w|0,0.3,0,0,0.7,0,0,0,0,0,0,0,0,0,0,0,0,0,0,0,0,0,0,0,0,0,0,0,0,0,0,0,0,0,0,0,0,0",4,fixed_target_router,0.3010299956639812,0.29141419967738114,0.009615795986600062,332.15,4,160.0,
10.1149/1.1833611,"10.1149/1.1833611|LiBOB|0.0888889|mol/kg|w|0,0.3,0,0,0.7,0,0,0,0,0,0,0,0,0,0,0,0,0,0,0,0,0,0,0,0,0,0,0,0,0,0,0,0,0,0,0,0,0",4,fixed_target_router,0.3667087712622437,0.357619055844823,0.009089715417420707,332.15,4,160.0,
10.1149/1.1833611,"10.1149/1.1833611|LiBOB|0.107407|mol/kg|w|0,0.3,0,0,0.7,0,0,0,0,0,0,0,0,0,0,0,0,0,0,0,0,0,0,0,0,0,0,0,0,0,0,0,0,0,0,0,0,0",4,fixed_target_router,0.4237472721981457,0.4144449177259293,0.00930235447221639,332.15,4,160.0,
10.1149/1.1833611,"10.1149/1.1833611|LiBOB|0.125926|mol/kg|w|0,0.3,0,0,0.7,0,0,0,0,0,0,0,0,0,0,0,0,0,0,0,0,0,0,0,0,0,0,0,0,0,0,0,0,0,0,0,0,0",4,fixed_target_router,0.4858951790561205,0.4851365905138887,0.0007585885422318195,332.15,4,160.0,
10.1149/1.1833611,"10.1149/1.1833611|LiBOB|0.17037|mol/kg|w|0,0.3,0,0,0.7,0,0,0,0,0,0,0,0,0,0,0,0,0,0,0,0,0,0,0,0,0,0,0,0,0,0,0,0,0,0,0,0,0",4,fixed_target_router,0.5839617692490267,0.5839927741961959,3.100494716923308e-05,332.15,4,160.0,
10.1149/1.1833611,"10.1149/1.1833611|LiBOB|0.196296|mol/kg|w|0,0.3,0,0,0.7,0,0,0,0,0,0,0,0,0,0,0,0,0,0,0,0,0,0,0,0,0,0,0,0,0,0,0,0,0,0,0,0,0",4,fixed_target_router,0.6320232147343586,0.6245169675976806,0.007506247136678024,332.15,4,160.0,
10.1149/1.1833611,"10.1149/1.1833611|LiBOB|0.222222|mol/kg|w|0,0.3,0,0,0.7,0,0,0,0,0,0,0,0,0,0,0,0,0,0,0,0,0,0,0,0,0,0,0,0,0,0,0,0,0,0,0,0,0",4,fixed_target_router,0.6677387669262249,0.658047092015884,0.009691674910340953,332.15,4,160.0,
10.1149/1.1833611,"10.1149/1.1833611|LiBOB|0.251852|mol/kg|w|0,0.3,0,0,0.7,0,0,0,0,0,0,0,0,0,0,0,0,0,0,0,0,0,0,0,0,0,0,0,0,0,0,0,0,0,0,0,0,0",4,fixed_target_router,0.7007390270519149,0.6982787162644014,0.00246031078751352,332.15,4,160.0,
10.1149/1.1833611,"10.1149/1.1833611|LiBOB|0.314815|mol/kg|w|0,0.3,0,0,0.7,0,0,0,0,0,0,0,0,0,0,0,0,0,0,0,0,0,0,0,0,0,0,0,0,0,0,0,0,0,0,0,0,0",4,fixed_target_router,0.7077439286157291,0.6847578975189834,0.022986031096745685,322.35,4,160.0,
10.1149/1.1833611,"10.1149/1.1833611|LiBOB|0.348148|mol/kg|w|0,0.3,0,0,0.7,0,0,0,0,0,0,0,0,0,0,0,0,0,0,0,0,0,0,0,0,0,0,0,0,0,0,0,0,0,0,0,0,0",4,fixed_target_router,0.675291904903569,0.6526549448083427,0.02263696009522631,312.45,4,160.0,
10.1149/1.1833611,"10.1149/1.1833611|LiBOB|0.388889|mol/kg|w|0,0.3,0,0,0.7,0,0,0,0,0,0,0,0,0,0,0,0,0,0,0,0,0,0,0,0,0,0,0,0,0,0,0,0,0,0,0,0,0",4,fixed_target_router,0.8067335680239547,0.8025949357598962,0.004138632264058528,332.15,4,160.0,
10.1149/1.1833611,"10.1149/1.1833611|LiBOB|0.150725|mol/kg|w|0.4,0.6,0,0,0,0,0,0,0,0,0,0,0,0,0,0,0,0,0,0,0,0,0,0,0,0,0,0,0,0,0,0,0,0,0,0,0,0",5,fixed_target_router,0.5994124669909516,0.6010874309331788,0.0016749639422272145,332.15,4,160.0,
10.1149/1.1833611,"10.1149/1.1833611|LiBOB|0.24058|mol/kg|w|0.4,0.6,0,0,0,0,0,0,0,0,0,0,0,0,0,0,0,0,0,0,0,0,0,0,0,0,0,0,0,0,0,0,0,0,0,0,0,0",5,fixed_target_router,0.7385685784219824,0.7367272424719298,0.0018413359500526472,332.15,4,160.0,
10.1149/1.1833611,"10.1149/1.1833611|LiBOB|0.304348|mol/kg|w|0.4,0.6,0,0,0,0,0,0,0,0,0,0,0,0,0,0,0,0,0,0,0,0,0,0,0,0,0,0,0,0,0,0,0,0,0,0,0,0",5,fixed_target_router,0.7907577804783202,0.7999141535844791,0.00915637310615891,332.15,4,160.0,
10.1149/1.1833611,"10.1149/1.1833611|LiBOB|0.362319|mol/kg|w|0.4,0.6,0,0,0,0,0,0,0,0,0,0,0,0,0,0,0,0,0,0,0,0,0,0,0,0,0,0,0,0,0,0,0,0,0,0,0,0",5,fixed_target_router,0.8270948457750013,0.8290024201809971,0.001907574405995871,332.15,4,160.0,
10.1149/1.1833611,"10.1149/1.1833611|LiBOB|0.484058|mol/kg|w|0.4,0.6,0,0,0,0,0,0,0,0,0,0,0,0,0,0,0,0,0,0,0,0,0,0,0,0,0,0,0,0,0,0,0,0,0,0,0,0",5,fixed_target_router,0.8733388121512187,0.8754922832524683,0.0021534711012496377,332.15,4,160.0,
10.1149/1.1833611,"10.1149/1.1833611|LiBOB|0.553623|mol/kg|w|0.4,0.6,0,0,0,0,0,0,0,0,0,0,0,0,0,0,0,0,0,0,0,0,0,0,0,0,0,0,0,0,0,0,0,0,0,0,0,0",5,fixed_target_router,0.8874573667002804,0.8928177121665581,0.005360345466277727,332.15,4,160.0,
10.1149/1.1833611,"10.1149/1.1833611|LiBOB|0.637681|mol/kg|w|0.4,0.6,0,0,0,0,0,0,0,0,0,0,0,0,0,0,0,0,0,0,0,0,0,0,0,0,0,0,0,0,0,0,0,0,0,0,0,0",5,fixed_target_router,0.8956926603779694,0.9028782478082158,0.007185587430246443,332.15,4,160.0,
10.1149/1.1833611,"10.1149/1.1833611|LiBOB|0.733333|mol/kg|w|0.4,0.6,0,0,0,0,0,0,0,0,0,0,0,0,0,0,0,0,0,0,0,0,0,0,0,0,0,0,0,0,0,0,0,0,0,0,0,0",5,fixed_target_router,0.8983948658042163,0.9071051557812038,0.008710289976987418,332.15,4,160.0,
10.1149/1.1833611,"10.1149/1.1833611|LiBOB|0.843478|mol/kg|w|0.4,0.6,0,0,0,0,0,0,0,0,0,0,0,0,0,0,0,0,0,0,0,0,0,0,0,0,0,0,0,0,0,0,0,0,0,0,0,0",5,fixed_target_router,0.8920633652148822,0.9016510005770917,0.009587635362209523,332.15,4,160.0,
10.1149/1.1833611,"10.1149/1.1833611|LiBOB|0.956522|mol/kg|w|0.4,0.6,0,0,0,0,0,0,0,0,0,0,0,0,0,0,0,0,0,0,0,0,0,0,0,0,0,0,0,0,0,0,0,0,0,0,0,0",5,fixed_target_router,0.8782574456656309,0.8956961089211573,0.017438663255526343,332.15,4,160.0,
10.1149/1.1833611,"10.1149/1.1833611|LiBOB|1.06957|mol/kg|w|0.4,0.6,0,0,0,0,0,0,0,0,0,0,0,0,0,0,0,0,0,0,0,0,0,0,0,0,0,0,0,0,0,0,0,0,0,0,0,0",5,fixed_target_router,0.8582114300486811,0.8790571776163365,0.020845747567655448,332.15,4,160.0,
10.1149/1.1833611,"10.1149/1.1833611|LiBOB|0.0333333|mol/kg|w|0,0.6,0,0,0.4,0,0,0,0,0,0,0,0,0,0,0,0,0,0,0,0,0,0,0,0,0,0,0,0,0,0,0,0,0,0,0,0,0",5,fixed_target_router,0.16489335930822416,0.16330135622237596,0.0015920030858481982,332.15,4,160.0,
10.1149/1.1833611,"10.1149/1.1833611|LiBOB|0.0733333|mol/kg|w|0,0.6,0,0,0.4,0,0,0,0,0,0,0,0,0,0,0,0,0,0,0,0,0,0,0,0,0,0,0,0,0,0,0,0,0,0,0,0,0",5,fixed_target_router,0.4380386520683107,0.4298175292586395,0.008221122809671244,332.15,4,160.0,
10.1149/1.1833611,"10.1149/1.1833611|LiBOB|0.103333|mol/kg|w|0,0.6,0,0,0.4,0,0,0,0,0,0,0,0,0,0,0,0,0,0,0,0,0,0,0,0,0,0,0,0,0,0,0,0,0,0,0,0,0",5,fixed_target_router,0.5408979976175841,0.536208989445672,0.00468900817191209,332.15,4,160.0,
10.1149/1.1833611,"10.1149/1.1833611|LiBOB|0.13|mol/kg|w|0,0.6,0,0,0.4,0,0,0,0,0,0,0,0,0,0,0,0,0,0,0,0,0,0,0,0,0,0,0,0,0,0,0,0,0,0,0,0,0",5,fixed_target_router,0.503584357517213,0.49981837502248183,0.003765982494731146,312.45,4,160.0,
10.1149/1.1833611,"10.1149/1.1833611|LiBOB|0.153333|mol/kg|w|0,0.6,0,0,0.4,0,0,0,0,0,0,0,0,0,0,0,0,0,0,0,0,0,0,0,0,0,0,0,0,0,0,0,0,0,0,0,0,0",5,fixed_target_router,0.6705831692272491,0.666657499610523,0.003925669616726135,332.15,4,160.0,
10.1149/1.1833611,"10.1149/1.1833611|LiBOB|0.176667|mol/kg|w|0,0.6,0,0,0.4,0,0,0,0,0,0,0,0,0,0,0,0,0,0,0,0,0,0,0,0,0,0,0,0,0,0,0,0,0,0,0,0,0",5,fixed_target_router,0.7127007081178658,0.7084706043587641,0.004230103759101711,332.15,4,160.0,
10.1149/1.1833611,"10.1149/1.1833611|LiBOB|0.21|mol/kg|w|0,0.6,0,0,0.4,0,0,0,0,0,0,0,0,0,0,0,0,0,0,0,0,0,0,0,0,0,0,0,0,0,0,0,0,0,0,0,0,0",5,fixed_target_router,0.7540238375158995,0.7351301032225198,0.018893734293379705,332.15,4,160.0,
10.1149/1.1833611,"10.1149/1.1833611|LiBOB|0.273333|mol/kg|w|0,0.6,0,0,0.4,0,0,0,0,0,0,0,0,0,0,0,0,0,0,0,0,0,0,0,0,0,0,0,0,0,0,0,0,0,0,0,0,0",5,fixed_target_router,0.8240666374978196,0.8215011557899149,0.0025654817079047154,332.15,4,160.0,
10.1149/1.1833611,"10.1149/1.1833611|LiBOB|0.313333|mol/kg|w|0,0.6,0,0,0.4,0,0,0,0,0,0,0,0,0,0,0,0,0,0,0,0,0,0,0,0,0,0,0,0,0,0,0,0,0,0,0,0,0",5,fixed_target_router,0.8520361566379724,0.8504462681279232,0.0015898885100491533,332.15,4,160.0,
10.1149/1.1833611,"10.1149/1.1833611|LiBOB|0.35|mol/kg|w|0,0.6,0,0,0.4,0,0,0,0,0,0,0,0,0,0,0,0,0,0,0,0,0,0,0,0,0,0,0,0,0,0,0,0,0,0,0,0,0",5,fixed_target_router,0.8740775039293075,0.870627541560563,0.003449962368744508,332.15,4,160.0,
10.1149/1.1833611,"10.1149/1.1833611|LiBOB|0.39|mol/kg|w|0,0.6,0,0,0.4,0,0,0,0,0,0,0,0,0,0,0,0,0,0,0,0,0,0,0,0,0,0,0,0,0,0,0,0,0,0,0,0,0",5,fixed_target_router,0.8950875456544244,0.8941880906156983,0.0008994550387261269,332.15,4,160.0,
10.1149/1.1833611,"10.1149/1.1833611|LiBOB|0.433333|mol/kg|w|0,0.6,0,0,0.4,0,0,0,0,0,0,0,0,0,0,0,0,0,0,0,0,0,0,0,0,0,0,0,0,0,0,0,0,0,0,0,0,0",5,fixed_target_router,0.9113029144432199,0.9090069205495828,0.002295993893637105,332.15,4,160.0,
10.1149/1.1833611,"10.1149/1.1833611|LiBOB|0.476667|mol/kg|w|0,0.6,0,0,0.4,0,0,0,0,0,0,0,0,0,0,0,0,0,0,0,0,0,0,0,0,0,0,0,0,0,0,0,0,0,0,0,0,0",5,fixed_target_router,0.9231811957738244,0.9231043379391899,7.68578346345139e-05,332.15,4,160.0,
10.1149/1.1833611,"10.1149/1.1833611|LiBOB|0.523333|mol/kg|w|0,0.6,0,0,0.4,0,0,0,0,0,0,0,0,0,0,0,0,0,0,0,0,0,0,0,0,0,0,0,0,0,0,0,0,0,0,0,0,0",5,fixed_target_router,0.9329347502607845,0.9330843862683924,0.00014963600760786733,332.15,4,160.0,
10.1149/1.1833611,"10.1149/1.1833611|LiBOB|0.573333|mol/kg|w|0,0.6,0,0,0.4,0,0,0,0,0,0,0,0,0,0,0,0,0,0,0,0,0,0,0,0,0,0,0,0,0,0,0,0,0,0,0,0,0",5,fixed_target_router,0.9406975541556711,0.9391601088684038,0.0015374452872672917,332.15,4,160.0,
10.1149/1.1833611,"10.1149/1.1833611|LiBOB|0.626667|mol/kg|w|0,0.6,0,0,0.4,0,0,0,0,0,0,0,0,0,0,0,0,0,0,0,0,0,0,0,0,0,0,0,0,0,0,0,0,0,0,0,0,0",5,fixed_target_router,0.9447816700811263,0.9448356778456091,5.400776448272193e-05,332.15,4,160.0,
10.1149/1.1833611,"10.1149/1.1833611|LiBOB|0.67|mol/kg|w|0,0.6,0,0,0.4,0,0,0,0,0,0,0,0,0,0,0,0,0,0,0,0,0,0,0,0,0,0,0,0,0,0,0,0,0,0,0,0,0",5,fixed_target_router,0.9451700599086559,0.9460389305281658,0.0008688706195099094,332.15,4,160.0,
10.1149/1.1833611,"10.1149/1.1833611|LiBOB|0.163934|mol/kg|w|0,1,0,0,0,0,0,0,0,0,0,0,0,0,0,0,0,0,0,0,0,0,0,0,0,0,0,0,0,0,0,0,0,0,0,0,0,0",5,fixed_target_router,0.522089789644058,0.5253113370291222,0.003221547385064194,322.35,4,160.0,
10.1149/1.1833611,"10.1149/1.1833611|LiBOB|0.2|mol/kg|w|0,1,0,0,0,0,0,0,0,0,0,0,0,0,0,0,0,0,0,0,0,0,0,0,0,0,0,0,0,0,0,0,0,0,0,0,0,0",5,fixed_target_router,0.6496950212585995,0.6460098221966579,0.0036851990619415353,332.15,4,160.0,
10.1149/1.1833611,"10.1149/1.1833611|LiBOB|0.242623|mol/kg|w|0,1,0,0,0,0,0,0,0,0,0,0,0,0,0,0,0,0,0,0,0,0,0,0,0,0,0,0,0,0,0,0,0,0,0,0,0,0",5,fixed_target_router,0.698257461985226,0.6974664574742926,0.0007910045109333907,332.15,4,160.0,
10.1149/1.1833611,"10.1149/1.1833611|LiBOB|0.278689|mol/kg|w|0,1,0,0,0,0,0,0,0,0,0,0,0,0,0,0,0,0,0,0,0,0,0,0,0,0,0,0,0,0,0,0,0,0,0,0,0,0",5,fixed_target_router,0.7363685082661853,0.7336216101441502,0.002746898122035102,332.15,4,160.0,
10.1149/1.1833611,"10.1149/1.1833611|LiBOB|0.321311|mol/kg|w|0,1,0,0,0,0,0,0,0,0,0,0,0,0,0,0,0,0,0,0,0,0,0,0,0,0,0,0,0,0,0,0,0,0,0,0,0,0",5,fixed_target_router,0.7660330165130792,0.7664474491925419,0.00041443267946272844,332.15,4,160.0,
10.1149/1.1833611,"10.1149/1.1833611|LiBOB|0.370492|mol/kg|w|0,1,0,0,0,0,0,0,0,0,0,0,0,0,0,0,0,0,0,0,0,0,0,0,0,0,0,0,0,0,0,0,0,0,0,0,0,0",5,fixed_target_router,0.5534111620097821,0.5572621140506053,0.0038509520408231968,302.55,4,160.0,
10.1149/1.1833611,"10.1149/1.1833611|LiBOB|0.419672|mol/kg|w|0,1,0,0,0,0,0,0,0,0,0,0,0,0,0,0,0,0,0,0,0,0,0,0,0,0,0,0,0,0,0,0,0,0,0,0,0,0",5,fixed_target_router,0.8173888535359182,0.817922719704298,0.000533866168379804,332.15,4,160.0,
10.1149/1.1833611,"10.1149/1.1833611|LiBOB|0.47541|mol/kg|w|0,1,0,0,0,0,0,0,0,0,0,0,0,0,0,0,0,0,0,0,0,0,0,0,0,0,0,0,0,0,0,0,0,0,0,0,0,0",5,fixed_target_router,0.8352523365799425,0.8373699759013467,0.0021176393214041855,332.15,4,160.0,
10.1149/1.1833611,"10.1149/1.1833611|LiBOB|0.531148|mol/kg|w|0,1,0,0,0,0,0,0,0,0,0,0,0,0,0,0,0,0,0,0,0,0,0,0,0,0,0,0,0,0,0,0,0,0,0,0,0,0",5,fixed_target_router,0.8480303941995317,0.8506220519387588,0.0025916577392270934,332.15,4,160.0,
10.1149/1.1833611,"10.1149/1.1833611|LiBOB|0.659016|mol/kg|w|0,1,0,0,0,0,0,0,0,0,0,0,0,0,0,0,0,0,0,0,0,0,0,0,0,0,0,0,0,0,0,0,0,0,0,0,0,0",5,fixed_target_router,0.8618085310562983,0.8641300739513,0.002321542895001749,332.15,4,160.0,
10.1149/1.1833611,"10.1149/1.1833611|LiBOB|0.727869|mol/kg|w|0,1,0,0,0,0,0,0,0,0,0,0,0,0,0,0,0,0,0,0,0,0,0,0,0,0,0,0,0,0,0,0,0,0,0,0,0,0",5,fixed_target_router,0.8610738912142633,0.8689428781762183,0.007868986961955038,332.15,4,160.0,
10.1149/1.1833611,"10.1149/1.1833611|LiBOB|0.891803|mol/kg|w|0,1,0,0,0,0,0,0,0,0,0,0,0,0,0,0,0,0,0,0,0,0,0,0,0,0,0,0,0,0,0,0,0,0,0,0,0,0",5,fixed_target_router,0.8484631380442306,0.8575428809540433,0.009079742909812727,332.15,4,160.0,
10.1149/1.1833611,"10.1149/1.1833611|LiBOB|0.986885|mol/kg|w|0,1,0,0,0,0,0,0,0,0,0,0,0,0,0,0,0,0,0,0,0,0,0,0,0,0,0,0,0,0,0,0,0,0,0,0,0,0",5,fixed_target_router,0.7433114433267886,0.766736556864003,0.023425113537214437,322.35,4,160.0,
10.1149/1.1833611,"10.1149/1.1833611|LiBOB|0.164865|mol/kg|w|0.7,0.3,0,0,0,0,0,0,0,0,0,0,0,0,0,0,0,0,0,0,0,0,0,0,0,0,0,0,0,0,0,0,0,0,0,0,0,0",5,fixed_target_router,0.6532125137753437,0.6470104813750621,0.00620203240028161,332.15,4,160.0,
10.1149/1.1833611,"10.1149/1.1833611|LiBOB|0.310811|mol/kg|w|0.7,0.3,0,0,0,0,0,0,0,0,0,0,0,0,0,0,0,0,0,0,0,0,0,0,0,0,0,0,0,0,0,0,0,0,0,0,0,0",5,fixed_target_router,0.7495544502191152,0.7503637416987814,0.0008092914796662409,322.35,4,160.0,
10.1149/1.1833611,"10.1149/1.1833611|LiBOB|0.372973|mol/kg|w|0.7,0.3,0,0,0,0,0,0,0,0,0,0,0,0,0,0,0,0,0,0,0,0,0,0,0,0,0,0,0,0,0,0,0,0,0,0,0,0",5,fixed_target_router,0.8541273565846526,0.8561886463086481,0.002061289723995552,332.15,4,160.0,
10.1149/1.1833611,"10.1149/1.1833611|LiBOB|0.497297|mol/kg|w|0.7,0.3,0,0,0,0,0,0,0,0,0,0,0,0,0,0,0,0,0,0,0,0,0,0,0,0,0,0,0,0,0,0,0,0,0,0,0,0",5,fixed_target_router,0.8998848471392512,0.9001899290207611,0.00030508188150990545,332.15,4,160.0,
10.1149/1.1833611,"10.1149/1.1833611|LiBOB|0.571351|mol/kg|w|0.7,0.3,0,0,0,0,0,0,0,0,0,0,0,0,0,0,0,0,0,0,0,0,0,0,0,0,0,0,0,0,0,0,0,0,0,0,0,0",5,fixed_target_router,0.9141252862344557,0.916973726215186,0.002848439980730366,332.15,4,160.0,
10.1149/1.1833611,"10.1149/1.1833611|LiBOB|0.655676|mol/kg|w|0.7,0.3,0,0,0,0,0,0,0,0,0,0,0,0,0,0,0,0,0,0,0,0,0,0,0,0,0,0,0,0,0,0,0,0,0,0,0,0",5,fixed_target_router,0.9215334741036846,0.9261827313382232,0.004649257234538573,332.15,4,160.0,
10.1149/1.1833611,"10.1149/1.1833611|LiBOB|0.752973|mol/kg|w|0.7,0.3,0,0,0,0,0,0,0,0,0,0,0,0,0,0,0,0,0,0,0,0,0,0,0,0,0,0,0,0,0,0,0,0,0,0,0,0",5,fixed_target_router,0.923365942957112,0.9275131805198393,0.0041472375627272795,332.15,4,160.0,
10.1149/1.1833611,"10.1149/1.1833611|LiBOB|0.866486|mol/kg|w|0.7,0.3,0,0,0,0,0,0,0,0,0,0,0,0,0,0,0,0,0,0,0,0,0,0,0,0,0,0,0,0,0,0,0,0,0,0,0,0",5,fixed_target_router,0.9159892139291999,0.9272364277177894,0.011247213788589505,332.15,4,160.0,
10.1149/1.1833611,"10.1149/1.1833611|LiBOB|0.983243|mol/kg|w|0.7,0.3,0,0,0,0,0,0,0,0,0,0,0,0,0,0,0,0,0,0,0,0,0,0,0,0,0,0,0,0,0,0,0,0,0,0,0,0",5,fixed_target_router,0.9027705353510247,0.9263135256422721,0.0235429902912474,332.15,4,160.0,
10.1149/1.1833611,"10.1149/1.1833611|LiBOB|0.15873|mol/kg|w|0.3,0.7,0,0,0,0,0,0,0,0,0,0,0,0,0,0,0,0,0,0,0,0,0,0,0,0,0,0,0,0,0,0,0,0,0,0,0,0",5,fixed_target_router,0.6126997807162147,0.6139776680558395,0.0012778873396248613,332.15,4,160.0,
10.1149/1.1833611,"10.1149/1.1833611|LiBOB|0.250794|mol/kg|w|0.3,0.7,0,0,0,0,0,0,0,0,0,0,0,0,0,0,0,0,0,0,0,0,0,0,0,0,0,0,0,0,0,0,0,0,0,0,0,0",5,fixed_target_router,0.7410336219056128,0.7409698428425358,6.377906307708514e-05,332.15,4,160.0,
10.1149/1.1833611,"10.1149/1.1833611|LiBOB|0.311111|mol/kg|w|0.3,0.7,0,0,0,0,0,0,0,0,0,0,0,0,0,0,0,0,0,0,0,0,0,0,0,0,0,0,0,0,0,0,0,0,0,0,0,0",5,fixed_target_router,0.7947361503963257,0.7954508027524683,0.0007146523561425422,332.15,4,160.0,
10.1149/1.1833611,"10.1149/1.1833611|LiBOB|0.368254|mol/kg|w|0.3,0.7,0,0,0,0,0,0,0,0,0,0,0,0,0,0,0,0,0,0,0,0,0,0,0,0,0,0,0,0,0,0,0,0,0,0,0,0",5,fixed_target_router,0.8311962850875894,0.8291308507941777,0.002065434293411661,332.15,4,160.0,
10.1149/1.1833611,"10.1149/1.1833611|LiBOB|0.425397|mol/kg|w|0.3,0.7,0,0,0,0,0,0,0,0,0,0,0,0,0,0,0,0,0,0,0,0,0,0,0,0,0,0,0,0,0,0,0,0,0,0,0,0",5,fixed_target_router,0.8562780341154737,0.8555255176670657,0.0007525164484079028,332.15,4,160.0,
10.1149/1.1833611,"10.1149/1.1833611|LiBOB|0.488889|mol/kg|w|0.3,0.7,0,0,0,0,0,0,0,0,0,0,0,0,0,0,0,0,0,0,0,0,0,0,0,0,0,0,0,0,0,0,0,0,0,0,0,0",5,fixed_target_router,0.8018655244924775,0.80438223115906,0.0025167066665825466,322.35,4,160.0,
10.1149/1.1833611,"10.1149/1.1833611|LiBOB|0.55873|mol/kg|w|0.3,0.7,0,0,0,0,0,0,0,0,0,0,0,0,0,0,0,0,0,0,0,0,0,0,0,0,0,0,0,0,0,0,0,0,0,0,0,0",5,fixed_target_router,0.8908555305873403,0.8932662959227855,0.002410765335445153,332.15,4,160.0,
10.1149/1.1833611,"10.1149/1.1833611|LiBOB|0.638095|mol/kg|w|0.3,0.7,0,0,0,0,0,0,0,0,0,0,0,0,0,0,0,0,0,0,0,0,0,0,0,0,0,0,0,0,0,0,0,0,0,0,0,0",5,fixed_target_router,0.8995363817937931,0.9019431129451991,0.002406731151405994,332.15,4,160.0,
10.1149/1.1833611,"10.1149/1.1833611|LiBOB|0.733333|mol/kg|w|0.3,0.7,0,0,0,0,0,0,0,0,0,0,0,0,0,0,0,0,0,0,0,0,0,0,0,0,0,0,0,0,0,0,0,0,0,0,0,0",5,fixed_target_router,0.9024124123314328,0.9080796673241169,0.0056672549926841675,332.15,4,160.0,
10.1149/1.1833611,"10.1149/1.1833611|LiBOB|0.955556|mol/kg|w|0.3,0.7,0,0,0,0,0,0,0,0,0,0,0,0,0,0,0,0,0,0,0,0,0,0,0,0,0,0,0,0,0,0,0,0,0,0,0,0",5,fixed_target_router,0.8868167361072647,0.8929165090062423,0.006099772898977562,332.15,4,160.0,
10.1149/1.1833611,"10.1149/1.1833611|LiBOB|1.06349|mol/kg|w|0.3,0.7,0,0,0,0,0,0,0,0,0,0,0,0,0,0,0,0,0,0,0,0,0,0,0,0,0,0,0,0,0,0,0,0,0,0,0,0",5,fixed_target_router,0.8715345480544757,0.8781785716752062,0.006644023620730466,332.15,4,160.0,
10.1149/1.1833611,"10.1149/1.1833611|LiBOB|0.151351|mol/kg|w|0.6,0.4,0,0,0,0,0,0,0,0,0,0,0,0,0,0,0,0,0,0,0,0,0,0,0,0,0,0,0,0,0,0,0,0,0,0,0,0",5,fixed_target_router,0.6146491186545956,0.6116762791990296,0.0029728394555660342,332.15,4,160.0,
10.1149/1.1833611,"10.1149/1.1833611|LiBOB|0.356757|mol/kg|w|0.6,0.4,0,0,0,0,0,0,0,0,0,0,0,0,0,0,0,0,0,0,0,0,0,0,0,0,0,0,0,0,0,0,0,0,0,0,0,0",5,fixed_target_router,0.8395889452368733,0.8373434558207835,0.0022454894160898187,332.15,4,160.0,
10.1149/1.1833611,"10.1149/1.1833611|LiBOB|0.418919|mol/kg|w|0.6,0.4,0,0,0,0,0,0,0,0,0,0,0,0,0,0,0,0,0,0,0,0,0,0,0,0,0,0,0,0,0,0,0,0,0,0,0,0",5,fixed_target_router,0.8681948044284015,0.86865247211664,0.00045766768823851667,332.15,4,160.0,
10.1149/1.1833611,"10.1149/1.1833611|LiBOB|0.486486|mol/kg|w|0.6,0.4,0,0,0,0,0,0,0,0,0,0,0,0,0,0,0,0,0,0,0,0,0,0,0,0,0,0,0,0,0,0,0,0,0,0,0,0",5,fixed_target_router,0.8884768314673185,0.8921023754824666,0.003625544015148141,332.15,4,160.0,
10.1149/1.1833611,"10.1149/1.1833611|LiBOB|0.564865|mol/kg|w|0.6,0.4,0,0,0,0,0,0,0,0,0,0,0,0,0,0,0,0,0,0,0,0,0,0,0,0,0,0,0,0,0,0,0,0,0,0,0,0",5,fixed_target_router,0.9046837300144092,0.9059607845380269,0.0012770545236177044,332.15,4,160.0,
10.1149/1.1833611,"10.1149/1.1833611|LiBOB|0.651351|mol/kg|w|0.6,0.4,0,0,0,0,0,0,0,0,0,0,0,0,0,0,0,0,0,0,0,0,0,0,0,0,0,0,0,0,0,0,0,0,0,0,0,0",5,fixed_target_router,0.9125658788633235,0.9168344398256036,0.004268560962280121,332.15,4,160.0,
10.1149/1.1833611,"10.1149/1.1833611|LiBOB|0.875676|mol/kg|w|0.6,0.4,0,0,0,0,0,0,0,0,0,0,0,0,0,0,0,0,0,0,0,0,0,0,0,0,0,0,0,0,0,0,0,0,0,0,0,0",5,fixed_target_router,0.9062716457559425,0.9137821930900241,0.007510547334081519,332.15,4,160.0,
10.1149/1.1833611,"10.1149/1.1833611|LiBOB|0.997297|mol/kg|w|0.6,0.4,0,0,0,0,0,0,0,0,0,0,0,0,0,0,0,0,0,0,0,0,0,0,0,0,0,0,0,0,0,0,0,0,0,0,0,0",5,fixed_target_router,0.8934027196018733,0.9016453352725502,0.008242615670676856,332.15,4,160.0,
10.1149/1.1833611,"10.1149/1.1833611|LiBOB|1.11892|mol/kg|w|0.6,0.4,0,0,0,0,0,0,0,0,0,0,0,0,0,0,0,0,0,0,0,0,0,0,0,0,0,0,0,0,0,0,0,0,0,0,0,0",5,fixed_target_router,0.871641604157595,0.8862559737545486,0.014614369596953614,332.15,4,160.0,
10.1149/1.1833611,"10.1149/1.1833611|LiBOB|0.0285714|mol/kg|w|0,0.5,0,0,0.5,0,0,0,0,0,0,0,0,0,0,0,0,0,0,0,0,0,0,0,0,0,0,0,0,0,0,0,0,0,0,0,0,0",5,fixed_target_router,0.04050121485602134,0.03903102830649319,0.0014701865495281505,332.15,4,160.0,
10.1149/1.1833611,"10.1149/1.1833611|LiBOB|0.052381|mol/kg|w|0,0.5,0,0,0.5,0,0,0,0,0,0,0,0,0,0,0,0,0,0,0,0,0,0,0,0,0,0,0,0,0,0,0,0,0,0,0,0,0",5,fixed_target_router,0.27437780090353575,0.2691534624787363,0.005224338424799468,332.15,4,160.0,
10.1149/1.1833611,"10.1149/1.1833611|LiBOB|0.0714286|mol/kg|w|0,0.5,0,0,0.5,0,0,0,0,0,0,0,0,0,0,0,0,0,0,0,0,0,0,0,0,0,0,0,0,0,0,0,0,0,0,0,0,0",5,fixed_target_router,0.3806192215096623,0.37716799431430936,0.003451227195352957,332.15,4,160.0,
10.1149/1.1833611,"10.1149/1.1833611|LiBOB|0.0952381|mol/kg|w|0,0.5,0,0,0.5,0,0,0,0,0,0,0,0,0,0,0,0,0,0,0,0,0,0,0,0,0,0,0,0,0,0,0,0,0,0,0,0,0",5,fixed_target_router,0.4734778232155228,0.47565976868360094,0.0021819454680781503,332.15,4,160.0,
10.1149/1.1833611,"10.1149/1.1833611|LiBOB|0.138095|mol/kg|w|0,0.5,0,0,0.5,0,0,0,0,0,0,0,0,0,0,0,0,0,0,0,0,0,0,0,0,0,0,0,0,0,0,0,0,0,0,0,0,0",5,fixed_target_router,0.6038251425238906,0.5976023980665461,0.006222744457344498,332.15,4,160.0,
10.1149/1.1833611,"10.1149/1.1833611|LiBOB|0.195238|mol/kg|w|0,0.5,0,0,0.5,0,0,0,0,0,0,0,0,0,0,0,0,0,0,0,0,0,0,0,0,0,0,0,0,0,0,0,0,0,0,0,0,0",5,fixed_target_router,0.7036253306758419,0.6919788341230574,0.011646496552784491,332.15,4,160.0,
10.1149/1.1833611,"10.1149/1.1833611|LiBOB|0.233333|mol/kg|w|0,0.5,0,0,0.5,0,0,0,0,0,0,0,0,0,0,0,0,0,0,0,0,0,0,0,0,0,0,0,0,0,0,0,0,0,0,0,0,0",5,fixed_target_router,0.7458688739869638,0.7437782727272528,0.0020906012597109447,332.15,4,160.0,
10.1149/1.1833611,"10.1149/1.1833611|LiBOB|0.271429|mol/kg|w|0,0.5,0,0,0.5,0,0,0,0,0,0,0,0,0,0,0,0,0,0,0,0,0,0,0,0,0,0,0,0,0,0,0,0,0,0,0,0,0",5,fixed_target_router,0.7843652120927994,0.783152901162108,0.001212310930691407,332.15,4,160.0,
10.1149/1.1833611,"10.1149/1.1833611|LiBOB|0.309524|mol/kg|w|0,0.5,0,0,0.5,0,0,0,0,0,0,0,0,0,0,0,0,0,0,0,0,0,0,0,0,0,0,0,0,0,0,0,0,0,0,0,0,0",5,fixed_target_router,0.8162496087282435,0.8160564459879194,0.0001931627403241043,332.15,4,160.0,
10.1149/1.1833611,"10.1149/1.1833611|LiBOB|0.438095|mol/kg|w|0,0.5,0,0,0.5,0,0,0,0,0,0,0,0,0,0,0,0,0,0,0,0,0,0,0,0,0,0,0,0,0,0,0,0,0,0,0,0,0",5,fixed_target_router,0.8880006290618762,0.8886776577575287,0.0006770286956525595,332.15,4,160.0,
10.1149/1.1833611,"10.1149/1.1833611|LiBOB|0.590476|mol/kg|w|0,0.5,0,0,0.5,0,0,0,0,0,0,0,0,0,0,0,0,0,0,0,0,0,0,0,0,0,0,0,0,0,0,0,0,0,0,0,0,0",5,fixed_target_router,0.9227735711094729,0.9223979813468925,0.0003755897625803417,332.15,4,160.0,
10.1149/1.1833611,"10.1149/1.1833611|LiBOB|0.0375|mol/kg|w|0,0.7,0,0,0.3,0,0,0,0,0,0,0,0,0,0,0,0,0,0,0,0,0,0,0,0,0,0,0,0,0,0,0,0,0,0,0,0,0",5,fixed_target_router,0.17363066058698706,0.1636224583345557,0.010008202252431375,332.15,4,160.0,
10.1149/1.1833611,"10.1149/1.1833611|LiBOB|0.078125|mol/kg|w|0,0.7,0,0,0.3,0,0,0,0,0,0,0,0,0,0,0,0,0,0,0,0,0,0,0,0,0,0,0,0,0,0,0,0,0,0,0,0,0",5,fixed_target_router,0.43326797104906706,0.4289098337279955,0.004358137321071542,332.15,4,160.0,
10.1149/1.1833611,"10.1149/1.1833611|LiBOB|0.10625|mol/kg|w|0,0.7,0,0,0.3,0,0,0,0,0,0,0,0,0,0,0,0,0,0,0,0,0,0,0,0,0,0,0,0,0,0,0,0,0,0,0,0,0",5,fixed_target_router,0.5387781558284613,0.5302100278806468,0.008568127947814586,332.15,4,160.0,
10.1149/1.1833611,"10.1149/1.1833611|LiBOB|0.13125|mol/kg|w|0,0.7,0,0,0.3,0,0,0,0,0,0,0,0,0,0,0,0,0,0,0,0,0,0,0,0,0,0,0,0,0,0,0,0,0,0,0,0,0",5,fixed_target_router,0.6129633543113681,0.6077989949334104,0.005164359377957672,332.15,4,160.0,
10.1149/1.1833611,"10.1149/1.1833611|LiBOB|0.159375|mol/kg|w|0,0.7,0,0,0.3,0,0,0,0,0,0,0,0,0,0,0,0,0,0,0,0,0,0,0,0,0,0,0,0,0,0,0,0,0,0,0,0,0",5,fixed_target_router,0.6731927842962409,0.6669890300702871,0.0062037542259537615,332.15,4,160.0,
10.1149/1.1833611,"10.1149/1.1833611|LiBOB|0.1875|mol/kg|w|0,0.7,0,0,0.3,0,0,0,0,0,0,0,0,0,0,0,0,0,0,0,0,0,0,0,0,0,0,0,0,0,0,0,0,0,0,0,0,0",5,fixed_target_router,0.71769870485407,0.7109413094743798,0.006757395379690112,332.15,4,160.0,
10.1149/1.1833611,"10.1149/1.1833611|LiBOB|0.21875|mol/kg|w|0,0.7,0,0,0.3,0,0,0,0,0,0,0,0,0,0,0,0,0,0,0,0,0,0,0,0,0,0,0,0,0,0,0,0,0,0,0,0,0",5,fixed_target_router,0.7580646886110975,0.7568005177559103,0.0012641708551872632,332.15,4,160.0,
10.1149/1.1833611,"10.1149/1.1833611|LiBOB|0.25625|mol/kg|w|0,0.7,0,0,0.3,0,0,0,0,0,0,0,0,0,0,0,0,0,0,0,0,0,0,0,0,0,0,0,0,0,0,0,0,0,0,0,0,0",5,fixed_target_router,0.7973497124471525,0.7959559445072731,0.0013937679398793312,332.15,4,160.0,
10.1149/1.1833611,"10.1149/1.1833611|LiBOB|0.29375|mol/kg|w|0,0.7,0,0,0.3,0,0,0,0,0,0,0,0,0,0,0,0,0,0,0,0,0,0,0,0,0,0,0,0,0,0,0,0,0,0,0,0,0",5,fixed_target_router,0.8290310604402732,0.8262845589014893,0.002746501538783863,332.15,4,160.0,
10.1149/1.1833611,"10.1149/1.1833611|LiBOB|0.3375|mol/kg|w|0,0.7,0,0,0.3,0,0,0,0,0,0,0,0,0,0,0,0,0,0,0,0,0,0,0,0,0,0,0,0,0,0,0,0,0,0,0,0,0",5,fixed_target_router,0.856513844952637,0.8579545895757812,0.0014407446231441412,332.15,4,160.0,
10.1149/1.1833611,"10.1149/1.1833611|LiBOB|0.38125|mol/kg|w|0,0.7,0,0,0.3,0,0,0,0,0,0,0,0,0,0,0,0,0,0,0,0,0,0,0,0,0,0,0,0,0,0,0,0,0,0,0,0,0",5,fixed_target_router,0.8784828470758402,0.8779830164544964,0.0004998306213438442,332.15,4,160.0,
10.1149/1.1833611,"10.1149/1.1833611|LiBOB|0.428125|mol/kg|w|0,0.7,0,0,0.3,0,0,0,0,0,0,0,0,0,0,0,0,0,0,0,0,0,0,0,0,0,0,0,0,0,0,0,0,0,0,0,0,0",5,fixed_target_router,0.5870828353964056,0.5879145351058224,0.0008316997094167666,292.65,4,160.0,
10.1149/1.1833611,"10.1149/1.1833611|LiBOB|0.475|mol/kg|w|0,0.7,0,0,0.3,0,0,0,0,0,0,0,0,0,0,0,0,0,0,0,0,0,0,0,0,0,0,0,0,0,0,0,0,0,0,0,0,0",5,fixed_target_router,0.9085758849563462,0.9091800118115918,0.0006041268552455792,332.15,4,160.0,
10.1149/1.1833611,"10.1149/1.1833611|LiBOB|0.52375|mol/kg|w|0,0.7,0,0,0.3,0,0,0,0,0,0,0,0,0,0,0,0,0,0,0,0,0,0,0,0,0,0,0,0,0,0,0,0,0,0,0,0,0",5,fixed_target_router,0.9189893975086663,0.9179335473447512,0.001055850163915073,332.15,4,160.0,
10.1149/1.1833611,"10.1149/1.1833611|LiBOB|0.58|mol/kg|w|0,0.7,0,0,0.3,0,0,0,0,0,0,0,0,0,0,0,0,0,0,0,0,0,0,0,0,0,0,0,0,0,0,0,0,0,0,0,0,0",5,fixed_target_router,0.9232264504412505,0.9253109968042925,0.002084546363042006,332.15,4,160.0,
10.1149/1.1833611,"10.1149/1.1833611|LiBOB|0.64|mol/kg|w|0,0.7,0,0,0.3,0,0,0,0,0,0,0,0,0,0,0,0,0,0,0,0,0,0,0,0,0,0,0,0,0,0,0,0,0,0,0,0,0",5,fixed_target_router,0.9274225650243936,0.9293381140978372,0.001915549073443601,332.15,4,160.0,
10.1149/1.1833611,"10.1149/1.1833611|LiBOB|0.70375|mol/kg|w|0,0.7,0,0,0.3,0,0,0,0,0,0,0,0,0,0,0,0,0,0,0,0,0,0,0,0,0,0,0,0,0,0,0,0,0,0,0,0,0",5,fixed_target_router,0.925329575523757,0.9261854545638781,0.000855879040121077,332.15,4,160.0,
10.1149/1.1833611,"10.1149/1.1833611|LiBOB|0.75625|mol/kg|w|0,0.7,0,0,0.3,0,0,0,0,0,0,0,0,0,0,0,0,0,0,0,0,0,0,0,0,0,0,0,0,0,0,0,0,0,0,0,0,0",5,fixed_target_router,0.9189893975086663,0.9234064829531625,0.00441708544449626,332.15,4,160.0,
10.1149/1.1833611,"10.1149/1.1833611|LiBOB|0.235294|mol/kg|w|0,1,0,0,0,0,0,0,0,0,0,0,0,0,0,0,0,0,0,0,0,0,0,0,0,0,0,0,0,0,0,0,0,0,0,0,0,0",5,fixed_target_router,0.7072953931586318,0.7089766730221081,0.001681279863476326,332.15,4,160.0,
10.1149/1.1833611,"10.1149/1.1833611|LiBOB|0.35|mol/kg|w|0,1,0,0,0,0,0,0,0,0,0,0,0,0,0,0,0,0,0,0,0,0,0,0,0,0,0,0,0,0,0,0,0,0,0,0,0,0",5,fixed_target_router,0.7964400360869989,0.8011809444549289,0.004740908367930063,332.15,4,160.0,
10.1149/1.1833611,"10.1149/1.1833611|LiBOB|0.408824|mol/kg|w|0,1,0,0,0,0,0,0,0,0,0,0,0,0,0,0,0,0,0,0,0,0,0,0,0,0,0,0,0,0,0,0,0,0,0,0,0,0",5,fixed_target_router,0.3411472188528036,0.3727684351055318,0.031621216252728235,282.85,4,160.0,
10.1149/1.1833611,"10.1149/1.1833611|LiBOB|0.470588|mol/kg|w|0,1,0,0,0,0,0,0,0,0,0,0,0,0,0,0,0,0,0,0,0,0,0,0,0,0,0,0,0,0,0,0,0,0,0,0,0,0",5,fixed_target_router,0.8470947998002147,0.84842453258626,0.0013297327860453123,332.15,4,160.0,
10.1149/1.1833611,"10.1149/1.1833611|LiBOB|0.541176|mol/kg|w|0,1,0,0,0,0,0,0,0,0,0,0,0,0,0,0,0,0,0,0,0,0,0,0,0,0,0,0,0,0,0,0,0,0,0,0,0,0",5,fixed_target_router,0.8627467453342664,0.8663896146856189,0.0036428693513524957,332.15,4,160.0,
10.1149/1.1833611,"10.1149/1.1833611|LiBOB|0.829412|mol/kg|w|0,1,0,0,0,0,0,0,0,0,0,0,0,0,0,0,0,0,0,0,0,0,0,0,0,0,0,0,0,0,0,0,0,0,0,0,0,0",5,fixed_target_router,0.8741262910716027,0.8832691727169473,0.009142881645344603,332.15,4,160.0,
10.1149/1.1833611,"10.1149/1.1833611|LiBOB|0.935294|mol/kg|w|0,1,0,0,0,0,0,0,0,0,0,0,0,0,0,0,0,0,0,0,0,0,0,0,0,0,0,0,0,0,0,0,0,0,0,0,0,0",5,fixed_target_router,0.8665731531852291,0.8724600931341353,0.005886939948906211,332.15,4,160.0,
10.1149/1.1833611,"10.1149/1.1833611|LiBOB|0.0528302|mol/kg|w|0,0.4,0,0,0.6,0,0,0,0,0,0,0,0,0,0,0,0,0,0,0,0,0,0,0,0,0,0,0,0,0,0,0,0,0,0,0,0,0",5,fixed_target_router,0.2208106884744153,0.19465072956490825,0.026159958909507036,322.35,4,160.0,
10.1149/1.1833611,"10.1149/1.1833611|LiBOB|0.0679245|mol/kg|w|0,0.4,0,0,0.6,0,0,0,0,0,0,0,0,0,0,0,0,0,0,0,0,0,0,0,0,0,0,0,0,0,0,0,0,0,0,0,0,0",5,fixed_target_router,0.3485065413259138,0.3469546475963019,0.0015518937296118973,332.15,4,160.0,
10.1149/1.1833611,"10.1149/1.1833611|LiBOB|0.0830189|mol/kg|w|0,0.4,0,0,0.6,0,0,0,0,0,0,0,0,0,0,0,0,0,0,0,0,0,0,0,0,0,0,0,0,0,0,0,0,0,0,0,0,0",5,fixed_target_router,0.32335655616648623,0.31937942519410323,0.003977130972383003,312.45,4,160.0,
10.1149/1.1833611,"10.1149/1.1833611|LiBOB|0.10566|mol/kg|w|0,0.4,0,0,0.6,0,0,0,0,0,0,0,0,0,0,0,0,0,0,0,0,0,0,0,0,0,0,0,0,0,0,0,0,0,0,0,0,0",5,fixed_target_router,0.4943346498405031,0.49179079232669143,0.002543857513811698,332.15,4,160.0,
10.1149/1.1833611,"10.1149/1.1833611|LiBOB|0.128302|mol/kg|w|0,0.4,0,0,0.6,0,0,0,0,0,0,0,0,0,0,0,0,0,0,0,0,0,0,0,0,0,0,0,0,0,0,0,0,0,0,0,0,0",5,fixed_target_router,0.5570822038534365,0.5578789799205129,0.000796776067076399,332.15,4,160.0,
10.1149/1.1833611,"10.1149/1.1833611|LiBOB|0.154717|mol/kg|w|0,0.4,0,0,0.6,0,0,0,0,0,0,0,0,0,0,0,0,0,0,0,0,0,0,0,0,0,0,0,0,0,0,0,0,0,0,0,0,0",5,fixed_target_router,0.6161277723351913,0.6134174399986149,0.002710332336576471,332.15,4,160.0,
10.1149/1.1833611,"10.1149/1.1833611|LiBOB|0.184906|mol/kg|w|0,0.4,0,0,0.6,0,0,0,0,0,0,0,0,0,0,0,0,0,0,0,0,0,0,0,0,0,0,0,0,0,0,0,0,0,0,0,0,0",5,fixed_target_router,0.6680261888798529,0.6684939842621571,0.0004677953823042369,332.15,4,160.0,
10.1149/1.1833611,"10.1149/1.1833611|LiBOB|0.218868|mol/kg|w|0,0.4,0,0,0.6,0,0,0,0,0,0,0,0,0,0,0,0,0,0,0,0,0,0,0,0,0,0,0,0,0,0,0,0,0,0,0,0,0",5,fixed_target_router,0.7143149090514236,0.7113727738014138,0.0029421352500097475,332.15,4,160.0,
10.1149/1.1833611,"10.1149/1.1833611|LiBOB|0.381132|mol/kg|w|0,0.4,0,0,0.6,0,0,0,0,0,0,0,0,0,0,0,0,0,0,0,0,0,0,0,0,0,0,0,0,0,0,0,0,0,0,0,0,0",5,fixed_target_router,0.8415237770901847,0.8419946563361583,0.0004708792459736655,332.15,4,160.0,
10.1149/1.1833611,"10.1149/1.1833611|LiBOB|0.430189|mol/kg|w|0,0.4,0,0,0.6,0,0,0,0,0,0,0,0,0,0,0,0,0,0,0,0,0,0,0,0,0,0,0,0,0,0,0,0,0,0,0,0,0",5,fixed_target_router,0.8633205693002606,0.8638400870749449,0.0005195177746842861,332.15,4,160.0,
10.1149/1.1833611,"10.1149/1.1833611|LiBOB|0.483019|mol/kg|w|0,0.4,0,0,0.6,0,0,0,0,0,0,0,0,0,0,0,0,0,0,0,0,0,0,0,0,0,0,0,0,0,0,0,0,0,0,0,0,0",5,fixed_target_router,0.8817104229194349,0.8817250635980812,1.4640678646316019e-05,332.15,4,160.0,
10.1149/1.1833611,"10.1149/1.1833611|LiBOB|0.528302|mol/kg|w|0,0.4,0,0,0.6,0,0,0,0,0,0,0,0,0,0,0,0,0,0,0,0,0,0,0,0,0,0,0,0,0,0,0,0,0,0,0,0,0",5,fixed_target_router,0.8926816522271562,0.8924083924362245,0.0002732597909317347,332.15,4,160.0,
10.1149/1.1833611,"10.1149/1.1833611|LiBOB|0.0740741|mol/kg|w|0,0.3,0,0,0.7,0,0,0,0,0,0,0,0,0,0,0,0,0,0,0,0,0,0,0,0,0,0,0,0,0,0,0,0,0,0,0,0,0",5,fixed_target_router,0.3010299956639812,0.29487565135185734,0.006154344312123861,332.15,4,160.0,
10.1149/1.1833611,"10.1149/1.1833611|LiBOB|0.0888889|mol/kg|w|0,0.3,0,0,0.7,0,0,0,0,0,0,0,0,0,0,0,0,0,0,0,0,0,0,0,0,0,0,0,0,0,0,0,0,0,0,0,0,0",5,fixed_target_router,0.3667087712622437,0.3587314677992812,0.007977303462962493,332.15,4,160.0,
10.1149/1.1833611,"10.1149/1.1833611|LiBOB|0.107407|mol/kg|w|0,0.3,0,0,0.7,0,0,0,0,0,0,0,0,0,0,0,0,0,0,0,0,0,0,0,0,0,0,0,0,0,0,0,0,0,0,0,0,0",5,fixed_target_router,0.4237472721981457,0.41494035403728324,0.008806918160862431,332.15,4,160.0,
10.1149/1.1833611,"10.1149/1.1833611|LiBOB|0.125926|mol/kg|w|0,0.3,0,0,0.7,0,0,0,0,0,0,0,0,0,0,0,0,0,0,0,0,0,0,0,0,0,0,0,0,0,0,0,0,0,0,0,0,0",5,fixed_target_router,0.4858951790561205,0.48215363291223234,0.0037415461438881636,332.15,4,160.0,
10.1149/1.1833611,"10.1149/1.1833611|LiBOB|0.17037|mol/kg|w|0,0.3,0,0,0.7,0,0,0,0,0,0,0,0,0,0,0,0,0,0,0,0,0,0,0,0,0,0,0,0,0,0,0,0,0,0,0,0,0",5,fixed_target_router,0.5839617692490267,0.5850638285448588,0.0011020592958321807,332.15,4,160.0,
10.1149/1.1833611,"10.1149/1.1833611|LiBOB|0.196296|mol/kg|w|0,0.3,0,0,0.7,0,0,0,0,0,0,0,0,0,0,0,0,0,0,0,0,0,0,0,0,0,0,0,0,0,0,0,0,0,0,0,0,0",5,fixed_target_router,0.6320232147343586,0.6274401087394393,0.00458310599491929,332.15,4,160.0,
10.1149/1.1833611,"10.1149/1.1833611|LiBOB|0.222222|mol/kg|w|0,0.3,0,0,0.7,0,0,0,0,0,0,0,0,0,0,0,0,0,0,0,0,0,0,0,0,0,0,0,0,0,0,0,0,0,0,0,0,0",5,fixed_target_router,0.6677387669262249,0.6613806808510839,0.0063580860751409896,332.15,4,160.0,
10.1149/1.1833611,"10.1149/1.1833611|LiBOB|0.251852|mol/kg|w|0,0.3,0,0,0.7,0,0,0,0,0,0,0,0,0,0,0,0,0,0,0,0,0,0,0,0,0,0,0,0,0,0,0,0,0,0,0,0,0",5,fixed_target_router,0.7007390270519149,0.7012529482851738,0.000513921233258885,332.15,4,160.0,
10.1149/1.1833611,"10.1149/1.1833611|LiBOB|0.314815|mol/kg|w|0,0.3,0,0,0.7,0,0,0,0,0,0,0,0,0,0,0,0,0,0,0,0,0,0,0,0,0,0,0,0,0,0,0,0,0,0,0,0,0",5,fixed_target_router,0.7077439286157291,0.6905417642510465,0.01720216436468258,322.35,4,160.0,
10.1149/1.1833611,"10.1149/1.1833611|LiBOB|0.348148|mol/kg|w|0,0.3,0,0,0.7,0,0,0,0,0,0,0,0,0,0,0,0,0,0,0,0,0,0,0,0,0,0,0,0,0,0,0,0,0,0,0,0,0",5,fixed_target_router,0.675291904903569,0.6599657028839041,0.015326202019664947,312.45,4,160.0,
10.1149/1.1833611,"10.1149/1.1833611|LiBOB|0.388889|mol/kg|w|0,0.3,0,0,0.7,0,0,0,0,0,0,0,0,0,0,0,0,0,0,0,0,0,0,0,0,0,0,0,0,0,0,0,0,0,0,0,0,0",5,fixed_target_router,0.8067335680239547,0.8031925876864084,0.00354098033754624,332.15,4,160.0,
10.1149/1.1833611,"10.1149/1.1833611|LiBOB|0.150725|mol/kg|w|0.4,0.6,0,0,0,0,0,0,0,0,0,0,0,0,0,0,0,0,0,0,0,0,0,0,0,0,0,0,0,0,0,0,0,0,0,0,0,0",5,cost_sensitive_budget_policy,0.5994124669909516,0.6010874309331788,0.0016749639422272145,332.15,4,160.0,0.0
10.1149/1.1833611,"10.1149/1.1833611|LiBOB|0.24058|mol/kg|w|0.4,0.6,0,0,0,0,0,0,0,0,0,0,0,0,0,0,0,0,0,0,0,0,0,0,0,0,0,0,0,0,0,0,0,0,0,0,0,0",5,cost_sensitive_budget_policy,0.7385685784219824,0.7367272424719298,0.0018413359500526472,332.15,4,160.0,0.0
10.1149/1.1833611,"10.1149/1.1833611|LiBOB|0.304348|mol/kg|w|0.4,0.6,0,0,0,0,0,0,0,0,0,0,0,0,0,0,0,0,0,0,0,0,0,0,0,0,0,0,0,0,0,0,0,0,0,0,0,0",5,cost_sensitive_budget_policy,0.7907577804783202,0.7999141535844791,0.00915637310615891,332.15,4,160.0,0.0
10.1149/1.1833611,"10.1149/1.1833611|LiBOB|0.362319|mol/kg|w|0.4,0.6,0,0,0,0,0,0,0,0,0,0,0,0,0,0,0,0,0,0,0,0,0,0,0,0,0,0,0,0,0,0,0,0,0,0,0,0",5,cost_sensitive_budget_policy,0.8270948457750013,0.8290024201809971,0.001907574405995871,332.15,4,160.0,0.0
10.1149/1.1833611,"10.1149/1.1833611|LiBOB|0.484058|mol/kg|w|0.4,0.6,0,0,0,0,0,0,0,0,0,0,0,0,0,0,0,0,0,0,0,0,0,0,0,0,0,0,0,0,0,0,0,0,0,0,0,0",5,cost_sensitive_budget_policy,0.8733388121512187,0.8754922832524683,0.0021534711012496377,332.15,4,160.0,0.0
10.1149/1.1833611,"10.1149/1.1833611|LiBOB|0.553623|mol/kg|w|0.4,0.6,0,0,0,0,0,0,0,0,0,0,0,0,0,0,0,0,0,0,0,0,0,0,0,0,0,0,0,0,0,0,0,0,0,0,0,0",5,cost_sensitive_budget_policy,0.8874573667002804,0.8928177121665581,0.005360345466277727,332.15,4,160.0,0.0
10.1149/1.1833611,"10.1149/1.1833611|LiBOB|0.637681|mol/kg|w|0.4,0.6,0,0,0,0,0,0,0,0,0,0,0,0,0,0,0,0,0,0,0,0,0,0,0,0,0,0,0,0,0,0,0,0,0,0,0,0",5,cost_sensitive_budget_policy,0.8956926603779694,0.9028782478082158,0.007185587430246443,332.15,4,160.0,0.0
10.1149/1.1833611,"10.1149/1.1833611|LiBOB|0.733333|mol/kg|w|0.4,0.6,0,0,0,0,0,0,0,0,0,0,0,0,0,0,0,0,0,0,0,0,0,0,0,0,0,0,0,0,0,0,0,0,0,0,0,0",5,cost_sensitive_budget_policy,0.8983948658042163,0.9071051557812038,0.008710289976987418,332.15,4,160.0,0.0
10.1149/1.1833611,"10.1149/1.1833611|LiBOB|0.843478|mol/kg|w|0.4,0.6,0,0,0,0,0,0,0,0,0,0,0,0,0,0,0,0,0,0,0,0,0,0,0,0,0,0,0,0,0,0,0,0,0,0,0,0",5,cost_sensitive_budget_policy,0.8920633652148822,0.9016510005770917,0.009587635362209523,332.15,4,160.0,0.0
10.1149/1.1833611,"10.1149/1.1833611|LiBOB|0.956522|mol/kg|w|0.4,0.6,0,0,0,0,0,0,0,0,0,0,0,0,0,0,0,0,0,0,0,0,0,0,0,0,0,0,0,0,0,0,0,0,0,0,0,0",5,cost_sensitive_budget_policy,0.8782574456656309,0.8956961089211573,0.017438663255526343,332.15,4,160.0,0.0
10.1149/1.1833611,"10.1149/1.1833611|LiBOB|1.06957|mol/kg|w|0.4,0.6,0,0,0,0,0,0,0,0,0,0,0,0,0,0,0,0,0,0,0,0,0,0,0,0,0,0,0,0,0,0,0,0,0,0,0,0",5,cost_sensitive_budget_policy,0.8582114300486811,0.8790571776163365,0.020845747567655448,332.15,4,160.0,0.0
10.1149/1.1833611,"10.1149/1.1833611|LiBOB|0.0333333|mol/kg|w|0,0.6,0,0,0.4,0,0,0,0,0,0,0,0,0,0,0,0,0,0,0,0,0,0,0,0,0,0,0,0,0,0,0,0,0,0,0,0,0",5,cost_sensitive_budget_policy,0.16489335930822416,0.16330135622237596,0.0015920030858481982,332.15,4,160.0,0.0
10.1149/1.1833611,"10.1149/1.1833611|LiBOB|0.0733333|mol/kg|w|0,0.6,0,0,0.4,0,0,0,0,0,0,0,0,0,0,0,0,0,0,0,0,0,0,0,0,0,0,0,0,0,0,0,0,0,0,0,0,0",5,cost_sensitive_budget_policy,0.4380386520683107,0.4298175292586395,0.008221122809671244,332.15,4,160.0,0.0
10.1149/1.1833611,"10.1149/1.1833611|LiBOB|0.103333|mol/kg|w|0,0.6,0,0,0.4,0,0,0,0,0,0,0,0,0,0,0,0,0,0,0,0,0,0,0,0,0,0,0,0,0,0,0,0,0,0,0,0,0",5,cost_sensitive_budget_policy,0.5408979976175841,0.536208989445672,0.00468900817191209,332.15,4,160.0,0.0
10.1149/1.1833611,"10.1149/1.1833611|LiBOB|0.13|mol/kg|w|0,0.6,0,0,0.4,0,0,0,0,0,0,0,0,0,0,0,0,0,0,0,0,0,0,0,0,0,0,0,0,0,0,0,0,0,0,0,0,0",5,cost_sensitive_budget_policy,0.503584357517213,0.49981837502248183,0.003765982494731146,312.45,4,160.0,0.0
10.1149/1.1833611,"10.1149/1.1833611|LiBOB|0.153333|mol/kg|w|0,0.6,0,0,0.4,0,0,0,0,0,0,0,0,0,0,0,0,0,0,0,0,0,0,0,0,0,0,0,0,0,0,0,0,0,0,0,0,0",5,cost_sensitive_budget_policy,0.6705831692272491,0.666657499610523,0.003925669616726135,332.15,4,160.0,0.0
10.1149/1.1833611,"10.1149/1.1833611|LiBOB|0.176667|mol/kg|w|0,0.6,0,0,0.4,0,0,0,0,0,0,0,0,0,0,0,0,0,0,0,0,0,0,0,0,0,0,0,0,0,0,0,0,0,0,0,0,0",5,cost_sensitive_budget_policy,0.7127007081178658,0.7084706043587641,0.004230103759101711,332.15,4,160.0,0.0
10.1149/1.1833611,"10.1149/1.1833611|LiBOB|0.21|mol/kg|w|0,0.6,0,0,0.4,0,0,0,0,0,0,0,0,0,0,0,0,0,0,0,0,0,0,0,0,0,0,0,0,0,0,0,0,0,0,0,0,0",5,cost_sensitive_budget_policy,0.7540238375158995,0.7351301032225198,0.018893734293379705,332.15,4,160.0,0.0
10.1149/1.1833611,"10.1149/1.1833611|LiBOB|0.273333|mol/kg|w|0,0.6,0,0,0.4,0,0,0,0,0,0,0,0,0,0,0,0,0,0,0,0,0,0,0,0,0,0,0,0,0,0,0,0,0,0,0,0,0",5,cost_sensitive_budget_policy,0.8240666374978196,0.8215011557899149,0.0025654817079047154,332.15,4,160.0,0.0
10.1149/1.1833611,"10.1149/1.1833611|LiBOB|0.313333|mol/kg|w|0,0.6,0,0,0.4,0,0,0,0,0,0,0,0,0,0,0,0,0,0,0,0,0,0,0,0,0,0,0,0,0,0,0,0,0,0,0,0,0",5,cost_sensitive_budget_policy,0.8520361566379724,0.8504462681279232,0.0015898885100491533,332.15,4,160.0,0.0
10.1149/1.1833611,"10.1149/1.1833611|LiBOB|0.35|mol/kg|w|0,0.6,0,0,0.4,0,0,0,0,0,0,0,0,0,0,0,0,0,0,0,0,0,0,0,0,0,0,0,0,0,0,0,0,0,0,0,0,0",5,cost_sensitive_budget_policy,0.8740775039293075,0.870627541560563,0.003449962368744508,332.15,4,160.0,0.0
10.1149/1.1833611,"10.1149/1.1833611|LiBOB|0.39|mol/kg|w|0,0.6,0,0,0.4,0,0,0,0,0,0,0,0,0,0,0,0,0,0,0,0,0,0,0,0,0,0,0,0,0,0,0,0,0,0,0,0,0",5,cost_sensitive_budget_policy,0.8950875456544244,0.8941880906156983,0.0008994550387261269,332.15,4,160.0,0.0
10.1149/1.1833611,"10.1149/1.1833611|LiBOB|0.433333|mol/kg|w|0,0.6,0,0,0.4,0,0,0,0,0,0,0,0,0,0,0,0,0,0,0,0,0,0,0,0,0,0,0,0,0,0,0,0,0,0,0,0,0",5,cost_sensitive_budget_policy,0.9113029144432199,0.9090069205495828,0.002295993893637105,332.15,4,160.0,0.0
10.1149/1.1833611,"10.1149/1.1833611|LiBOB|0.476667|mol/kg|w|0,0.6,0,0,0.4,0,0,0,0,0,0,0,0,0,0,0,0,0,0,0,0,0,0,0,0,0,0,0,0,0,0,0,0,0,0,0,0,0",5,cost_sensitive_budget_policy,0.9231811957738244,0.9231043379391899,7.68578346345139e-05,332.15,4,160.0,0.0
10.1149/1.1833611,"10.1149/1.1833611|LiBOB|0.523333|mol/kg|w|0,0.6,0,0,0.4,0,0,0,0,0,0,0,0,0,0,0,0,0,0,0,0,0,0,0,0,0,0,0,0,0,0,0,0,0,0,0,0,0",5,cost_sensitive_budget_policy,0.9329347502607845,0.9330843862683924,0.00014963600760786733,332.15,4,160.0,0.0
10.1149/1.1833611,"10.1149/1.1833611|LiBOB|0.573333|mol/kg|w|0,0.6,0,0,0.4,0,0,0,0,0,0,0,0,0,0,0,0,0,0,0,0,0,0,0,0,0,0,0,0,0,0,0,0,0,0,0,0,0",5,cost_sensitive_budget_policy,0.9406975541556711,0.9391601088684038,0.0015374452872672917,332.15,4,160.0,0.0
10.1149/1.1833611,"10.1149/1.1833611|LiBOB|0.626667|mol/kg|w|0,0.6,0,0,0.4,0,0,0,0,0,0,0,0,0,0,0,0,0,0,0,0,0,0,0,0,0,0,0,0,0,0,0,0,0,0,0,0,0",5,cost_sensitive_budget_policy,0.9447816700811263,0.9448356778456091,5.400776448272193e-05,332.15,4,160.0,0.0
10.1149/1.1833611,"10.1149/1.1833611|LiBOB|0.67|mol/kg|w|0,0.6,0,0,0.4,0,0,0,0,0,0,0,0,0,0,0,0,0,0,0,0,0,0,0,0,0,0,0,0,0,0,0,0,0,0,0,0,0",5,cost_sensitive_budget_policy,0.9451700599086559,0.9460389305281658,0.0008688706195099094,332.15,4,160.0,0.0
10.1149/1.1833611,"10.1149/1.1833611|LiBOB|0.163934|mol/kg|w|0,1,0,0,0,0,0,0,0,0,0,0,0,0,0,0,0,0,0,0,0,0,0,0,0,0,0,0,0,0,0,0,0,0,0,0,0,0",5,cost_sensitive_budget_policy,0.522089789644058,0.5253113370291222,0.003221547385064194,322.35,4,160.0,0.0
10.1149/1.1833611,"10.1149/1.1833611|LiBOB|0.2|mol/kg|w|0,1,0,0,0,0,0,0,0,0,0,0,0,0,0,0,0,0,0,0,0,0,0,0,0,0,0,0,0,0,0,0,0,0,0,0,0,0",5,cost_sensitive_budget_policy,0.6496950212585995,0.6460098221966579,0.0036851990619415353,332.15,4,160.0,0.0
10.1149/1.1833611,"10.1149/1.1833611|LiBOB|0.242623|mol/kg|w|0,1,0,0,0,0,0,0,0,0,0,0,0,0,0,0,0,0,0,0,0,0,0,0,0,0,0,0,0,0,0,0,0,0,0,0,0,0",5,cost_sensitive_budget_policy,0.698257461985226,0.6974664574742926,0.0007910045109333907,332.15,4,160.0,0.0
10.1149/1.1833611,"10.1149/1.1833611|LiBOB|0.278689|mol/kg|w|0,1,0,0,0,0,0,0,0,0,0,0,0,0,0,0,0,0,0,0,0,0,0,0,0,0,0,0,0,0,0,0,0,0,0,0,0,0",5,cost_sensitive_budget_policy,0.7363685082661853,0.7336216101441502,0.002746898122035102,332.15,4,160.0,0.0
10.1149/1.1833611,"10.1149/1.1833611|LiBOB|0.321311|mol/kg|w|0,1,0,0,0,0,0,0,0,0,0,0,0,0,0,0,0,0,0,0,0,0,0,0,0,0,0,0,0,0,0,0,0,0,0,0,0,0",5,cost_sensitive_budget_policy,0.7660330165130792,0.7664474491925419,0.00041443267946272844,332.15,4,160.0,0.0
10.1149/1.1833611,"10.1149/1.1833611|LiBOB|0.370492|mol/kg|w|0,1,0,0,0,0,0,0,0,0,0,0,0,0,0,0,0,0,0,0,0,0,0,0,0,0,0,0,0,0,0,0,0,0,0,0,0,0",5,cost_sensitive_budget_policy,0.5534111620097821,0.5572621140506053,0.0038509520408231968,302.55,4,160.0,0.0
10.1149/1.1833611,"10.1149/1.1833611|LiBOB|0.419672|mol/kg|w|0,1,0,0,0,0,0,0,0,0,0,0,0,0,0,0,0,0,0,0,0,0,0,0,0,0,0,0,0,0,0,0,0,0,0,0,0,0",5,cost_sensitive_budget_policy,0.8173888535359182,0.817922719704298,0.000533866168379804,332.15,4,160.0,0.0
10.1149/1.1833611,"10.1149/1.1833611|LiBOB|0.47541|mol/kg|w|0,1,0,0,0,0,0,0,0,0,0,0,0,0,0,0,0,0,0,0,0,0,0,0,0,0,0,0,0,0,0,0,0,0,0,0,0,0",5,cost_sensitive_budget_policy,0.8352523365799425,0.8373699759013467,0.0021176393214041855,332.15,4,160.0,0.0
10.1149/1.1833611,"10.1149/1.1833611|LiBOB|0.531148|mol/kg|w|0,1,0,0,0,0,0,0,0,0,0,0,0,0,0,0,0,0,0,0,0,0,0,0,0,0,0,0,0,0,0,0,0,0,0,0,0,0",5,cost_sensitive_budget_policy,0.8480303941995317,0.8506220519387588,0.0025916577392270934,332.15,4,160.0,0.0
10.1149/1.1833611,"10.1149/1.1833611|LiBOB|0.659016|mol/kg|w|0,1,0,0,0,0,0,0,0,0,0,0,0,0,0,0,0,0,0,0,0,0,0,0,0,0,0,0,0,0,0,0,0,0,0,0,0,0",5,cost_sensitive_budget_policy,0.8618085310562983,0.8641300739513,0.002321542895001749,332.15,4,160.0,0.0
10.1149/1.1833611,"10.1149/1.1833611|LiBOB|0.727869|mol/kg|w|0,1,0,0,0,0,0,0,0,0,0,0,0,0,0,0,0,0,0,0,0,0,0,0,0,0,0,0,0,0,0,0,0,0,0,0,0,0",5,cost_sensitive_budget_policy,0.8610738912142633,0.8689428781762183,0.007868986961955038,332.15,4,160.0,0.0
10.1149/1.1833611,"10.1149/1.1833611|LiBOB|0.891803|mol/kg|w|0,1,0,0,0,0,0,0,0,0,0,0,0,0,0,0,0,0,0,0,0,0,0,0,0,0,0,0,0,0,0,0,0,0,0,0,0,0",5,cost_sensitive_budget_policy,0.8484631380442306,0.8575428809540433,0.009079742909812727,332.15,4,160.0,0.0
10.1149/1.1833611,"10.1149/1.1833611|LiBOB|0.986885|mol/kg|w|0,1,0,0,0,0,0,0,0,0,0,0,0,0,0,0,0,0,0,0,0,0,0,0,0,0,0,0,0,0,0,0,0,0,0,0,0,0",5,cost_sensitive_budget_policy,0.7433114433267886,0.766736556864003,0.023425113537214437,322.35,4,160.0,0.0
10.1149/1.1833611,"10.1149/1.1833611|LiBOB|0.164865|mol/kg|w|0.7,0.3,0,0,0,0,0,0,0,0,0,0,0,0,0,0,0,0,0,0,0,0,0,0,0,0,0,0,0,0,0,0,0,0,0,0,0,0",5,cost_sensitive_budget_policy,0.6532125137753437,0.6470104813750621,0.00620203240028161,332.15,4,160.0,0.0
10.1149/1.1833611,"10.1149/1.1833611|LiBOB|0.310811|mol/kg|w|0.7,0.3,0,0,0,0,0,0,0,0,0,0,0,0,0,0,0,0,0,0,0,0,0,0,0,0,0,0,0,0,0,0,0,0,0,0,0,0",5,cost_sensitive_budget_policy,0.7495544502191152,0.7503637416987814,0.0008092914796662409,322.35,4,160.0,0.0
10.1149/1.1833611,"10.1149/1.1833611|LiBOB|0.372973|mol/kg|w|0.7,0.3,0,0,0,0,0,0,0,0,0,0,0,0,0,0,0,0,0,0,0,0,0,0,0,0,0,0,0,0,0,0,0,0,0,0,0,0",5,cost_sensitive_budget_policy,0.8541273565846526,0.8561886463086481,0.002061289723995552,332.15,4,160.0,0.0
10.1149/1.1833611,"10.1149/1.1833611|LiBOB|0.497297|mol/kg|w|0.7,0.3,0,0,0,0,0,0,0,0,0,0,0,0,0,0,0,0,0,0,0,0,0,0,0,0,0,0,0,0,0,0,0,0,0,0,0,0",5,cost_sensitive_budget_policy,0.8998848471392512,0.9001899290207611,0.00030508188150990545,332.15,4,160.0,0.0
10.1149/1.1833611,"10.1149/1.1833611|LiBOB|0.571351|mol/kg|w|0.7,0.3,0,0,0,0,0,0,0,0,0,0,0,0,0,0,0,0,0,0,0,0,0,0,0,0,0,0,0,0,0,0,0,0,0,0,0,0",5,cost_sensitive_budget_policy,0.9141252862344557,0.916973726215186,0.002848439980730366,332.15,4,160.0,0.0
10.1149/1.1833611,"10.1149/1.1833611|LiBOB|0.655676|mol/kg|w|0.7,0.3,0,0,0,0,0,0,0,0,0,0,0,0,0,0,0,0,0,0,0,0,0,0,0,0,0,0,0,0,0,0,0,0,0,0,0,0",5,cost_sensitive_budget_policy,0.9215334741036846,0.9261827313382232,0.004649257234538573,332.15,4,160.0,0.0
10.1149/1.1833611,"10.1149/1.1833611|LiBOB|0.752973|mol/kg|w|0.7,0.3,0,0,0,0,0,0,0,0,0,0,0,0,0,0,0,0,0,0,0,0,0,0,0,0,0,0,0,0,0,0,0,0,0,0,0,0",5,cost_sensitive_budget_policy,0.923365942957112,0.9275131805198393,0.0041472375627272795,332.15,4,160.0,0.0
10.1149/1.1833611,"10.1149/1.1833611|LiBOB|0.866486|mol/kg|w|0.7,0.3,0,0,0,0,0,0,0,0,0,0,0,0,0,0,0,0,0,0,0,0,0,0,0,0,0,0,0,0,0,0,0,0,0,0,0,0",5,cost_sensitive_budget_policy,0.9159892139291999,0.9272364277177894,0.011247213788589505,332.15,4,160.0,0.0
10.1149/1.1833611,"10.1149/1.1833611|LiBOB|0.983243|mol/kg|w|0.7,0.3,0,0,0,0,0,0,0,0,0,0,0,0,0,0,0,0,0,0,0,0,0,0,0,0,0,0,0,0,0,0,0,0,0,0,0,0",5,cost_sensitive_budget_policy,0.9027705353510247,0.9263135256422721,0.0235429902912474,332.15,4,160.0,0.0
10.1149/1.1833611,"10.1149/1.1833611|LiBOB|0.15873|mol/kg|w|0.3,0.7,0,0,0,0,0,0,0,0,0,0,0,0,0,0,0,0,0,0,0,0,0,0,0,0,0,0,0,0,0,0,0,0,0,0,0,0",5,cost_sensitive_budget_policy,0.6126997807162147,0.6139776680558395,0.0012778873396248613,332.15,4,160.0,0.0
10.1149/1.1833611,"10.1149/1.1833611|LiBOB|0.250794|mol/kg|w|0.3,0.7,0,0,0,0,0,0,0,0,0,0,0,0,0,0,0,0,0,0,0,0,0,0,0,0,0,0,0,0,0,0,0,0,0,0,0,0",5,cost_sensitive_budget_policy,0.7410336219056128,0.7409698428425358,6.377906307708514e-05,332.15,4,160.0,0.0
10.1149/1.1833611,"10.1149/1.1833611|LiBOB|0.311111|mol/kg|w|0.3,0.7,0,0,0,0,0,0,0,0,0,0,0,0,0,0,0,0,0,0,0,0,0,0,0,0,0,0,0,0,0,0,0,0,0,0,0,0",5,cost_sensitive_budget_policy,0.7947361503963257,0.7954508027524683,0.0007146523561425422,332.15,4,160.0,0.0
10.1149/1.1833611,"10.1149/1.1833611|LiBOB|0.368254|mol/kg|w|0.3,0.7,0,0,0,0,0,0,0,0,0,0,0,0,0,0,0,0,0,0,0,0,0,0,0,0,0,0,0,0,0,0,0,0,0,0,0,0",5,cost_sensitive_budget_policy,0.8311962850875894,0.8291308507941777,0.002065434293411661,332.15,4,160.0,0.0
10.1149/1.1833611,"10.1149/1.1833611|LiBOB|0.425397|mol/kg|w|0.3,0.7,0,0,0,0,0,0,0,0,0,0,0,0,0,0,0,0,0,0,0,0,0,0,0,0,0,0,0,0,0,0,0,0,0,0,0,0",5,cost_sensitive_budget_policy,0.8562780341154737,0.8555255176670657,0.0007525164484079028,332.15,4,160.0,0.0
10.1149/1.1833611,"10.1149/1.1833611|LiBOB|0.488889|mol/kg|w|0.3,0.7,0,0,0,0,0,0,0,0,0,0,0,0,0,0,0,0,0,0,0,0,0,0,0,0,0,0,0,0,0,0,0,0,0,0,0,0",5,cost_sensitive_budget_policy,0.8018655244924775,0.80438223115906,0.0025167066665825466,322.35,4,160.0,0.0
10.1149/1.1833611,"10.1149/1.1833611|LiBOB|0.55873|mol/kg|w|0.3,0.7,0,0,0,0,0,0,0,0,0,0,0,0,0,0,0,0,0,0,0,0,0,0,0,0,0,0,0,0,0,0,0,0,0,0,0,0",5,cost_sensitive_budget_policy,0.8908555305873403,0.8932662959227855,0.002410765335445153,332.15,4,160.0,0.0
10.1149/1.1833611,"10.1149/1.1833611|LiBOB|0.638095|mol/kg|w|0.3,0.7,0,0,0,0,0,0,0,0,0,0,0,0,0,0,0,0,0,0,0,0,0,0,0,0,0,0,0,0,0,0,0,0,0,0,0,0",5,cost_sensitive_budget_policy,0.8995363817937931,0.9019431129451991,0.002406731151405994,332.15,4,160.0,0.0
10.1149/1.1833611,"10.1149/1.1833611|LiBOB|0.733333|mol/kg|w|0.3,0.7,0,0,0,0,0,0,0,0,0,0,0,0,0,0,0,0,0,0,0,0,0,0,0,0,0,0,0,0,0,0,0,0,0,0,0,0",5,cost_sensitive_budget_policy,0.9024124123314328,0.9080796673241169,0.0056672549926841675,332.15,4,160.0,0.0
10.1149/1.1833611,"10.1149/1.1833611|LiBOB|0.955556|mol/kg|w|0.3,0.7,0,0,0,0,0,0,0,0,0,0,0,0,0,0,0,0,0,0,0,0,0,0,0,0,0,0,0,0,0,0,0,0,0,0,0,0",5,cost_sensitive_budget_policy,0.8868167361072647,0.8929165090062423,0.006099772898977562,332.15,4,160.0,0.0
10.1149/1.1833611,"10.1149/1.1833611|LiBOB|1.06349|mol/kg|w|0.3,0.7,0,0,0,0,0,0,0,0,0,0,0,0,0,0,0,0,0,0,0,0,0,0,0,0,0,0,0,0,0,0,0,0,0,0,0,0",5,cost_sensitive_budget_policy,0.8715345480544757,0.8781785716752062,0.006644023620730466,332.15,4,160.0,0.0
10.1149/1.1833611,"10.1149/1.1833611|LiBOB|0.151351|mol/kg|w|0.6,0.4,0,0,0,0,0,0,0,0,0,0,0,0,0,0,0,0,0,0,0,0,0,0,0,0,0,0,0,0,0,0,0,0,0,0,0,0",5,cost_sensitive_budget_policy,0.6146491186545956,0.6116762791990296,0.0029728394555660342,332.15,4,160.0,0.0
10.1149/1.1833611,"10.1149/1.1833611|LiBOB|0.356757|mol/kg|w|0.6,0.4,0,0,0,0,0,0,0,0,0,0,0,0,0,0,0,0,0,0,0,0,0,0,0,0,0,0,0,0,0,0,0,0,0,0,0,0",5,cost_sensitive_budget_policy,0.8395889452368733,0.8373434558207835,0.0022454894160898187,332.15,4,160.0,0.0
10.1149/1.1833611,"10.1149/1.1833611|LiBOB|0.418919|mol/kg|w|0.6,0.4,0,0,0,0,0,0,0,0,0,0,0,0,0,0,0,0,0,0,0,0,0,0,0,0,0,0,0,0,0,0,0,0,0,0,0,0",5,cost_sensitive_budget_policy,0.8681948044284015,0.86865247211664,0.00045766768823851667,332.15,4,160.0,0.0
10.1149/1.1833611,"10.1149/1.1833611|LiBOB|0.486486|mol/kg|w|0.6,0.4,0,0,0,0,0,0,0,0,0,0,0,0,0,0,0,0,0,0,0,0,0,0,0,0,0,0,0,0,0,0,0,0,0,0,0,0",5,cost_sensitive_budget_policy,0.8884768314673185,0.8921023754824666,0.003625544015148141,332.15,4,160.0,0.0
10.1149/1.1833611,"10.1149/1.1833611|LiBOB|0.564865|mol/kg|w|0.6,0.4,0,0,0,0,0,0,0,0,0,0,0,0,0,0,0,0,0,0,0,0,0,0,0,0,0,0,0,0,0,0,0,0,0,0,0,0",5,cost_sensitive_budget_policy,0.9046837300144092,0.9059607845380269,0.0012770545236177044,332.15,4,160.0,0.0
10.1149/1.1833611,"10.1149/1.1833611|LiBOB|0.651351|mol/kg|w|0.6,0.4,0,0,0,0,0,0,0,0,0,0,0,0,0,0,0,0,0,0,0,0,0,0,0,0,0,0,0,0,0,0,0,0,0,0,0,0",5,cost_sensitive_budget_policy,0.9125658788633235,0.9168344398256036,0.004268560962280121,332.15,4,160.0,0.0
10.1149/1.1833611,"10.1149/1.1833611|LiBOB|0.875676|mol/kg|w|0.6,0.4,0,0,0,0,0,0,0,0,0,0,0,0,0,0,0,0,0,0,0,0,0,0,0,0,0,0,0,0,0,0,0,0,0,0,0,0",5,cost_sensitive_budget_policy,0.9062716457559425,0.9137821930900241,0.007510547334081519,332.15,4,160.0,0.0
10.1149/1.1833611,"10.1149/1.1833611|LiBOB|0.997297|mol/kg|w|0.6,0.4,0,0,0,0,0,0,0,0,0,0,0,0,0,0,0,0,0,0,0,0,0,0,0,0,0,0,0,0,0,0,0,0,0,0,0,0",5,cost_sensitive_budget_policy,0.8934027196018733,0.9016453352725502,0.008242615670676856,332.15,4,160.0,0.0
10.1149/1.1833611,"10.1149/1.1833611|LiBOB|1.11892|mol/kg|w|0.6,0.4,0,0,0,0,0,0,0,0,0,0,0,0,0,0,0,0,0,0,0,0,0,0,0,0,0,0,0,0,0,0,0,0,0,0,0,0",5,cost_sensitive_budget_policy,0.871641604157595,0.8862559737545486,0.014614369596953614,332.15,4,160.0,0.0
10.1149/1.1833611,"10.1149/1.1833611|LiBOB|0.0285714|mol/kg|w|0,0.5,0,0,0.5,0,0,0,0,0,0,0,0,0,0,0,0,0,0,0,0,0,0,0,0,0,0,0,0,0,0,0,0,0,0,0,0,0",5,cost_sensitive_budget_policy,0.04050121485602134,0.03903102830649319,0.0014701865495281505,332.15,4,160.0,0.0
10.1149/1.1833611,"10.1149/1.1833611|LiBOB|0.052381|mol/kg|w|0,0.5,0,0,0.5,0,0,0,0,0,0,0,0,0,0,0,0,0,0,0,0,0,0,0,0,0,0,0,0,0,0,0,0,0,0,0,0,0",5,cost_sensitive_budget_policy,0.27437780090353575,0.2691534624787363,0.005224338424799468,332.15,4,160.0,0.0
10.1149/1.1833611,"10.1149/1.1833611|LiBOB|0.0714286|mol/kg|w|0,0.5,0,0,0.5,0,0,0,0,0,0,0,0,0,0,0,0,0,0,0,0,0,0,0,0,0,0,0,0,0,0,0,0,0,0,0,0,0",5,cost_sensitive_budget_policy,0.3806192215096623,0.37716799431430936,0.003451227195352957,332.15,4,160.0,0.0
10.1149/1.1833611,"10.1149/1.1833611|LiBOB|0.0952381|mol/kg|w|0,0.5,0,0,0.5,0,0,0,0,0,0,0,0,0,0,0,0,0,0,0,0,0,0,0,0,0,0,0,0,0,0,0,0,0,0,0,0,0",5,cost_sensitive_budget_policy,0.4734778232155228,0.47565976868360094,0.0021819454680781503,332.15,4,160.0,0.0
10.1149/1.1833611,"10.1149/1.1833611|LiBOB|0.138095|mol/kg|w|0,0.5,0,0,0.5,0,0,0,0,0,0,0,0,0,0,0,0,0,0,0,0,0,0,0,0,0,0,0,0,0,0,0,0,0,0,0,0,0",5,cost_sensitive_budget_policy,0.6038251425238906,0.5976023980665461,0.006222744457344498,332.15,4,160.0,0.0
10.1149/1.1833611,"10.1149/1.1833611|LiBOB|0.195238|mol/kg|w|0,0.5,0,0,0.5,0,0,0,0,0,0,0,0,0,0,0,0,0,0,0,0,0,0,0,0,0,0,0,0,0,0,0,0,0,0,0,0,0",5,cost_sensitive_budget_policy,0.7036253306758419,0.6919788341230574,0.011646496552784491,332.15,4,160.0,0.0
10.1149/1.1833611,"10.1149/1.1833611|LiBOB|0.233333|mol/kg|w|0,0.5,0,0,0.5,0,0,0,0,0,0,0,0,0,0,0,0,0,0,0,0,0,0,0,0,0,0,0,0,0,0,0,0,0,0,0,0,0",5,cost_sensitive_budget_policy,0.7458688739869638,0.7437782727272528,0.0020906012597109447,332.15,4,160.0,0.0
10.1149/1.1833611,"10.1149/1.1833611|LiBOB|0.271429|mol/kg|w|0,0.5,0,0,0.5,0,0,0,0,0,0,0,0,0,0,0,0,0,0,0,0,0,0,0,0,0,0,0,0,0,0,0,0,0,0,0,0,0",5,cost_sensitive_budget_policy,0.7843652120927994,0.783152901162108,0.001212310930691407,332.15,4,160.0,0.0
10.1149/1.1833611,"10.1149/1.1833611|LiBOB|0.309524|mol/kg|w|0,0.5,0,0,0.5,0,0,0,0,0,0,0,0,0,0,0,0,0,0,0,0,0,0,0,0,0,0,0,0,0,0,0,0,0,0,0,0,0",5,cost_sensitive_budget_policy,0.8162496087282435,0.8160564459879194,0.0001931627403241043,332.15,4,160.0,0.0
10.1149/1.1833611,"10.1149/1.1833611|LiBOB|0.438095|mol/kg|w|0,0.5,0,0,0.5,0,0,0,0,0,0,0,0,0,0,0,0,0,0,0,0,0,0,0,0,0,0,0,0,0,0,0,0,0,0,0,0,0",5,cost_sensitive_budget_policy,0.8880006290618762,0.8886776577575287,0.0006770286956525595,332.15,4,160.0,0.0
10.1149/1.1833611,"10.1149/1.1833611|LiBOB|0.590476|mol/kg|w|0,0.5,0,0,0.5,0,0,0,0,0,0,0,0,0,0,0,0,0,0,0,0,0,0,0,0,0,0,0,0,0,0,0,0,0,0,0,0,0",5,cost_sensitive_budget_policy,0.9227735711094729,0.9223979813468925,0.0003755897625803417,332.15,4,160.0,0.0
10.1149/1.1833611,"10.1149/1.1833611|LiBOB|0.0375|mol/kg|w|0,0.7,0,0,0.3,0,0,0,0,0,0,0,0,0,0,0,0,0,0,0,0,0,0,0,0,0,0,0,0,0,0,0,0,0,0,0,0,0",5,cost_sensitive_budget_policy,0.17363066058698706,0.1636224583345557,0.010008202252431375,332.15,4,160.0,0.0
10.1149/1.1833611,"10.1149/1.1833611|LiBOB|0.078125|mol/kg|w|0,0.7,0,0,0.3,0,0,0,0,0,0,0,0,0,0,0,0,0,0,0,0,0,0,0,0,0,0,0,0,0,0,0,0,0,0,0,0,0",5,cost_sensitive_budget_policy,0.43326797104906706,0.4289098337279955,0.004358137321071542,332.15,4,160.0,0.0
10.1149/1.1833611,"10.1149/1.1833611|LiBOB|0.10625|mol/kg|w|0,0.7,0,0,0.3,0,0,0,0,0,0,0,0,0,0,0,0,0,0,0,0,0,0,0,0,0,0,0,0,0,0,0,0,0,0,0,0,0",5,cost_sensitive_budget_policy,0.5387781558284613,0.5302100278806468,0.008568127947814586,332.15,4,160.0,0.0
10.1149/1.1833611,"10.1149/1.1833611|LiBOB|0.13125|mol/kg|w|0,0.7,0,0,0.3,0,0,0,0,0,0,0,0,0,0,0,0,0,0,0,0,0,0,0,0,0,0,0,0,0,0,0,0,0,0,0,0,0",5,cost_sensitive_budget_policy,0.6129633543113681,0.6077989949334104,0.005164359377957672,332.15,4,160.0,0.0
10.1149/1.1833611,"10.1149/1.1833611|LiBOB|0.159375|mol/kg|w|0,0.7,0,0,0.3,0,0,0,0,0,0,0,0,0,0,0,0,0,0,0,0,0,0,0,0,0,0,0,0,0,0,0,0,0,0,0,0,0",5,cost_sensitive_budget_policy,0.6731927842962409,0.6669890300702871,0.0062037542259537615,332.15,4,160.0,0.0
10.1149/1.1833611,"10.1149/1.1833611|LiBOB|0.1875|mol/kg|w|0,0.7,0,0,0.3,0,0,0,0,0,0,0,0,0,0,0,0,0,0,0,0,0,0,0,0,0,0,0,0,0,0,0,0,0,0,0,0,0",5,cost_sensitive_budget_policy,0.71769870485407,0.7109413094743798,0.006757395379690112,332.15,4,160.0,0.0
10.1149/1.1833611,"10.1149/1.1833611|LiBOB|0.21875|mol/kg|w|0,0.7,0,0,0.3,0,0,0,0,0,0,0,0,0,0,0,0,0,0,0,0,0,0,0,0,0,0,0,0,0,0,0,0,0,0,0,0,0",5,cost_sensitive_budget_policy,0.7580646886110975,0.7568005177559103,0.0012641708551872632,332.15,4,160.0,0.0
10.1149/1.1833611,"10.1149/1.1833611|LiBOB|0.25625|mol/kg|w|0,0.7,0,0,0.3,0,0,0,0,0,0,0,0,0,0,0,0,0,0,0,0,0,0,0,0,0,0,0,0,0,0,0,0,0,0,0,0,0",5,cost_sensitive_budget_policy,0.7973497124471525,0.7959559445072731,0.0013937679398793312,332.15,4,160.0,0.0
10.1149/1.1833611,"10.1149/1.1833611|LiBOB|0.29375|mol/kg|w|0,0.7,0,0,0.3,0,0,0,0,0,0,0,0,0,0,0,0,0,0,0,0,0,0,0,0,0,0,0,0,0,0,0,0,0,0,0,0,0",5,cost_sensitive_budget_policy,0.8290310604402732,0.8262845589014893,0.002746501538783863,332.15,4,160.0,0.0
10.1149/1.1833611,"10.1149/1.1833611|LiBOB|0.3375|mol/kg|w|0,0.7,0,0,0.3,0,0,0,0,0,0,0,0,0,0,0,0,0,0,0,0,0,0,0,0,0,0,0,0,0,0,0,0,0,0,0,0,0",5,cost_sensitive_budget_policy,0.856513844952637,0.8579545895757812,0.0014407446231441412,332.15,4,160.0,0.0
10.1149/1.1833611,"10.1149/1.1833611|LiBOB|0.38125|mol/kg|w|0,0.7,0,0,0.3,0,0,0,0,0,0,0,0,0,0,0,0,0,0,0,0,0,0,0,0,0,0,0,0,0,0,0,0,0,0,0,0,0",5,cost_sensitive_budget_policy,0.8784828470758402,0.8779830164544964,0.0004998306213438442,332.15,4,160.0,0.0
10.1149/1.1833611,"10.1149/1.1833611|LiBOB|0.428125|mol/kg|w|0,0.7,0,0,0.3,0,0,0,0,0,0,0,0,0,0,0,0,0,0,0,0,0,0,0,0,0,0,0,0,0,0,0,0,0,0,0,0,0",5,cost_sensitive_budget_policy,0.5870828353964056,0.5879145351058224,0.0008316997094167666,292.65,4,160.0,0.0
10.1149/1.1833611,"10.1149/1.1833611|LiBOB|0.475|mol/kg|w|0,0.7,0,0,0.3,0,0,0,0,0,0,0,0,0,0,0,0,0,0,0,0,0,0,0,0,0,0,0,0,0,0,0,0,0,0,0,0,0",5,cost_sensitive_budget_policy,0.9085758849563462,0.9091800118115918,0.0006041268552455792,332.15,4,160.0,0.0
10.1149/1.1833611,"10.1149/1.1833611|LiBOB|0.52375|mol/kg|w|0,0.7,0,0,0.3,0,0,0,0,0,0,0,0,0,0,0,0,0,0,0,0,0,0,0,0,0,0,0,0,0,0,0,0,0,0,0,0,0",5,cost_sensitive_budget_policy,0.9189893975086663,0.9179335473447512,0.001055850163915073,332.15,4,160.0,0.0
10.1149/1.1833611,"10.1149/1.1833611|LiBOB|0.58|mol/kg|w|0,0.7,0,0,0.3,0,0,0,0,0,0,0,0,0,0,0,0,0,0,0,0,0,0,0,0,0,0,0,0,0,0,0,0,0,0,0,0,0",5,cost_sensitive_budget_policy,0.9232264504412505,0.9253109968042925,0.002084546363042006,332.15,4,160.0,0.0
10.1149/1.1833611,"10.1149/1.1833611|LiBOB|0.64|mol/kg|w|0,0.7,0,0,0.3,0,0,0,0,0,0,0,0,0,0,0,0,0,0,0,0,0,0,0,0,0,0,0,0,0,0,0,0,0,0,0,0,0",5,cost_sensitive_budget_policy,0.9274225650243936,0.9293381140978372,0.001915549073443601,332.15,4,160.0,0.0
10.1149/1.1833611,"10.1149/1.1833611|LiBOB|0.70375|mol/kg|w|0,0.7,0,0,0.3,0,0,0,0,0,0,0,0,0,0,0,0,0,0,0,0,0,0,0,0,0,0,0,0,0,0,0,0,0,0,0,0,0",5,cost_sensitive_budget_policy,0.925329575523757,0.9261854545638781,0.000855879040121077,332.15,4,160.0,0.0
10.1149/1.1833611,"10.1149/1.1833611|LiBOB|0.75625|mol/kg|w|0,0.7,0,0,0.3,0,0,0,0,0,0,0,0,0,0,0,0,0,0,0,0,0,0,0,0,0,0,0,0,0,0,0,0,0,0,0,0,0",5,cost_sensitive_budget_policy,0.9189893975086663,0.9234064829531625,0.00441708544449626,332.15,4,160.0,0.0
10.1149/1.1833611,"10.1149/1.1833611|LiBOB|0.235294|mol/kg|w|0,1,0,0,0,0,0,0,0,0,0,0,0,0,0,0,0,0,0,0,0,0,0,0,0,0,0,0,0,0,0,0,0,0,0,0,0,0",5,cost_sensitive_budget_policy,0.7072953931586318,0.7089766730221081,0.001681279863476326,332.15,4,160.0,0.0
10.1149/1.1833611,"10.1149/1.1833611|LiBOB|0.35|mol/kg|w|0,1,0,0,0,0,0,0,0,0,0,0,0,0,0,0,0,0,0,0,0,0,0,0,0,0,0,0,0,0,0,0,0,0,0,0,0,0",5,cost_sensitive_budget_policy,0.7964400360869989,0.8011809444549289,0.004740908367930063,332.15,4,160.0,0.0
10.1149/1.1833611,"10.1149/1.1833611|LiBOB|0.408824|mol/kg|w|0,1,0,0,0,0,0,0,0,0,0,0,0,0,0,0,0,0,0,0,0,0,0,0,0,0,0,0,0,0,0,0,0,0,0,0,0,0",5,cost_sensitive_budget_policy,0.3411472188528036,0.3727684351055318,0.031621216252728235,282.85,4,160.0,0.0
10.1149/1.1833611,"10.1149/1.1833611|LiBOB|0.470588|mol/kg|w|0,1,0,0,0,0,0,0,0,0,0,0,0,0,0,0,0,0,0,0,0,0,0,0,0,0,0,0,0,0,0,0,0,0,0,0,0,0",5,cost_sensitive_budget_policy,0.8470947998002147,0.84842453258626,0.0013297327860453123,332.15,4,160.0,0.0
10.1149/1.1833611,"10.1149/1.1833611|LiBOB|0.541176|mol/kg|w|0,1,0,0,0,0,0,0,0,0,0,0,0,0,0,0,0,0,0,0,0,0,0,0,0,0,0,0,0,0,0,0,0,0,0,0,0,0",5,cost_sensitive_budget_policy,0.8627467453342664,0.8663896146856189,0.0036428693513524957,332.15,4,160.0,0.0
10.1149/1.1833611,"10.1149/1.1833611|LiBOB|0.829412|mol/kg|w|0,1,0,0,0,0,0,0,0,0,0,0,0,0,0,0,0,0,0,0,0,0,0,0,0,0,0,0,0,0,0,0,0,0,0,0,0,0",5,cost_sensitive_budget_policy,0.8741262910716027,0.8832691727169473,0.009142881645344603,332.15,4,160.0,0.0
10.1149/1.1833611,"10.1149/1.1833611|LiBOB|0.935294|mol/kg|w|0,1,0,0,0,0,0,0,0,0,0,0,0,0,0,0,0,0,0,0,0,0,0,0,0,0,0,0,0,0,0,0,0,0,0,0,0,0",5,cost_sensitive_budget_policy,0.8665731531852291,0.8724600931341353,0.005886939948906211,332.15,4,160.0,0.0
10.1149/1.1833611,"10.1149/1.1833611|LiBOB|0.0528302|mol/kg|w|0,0.4,0,0,0.6,0,0,0,0,0,0,0,0,0,0,0,0,0,0,0,0,0,0,0,0,0,0,0,0,0,0,0,0,0,0,0,0,0",5,cost_sensitive_budget_policy,0.2208106884744153,0.19465072956490825,0.026159958909507036,322.35,4,160.0,0.0
10.1149/1.1833611,"10.1149/1.1833611|LiBOB|0.0679245|mol/kg|w|0,0.4,0,0,0.6,0,0,0,0,0,0,0,0,0,0,0,0,0,0,0,0,0,0,0,0,0,0,0,0,0,0,0,0,0,0,0,0,0",5,cost_sensitive_budget_policy,0.3485065413259138,0.3469546475963019,0.0015518937296118973,332.15,4,160.0,0.0
10.1149/1.1833611,"10.1149/1.1833611|LiBOB|0.0830189|mol/kg|w|0,0.4,0,0,0.6,0,0,0,0,0,0,0,0,0,0,0,0,0,0,0,0,0,0,0,0,0,0,0,0,0,0,0,0,0,0,0,0,0",5,cost_sensitive_budget_policy,0.32335655616648623,0.31937942519410323,0.003977130972383003,312.45,4,160.0,0.0
10.1149/1.1833611,"10.1149/1.1833611|LiBOB|0.10566|mol/kg|w|0,0.4,0,0,0.6,0,0,0,0,0,0,0,0,0,0,0,0,0,0,0,0,0,0,0,0,0,0,0,0,0,0,0,0,0,0,0,0,0",5,cost_sensitive_budget_policy,0.4943346498405031,0.49179079232669143,0.002543857513811698,332.15,4,160.0,0.0
10.1149/1.1833611,"10.1149/1.1833611|LiBOB|0.128302|mol/kg|w|0,0.4,0,0,0.6,0,0,0,0,0,0,0,0,0,0,0,0,0,0,0,0,0,0,0,0,0,0,0,0,0,0,0,0,0,0,0,0,0",5,cost_sensitive_budget_policy,0.5570822038534365,0.5578789799205129,0.000796776067076399,332.15,4,160.0,0.0
10.1149/1.1833611,"10.1149/1.1833611|LiBOB|0.154717|mol/kg|w|0,0.4,0,0,0.6,0,0,0,0,0,0,0,0,0,0,0,0,0,0,0,0,0,0,0,0,0,0,0,0,0,0,0,0,0,0,0,0,0",5,cost_sensitive_budget_policy,0.6161277723351913,0.6134174399986149,0.002710332336576471,332.15,4,160.0,0.0
10.1149/1.1833611,"10.1149/1.1833611|LiBOB|0.184906|mol/kg|w|0,0.4,0,0,0.6,0,0,0,0,0,0,0,0,0,0,0,0,0,0,0,0,0,0,0,0,0,0,0,0,0,0,0,0,0,0,0,0,0",5,cost_sensitive_budget_policy,0.6680261888798529,0.6684939842621571,0.0004677953823042369,332.15,4,160.0,0.0
10.1149/1.1833611,"10.1149/1.1833611|LiBOB|0.218868|mol/kg|w|0,0.4,0,0,0.6,0,0,0,0,0,0,0,0,0,0,0,0,0,0,0,0,0,0,0,0,0,0,0,0,0,0,0,0,0,0,0,0,0",5,cost_sensitive_budget_policy,0.7143149090514236,0.7113727738014138,0.0029421352500097475,332.15,4,160.0,0.0
10.1149/1.1833611,"10.1149/1.1833611|LiBOB|0.381132|mol/kg|w|0,0.4,0,0,0.6,0,0,0,0,0,0,0,0,0,0,0,0,0,0,0,0,0,0,0,0,0,0,0,0,0,0,0,0,0,0,0,0,0",5,cost_sensitive_budget_policy,0.8415237770901847,0.8419946563361583,0.0004708792459736655,332.15,4,160.0,0.0
10.1149/1.1833611,"10.1149/1.1833611|LiBOB|0.430189|mol/kg|w|0,0.4,0,0,0.6,0,0,0,0,0,0,0,0,0,0,0,0,0,0,0,0,0,0,0,0,0,0,0,0,0,0,0,0,0,0,0,0,0",5,cost_sensitive_budget_policy,0.8633205693002606,0.8638400870749449,0.0005195177746842861,332.15,4,160.0,0.0
10.1149/1.1833611,"10.1149/1.1833611|LiBOB|0.483019|mol/kg|w|0,0.4,0,0,0.6,0,0,0,0,0,0,0,0,0,0,0,0,0,0,0,0,0,0,0,0,0,0,0,0,0,0,0,0,0,0,0,0,0",5,cost_sensitive_budget_policy,0.8817104229194349,0.8817250635980812,1.4640678646316019e-05,332.15,4,160.0,0.0
10.1149/1.1833611,"10.1149/1.1833611|LiBOB|0.528302|mol/kg|w|0,0.4,0,0,0.6,0,0,0,0,0,0,0,0,0,0,0,0,0,0,0,0,0,0,0,0,0,0,0,0,0,0,0,0,0,0,0,0,0",5,cost_sensitive_budget_policy,0.8926816522271562,0.8924083924362245,0.0002732597909317347,332.15,4,160.0,0.0
10.1149/1.1833611,"10.1149/1.1833611|LiBOB|0.0740741|mol/kg|w|0,0.3,0,0,0.7,0,0,0,0,0,0,0,0,0,0,0,0,0,0,0,0,0,0,0,0,0,0,0,0,0,0,0,0,0,0,0,0,0",5,cost_sensitive_budget_policy,0.3010299956639812,0.29487565135185734,0.006154344312123861,332.15,4,160.0,0.0
10.1149/1.1833611,"10.1149/1.1833611|LiBOB|0.0888889|mol/kg|w|0,0.3,0,0,0.7,0,0,0,0,0,0,0,0,0,0,0,0,0,0,0,0,0,0,0,0,0,0,0,0,0,0,0,0,0,0,0,0,0",5,cost_sensitive_budget_policy,0.3667087712622437,0.3587314677992812,0.007977303462962493,332.15,4,160.0,0.0
10.1149/1.1833611,"10.1149/1.1833611|LiBOB|0.107407|mol/kg|w|0,0.3,0,0,0.7,0,0,0,0,0,0,0,0,0,0,0,0,0,0,0,0,0,0,0,0,0,0,0,0,0,0,0,0,0,0,0,0,0",5,cost_sensitive_budget_policy,0.4237472721981457,0.41494035403728324,0.008806918160862431,332.15,4,160.0,0.0
10.1149/1.1833611,"10.1149/1.1833611|LiBOB|0.125926|mol/kg|w|0,0.3,0,0,0.7,0,0,0,0,0,0,0,0,0,0,0,0,0,0,0,0,0,0,0,0,0,0,0,0,0,0,0,0,0,0,0,0,0",5,cost_sensitive_budget_policy,0.4858951790561205,0.48215363291223234,0.0037415461438881636,332.15,4,160.0,0.0
10.1149/1.1833611,"10.1149/1.1833611|LiBOB|0.17037|mol/kg|w|0,0.3,0,0,0.7,0,0,0,0,0,0,0,0,0,0,0,0,0,0,0,0,0,0,0,0,0,0,0,0,0,0,0,0,0,0,0,0,0",5,cost_sensitive_budget_policy,0.5839617692490267,0.5850638285448588,0.0011020592958321807,332.15,4,160.0,0.0
10.1149/1.1833611,"10.1149/1.1833611|LiBOB|0.196296|mol/kg|w|0,0.3,0,0,0.7,0,0,0,0,0,0,0,0,0,0,0,0,0,0,0,0,0,0,0,0,0,0,0,0,0,0,0,0,0,0,0,0,0",5,cost_sensitive_budget_policy,0.6320232147343586,0.6274401087394393,0.00458310599491929,332.15,4,160.0,0.0
10.1149/1.1833611,"10.1149/1.1833611|LiBOB|0.222222|mol/kg|w|0,0.3,0,0,0.7,0,0,0,0,0,0,0,0,0,0,0,0,0,0,0,0,0,0,0,0,0,0,0,0,0,0,0,0,0,0,0,0,0",5,cost_sensitive_budget_policy,0.6677387669262249,0.6613806808510839,0.0063580860751409896,332.15,4,160.0,0.0
10.1149/1.1833611,"10.1149/1.1833611|LiBOB|0.251852|mol/kg|w|0,0.3,0,0,0.7,0,0,0,0,0,0,0,0,0,0,0,0,0,0,0,0,0,0,0,0,0,0,0,0,0,0,0,0,0,0,0,0,0",5,cost_sensitive_budget_policy,0.7007390270519149,0.7012529482851738,0.000513921233258885,332.15,4,160.0,0.0
10.1149/1.1833611,"10.1149/1.1833611|LiBOB|0.314815|mol/kg|w|0,0.3,0,0,0.7,0,0,0,0,0,0,0,0,0,0,0,0,0,0,0,0,0,0,0,0,0,0,0,0,0,0,0,0,0,0,0,0,0",5,cost_sensitive_budget_policy,0.7077439286157291,0.6905417642510465,0.01720216436468258,322.35,4,160.0,0.0
10.1149/1.1833611,"10.1149/1.1833611|LiBOB|0.348148|mol/kg|w|0,0.3,0,0,0.7,0,0,0,0,0,0,0,0,0,0,0,0,0,0,0,0,0,0,0,0,0,0,0,0,0,0,0,0,0,0,0,0,0",5,cost_sensitive_budget_policy,0.675291904903569,0.6599657028839041,0.015326202019664947,312.45,4,160.0,0.0
10.1149/1.1833611,"10.1149/1.1833611|LiBOB|0.388889|mol/kg|w|0,0.3,0,0,0.7,0,0,0,0,0,0,0,0,0,0,0,0,0,0,0,0,0,0,0,0,0,0,0,0,0,0,0,0,0,0,0,0,0",5,cost_sensitive_budget_policy,0.8067335680239547,0.8031925876864084,0.00354098033754624,332.15,4,160.0,0.0
10.1149/1.1833611,"10.1149/1.1833611|LiBOB|0.150725|mol/kg|w|0.4,0.6,0,0,0,0,0,0,0,0,0,0,0,0,0,0,0,0,0,0,0,0,0,0,0,0,0,0,0,0,0,0,0,0,0,0,0,0",5,cost_sensitive_budget_policy,0.5994124669909516,0.6010874309331788,0.0016749639422272145,332.15,4,160.0,0.0025
10.1149/1.1833611,"10.1149/1.1833611|LiBOB|0.24058|mol/kg|w|0.4,0.6,0,0,0,0,0,0,0,0,0,0,0,0,0,0,0,0,0,0,0,0,0,0,0,0,0,0,0,0,0,0,0,0,0,0,0,0",5,cost_sensitive_budget_policy,0.7385685784219824,0.7367272424719298,0.0018413359500526472,332.15,4,160.0,0.0025
10.1149/1.1833611,"10.1149/1.1833611|LiBOB|0.304348|mol/kg|w|0.4,0.6,0,0,0,0,0,0,0,0,0,0,0,0,0,0,0,0,0,0,0,0,0,0,0,0,0,0,0,0,0,0,0,0,0,0,0,0",5,cost_sensitive_budget_policy,0.7907577804783202,0.7999141535844791,0.00915637310615891,332.15,4,160.0,0.0025
10.1149/1.1833611,"10.1149/1.1833611|LiBOB|0.362319|mol/kg|w|0.4,0.6,0,0,0,0,0,0,0,0,0,0,0,0,0,0,0,0,0,0,0,0,0,0,0,0,0,0,0,0,0,0,0,0,0,0,0,0",5,cost_sensitive_budget_policy,0.8270948457750013,0.8290024201809971,0.001907574405995871,332.15,4,160.0,0.0025
10.1149/1.1833611,"10.1149/1.1833611|LiBOB|0.484058|mol/kg|w|0.4,0.6,0,0,0,0,0,0,0,0,0,0,0,0,0,0,0,0,0,0,0,0,0,0,0,0,0,0,0,0,0,0,0,0,0,0,0,0",5,cost_sensitive_budget_policy,0.8733388121512187,0.8754922832524683,0.0021534711012496377,332.15,4,160.0,0.0025
10.1149/1.1833611,"10.1149/1.1833611|LiBOB|0.553623|mol/kg|w|0.4,0.6,0,0,0,0,0,0,0,0,0,0,0,0,0,0,0,0,0,0,0,0,0,0,0,0,0,0,0,0,0,0,0,0,0,0,0,0",5,cost_sensitive_budget_policy,0.8874573667002804,0.8928177121665581,0.005360345466277727,332.15,4,160.0,0.0025
10.1149/1.1833611,"10.1149/1.1833611|LiBOB|0.637681|mol/kg|w|0.4,0.6,0,0,0,0,0,0,0,0,0,0,0,0,0,0,0,0,0,0,0,0,0,0,0,0,0,0,0,0,0,0,0,0,0,0,0,0",5,cost_sensitive_budget_policy,0.8956926603779694,0.9028782478082158,0.007185587430246443,332.15,4,160.0,0.0025
10.1149/1.1833611,"10.1149/1.1833611|LiBOB|0.733333|mol/kg|w|0.4,0.6,0,0,0,0,0,0,0,0,0,0,0,0,0,0,0,0,0,0,0,0,0,0,0,0,0,0,0,0,0,0,0,0,0,0,0,0",5,cost_sensitive_budget_policy,0.8983948658042163,0.9071051557812038,0.008710289976987418,332.15,4,160.0,0.0025
10.1149/1.1833611,"10.1149/1.1833611|LiBOB|0.843478|mol/kg|w|0.4,0.6,0,0,0,0,0,0,0,0,0,0,0,0,0,0,0,0,0,0,0,0,0,0,0,0,0,0,0,0,0,0,0,0,0,0,0,0",5,cost_sensitive_budget_policy,0.8920633652148822,0.9016510005770917,0.009587635362209523,332.15,4,160.0,0.0025
10.1149/1.1833611,"10.1149/1.1833611|LiBOB|0.956522|mol/kg|w|0.4,0.6,0,0,0,0,0,0,0,0,0,0,0,0,0,0,0,0,0,0,0,0,0,0,0,0,0,0,0,0,0,0,0,0,0,0,0,0",5,cost_sensitive_budget_policy,0.8782574456656309,0.8956961089211573,0.017438663255526343,332.15,4,160.0,0.0025
10.1149/1.1833611,"10.1149/1.1833611|LiBOB|1.06957|mol/kg|w|0.4,0.6,0,0,0,0,0,0,0,0,0,0,0,0,0,0,0,0,0,0,0,0,0,0,0,0,0,0,0,0,0,0,0,0,0,0,0,0",5,cost_sensitive_budget_policy,0.8582114300486811,0.8790571776163365,0.020845747567655448,332.15,4,160.0,0.0025
10.1149/1.1833611,"10.1149/1.1833611|LiBOB|0.0333333|mol/kg|w|0,0.6,0,0,0.4,0,0,0,0,0,0,0,0,0,0,0,0,0,0,0,0,0,0,0,0,0,0,0,0,0,0,0,0,0,0,0,0,0",5,cost_sensitive_budget_policy,0.16489335930822416,0.16330135622237596,0.0015920030858481982,332.15,4,160.0,0.0025
10.1149/1.1833611,"10.1149/1.1833611|LiBOB|0.0733333|mol/kg|w|0,0.6,0,0,0.4,0,0,0,0,0,0,0,0,0,0,0,0,0,0,0,0,0,0,0,0,0,0,0,0,0,0,0,0,0,0,0,0,0",5,cost_sensitive_budget_policy,0.4380386520683107,0.4298175292586395,0.008221122809671244,332.15,4,160.0,0.0025
10.1149/1.1833611,"10.1149/1.1833611|LiBOB|0.103333|mol/kg|w|0,0.6,0,0,0.4,0,0,0,0,0,0,0,0,0,0,0,0,0,0,0,0,0,0,0,0,0,0,0,0,0,0,0,0,0,0,0,0,0",5,cost_sensitive_budget_policy,0.5408979976175841,0.536208989445672,0.00468900817191209,332.15,4,160.0,0.0025
10.1149/1.1833611,"10.1149/1.1833611|LiBOB|0.13|mol/kg|w|0,0.6,0,0,0.4,0,0,0,0,0,0,0,0,0,0,0,0,0,0,0,0,0,0,0,0,0,0,0,0,0,0,0,0,0,0,0,0,0",5,cost_sensitive_budget_policy,0.503584357517213,0.49981837502248183,0.003765982494731146,312.45,4,160.0,0.0025
10.1149/1.1833611,"10.1149/1.1833611|LiBOB|0.153333|mol/kg|w|0,0.6,0,0,0.4,0,0,0,0,0,0,0,0,0,0,0,0,0,0,0,0,0,0,0,0,0,0,0,0,0,0,0,0,0,0,0,0,0",5,cost_sensitive_budget_policy,0.6705831692272491,0.666657499610523,0.003925669616726135,332.15,4,160.0,0.0025
10.1149/1.1833611,"10.1149/1.1833611|LiBOB|0.176667|mol/kg|w|0,0.6,0,0,0.4,0,0,0,0,0,0,0,0,0,0,0,0,0,0,0,0,0,0,0,0,0,0,0,0,0,0,0,0,0,0,0,0,0",5,cost_sensitive_budget_policy,0.7127007081178658,0.7084706043587641,0.004230103759101711,332.15,4,160.0,0.0025
10.1149/1.1833611,"10.1149/1.1833611|LiBOB|0.21|mol/kg|w|0,0.6,0,0,0.4,0,0,0,0,0,0,0,0,0,0,0,0,0,0,0,0,0,0,0,0,0,0,0,0,0,0,0,0,0,0,0,0,0",5,cost_sensitive_budget_policy,0.7540238375158995,0.7351301032225198,0.018893734293379705,332.15,4,160.0,0.0025
10.1149/1.1833611,"10.1149/1.1833611|LiBOB|0.273333|mol/kg|w|0,0.6,0,0,0.4,0,0,0,0,0,0,0,0,0,0,0,0,0,0,0,0,0,0,0,0,0,0,0,0,0,0,0,0,0,0,0,0,0",5,cost_sensitive_budget_policy,0.8240666374978196,0.8215011557899149,0.0025654817079047154,332.15,4,160.0,0.0025
10.1149/1.1833611,"10.1149/1.1833611|LiBOB|0.313333|mol/kg|w|0,0.6,0,0,0.4,0,0,0,0,0,0,0,0,0,0,0,0,0,0,0,0,0,0,0,0,0,0,0,0,0,0,0,0,0,0,0,0,0",5,cost_sensitive_budget_policy,0.8520361566379724,0.8504462681279232,0.0015898885100491533,332.15,4,160.0,0.0025
10.1149/1.1833611,"10.1149/1.1833611|LiBOB|0.35|mol/kg|w|0,0.6,0,0,0.4,0,0,0,0,0,0,0,0,0,0,0,0,0,0,0,0,0,0,0,0,0,0,0,0,0,0,0,0,0,0,0,0,0",5,cost_sensitive_budget_policy,0.8740775039293075,0.870627541560563,0.003449962368744508,332.15,4,160.0,0.0025
10.1149/1.1833611,"10.1149/1.1833611|LiBOB|0.39|mol/kg|w|0,0.6,0,0,0.4,0,0,0,0,0,0,0,0,0,0,0,0,0,0,0,0,0,0,0,0,0,0,0,0,0,0,0,0,0,0,0,0,0",5,cost_sensitive_budget_policy,0.8950875456544244,0.8941880906156983,0.0008994550387261269,332.15,4,160.0,0.0025
10.1149/1.1833611,"10.1149/1.1833611|LiBOB|0.433333|mol/kg|w|0,0.6,0,0,0.4,0,0,0,0,0,0,0,0,0,0,0,0,0,0,0,0,0,0,0,0,0,0,0,0,0,0,0,0,0,0,0,0,0",5,cost_sensitive_budget_policy,0.9113029144432199,0.9090069205495828,0.002295993893637105,332.15,4,160.0,0.0025
10.1149/1.1833611,"10.1149/1.1833611|LiBOB|0.476667|mol/kg|w|0,0.6,0,0,0.4,0,0,0,0,0,0,0,0,0,0,0,0,0,0,0,0,0,0,0,0,0,0,0,0,0,0,0,0,0,0,0,0,0",5,cost_sensitive_budget_policy,0.9231811957738244,0.9231043379391899,7.68578346345139e-05,332.15,4,160.0,0.0025
10.1149/1.1833611,"10.1149/1.1833611|LiBOB|0.523333|mol/kg|w|0,0.6,0,0,0.4,0,0,0,0,0,0,0,0,0,0,0,0,0,0,0,0,0,0,0,0,0,0,0,0,0,0,0,0,0,0,0,0,0",5,cost_sensitive_budget_policy,0.9329347502607845,0.9330843862683924,0.00014963600760786733,332.15,4,160.0,0.0025
10.1149/1.1833611,"10.1149/1.1833611|LiBOB|0.573333|mol/kg|w|0,0.6,0,0,0.4,0,0,0,0,0,0,0,0,0,0,0,0,0,0,0,0,0,0,0,0,0,0,0,0,0,0,0,0,0,0,0,0,0",5,cost_sensitive_budget_policy,0.9406975541556711,0.9391601088684038,0.0015374452872672917,332.15,4,160.0,0.0025
10.1149/1.1833611,"10.1149/1.1833611|LiBOB|0.626667|mol/kg|w|0,0.6,0,0,0.4,0,0,0,0,0,0,0,0,0,0,0,0,0,0,0,0,0,0,0,0,0,0,0,0,0,0,0,0,0,0,0,0,0",5,cost_sensitive_budget_policy,0.9447816700811263,0.9448356778456091,5.400776448272193e-05,332.15,4,160.0,0.0025
10.1149/1.1833611,"10.1149/1.1833611|LiBOB|0.67|mol/kg|w|0,0.6,0,0,0.4,0,0,0,0,0,0,0,0,0,0,0,0,0,0,0,0,0,0,0,0,0,0,0,0,0,0,0,0,0,0,0,0,0",5,cost_sensitive_budget_policy,0.9451700599086559,0.9460389305281658,0.0008688706195099094,332.15,4,160.0,0.0025
10.1149/1.1833611,"10.1149/1.1833611|LiBOB|0.163934|mol/kg|w|0,1,0,0,0,0,0,0,0,0,0,0,0,0,0,0,0,0,0,0,0,0,0,0,0,0,0,0,0,0,0,0,0,0,0,0,0,0",5,cost_sensitive_budget_policy,0.522089789644058,0.5253113370291222,0.003221547385064194,322.35,4,160.0,0.0025
10.1149/1.1833611,"10.1149/1.1833611|LiBOB|0.2|mol/kg|w|0,1,0,0,0,0,0,0,0,0,0,0,0,0,0,0,0,0,0,0,0,0,0,0,0,0,0,0,0,0,0,0,0,0,0,0,0,0",5,cost_sensitive_budget_policy,0.6496950212585995,0.6460098221966579,0.0036851990619415353,332.15,4,160.0,0.0025
10.1149/1.1833611,"10.1149/1.1833611|LiBOB|0.242623|mol/kg|w|0,1,0,0,0,0,0,0,0,0,0,0,0,0,0,0,0,0,0,0,0,0,0,0,0,0,0,0,0,0,0,0,0,0,0,0,0,0",5,cost_sensitive_budget_policy,0.698257461985226,0.6974664574742926,0.0007910045109333907,332.15,4,160.0,0.0025
10.1149/1.1833611,"10.1149/1.1833611|LiBOB|0.278689|mol/kg|w|0,1,0,0,0,0,0,0,0,0,0,0,0,0,0,0,0,0,0,0,0,0,0,0,0,0,0,0,0,0,0,0,0,0,0,0,0,0",5,cost_sensitive_budget_policy,0.7363685082661853,0.7336216101441502,0.002746898122035102,332.15,4,160.0,0.0025
10.1149/1.1833611,"10.1149/1.1833611|LiBOB|0.321311|mol/kg|w|0,1,0,0,0,0,0,0,0,0,0,0,0,0,0,0,0,0,0,0,0,0,0,0,0,0,0,0,0,0,0,0,0,0,0,0,0,0",5,cost_sensitive_budget_policy,0.7660330165130792,0.7664474491925419,0.00041443267946272844,332.15,4,160.0,0.0025
10.1149/1.1833611,"10.1149/1.1833611|LiBOB|0.370492|mol/kg|w|0,1,0,0,0,0,0,0,0,0,0,0,0,0,0,0,0,0,0,0,0,0,0,0,0,0,0,0,0,0,0,0,0,0,0,0,0,0",5,cost_sensitive_budget_policy,0.5534111620097821,0.5572621140506053,0.0038509520408231968,302.55,4,160.0,0.0025
10.1149/1.1833611,"10.1149/1.1833611|LiBOB|0.419672|mol/kg|w|0,1,0,0,0,0,0,0,0,0,0,0,0,0,0,0,0,0,0,0,0,0,0,0,0,0,0,0,0,0,0,0,0,0,0,0,0,0",5,cost_sensitive_budget_policy,0.8173888535359182,0.817922719704298,0.000533866168379804,332.15,4,160.0,0.0025
10.1149/1.1833611,"10.1149/1.1833611|LiBOB|0.47541|mol/kg|w|0,1,0,0,0,0,0,0,0,0,0,0,0,0,0,0,0,0,0,0,0,0,0,0,0,0,0,0,0,0,0,0,0,0,0,0,0,0",5,cost_sensitive_budget_policy,0.8352523365799425,0.8373699759013467,0.0021176393214041855,332.15,4,160.0,0.0025
10.1149/1.1833611,"10.1149/1.1833611|LiBOB|0.531148|mol/kg|w|0,1,0,0,0,0,0,0,0,0,0,0,0,0,0,0,0,0,0,0,0,0,0,0,0,0,0,0,0,0,0,0,0,0,0,0,0,0",5,cost_sensitive_budget_policy,0.8480303941995317,0.8506220519387588,0.0025916577392270934,332.15,4,160.0,0.0025
10.1149/1.1833611,"10.1149/1.1833611|LiBOB|0.659016|mol/kg|w|0,1,0,0,0,0,0,0,0,0,0,0,0,0,0,0,0,0,0,0,0,0,0,0,0,0,0,0,0,0,0,0,0,0,0,0,0,0",5,cost_sensitive_budget_policy,0.8618085310562983,0.8641300739513,0.002321542895001749,332.15,4,160.0,0.0025
10.1149/1.1833611,"10.1149/1.1833611|LiBOB|0.727869|mol/kg|w|0,1,0,0,0,0,0,0,0,0,0,0,0,0,0,0,0,0,0,0,0,0,0,0,0,0,0,0,0,0,0,0,0,0,0,0,0,0",5,cost_sensitive_budget_policy,0.8610738912142633,0.8689428781762183,0.007868986961955038,332.15,4,160.0,0.0025
10.1149/1.1833611,"10.1149/1.1833611|LiBOB|0.891803|mol/kg|w|0,1,0,0,0,0,0,0,0,0,0,0,0,0,0,0,0,0,0,0,0,0,0,0,0,0,0,0,0,0,0,0,0,0,0,0,0,0",5,cost_sensitive_budget_policy,0.8484631380442306,0.8575428809540433,0.009079742909812727,332.15,4,160.0,0.0025
10.1149/1.1833611,"10.1149/1.1833611|LiBOB|0.986885|mol/kg|w|0,1,0,0,0,0,0,0,0,0,0,0,0,0,0,0,0,0,0,0,0,0,0,0,0,0,0,0,0,0,0,0,0,0,0,0,0,0",5,cost_sensitive_budget_policy,0.7433114433267886,0.766736556864003,0.023425113537214437,322.35,4,160.0,0.0025
10.1149/1.1833611,"10.1149/1.1833611|LiBOB|0.164865|mol/kg|w|0.7,0.3,0,0,0,0,0,0,0,0,0,0,0,0,0,0,0,0,0,0,0,0,0,0,0,0,0,0,0,0,0,0,0,0,0,0,0,0",5,cost_sensitive_budget_policy,0.6532125137753437,0.6470104813750621,0.00620203240028161,332.15,4,160.0,0.0025
10.1149/1.1833611,"10.1149/1.1833611|LiBOB|0.310811|mol/kg|w|0.7,0.3,0,0,0,0,0,0,0,0,0,0,0,0,0,0,0,0,0,0,0,0,0,0,0,0,0,0,0,0,0,0,0,0,0,0,0,0",5,cost_sensitive_budget_policy,0.7495544502191152,0.7503637416987814,0.0008092914796662409,322.35,4,160.0,0.0025
10.1149/1.1833611,"10.1149/1.1833611|LiBOB|0.372973|mol/kg|w|0.7,0.3,0,0,0,0,0,0,0,0,0,0,0,0,0,0,0,0,0,0,0,0,0,0,0,0,0,0,0,0,0,0,0,0,0,0,0,0",5,cost_sensitive_budget_policy,0.8541273565846526,0.8561886463086481,0.002061289723995552,332.15,4,160.0,0.0025
10.1149/1.1833611,"10.1149/1.1833611|LiBOB|0.497297|mol/kg|w|0.7,0.3,0,0,0,0,0,0,0,0,0,0,0,0,0,0,0,0,0,0,0,0,0,0,0,0,0,0,0,0,0,0,0,0,0,0,0,0",5,cost_sensitive_budget_policy,0.8998848471392512,0.9001899290207611,0.00030508188150990545,332.15,4,160.0,0.0025
10.1149/1.1833611,"10.1149/1.1833611|LiBOB|0.571351|mol/kg|w|0.7,0.3,0,0,0,0,0,0,0,0,0,0,0,0,0,0,0,0,0,0,0,0,0,0,0,0,0,0,0,0,0,0,0,0,0,0,0,0",5,cost_sensitive_budget_policy,0.9141252862344557,0.916973726215186,0.002848439980730366,332.15,4,160.0,0.0025
10.1149/1.1833611,"10.1149/1.1833611|LiBOB|0.655676|mol/kg|w|0.7,0.3,0,0,0,0,0,0,0,0,0,0,0,0,0,0,0,0,0,0,0,0,0,0,0,0,0,0,0,0,0,0,0,0,0,0,0,0",5,cost_sensitive_budget_policy,0.9215334741036846,0.9261827313382232,0.004649257234538573,332.15,4,160.0,0.0025
10.1149/1.1833611,"10.1149/1.1833611|LiBOB|0.752973|mol/kg|w|0.7,0.3,0,0,0,0,0,0,0,0,0,0,0,0,0,0,0,0,0,0,0,0,0,0,0,0,0,0,0,0,0,0,0,0,0,0,0,0",5,cost_sensitive_budget_policy,0.923365942957112,0.9275131805198393,0.0041472375627272795,332.15,4,160.0,0.0025
10.1149/1.1833611,"10.1149/1.1833611|LiBOB|0.866486|mol/kg|w|0.7,0.3,0,0,0,0,0,0,0,0,0,0,0,0,0,0,0,0,0,0,0,0,0,0,0,0,0,0,0,0,0,0,0,0,0,0,0,0",5,cost_sensitive_budget_policy,0.9159892139291999,0.9272364277177894,0.011247213788589505,332.15,4,160.0,0.0025
10.1149/1.1833611,"10.1149/1.1833611|LiBOB|0.983243|mol/kg|w|0.7,0.3,0,0,0,0,0,0,0,0,0,0,0,0,0,0,0,0,0,0,0,0,0,0,0,0,0,0,0,0,0,0,0,0,0,0,0,0",5,cost_sensitive_budget_policy,0.9027705353510247,0.9263135256422721,0.0235429902912474,332.15,4,160.0,0.0025
10.1149/1.1833611,"10.1149/1.1833611|LiBOB|0.15873|mol/kg|w|0.3,0.7,0,0,0,0,0,0,0,0,0,0,0,0,0,0,0,0,0,0,0,0,0,0,0,0,0,0,0,0,0,0,0,0,0,0,0,0",5,cost_sensitive_budget_policy,0.6126997807162147,0.6139776680558395,0.0012778873396248613,332.15,4,160.0,0.0025
10.1149/1.1833611,"10.1149/1.1833611|LiBOB|0.250794|mol/kg|w|0.3,0.7,0,0,0,0,0,0,0,0,0,0,0,0,0,0,0,0,0,0,0,0,0,0,0,0,0,0,0,0,0,0,0,0,0,0,0,0",5,cost_sensitive_budget_policy,0.7410336219056128,0.7409698428425358,6.377906307708514e-05,332.15,4,160.0,0.0025
10.1149/1.1833611,"10.1149/1.1833611|LiBOB|0.311111|mol/kg|w|0.3,0.7,0,0,0,0,0,0,0,0,0,0,0,0,0,0,0,0,0,0,0,0,0,0,0,0,0,0,0,0,0,0,0,0,0,0,0,0",5,cost_sensitive_budget_policy,0.7947361503963257,0.7954508027524683,0.0007146523561425422,332.15,4,160.0,0.0025
10.1149/1.1833611,"10.1149/1.1833611|LiBOB|0.368254|mol/kg|w|0.3,0.7,0,0,0,0,0,0,0,0,0,0,0,0,0,0,0,0,0,0,0,0,0,0,0,0,0,0,0,0,0,0,0,0,0,0,0,0",5,cost_sensitive_budget_policy,0.8311962850875894,0.8291308507941777,0.002065434293411661,332.15,4,160.0,0.0025
10.1149/1.1833611,"10.1149/1.1833611|LiBOB|0.425397|mol/kg|w|0.3,0.7,0,0,0,0,0,0,0,0,0,0,0,0,0,0,0,0,0,0,0,0,0,0,0,0,0,0,0,0,0,0,0,0,0,0,0,0",5,cost_sensitive_budget_policy,0.8562780341154737,0.8555255176670657,0.0007525164484079028,332.15,4,160.0,0.0025
10.1149/1.1833611,"10.1149/1.1833611|LiBOB|0.488889|mol/kg|w|0.3,0.7,0,0,0,0,0,0,0,0,0,0,0,0,0,0,0,0,0,0,0,0,0,0,0,0,0,0,0,0,0,0,0,0,0,0,0,0",5,cost_sensitive_budget_policy,0.8018655244924775,0.80438223115906,0.0025167066665825466,322.35,4,160.0,0.0025
10.1149/1.1833611,"10.1149/1.1833611|LiBOB|0.55873|mol/kg|w|0.3,0.7,0,0,0,0,0,0,0,0,0,0,0,0,0,0,0,0,0,0,0,0,0,0,0,0,0,0,0,0,0,0,0,0,0,0,0,0",5,cost_sensitive_budget_policy,0.8908555305873403,0.8932662959227855,0.002410765335445153,332.15,4,160.0,0.0025
10.1149/1.1833611,"10.1149/1.1833611|LiBOB|0.638095|mol/kg|w|0.3,0.7,0,0,0,0,0,0,0,0,0,0,0,0,0,0,0,0,0,0,0,0,0,0,0,0,0,0,0,0,0,0,0,0,0,0,0,0",5,cost_sensitive_budget_policy,0.8995363817937931,0.9019431129451991,0.002406731151405994,332.15,4,160.0,0.0025
10.1149/1.1833611,"10.1149/1.1833611|LiBOB|0.733333|mol/kg|w|0.3,0.7,0,0,0,0,0,0,0,0,0,0,0,0,0,0,0,0,0,0,0,0,0,0,0,0,0,0,0,0,0,0,0,0,0,0,0,0",5,cost_sensitive_budget_policy,0.9024124123314328,0.9080796673241169,0.0056672549926841675,332.15,4,160.0,0.0025
10.1149/1.1833611,"10.1149/1.1833611|LiBOB|0.955556|mol/kg|w|0.3,0.7,0,0,0,0,0,0,0,0,0,0,0,0,0,0,0,0,0,0,0,0,0,0,0,0,0,0,0,0,0,0,0,0,0,0,0,0",5,cost_sensitive_budget_policy,0.8868167361072647,0.8929165090062423,0.006099772898977562,332.15,4,160.0,0.0025
10.1149/1.1833611,"10.1149/1.1833611|LiBOB|1.06349|mol/kg|w|0.3,0.7,0,0,0,0,0,0,0,0,0,0,0,0,0,0,0,0,0,0,0,0,0,0,0,0,0,0,0,0,0,0,0,0,0,0,0,0",5,cost_sensitive_budget_policy,0.8715345480544757,0.8781785716752062,0.006644023620730466,332.15,4,160.0,0.0025
10.1149/1.1833611,"10.1149/1.1833611|LiBOB|0.151351|mol/kg|w|0.6,0.4,0,0,0,0,0,0,0,0,0,0,0,0,0,0,0,0,0,0,0,0,0,0,0,0,0,0,0,0,0,0,0,0,0,0,0,0",5,cost_sensitive_budget_policy,0.6146491186545956,0.6116762791990296,0.0029728394555660342,332.15,4,160.0,0.0025
10.1149/1.1833611,"10.1149/1.1833611|LiBOB|0.356757|mol/kg|w|0.6,0.4,0,0,0,0,0,0,0,0,0,0,0,0,0,0,0,0,0,0,0,0,0,0,0,0,0,0,0,0,0,0,0,0,0,0,0,0",5,cost_sensitive_budget_policy,0.8395889452368733,0.8373434558207835,0.0022454894160898187,332.15,4,160.0,0.0025
10.1149/1.1833611,"10.1149/1.1833611|LiBOB|0.418919|mol/kg|w|0.6,0.4,0,0,0,0,0,0,0,0,0,0,0,0,0,0,0,0,0,0,0,0,0,0,0,0,0,0,0,0,0,0,0,0,0,0,0,0",5,cost_sensitive_budget_policy,0.8681948044284015,0.86865247211664,0.00045766768823851667,332.15,4,160.0,0.0025
10.1149/1.1833611,"10.1149/1.1833611|LiBOB|0.486486|mol/kg|w|0.6,0.4,0,0,0,0,0,0,0,0,0,0,0,0,0,0,0,0,0,0,0,0,0,0,0,0,0,0,0,0,0,0,0,0,0,0,0,0",5,cost_sensitive_budget_policy,0.8884768314673185,0.8921023754824666,0.003625544015148141,332.15,4,160.0,0.0025
10.1149/1.1833611,"10.1149/1.1833611|LiBOB|0.564865|mol/kg|w|0.6,0.4,0,0,0,0,0,0,0,0,0,0,0,0,0,0,0,0,0,0,0,0,0,0,0,0,0,0,0,0,0,0,0,0,0,0,0,0",5,cost_sensitive_budget_policy,0.9046837300144092,0.9059607845380269,0.0012770545236177044,332.15,4,160.0,0.0025
10.1149/1.1833611,"10.1149/1.1833611|LiBOB|0.651351|mol/kg|w|0.6,0.4,0,0,0,0,0,0,0,0,0,0,0,0,0,0,0,0,0,0,0,0,0,0,0,0,0,0,0,0,0,0,0,0,0,0,0,0",5,cost_sensitive_budget_policy,0.9125658788633235,0.9168344398256036,0.004268560962280121,332.15,4,160.0,0.0025
10.1149/1.1833611,"10.1149/1.1833611|LiBOB|0.875676|mol/kg|w|0.6,0.4,0,0,0,0,0,0,0,0,0,0,0,0,0,0,0,0,0,0,0,0,0,0,0,0,0,0,0,0,0,0,0,0,0,0,0,0",5,cost_sensitive_budget_policy,0.9062716457559425,0.9137821930900241,0.007510547334081519,332.15,4,160.0,0.0025
10.1149/1.1833611,"10.1149/1.1833611|LiBOB|0.997297|mol/kg|w|0.6,0.4,0,0,0,0,0,0,0,0,0,0,0,0,0,0,0,0,0,0,0,0,0,0,0,0,0,0,0,0,0,0,0,0,0,0,0,0",5,cost_sensitive_budget_policy,0.8934027196018733,0.9016453352725502,0.008242615670676856,332.15,4,160.0,0.0025
10.1149/1.1833611,"10.1149/1.1833611|LiBOB|1.11892|mol/kg|w|0.6,0.4,0,0,0,0,0,0,0,0,0,0,0,0,0,0,0,0,0,0,0,0,0,0,0,0,0,0,0,0,0,0,0,0,0,0,0,0",5,cost_sensitive_budget_policy,0.871641604157595,0.8862559737545486,0.014614369596953614,332.15,4,160.0,0.0025
10.1149/1.1833611,"10.1149/1.1833611|LiBOB|0.0285714|mol/kg|w|0,0.5,0,0,0.5,0,0,0,0,0,0,0,0,0,0,0,0,0,0,0,0,0,0,0,0,0,0,0,0,0,0,0,0,0,0,0,0,0",5,cost_sensitive_budget_policy,0.04050121485602134,0.03903102830649319,0.0014701865495281505,332.15,4,160.0,0.0025
10.1149/1.1833611,"10.1149/1.1833611|LiBOB|0.052381|mol/kg|w|0,0.5,0,0,0.5,0,0,0,0,0,0,0,0,0,0,0,0,0,0,0,0,0,0,0,0,0,0,0,0,0,0,0,0,0,0,0,0,0",5,cost_sensitive_budget_policy,0.27437780090353575,0.2691534624787363,0.005224338424799468,332.15,4,160.0,0.0025
10.1149/1.1833611,"10.1149/1.1833611|LiBOB|0.0714286|mol/kg|w|0,0.5,0,0,0.5,0,0,0,0,0,0,0,0,0,0,0,0,0,0,0,0,0,0,0,0,0,0,0,0,0,0,0,0,0,0,0,0,0",5,cost_sensitive_budget_policy,0.3806192215096623,0.37716799431430936,0.003451227195352957,332.15,4,160.0,0.0025
10.1149/1.1833611,"10.1149/1.1833611|LiBOB|0.0952381|mol/kg|w|0,0.5,0,0,0.5,0,0,0,0,0,0,0,0,0,0,0,0,0,0,0,0,0,0,0,0,0,0,0,0,0,0,0,0,0,0,0,0,0",5,cost_sensitive_budget_policy,0.4734778232155228,0.47565976868360094,0.0021819454680781503,332.15,4,160.0,0.0025
10.1149/1.1833611,"10.1149/1.1833611|LiBOB|0.138095|mol/kg|w|0,0.5,0,0,0.5,0,0,0,0,0,0,0,0,0,0,0,0,0,0,0,0,0,0,0,0,0,0,0,0,0,0,0,0,0,0,0,0,0",5,cost_sensitive_budget_policy,0.6038251425238906,0.5976023980665461,0.006222744457344498,332.15,4,160.0,0.0025
10.1149/1.1833611,"10.1149/1.1833611|LiBOB|0.195238|mol/kg|w|0,0.5,0,0,0.5,0,0,0,0,0,0,0,0,0,0,0,0,0,0,0,0,0,0,0,0,0,0,0,0,0,0,0,0,0,0,0,0,0",5,cost_sensitive_budget_policy,0.7036253306758419,0.6919788341230574,0.011646496552784491,332.15,4,160.0,0.0025
10.1149/1.1833611,"10.1149/1.1833611|LiBOB|0.233333|mol/kg|w|0,0.5,0,0,0.5,0,0,0,0,0,0,0,0,0,0,0,0,0,0,0,0,0,0,0,0,0,0,0,0,0,0,0,0,0,0,0,0,0",5,cost_sensitive_budget_policy,0.7458688739869638,0.7437782727272528,0.0020906012597109447,332.15,4,160.0,0.0025
10.1149/1.1833611,"10.1149/1.1833611|LiBOB|0.271429|mol/kg|w|0,0.5,0,0,0.5,0,0,0,0,0,0,0,0,0,0,0,0,0,0,0,0,0,0,0,0,0,0,0,0,0,0,0,0,0,0,0,0,0",5,cost_sensitive_budget_policy,0.7843652120927994,0.783152901162108,0.001212310930691407,332.15,4,160.0,0.0025
10.1149/1.1833611,"10.1149/1.1833611|LiBOB|0.309524|mol/kg|w|0,0.5,0,0,0.5,0,0,0,0,0,0,0,0,0,0,0,0,0,0,0,0,0,0,0,0,0,0,0,0,0,0,0,0,0,0,0,0,0",5,cost_sensitive_budget_policy,0.8162496087282435,0.8160564459879194,0.0001931627403241043,332.15,4,160.0,0.0025
10.1149/1.1833611,"10.1149/1.1833611|LiBOB|0.438095|mol/kg|w|0,0.5,0,0,0.5,0,0,0,0,0,0,0,0,0,0,0,0,0,0,0,0,0,0,0,0,0,0,0,0,0,0,0,0,0,0,0,0,0",5,cost_sensitive_budget_policy,0.8880006290618762,0.8886776577575287,0.0006770286956525595,332.15,4,160.0,0.0025
10.1149/1.1833611,"10.1149/1.1833611|LiBOB|0.590476|mol/kg|w|0,0.5,0,0,0.5,0,0,0,0,0,0,0,0,0,0,0,0,0,0,0,0,0,0,0,0,0,0,0,0,0,0,0,0,0,0,0,0,0",5,cost_sensitive_budget_policy,0.9227735711094729,0.9223979813468925,0.0003755897625803417,332.15,4,160.0,0.0025
10.1149/1.1833611,"10.1149/1.1833611|LiBOB|0.0375|mol/kg|w|0,0.7,0,0,0.3,0,0,0,0,0,0,0,0,0,0,0,0,0,0,0,0,0,0,0,0,0,0,0,0,0,0,0,0,0,0,0,0,0",5,cost_sensitive_budget_policy,0.17363066058698706,0.1636224583345557,0.010008202252431375,332.15,4,160.0,0.0025
10.1149/1.1833611,"10.1149/1.1833611|LiBOB|0.078125|mol/kg|w|0,0.7,0,0,0.3,0,0,0,0,0,0,0,0,0,0,0,0,0,0,0,0,0,0,0,0,0,0,0,0,0,0,0,0,0,0,0,0,0",5,cost_sensitive_budget_policy,0.43326797104906706,0.4289098337279955,0.004358137321071542,332.15,4,160.0,0.0025
10.1149/1.1833611,"10.1149/1.1833611|LiBOB|0.10625|mol/kg|w|0,0.7,0,0,0.3,0,0,0,0,0,0,0,0,0,0,0,0,0,0,0,0,0,0,0,0,0,0,0,0,0,0,0,0,0,0,0,0,0",5,cost_sensitive_budget_policy,0.5387781558284613,0.5302100278806468,0.008568127947814586,332.15,4,160.0,0.0025
10.1149/1.1833611,"10.1149/1.1833611|LiBOB|0.13125|mol/kg|w|0,0.7,0,0,0.3,0,0,0,0,0,0,0,0,0,0,0,0,0,0,0,0,0,0,0,0,0,0,0,0,0,0,0,0,0,0,0,0,0",5,cost_sensitive_budget_policy,0.6129633543113681,0.6077989949334104,0.005164359377957672,332.15,4,160.0,0.0025
10.1149/1.1833611,"10.1149/1.1833611|LiBOB|0.159375|mol/kg|w|0,0.7,0,0,0.3,0,0,0,0,0,0,0,0,0,0,0,0,0,0,0,0,0,0,0,0,0,0,0,0,0,0,0,0,0,0,0,0,0",5,cost_sensitive_budget_policy,0.6731927842962409,0.6669890300702871,0.0062037542259537615,332.15,4,160.0,0.0025
10.1149/1.1833611,"10.1149/1.1833611|LiBOB|0.1875|mol/kg|w|0,0.7,0,0,0.3,0,0,0,0,0,0,0,0,0,0,0,0,0,0,0,0,0,0,0,0,0,0,0,0,0,0,0,0,0,0,0,0,0",5,cost_sensitive_budget_policy,0.71769870485407,0.7109413094743798,0.006757395379690112,332.15,4,160.0,0.0025
10.1149/1.1833611,"10.1149/1.1833611|LiBOB|0.21875|mol/kg|w|0,0.7,0,0,0.3,0,0,0,0,0,0,0,0,0,0,0,0,0,0,0,0,0,0,0,0,0,0,0,0,0,0,0,0,0,0,0,0,0",5,cost_sensitive_budget_policy,0.7580646886110975,0.7568005177559103,0.0012641708551872632,332.15,4,160.0,0.0025
10.1149/1.1833611,"10.1149/1.1833611|LiBOB|0.25625|mol/kg|w|0,0.7,0,0,0.3,0,0,0,0,0,0,0,0,0,0,0,0,0,0,0,0,0,0,0,0,0,0,0,0,0,0,0,0,0,0,0,0,0",5,cost_sensitive_budget_policy,0.7973497124471525,0.7959559445072731,0.0013937679398793312,332.15,4,160.0,0.0025
10.1149/1.1833611,"10.1149/1.1833611|LiBOB|0.29375|mol/kg|w|0,0.7,0,0,0.3,0,0,0,0,0,0,0,0,0,0,0,0,0,0,0,0,0,0,0,0,0,0,0,0,0,0,0,0,0,0,0,0,0",5,cost_sensitive_budget_policy,0.8290310604402732,0.8262845589014893,0.002746501538783863,332.15,4,160.0,0.0025
10.1149/1.1833611,"10.1149/1.1833611|LiBOB|0.3375|mol/kg|w|0,0.7,0,0,0.3,0,0,0,0,0,0,0,0,0,0,0,0,0,0,0,0,0,0,0,0,0,0,0,0,0,0,0,0,0,0,0,0,0",5,cost_sensitive_budget_policy,0.856513844952637,0.8579545895757812,0.0014407446231441412,332.15,4,160.0,0.0025
10.1149/1.1833611,"10.1149/1.1833611|LiBOB|0.38125|mol/kg|w|0,0.7,0,0,0.3,0,0,0,0,0,0,0,0,0,0,0,0,0,0,0,0,0,0,0,0,0,0,0,0,0,0,0,0,0,0,0,0,0",5,cost_sensitive_budget_policy,0.8784828470758402,0.8779830164544964,0.0004998306213438442,332.15,4,160.0,0.0025
10.1149/1.1833611,"10.1149/1.1833611|LiBOB|0.428125|mol/kg|w|0,0.7,0,0,0.3,0,0,0,0,0,0,0,0,0,0,0,0,0,0,0,0,0,0,0,0,0,0,0,0,0,0,0,0,0,0,0,0,0",5,cost_sensitive_budget_policy,0.5870828353964056,0.5879145351058224,0.0008316997094167666,292.65,4,160.0,0.0025
10.1149/1.1833611,"10.1149/1.1833611|LiBOB|0.475|mol/kg|w|0,0.7,0,0,0.3,0,0,0,0,0,0,0,0,0,0,0,0,0,0,0,0,0,0,0,0,0,0,0,0,0,0,0,0,0,0,0,0,0",5,cost_sensitive_budget_policy,0.9085758849563462,0.9091800118115918,0.0006041268552455792,332.15,4,160.0,0.0025
10.1149/1.1833611,"10.1149/1.1833611|LiBOB|0.52375|mol/kg|w|0,0.7,0,0,0.3,0,0,0,0,0,0,0,0,0,0,0,0,0,0,0,0,0,0,0,0,0,0,0,0,0,0,0,0,0,0,0,0,0",5,cost_sensitive_budget_policy,0.9189893975086663,0.9179335473447512,0.001055850163915073,332.15,4,160.0,0.0025
10.1149/1.1833611,"10.1149/1.1833611|LiBOB|0.58|mol/kg|w|0,0.7,0,0,0.3,0,0,0,0,0,0,0,0,0,0,0,0,0,0,0,0,0,0,0,0,0,0,0,0,0,0,0,0,0,0,0,0,0",5,cost_sensitive_budget_policy,0.9232264504412505,0.9253109968042925,0.002084546363042006,332.15,4,160.0,0.0025
10.1149/1.1833611,"10.1149/1.1833611|LiBOB|0.64|mol/kg|w|0,0.7,0,0,0.3,0,0,0,0,0,0,0,0,0,0,0,0,0,0,0,0,0,0,0,0,0,0,0,0,0,0,0,0,0,0,0,0,0",5,cost_sensitive_budget_policy,0.9274225650243936,0.9293381140978372,0.001915549073443601,332.15,4,160.0,0.0025
10.1149/1.1833611,"10.1149/1.1833611|LiBOB|0.70375|mol/kg|w|0,0.7,0,0,0.3,0,0,0,0,0,0,0,0,0,0,0,0,0,0,0,0,0,0,0,0,0,0,0,0,0,0,0,0,0,0,0,0,0",5,cost_sensitive_budget_policy,0.925329575523757,0.9261854545638781,0.000855879040121077,332.15,4,160.0,0.0025
10.1149/1.1833611,"10.1149/1.1833611|LiBOB|0.75625|mol/kg|w|0,0.7,0,0,0.3,0,0,0,0,0,0,0,0,0,0,0,0,0,0,0,0,0,0,0,0,0,0,0,0,0,0,0,0,0,0,0,0,0",5,cost_sensitive_budget_policy,0.9189893975086663,0.9234064829531625,0.00441708544449626,332.15,4,160.0,0.0025
10.1149/1.1833611,"10.1149/1.1833611|LiBOB|0.235294|mol/kg|w|0,1,0,0,0,0,0,0,0,0,0,0,0,0,0,0,0,0,0,0,0,0,0,0,0,0,0,0,0,0,0,0,0,0,0,0,0,0",5,cost_sensitive_budget_policy,0.7072953931586318,0.7089766730221081,0.001681279863476326,332.15,4,160.0,0.0025
10.1149/1.1833611,"10.1149/1.1833611|LiBOB|0.35|mol/kg|w|0,1,0,0,0,0,0,0,0,0,0,0,0,0,0,0,0,0,0,0,0,0,0,0,0,0,0,0,0,0,0,0,0,0,0,0,0,0",5,cost_sensitive_budget_policy,0.7964400360869989,0.8011809444549289,0.004740908367930063,332.15,4,160.0,0.0025
10.1149/1.1833611,"10.1149/1.1833611|LiBOB|0.408824|mol/kg|w|0,1,0,0,0,0,0,0,0,0,0,0,0,0,0,0,0,0,0,0,0,0,0,0,0,0,0,0,0,0,0,0,0,0,0,0,0,0",5,cost_sensitive_budget_policy,0.3411472188528036,0.3727684351055318,0.031621216252728235,282.85,4,160.0,0.0025
10.1149/1.1833611,"10.1149/1.1833611|LiBOB|0.470588|mol/kg|w|0,1,0,0,0,0,0,0,0,0,0,0,0,0,0,0,0,0,0,0,0,0,0,0,0,0,0,0,0,0,0,0,0,0,0,0,0,0",5,cost_sensitive_budget_policy,0.8470947998002147,0.84842453258626,0.0013297327860453123,332.15,4,160.0,0.0025
10.1149/1.1833611,"10.1149/1.1833611|LiBOB|0.541176|mol/kg|w|0,1,0,0,0,0,0,0,0,0,0,0,0,0,0,0,0,0,0,0,0,0,0,0,0,0,0,0,0,0,0,0,0,0,0,0,0,0",5,cost_sensitive_budget_policy,0.8627467453342664,0.8663896146856189,0.0036428693513524957,332.15,4,160.0,0.0025
10.1149/1.1833611,"10.1149/1.1833611|LiBOB|0.829412|mol/kg|w|0,1,0,0,0,0,0,0,0,0,0,0,0,0,0,0,0,0,0,0,0,0,0,0,0,0,0,0,0,0,0,0,0,0,0,0,0,0",5,cost_sensitive_budget_policy,0.8741262910716027,0.8832691727169473,0.009142881645344603,332.15,4,160.0,0.0025
10.1149/1.1833611,"10.1149/1.1833611|LiBOB|0.935294|mol/kg|w|0,1,0,0,0,0,0,0,0,0,0,0,0,0,0,0,0,0,0,0,0,0,0,0,0,0,0,0,0,0,0,0,0,0,0,0,0,0",5,cost_sensitive_budget_policy,0.8665731531852291,0.8724600931341353,0.005886939948906211,332.15,4,160.0,0.0025
10.1149/1.1833611,"10.1149/1.1833611|LiBOB|0.0528302|mol/kg|w|0,0.4,0,0,0.6,0,0,0,0,0,0,0,0,0,0,0,0,0,0,0,0,0,0,0,0,0,0,0,0,0,0,0,0,0,0,0,0,0",5,cost_sensitive_budget_policy,0.2208106884744153,0.19465072956490825,0.026159958909507036,322.35,4,160.0,0.0025
10.1149/1.1833611,"10.1149/1.1833611|LiBOB|0.0679245|mol/kg|w|0,0.4,0,0,0.6,0,0,0,0,0,0,0,0,0,0,0,0,0,0,0,0,0,0,0,0,0,0,0,0,0,0,0,0,0,0,0,0,0",5,cost_sensitive_budget_policy,0.3485065413259138,0.3469546475963019,0.0015518937296118973,332.15,4,160.0,0.0025
10.1149/1.1833611,"10.1149/1.1833611|LiBOB|0.0830189|mol/kg|w|0,0.4,0,0,0.6,0,0,0,0,0,0,0,0,0,0,0,0,0,0,0,0,0,0,0,0,0,0,0,0,0,0,0,0,0,0,0,0,0",5,cost_sensitive_budget_policy,0.32335655616648623,0.31937942519410323,0.003977130972383003,312.45,4,160.0,0.0025
10.1149/1.1833611,"10.1149/1.1833611|LiBOB|0.10566|mol/kg|w|0,0.4,0,0,0.6,0,0,0,0,0,0,0,0,0,0,0,0,0,0,0,0,0,0,0,0,0,0,0,0,0,0,0,0,0,0,0,0,0",5,cost_sensitive_budget_policy,0.4943346498405031,0.49179079232669143,0.002543857513811698,332.15,4,160.0,0.0025
10.1149/1.1833611,"10.1149/1.1833611|LiBOB|0.128302|mol/kg|w|0,0.4,0,0,0.6,0,0,0,0,0,0,0,0,0,0,0,0,0,0,0,0,0,0,0,0,0,0,0,0,0,0,0,0,0,0,0,0,0",5,cost_sensitive_budget_policy,0.5570822038534365,0.5578789799205129,0.000796776067076399,332.15,4,160.0,0.0025
10.1149/1.1833611,"10.1149/1.1833611|LiBOB|0.154717|mol/kg|w|0,0.4,0,0,0.6,0,0,0,0,0,0,0,0,0,0,0,0,0,0,0,0,0,0,0,0,0,0,0,0,0,0,0,0,0,0,0,0,0",5,cost_sensitive_budget_policy,0.6161277723351913,0.6134174399986149,0.002710332336576471,332.15,4,160.0,0.0025
10.1149/1.1833611,"10.1149/1.1833611|LiBOB|0.184906|mol/kg|w|0,0.4,0,0,0.6,0,0,0,0,0,0,0,0,0,0,0,0,0,0,0,0,0,0,0,0,0,0,0,0,0,0,0,0,0,0,0,0,0",5,cost_sensitive_budget_policy,0.6680261888798529,0.6684939842621571,0.0004677953823042369,332.15,4,160.0,0.0025
10.1149/1.1833611,"10.1149/1.1833611|LiBOB|0.218868|mol/kg|w|0,0.4,0,0,0.6,0,0,0,0,0,0,0,0,0,0,0,0,0,0,0,0,0,0,0,0,0,0,0,0,0,0,0,0,0,0,0,0,0",5,cost_sensitive_budget_policy,0.7143149090514236,0.7113727738014138,0.0029421352500097475,332.15,4,160.0,0.0025
10.1149/1.1833611,"10.1149/1.1833611|LiBOB|0.381132|mol/kg|w|0,0.4,0,0,0.6,0,0,0,0,0,0,0,0,0,0,0,0,0,0,0,0,0,0,0,0,0,0,0,0,0,0,0,0,0,0,0,0,0",5,cost_sensitive_budget_policy,0.8415237770901847,0.8419946563361583,0.0004708792459736655,332.15,4,160.0,0.0025
10.1149/1.1833611,"10.1149/1.1833611|LiBOB|0.430189|mol/kg|w|0,0.4,0,0,0.6,0,0,0,0,0,0,0,0,0,0,0,0,0,0,0,0,0,0,0,0,0,0,0,0,0,0,0,0,0,0,0,0,0",5,cost_sensitive_budget_policy,0.8633205693002606,0.8638400870749449,0.0005195177746842861,332.15,4,160.0,0.0025
10.1149/1.1833611,"10.1149/1.1833611|LiBOB|0.483019|mol/kg|w|0,0.4,0,0,0.6,0,0,0,0,0,0,0,0,0,0,0,0,0,0,0,0,0,0,0,0,0,0,0,0,0,0,0,0,0,0,0,0,0",5,cost_sensitive_budget_policy,0.8817104229194349,0.8817250635980812,1.4640678646316019e-05,332.15,4,160.0,0.0025
10.1149/1.1833611,"10.1149/1.1833611|LiBOB|0.528302|mol/kg|w|0,0.4,0,0,0.6,0,0,0,0,0,0,0,0,0,0,0,0,0,0,0,0,0,0,0,0,0,0,0,0,0,0,0,0,0,0,0,0,0",5,cost_sensitive_budget_policy,0.8926816522271562,0.8924083924362245,0.0002732597909317347,332.15,4,160.0,0.0025
10.1149/1.1833611,"10.1149/1.1833611|LiBOB|0.0740741|mol/kg|w|0,0.3,0,0,0.7,0,0,0,0,0,0,0,0,0,0,0,0,0,0,0,0,0,0,0,0,0,0,0,0,0,0,0,0,0,0,0,0,0",5,cost_sensitive_budget_policy,0.3010299956639812,0.29487565135185734,0.006154344312123861,332.15,4,160.0,0.0025
10.1149/1.1833611,"10.1149/1.1833611|LiBOB|0.0888889|mol/kg|w|0,0.3,0,0,0.7,0,0,0,0,0,0,0,0,0,0,0,0,0,0,0,0,0,0,0,0,0,0,0,0,0,0,0,0,0,0,0,0,0",5,cost_sensitive_budget_policy,0.3667087712622437,0.3587314677992812,0.007977303462962493,332.15,4,160.0,0.0025
10.1149/1.1833611,"10.1149/1.1833611|LiBOB|0.107407|mol/kg|w|0,0.3,0,0,0.7,0,0,0,0,0,0,0,0,0,0,0,0,0,0,0,0,0,0,0,0,0,0,0,0,0,0,0,0,0,0,0,0,0",5,cost_sensitive_budget_policy,0.4237472721981457,0.41494035403728324,0.008806918160862431,332.15,4,160.0,0.0025
10.1149/1.1833611,"10.1149/1.1833611|LiBOB|0.125926|mol/kg|w|0,0.3,0,0,0.7,0,0,0,0,0,0,0,0,0,0,0,0,0,0,0,0,0,0,0,0,0,0,0,0,0,0,0,0,0,0,0,0,0",5,cost_sensitive_budget_policy,0.4858951790561205,0.48215363291223234,0.0037415461438881636,332.15,4,160.0,0.0025
10.1149/1.1833611,"10.1149/1.1833611|LiBOB|0.17037|mol/kg|w|0,0.3,0,0,0.7,0,0,0,0,0,0,0,0,0,0,0,0,0,0,0,0,0,0,0,0,0,0,0,0,0,0,0,0,0,0,0,0,0",5,cost_sensitive_budget_policy,0.5839617692490267,0.5850638285448588,0.0011020592958321807,332.15,4,160.0,0.0025
10.1149/1.1833611,"10.1149/1.1833611|LiBOB|0.196296|mol/kg|w|0,0.3,0,0,0.7,0,0,0,0,0,0,0,0,0,0,0,0,0,0,0,0,0,0,0,0,0,0,0,0,0,0,0,0,0,0,0,0,0",5,cost_sensitive_budget_policy,0.6320232147343586,0.6274401087394393,0.00458310599491929,332.15,4,160.0,0.0025
10.1149/1.1833611,"10.1149/1.1833611|LiBOB|0.222222|mol/kg|w|0,0.3,0,0,0.7,0,0,0,0,0,0,0,0,0,0,0,0,0,0,0,0,0,0,0,0,0,0,0,0,0,0,0,0,0,0,0,0,0",5,cost_sensitive_budget_policy,0.6677387669262249,0.6613806808510839,0.0063580860751409896,332.15,4,160.0,0.0025
10.1149/1.1833611,"10.1149/1.1833611|LiBOB|0.251852|mol/kg|w|0,0.3,0,0,0.7,0,0,0,0,0,0,0,0,0,0,0,0,0,0,0,0,0,0,0,0,0,0,0,0,0,0,0,0,0,0,0,0,0",5,cost_sensitive_budget_policy,0.7007390270519149,0.7012529482851738,0.000513921233258885,332.15,4,160.0,0.0025
10.1149/1.1833611,"10.1149/1.1833611|LiBOB|0.314815|mol/kg|w|0,0.3,0,0,0.7,0,0,0,0,0,0,0,0,0,0,0,0,0,0,0,0,0,0,0,0,0,0,0,0,0,0,0,0,0,0,0,0,0",5,cost_sensitive_budget_policy,0.7077439286157291,0.6905417642510465,0.01720216436468258,322.35,4,160.0,0.0025
10.1149/1.1833611,"10.1149/1.1833611|LiBOB|0.348148|mol/kg|w|0,0.3,0,0,0.7,0,0,0,0,0,0,0,0,0,0,0,0,0,0,0,0,0,0,0,0,0,0,0,0,0,0,0,0,0,0,0,0,0",5,cost_sensitive_budget_policy,0.675291904903569,0.6599657028839041,0.015326202019664947,312.45,4,160.0,0.0025
10.1149/1.1833611,"10.1149/1.1833611|LiBOB|0.388889|mol/kg|w|0,0.3,0,0,0.7,0,0,0,0,0,0,0,0,0,0,0,0,0,0,0,0,0,0,0,0,0,0,0,0,0,0,0,0,0,0,0,0,0",5,cost_sensitive_budget_policy,0.8067335680239547,0.8031925876864084,0.00354098033754624,332.15,4,160.0,0.0025
10.1149/1.1833611,"10.1149/1.1833611|LiBOB|0.150725|mol/kg|w|0.4,0.6,0,0,0,0,0,0,0,0,0,0,0,0,0,0,0,0,0,0,0,0,0,0,0,0,0,0,0,0,0,0,0,0,0,0,0,0",5,cost_sensitive_budget_policy,0.5994124669909516,0.6010874309331788,0.0016749639422272145,332.15,4,160.0,0.005
10.1149/1.1833611,"10.1149/1.1833611|LiBOB|0.24058|mol/kg|w|0.4,0.6,0,0,0,0,0,0,0,0,0,0,0,0,0,0,0,0,0,0,0,0,0,0,0,0,0,0,0,0,0,0,0,0,0,0,0,0",5,cost_sensitive_budget_policy,0.7385685784219824,0.7367272424719298,0.0018413359500526472,332.15,4,160.0,0.005
10.1149/1.1833611,"10.1149/1.1833611|LiBOB|0.304348|mol/kg|w|0.4,0.6,0,0,0,0,0,0,0,0,0,0,0,0,0,0,0,0,0,0,0,0,0,0,0,0,0,0,0,0,0,0,0,0,0,0,0,0",5,cost_sensitive_budget_policy,0.7907577804783202,0.7999141535844791,0.00915637310615891,332.15,4,160.0,0.005
10.1149/1.1833611,"10.1149/1.1833611|LiBOB|0.362319|mol/kg|w|0.4,0.6,0,0,0,0,0,0,0,0,0,0,0,0,0,0,0,0,0,0,0,0,0,0,0,0,0,0,0,0,0,0,0,0,0,0,0,0",5,cost_sensitive_budget_policy,0.8270948457750013,0.8290024201809971,0.001907574405995871,332.15,4,160.0,0.005
10.1149/1.1833611,"10.1149/1.1833611|LiBOB|0.484058|mol/kg|w|0.4,0.6,0,0,0,0,0,0,0,0,0,0,0,0,0,0,0,0,0,0,0,0,0,0,0,0,0,0,0,0,0,0,0,0,0,0,0,0",5,cost_sensitive_budget_policy,0.8733388121512187,0.8754922832524683,0.0021534711012496377,332.15,4,160.0,0.005
10.1149/1.1833611,"10.1149/1.1833611|LiBOB|0.553623|mol/kg|w|0.4,0.6,0,0,0,0,0,0,0,0,0,0,0,0,0,0,0,0,0,0,0,0,0,0,0,0,0,0,0,0,0,0,0,0,0,0,0,0",5,cost_sensitive_budget_policy,0.8874573667002804,0.8928177121665581,0.005360345466277727,332.15,4,160.0,0.005
10.1149/1.1833611,"10.1149/1.1833611|LiBOB|0.637681|mol/kg|w|0.4,0.6,0,0,0,0,0,0,0,0,0,0,0,0,0,0,0,0,0,0,0,0,0,0,0,0,0,0,0,0,0,0,0,0,0,0,0,0",5,cost_sensitive_budget_policy,0.8956926603779694,0.9028782478082158,0.007185587430246443,332.15,4,160.0,0.005
10.1149/1.1833611,"10.1149/1.1833611|LiBOB|0.733333|mol/kg|w|0.4,0.6,0,0,0,0,0,0,0,0,0,0,0,0,0,0,0,0,0,0,0,0,0,0,0,0,0,0,0,0,0,0,0,0,0,0,0,0",5,cost_sensitive_budget_policy,0.8983948658042163,0.9071051557812038,0.008710289976987418,332.15,4,160.0,0.005
10.1149/1.1833611,"10.1149/1.1833611|LiBOB|0.843478|mol/kg|w|0.4,0.6,0,0,0,0,0,0,0,0,0,0,0,0,0,0,0,0,0,0,0,0,0,0,0,0,0,0,0,0,0,0,0,0,0,0,0,0",5,cost_sensitive_budget_policy,0.8920633652148822,0.9016510005770917,0.009587635362209523,332.15,4,160.0,0.005
10.1149/1.1833611,"10.1149/1.1833611|LiBOB|0.956522|mol/kg|w|0.4,0.6,0,0,0,0,0,0,0,0,0,0,0,0,0,0,0,0,0,0,0,0,0,0,0,0,0,0,0,0,0,0,0,0,0,0,0,0",5,cost_sensitive_budget_policy,0.8782574456656309,0.8956961089211573,0.017438663255526343,332.15,4,160.0,0.005
10.1149/1.1833611,"10.1149/1.1833611|LiBOB|1.06957|mol/kg|w|0.4,0.6,0,0,0,0,0,0,0,0,0,0,0,0,0,0,0,0,0,0,0,0,0,0,0,0,0,0,0,0,0,0,0,0,0,0,0,0",5,cost_sensitive_budget_policy,0.8582114300486811,0.8790571776163365,0.020845747567655448,332.15,4,160.0,0.005
10.1149/1.1833611,"10.1149/1.1833611|LiBOB|0.0333333|mol/kg|w|0,0.6,0,0,0.4,0,0,0,0,0,0,0,0,0,0,0,0,0,0,0,0,0,0,0,0,0,0,0,0,0,0,0,0,0,0,0,0,0",5,cost_sensitive_budget_policy,0.16489335930822416,0.16330135622237596,0.0015920030858481982,332.15,4,160.0,0.005
10.1149/1.1833611,"10.1149/1.1833611|LiBOB|0.0733333|mol/kg|w|0,0.6,0,0,0.4,0,0,0,0,0,0,0,0,0,0,0,0,0,0,0,0,0,0,0,0,0,0,0,0,0,0,0,0,0,0,0,0,0",5,cost_sensitive_budget_policy,0.4380386520683107,0.4298175292586395,0.008221122809671244,332.15,4,160.0,0.005
10.1149/1.1833611,"10.1149/1.1833611|LiBOB|0.103333|mol/kg|w|0,0.6,0,0,0.4,0,0,0,0,0,0,0,0,0,0,0,0,0,0,0,0,0,0,0,0,0,0,0,0,0,0,0,0,0,0,0,0,0",5,cost_sensitive_budget_policy,0.5408979976175841,0.536208989445672,0.00468900817191209,332.15,4,160.0,0.005
10.1149/1.1833611,"10.1149/1.1833611|LiBOB|0.13|mol/kg|w|0,0.6,0,0,0.4,0,0,0,0,0,0,0,0,0,0,0,0,0,0,0,0,0,0,0,0,0,0,0,0,0,0,0,0,0,0,0,0,0",5,cost_sensitive_budget_policy,0.503584357517213,0.49981837502248183,0.003765982494731146,312.45,4,160.0,0.005
10.1149/1.1833611,"10.1149/1.1833611|LiBOB|0.153333|mol/kg|w|0,0.6,0,0,0.4,0,0,0,0,0,0,0,0,0,0,0,0,0,0,0,0,0,0,0,0,0,0,0,0,0,0,0,0,0,0,0,0,0",5,cost_sensitive_budget_policy,0.6705831692272491,0.666657499610523,0.003925669616726135,332.15,4,160.0,0.005
10.1149/1.1833611,"10.1149/1.1833611|LiBOB|0.176667|mol/kg|w|0,0.6,0,0,0.4,0,0,0,0,0,0,0,0,0,0,0,0,0,0,0,0,0,0,0,0,0,0,0,0,0,0,0,0,0,0,0,0,0",5,cost_sensitive_budget_policy,0.7127007081178658,0.7084706043587641,0.004230103759101711,332.15,4,160.0,0.005
10.1149/1.1833611,"10.1149/1.1833611|LiBOB|0.21|mol/kg|w|0,0.6,0,0,0.4,0,0,0,0,0,0,0,0,0,0,0,0,0,0,0,0,0,0,0,0,0,0,0,0,0,0,0,0,0,0,0,0,0",5,cost_sensitive_budget_policy,0.7540238375158995,0.7351301032225198,0.018893734293379705,332.15,4,160.0,0.005
10.1149/1.1833611,"10.1149/1.1833611|LiBOB|0.273333|mol/kg|w|0,0.6,0,0,0.4,0,0,0,0,0,0,0,0,0,0,0,0,0,0,0,0,0,0,0,0,0,0,0,0,0,0,0,0,0,0,0,0,0",5,cost_sensitive_budget_policy,0.8240666374978196,0.8215011557899149,0.0025654817079047154,332.15,4,160.0,0.005
10.1149/1.1833611,"10.1149/1.1833611|LiBOB|0.313333|mol/kg|w|0,0.6,0,0,0.4,0,0,0,0,0,0,0,0,0,0,0,0,0,0,0,0,0,0,0,0,0,0,0,0,0,0,0,0,0,0,0,0,0",5,cost_sensitive_budget_policy,0.8520361566379724,0.8504462681279232,0.0015898885100491533,332.15,4,160.0,0.005
10.1149/1.1833611,"10.1149/1.1833611|LiBOB|0.35|mol/kg|w|0,0.6,0,0,0.4,0,0,0,0,0,0,0,0,0,0,0,0,0,0,0,0,0,0,0,0,0,0,0,0,0,0,0,0,0,0,0,0,0",5,cost_sensitive_budget_policy,0.8740775039293075,0.870627541560563,0.003449962368744508,332.15,4,160.0,0.005
10.1149/1.1833611,"10.1149/1.1833611|LiBOB|0.39|mol/kg|w|0,0.6,0,0,0.4,0,0,0,0,0,0,0,0,0,0,0,0,0,0,0,0,0,0,0,0,0,0,0,0,0,0,0,0,0,0,0,0,0",5,cost_sensitive_budget_policy,0.8950875456544244,0.8941880906156983,0.0008994550387261269,332.15,4,160.0,0.005
10.1149/1.1833611,"10.1149/1.1833611|LiBOB|0.433333|mol/kg|w|0,0.6,0,0,0.4,0,0,0,0,0,0,0,0,0,0,0,0,0,0,0,0,0,0,0,0,0,0,0,0,0,0,0,0,0,0,0,0,0",5,cost_sensitive_budget_policy,0.9113029144432199,0.9090069205495828,0.002295993893637105,332.15,4,160.0,0.005
10.1149/1.1833611,"10.1149/1.1833611|LiBOB|0.476667|mol/kg|w|0,0.6,0,0,0.4,0,0,0,0,0,0,0,0,0,0,0,0,0,0,0,0,0,0,0,0,0,0,0,0,0,0,0,0,0,0,0,0,0",5,cost_sensitive_budget_policy,0.9231811957738244,0.9231043379391899,7.68578346345139e-05,332.15,4,160.0,0.005
10.1149/1.1833611,"10.1149/1.1833611|LiBOB|0.523333|mol/kg|w|0,0.6,0,0,0.4,0,0,0,0,0,0,0,0,0,0,0,0,0,0,0,0,0,0,0,0,0,0,0,0,0,0,0,0,0,0,0,0,0",5,cost_sensitive_budget_policy,0.9329347502607845,0.9330843862683924,0.00014963600760786733,332.15,4,160.0,0.005
10.1149/1.1833611,"10.1149/1.1833611|LiBOB|0.573333|mol/kg|w|0,0.6,0,0,0.4,0,0,0,0,0,0,0,0,0,0,0,0,0,0,0,0,0,0,0,0,0,0,0,0,0,0,0,0,0,0,0,0,0",5,cost_sensitive_budget_policy,0.9406975541556711,0.9391601088684038,0.0015374452872672917,332.15,4,160.0,0.005
10.1149/1.1833611,"10.1149/1.1833611|LiBOB|0.626667|mol/kg|w|0,0.6,0,0,0.4,0,0,0,0,0,0,0,0,0,0,0,0,0,0,0,0,0,0,0,0,0,0,0,0,0,0,0,0,0,0,0,0,0",5,cost_sensitive_budget_policy,0.9447816700811263,0.9448356778456091,5.400776448272193e-05,332.15,4,160.0,0.005
10.1149/1.1833611,"10.1149/1.1833611|LiBOB|0.67|mol/kg|w|0,0.6,0,0,0.4,0,0,0,0,0,0,0,0,0,0,0,0,0,0,0,0,0,0,0,0,0,0,0,0,0,0,0,0,0,0,0,0,0",5,cost_sensitive_budget_policy,0.9451700599086559,0.9460389305281658,0.0008688706195099094,332.15,4,160.0,0.005
10.1149/1.1833611,"10.1149/1.1833611|LiBOB|0.163934|mol/kg|w|0,1,0,0,0,0,0,0,0,0,0,0,0,0,0,0,0,0,0,0,0,0,0,0,0,0,0,0,0,0,0,0,0,0,0,0,0,0",5,cost_sensitive_budget_policy,0.522089789644058,0.5253113370291222,0.003221547385064194,322.35,4,160.0,0.005
10.1149/1.1833611,"10.1149/1.1833611|LiBOB|0.2|mol/kg|w|0,1,0,0,0,0,0,0,0,0,0,0,0,0,0,0,0,0,0,0,0,0,0,0,0,0,0,0,0,0,0,0,0,0,0,0,0,0",5,cost_sensitive_budget_policy,0.6496950212585995,0.6460098221966579,0.0036851990619415353,332.15,4,160.0,0.005
10.1149/1.1833611,"10.1149/1.1833611|LiBOB|0.242623|mol/kg|w|0,1,0,0,0,0,0,0,0,0,0,0,0,0,0,0,0,0,0,0,0,0,0,0,0,0,0,0,0,0,0,0,0,0,0,0,0,0",5,cost_sensitive_budget_policy,0.698257461985226,0.6974664574742926,0.0007910045109333907,332.15,4,160.0,0.005
10.1149/1.1833611,"10.1149/1.1833611|LiBOB|0.278689|mol/kg|w|0,1,0,0,0,0,0,0,0,0,0,0,0,0,0,0,0,0,0,0,0,0,0,0,0,0,0,0,0,0,0,0,0,0,0,0,0,0",5,cost_sensitive_budget_policy,0.7363685082661853,0.7336216101441502,0.002746898122035102,332.15,4,160.0,0.005
10.1149/1.1833611,"10.1149/1.1833611|LiBOB|0.321311|mol/kg|w|0,1,0,0,0,0,0,0,0,0,0,0,0,0,0,0,0,0,0,0,0,0,0,0,0,0,0,0,0,0,0,0,0,0,0,0,0,0",5,cost_sensitive_budget_policy,0.7660330165130792,0.7664474491925419,0.00041443267946272844,332.15,4,160.0,0.005
10.1149/1.1833611,"10.1149/1.1833611|LiBOB|0.370492|mol/kg|w|0,1,0,0,0,0,0,0,0,0,0,0,0,0,0,0,0,0,0,0,0,0,0,0,0,0,0,0,0,0,0,0,0,0,0,0,0,0",5,cost_sensitive_budget_policy,0.5534111620097821,0.5572621140506053,0.0038509520408231968,302.55,4,160.0,0.005
10.1149/1.1833611,"10.1149/1.1833611|LiBOB|0.419672|mol/kg|w|0,1,0,0,0,0,0,0,0,0,0,0,0,0,0,0,0,0,0,0,0,0,0,0,0,0,0,0,0,0,0,0,0,0,0,0,0,0",5,cost_sensitive_budget_policy,0.8173888535359182,0.817922719704298,0.000533866168379804,332.15,4,160.0,0.005
10.1149/1.1833611,"10.1149/1.1833611|LiBOB|0.47541|mol/kg|w|0,1,0,0,0,0,0,0,0,0,0,0,0,0,0,0,0,0,0,0,0,0,0,0,0,0,0,0,0,0,0,0,0,0,0,0,0,0",5,cost_sensitive_budget_policy,0.8352523365799425,0.8373699759013467,0.0021176393214041855,332.15,4,160.0,0.005
10.1149/1.1833611,"10.1149/1.1833611|LiBOB|0.531148|mol/kg|w|0,1,0,0,0,0,0,0,0,0,0,0,0,0,0,0,0,0,0,0,0,0,0,0,0,0,0,0,0,0,0,0,0,0,0,0,0,0",5,cost_sensitive_budget_policy,0.8480303941995317,0.8506220519387588,0.0025916577392270934,332.15,4,160.0,0.005
10.1149/1.1833611,"10.1149/1.1833611|LiBOB|0.659016|mol/kg|w|0,1,0,0,0,0,0,0,0,0,0,0,0,0,0,0,0,0,0,0,0,0,0,0,0,0,0,0,0,0,0,0,0,0,0,0,0,0",5,cost_sensitive_budget_policy,0.8618085310562983,0.8641300739513,0.002321542895001749,332.15,4,160.0,0.005
10.1149/1.1833611,"10.1149/1.1833611|LiBOB|0.727869|mol/kg|w|0,1,0,0,0,0,0,0,0,0,0,0,0,0,0,0,0,0,0,0,0,0,0,0,0,0,0,0,0,0,0,0,0,0,0,0,0,0",5,cost_sensitive_budget_policy,0.8610738912142633,0.8689428781762183,0.007868986961955038,332.15,4,160.0,0.005
10.1149/1.1833611,"10.1149/1.1833611|LiBOB|0.891803|mol/kg|w|0,1,0,0,0,0,0,0,0,0,0,0,0,0,0,0,0,0,0,0,0,0,0,0,0,0,0,0,0,0,0,0,0,0,0,0,0,0",5,cost_sensitive_budget_policy,0.8484631380442306,0.8575428809540433,0.009079742909812727,332.15,4,160.0,0.005
10.1149/1.1833611,"10.1149/1.1833611|LiBOB|0.986885|mol/kg|w|0,1,0,0,0,0,0,0,0,0,0,0,0,0,0,0,0,0,0,0,0,0,0,0,0,0,0,0,0,0,0,0,0,0,0,0,0,0",5,cost_sensitive_budget_policy,0.7433114433267886,0.766736556864003,0.023425113537214437,322.35,4,160.0,0.005
10.1149/1.1833611,"10.1149/1.1833611|LiBOB|0.164865|mol/kg|w|0.7,0.3,0,0,0,0,0,0,0,0,0,0,0,0,0,0,0,0,0,0,0,0,0,0,0,0,0,0,0,0,0,0,0,0,0,0,0,0",5,cost_sensitive_budget_policy,0.6532125137753437,0.6470104813750621,0.00620203240028161,332.15,4,160.0,0.005
10.1149/1.1833611,"10.1149/1.1833611|LiBOB|0.310811|mol/kg|w|0.7,0.3,0,0,0,0,0,0,0,0,0,0,0,0,0,0,0,0,0,0,0,0,0,0,0,0,0,0,0,0,0,0,0,0,0,0,0,0",5,cost_sensitive_budget_policy,0.7495544502191152,0.7503637416987814,0.0008092914796662409,322.35,4,160.0,0.005
10.1149/1.1833611,"10.1149/1.1833611|LiBOB|0.372973|mol/kg|w|0.7,0.3,0,0,0,0,0,0,0,0,0,0,0,0,0,0,0,0,0,0,0,0,0,0,0,0,0,0,0,0,0,0,0,0,0,0,0,0",5,cost_sensitive_budget_policy,0.8541273565846526,0.8561886463086481,0.002061289723995552,332.15,4,160.0,0.005
10.1149/1.1833611,"10.1149/1.1833611|LiBOB|0.497297|mol/kg|w|0.7,0.3,0,0,0,0,0,0,0,0,0,0,0,0,0,0,0,0,0,0,0,0,0,0,0,0,0,0,0,0,0,0,0,0,0,0,0,0",5,cost_sensitive_budget_policy,0.8998848471392512,0.9001899290207611,0.00030508188150990545,332.15,4,160.0,0.005
10.1149/1.1833611,"10.1149/1.1833611|LiBOB|0.571351|mol/kg|w|0.7,0.3,0,0,0,0,0,0,0,0,0,0,0,0,0,0,0,0,0,0,0,0,0,0,0,0,0,0,0,0,0,0,0,0,0,0,0,0",5,cost_sensitive_budget_policy,0.9141252862344557,0.916973726215186,0.002848439980730366,332.15,4,160.0,0.005
10.1149/1.1833611,"10.1149/1.1833611|LiBOB|0.655676|mol/kg|w|0.7,0.3,0,0,0,0,0,0,0,0,0,0,0,0,0,0,0,0,0,0,0,0,0,0,0,0,0,0,0,0,0,0,0,0,0,0,0,0",5,cost_sensitive_budget_policy,0.9215334741036846,0.9261827313382232,0.004649257234538573,332.15,4,160.0,0.005
10.1149/1.1833611,"10.1149/1.1833611|LiBOB|0.752973|mol/kg|w|0.7,0.3,0,0,0,0,0,0,0,0,0,0,0,0,0,0,0,0,0,0,0,0,0,0,0,0,0,0,0,0,0,0,0,0,0,0,0,0",5,cost_sensitive_budget_policy,0.923365942957112,0.9275131805198393,0.0041472375627272795,332.15,4,160.0,0.005
10.1149/1.1833611,"10.1149/1.1833611|LiBOB|0.866486|mol/kg|w|0.7,0.3,0,0,0,0,0,0,0,0,0,0,0,0,0,0,0,0,0,0,0,0,0,0,0,0,0,0,0,0,0,0,0,0,0,0,0,0",5,cost_sensitive_budget_policy,0.9159892139291999,0.9272364277177894,0.011247213788589505,332.15,4,160.0,0.005
10.1149/1.1833611,"10.1149/1.1833611|LiBOB|0.983243|mol/kg|w|0.7,0.3,0,0,0,0,0,0,0,0,0,0,0,0,0,0,0,0,0,0,0,0,0,0,0,0,0,0,0,0,0,0,0,0,0,0,0,0",5,cost_sensitive_budget_policy,0.9027705353510247,0.9263135256422721,0.0235429902912474,332.15,4,160.0,0.005
10.1149/1.1833611,"10.1149/1.1833611|LiBOB|0.15873|mol/kg|w|0.3,0.7,0,0,0,0,0,0,0,0,0,0,0,0,0,0,0,0,0,0,0,0,0,0,0,0,0,0,0,0,0,0,0,0,0,0,0,0",5,cost_sensitive_budget_policy,0.6126997807162147,0.6139776680558395,0.0012778873396248613,332.15,4,160.0,0.005
10.1149/1.1833611,"10.1149/1.1833611|LiBOB|0.250794|mol/kg|w|0.3,0.7,0,0,0,0,0,0,0,0,0,0,0,0,0,0,0,0,0,0,0,0,0,0,0,0,0,0,0,0,0,0,0,0,0,0,0,0",5,cost_sensitive_budget_policy,0.7410336219056128,0.7409698428425358,6.377906307708514e-05,332.15,4,160.0,0.005
10.1149/1.1833611,"10.1149/1.1833611|LiBOB|0.311111|mol/kg|w|0.3,0.7,0,0,0,0,0,0,0,0,0,0,0,0,0,0,0,0,0,0,0,0,0,0,0,0,0,0,0,0,0,0,0,0,0,0,0,0",5,cost_sensitive_budget_policy,0.7947361503963257,0.7954508027524683,0.0007146523561425422,332.15,4,160.0,0.005
10.1149/1.1833611,"10.1149/1.1833611|LiBOB|0.368254|mol/kg|w|0.3,0.7,0,0,0,0,0,0,0,0,0,0,0,0,0,0,0,0,0,0,0,0,0,0,0,0,0,0,0,0,0,0,0,0,0,0,0,0",5,cost_sensitive_budget_policy,0.8311962850875894,0.8291308507941777,0.002065434293411661,332.15,4,160.0,0.005
10.1149/1.1833611,"10.1149/1.1833611|LiBOB|0.425397|mol/kg|w|0.3,0.7,0,0,0,0,0,0,0,0,0,0,0,0,0,0,0,0,0,0,0,0,0,0,0,0,0,0,0,0,0,0,0,0,0,0,0,0",5,cost_sensitive_budget_policy,0.8562780341154737,0.8555255176670657,0.0007525164484079028,332.15,4,160.0,0.005
10.1149/1.1833611,"10.1149/1.1833611|LiBOB|0.488889|mol/kg|w|0.3,0.7,0,0,0,0,0,0,0,0,0,0,0,0,0,0,0,0,0,0,0,0,0,0,0,0,0,0,0,0,0,0,0,0,0,0,0,0",5,cost_sensitive_budget_policy,0.8018655244924775,0.80438223115906,0.0025167066665825466,322.35,4,160.0,0.005
10.1149/1.1833611,"10.1149/1.1833611|LiBOB|0.55873|mol/kg|w|0.3,0.7,0,0,0,0,0,0,0,0,0,0,0,0,0,0,0,0,0,0,0,0,0,0,0,0,0,0,0,0,0,0,0,0,0,0,0,0",5,cost_sensitive_budget_policy,0.8908555305873403,0.8932662959227855,0.002410765335445153,332.15,4,160.0,0.005
10.1149/1.1833611,"10.1149/1.1833611|LiBOB|0.638095|mol/kg|w|0.3,0.7,0,0,0,0,0,0,0,0,0,0,0,0,0,0,0,0,0,0,0,0,0,0,0,0,0,0,0,0,0,0,0,0,0,0,0,0",5,cost_sensitive_budget_policy,0.8995363817937931,0.9019431129451991,0.002406731151405994,332.15,4,160.0,0.005
10.1149/1.1833611,"10.1149/1.1833611|LiBOB|0.733333|mol/kg|w|0.3,0.7,0,0,0,0,0,0,0,0,0,0,0,0,0,0,0,0,0,0,0,0,0,0,0,0,0,0,0,0,0,0,0,0,0,0,0,0",5,cost_sensitive_budget_policy,0.9024124123314328,0.9080796673241169,0.0056672549926841675,332.15,4,160.0,0.005
10.1149/1.1833611,"10.1149/1.1833611|LiBOB|0.955556|mol/kg|w|0.3,0.7,0,0,0,0,0,0,0,0,0,0,0,0,0,0,0,0,0,0,0,0,0,0,0,0,0,0,0,0,0,0,0,0,0,0,0,0",5,cost_sensitive_budget_policy,0.8868167361072647,0.8929165090062423,0.006099772898977562,332.15,4,160.0,0.005
10.1149/1.1833611,"10.1149/1.1833611|LiBOB|1.06349|mol/kg|w|0.3,0.7,0,0,0,0,0,0,0,0,0,0,0,0,0,0,0,0,0,0,0,0,0,0,0,0,0,0,0,0,0,0,0,0,0,0,0,0",5,cost_sensitive_budget_policy,0.8715345480544757,0.8781785716752062,0.006644023620730466,332.15,4,160.0,0.005
10.1149/1.1833611,"10.1149/1.1833611|LiBOB|0.151351|mol/kg|w|0.6,0.4,0,0,0,0,0,0,0,0,0,0,0,0,0,0,0,0,0,0,0,0,0,0,0,0,0,0,0,0,0,0,0,0,0,0,0,0",5,cost_sensitive_budget_policy,0.6146491186545956,0.6116762791990296,0.0029728394555660342,332.15,4,160.0,0.005
10.1149/1.1833611,"10.1149/1.1833611|LiBOB|0.356757|mol/kg|w|0.6,0.4,0,0,0,0,0,0,0,0,0,0,0,0,0,0,0,0,0,0,0,0,0,0,0,0,0,0,0,0,0,0,0,0,0,0,0,0",5,cost_sensitive_budget_policy,0.8395889452368733,0.8373434558207835,0.0022454894160898187,332.15,4,160.0,0.005
10.1149/1.1833611,"10.1149/1.1833611|LiBOB|0.418919|mol/kg|w|0.6,0.4,0,0,0,0,0,0,0,0,0,0,0,0,0,0,0,0,0,0,0,0,0,0,0,0,0,0,0,0,0,0,0,0,0,0,0,0",5,cost_sensitive_budget_policy,0.8681948044284015,0.86865247211664,0.00045766768823851667,332.15,4,160.0,0.005
10.1149/1.1833611,"10.1149/1.1833611|LiBOB|0.486486|mol/kg|w|0.6,0.4,0,0,0,0,0,0,0,0,0,0,0,0,0,0,0,0,0,0,0,0,0,0,0,0,0,0,0,0,0,0,0,0,0,0,0,0",5,cost_sensitive_budget_policy,0.8884768314673185,0.8921023754824666,0.003625544015148141,332.15,4,160.0,0.005
10.1149/1.1833611,"10.1149/1.1833611|LiBOB|0.564865|mol/kg|w|0.6,0.4,0,0,0,0,0,0,0,0,0,0,0,0,0,0,0,0,0,0,0,0,0,0,0,0,0,0,0,0,0,0,0,0,0,0,0,0",5,cost_sensitive_budget_policy,0.9046837300144092,0.9059607845380269,0.0012770545236177044,332.15,4,160.0,0.005
10.1149/1.1833611,"10.1149/1.1833611|LiBOB|0.651351|mol/kg|w|0.6,0.4,0,0,0,0,0,0,0,0,0,0,0,0,0,0,0,0,0,0,0,0,0,0,0,0,0,0,0,0,0,0,0,0,0,0,0,0",5,cost_sensitive_budget_policy,0.9125658788633235,0.9168344398256036,0.004268560962280121,332.15,4,160.0,0.005
10.1149/1.1833611,"10.1149/1.1833611|LiBOB|0.875676|mol/kg|w|0.6,0.4,0,0,0,0,0,0,0,0,0,0,0,0,0,0,0,0,0,0,0,0,0,0,0,0,0,0,0,0,0,0,0,0,0,0,0,0",5,cost_sensitive_budget_policy,0.9062716457559425,0.9137821930900241,0.007510547334081519,332.15,4,160.0,0.005
10.1149/1.1833611,"10.1149/1.1833611|LiBOB|0.997297|mol/kg|w|0.6,0.4,0,0,0,0,0,0,0,0,0,0,0,0,0,0,0,0,0,0,0,0,0,0,0,0,0,0,0,0,0,0,0,0,0,0,0,0",5,cost_sensitive_budget_policy,0.8934027196018733,0.9016453352725502,0.008242615670676856,332.15,4,160.0,0.005
10.1149/1.1833611,"10.1149/1.1833611|LiBOB|1.11892|mol/kg|w|0.6,0.4,0,0,0,0,0,0,0,0,0,0,0,0,0,0,0,0,0,0,0,0,0,0,0,0,0,0,0,0,0,0,0,0,0,0,0,0",5,cost_sensitive_budget_policy,0.871641604157595,0.8862559737545486,0.014614369596953614,332.15,4,160.0,0.005
10.1149/1.1833611,"10.1149/1.1833611|LiBOB|0.0285714|mol/kg|w|0,0.5,0,0,0.5,0,0,0,0,0,0,0,0,0,0,0,0,0,0,0,0,0,0,0,0,0,0,0,0,0,0,0,0,0,0,0,0,0",5,cost_sensitive_budget_policy,0.04050121485602134,0.03903102830649319,0.0014701865495281505,332.15,4,160.0,0.005
10.1149/1.1833611,"10.1149/1.1833611|LiBOB|0.052381|mol/kg|w|0,0.5,0,0,0.5,0,0,0,0,0,0,0,0,0,0,0,0,0,0,0,0,0,0,0,0,0,0,0,0,0,0,0,0,0,0,0,0,0",5,cost_sensitive_budget_policy,0.27437780090353575,0.2691534624787363,0.005224338424799468,332.15,4,160.0,0.005
10.1149/1.1833611,"10.1149/1.1833611|LiBOB|0.0714286|mol/kg|w|0,0.5,0,0,0.5,0,0,0,0,0,0,0,0,0,0,0,0,0,0,0,0,0,0,0,0,0,0,0,0,0,0,0,0,0,0,0,0,0",5,cost_sensitive_budget_policy,0.3806192215096623,0.37716799431430936,0.003451227195352957,332.15,4,160.0,0.005
10.1149/1.1833611,"10.1149/1.1833611|LiBOB|0.0952381|mol/kg|w|0,0.5,0,0,0.5,0,0,0,0,0,0,0,0,0,0,0,0,0,0,0,0,0,0,0,0,0,0,0,0,0,0,0,0,0,0,0,0,0",5,cost_sensitive_budget_policy,0.4734778232155228,0.47565976868360094,0.0021819454680781503,332.15,4,160.0,0.005
10.1149/1.1833611,"10.1149/1.1833611|LiBOB|0.138095|mol/kg|w|0,0.5,0,0,0.5,0,0,0,0,0,0,0,0,0,0,0,0,0,0,0,0,0,0,0,0,0,0,0,0,0,0,0,0,0,0,0,0,0",5,cost_sensitive_budget_policy,0.6038251425238906,0.5976023980665461,0.006222744457344498,332.15,4,160.0,0.005
10.1149/1.1833611,"10.1149/1.1833611|LiBOB|0.195238|mol/kg|w|0,0.5,0,0,0.5,0,0,0,0,0,0,0,0,0,0,0,0,0,0,0,0,0,0,0,0,0,0,0,0,0,0,0,0,0,0,0,0,0",5,cost_sensitive_budget_policy,0.7036253306758419,0.6919788341230574,0.011646496552784491,332.15,4,160.0,0.005
10.1149/1.1833611,"10.1149/1.1833611|LiBOB|0.233333|mol/kg|w|0,0.5,0,0,0.5,0,0,0,0,0,0,0,0,0,0,0,0,0,0,0,0,0,0,0,0,0,0,0,0,0,0,0,0,0,0,0,0,0",5,cost_sensitive_budget_policy,0.7458688739869638,0.7437782727272528,0.0020906012597109447,332.15,4,160.0,0.005
10.1149/1.1833611,"10.1149/1.1833611|LiBOB|0.271429|mol/kg|w|0,0.5,0,0,0.5,0,0,0,0,0,0,0,0,0,0,0,0,0,0,0,0,0,0,0,0,0,0,0,0,0,0,0,0,0,0,0,0,0",5,cost_sensitive_budget_policy,0.7843652120927994,0.783152901162108,0.001212310930691407,332.15,4,160.0,0.005
10.1149/1.1833611,"10.1149/1.1833611|LiBOB|0.309524|mol/kg|w|0,0.5,0,0,0.5,0,0,0,0,0,0,0,0,0,0,0,0,0,0,0,0,0,0,0,0,0,0,0,0,0,0,0,0,0,0,0,0,0",5,cost_sensitive_budget_policy,0.8162496087282435,0.8160564459879194,0.0001931627403241043,332.15,4,160.0,0.005
10.1149/1.1833611,"10.1149/1.1833611|LiBOB|0.438095|mol/kg|w|0,0.5,0,0,0.5,0,0,0,0,0,0,0,0,0,0,0,0,0,0,0,0,0,0,0,0,0,0,0,0,0,0,0,0,0,0,0,0,0",5,cost_sensitive_budget_policy,0.8880006290618762,0.8886776577575287,0.0006770286956525595,332.15,4,160.0,0.005
10.1149/1.1833611,"10.1149/1.1833611|LiBOB|0.590476|mol/kg|w|0,0.5,0,0,0.5,0,0,0,0,0,0,0,0,0,0,0,0,0,0,0,0,0,0,0,0,0,0,0,0,0,0,0,0,0,0,0,0,0",5,cost_sensitive_budget_policy,0.9227735711094729,0.9223979813468925,0.0003755897625803417,332.15,4,160.0,0.005
10.1149/1.1833611,"10.1149/1.1833611|LiBOB|0.0375|mol/kg|w|0,0.7,0,0,0.3,0,0,0,0,0,0,0,0,0,0,0,0,0,0,0,0,0,0,0,0,0,0,0,0,0,0,0,0,0,0,0,0,0",5,cost_sensitive_budget_policy,0.17363066058698706,0.1636224583345557,0.010008202252431375,332.15,4,160.0,0.005
10.1149/1.1833611,"10.1149/1.1833611|LiBOB|0.078125|mol/kg|w|0,0.7,0,0,0.3,0,0,0,0,0,0,0,0,0,0,0,0,0,0,0,0,0,0,0,0,0,0,0,0,0,0,0,0,0,0,0,0,0",5,cost_sensitive_budget_policy,0.43326797104906706,0.4289098337279955,0.004358137321071542,332.15,4,160.0,0.005
10.1149/1.1833611,"10.1149/1.1833611|LiBOB|0.10625|mol/kg|w|0,0.7,0,0,0.3,0,0,0,0,0,0,0,0,0,0,0,0,0,0,0,0,0,0,0,0,0,0,0,0,0,0,0,0,0,0,0,0,0",5,cost_sensitive_budget_policy,0.5387781558284613,0.5302100278806468,0.008568127947814586,332.15,4,160.0,0.005
10.1149/1.1833611,"10.1149/1.1833611|LiBOB|0.13125|mol/kg|w|0,0.7,0,0,0.3,0,0,0,0,0,0,0,0,0,0,0,0,0,0,0,0,0,0,0,0,0,0,0,0,0,0,0,0,0,0,0,0,0",5,cost_sensitive_budget_policy,0.6129633543113681,0.6077989949334104,0.005164359377957672,332.15,4,160.0,0.005
10.1149/1.1833611,"10.1149/1.1833611|LiBOB|0.159375|mol/kg|w|0,0.7,0,0,0.3,0,0,0,0,0,0,0,0,0,0,0,0,0,0,0,0,0,0,0,0,0,0,0,0,0,0,0,0,0,0,0,0,0",5,cost_sensitive_budget_policy,0.6731927842962409,0.6669890300702871,0.0062037542259537615,332.15,4,160.0,0.005
10.1149/1.1833611,"10.1149/1.1833611|LiBOB|0.1875|mol/kg|w|0,0.7,0,0,0.3,0,0,0,0,0,0,0,0,0,0,0,0,0,0,0,0,0,0,0,0,0,0,0,0,0,0,0,0,0,0,0,0,0",5,cost_sensitive_budget_policy,0.71769870485407,0.7109413094743798,0.006757395379690112,332.15,4,160.0,0.005
10.1149/1.1833611,"10.1149/1.1833611|LiBOB|0.21875|mol/kg|w|0,0.7,0,0,0.3,0,0,0,0,0,0,0,0,0,0,0,0,0,0,0,0,0,0,0,0,0,0,0,0,0,0,0,0,0,0,0,0,0",5,cost_sensitive_budget_policy,0.7580646886110975,0.7568005177559103,0.0012641708551872632,332.15,4,160.0,0.005
10.1149/1.1833611,"10.1149/1.1833611|LiBOB|0.25625|mol/kg|w|0,0.7,0,0,0.3,0,0,0,0,0,0,0,0,0,0,0,0,0,0,0,0,0,0,0,0,0,0,0,0,0,0,0,0,0,0,0,0,0",5,cost_sensitive_budget_policy,0.7973497124471525,0.7959559445072731,0.0013937679398793312,332.15,4,160.0,0.005
10.1149/1.1833611,"10.1149/1.1833611|LiBOB|0.29375|mol/kg|w|0,0.7,0,0,0.3,0,0,0,0,0,0,0,0,0,0,0,0,0,0,0,0,0,0,0,0,0,0,0,0,0,0,0,0,0,0,0,0,0",5,cost_sensitive_budget_policy,0.8290310604402732,0.8262845589014893,0.002746501538783863,332.15,4,160.0,0.005
10.1149/1.1833611,"10.1149/1.1833611|LiBOB|0.3375|mol/kg|w|0,0.7,0,0,0.3,0,0,0,0,0,0,0,0,0,0,0,0,0,0,0,0,0,0,0,0,0,0,0,0,0,0,0,0,0,0,0,0,0",5,cost_sensitive_budget_policy,0.856513844952637,0.8579545895757812,0.0014407446231441412,332.15,4,160.0,0.005
10.1149/1.1833611,"10.1149/1.1833611|LiBOB|0.38125|mol/kg|w|0,0.7,0,0,0.3,0,0,0,0,0,0,0,0,0,0,0,0,0,0,0,0,0,0,0,0,0,0,0,0,0,0,0,0,0,0,0,0,0",5,cost_sensitive_budget_policy,0.8784828470758402,0.8779830164544964,0.0004998306213438442,332.15,4,160.0,0.005
10.1149/1.1833611,"10.1149/1.1833611|LiBOB|0.428125|mol/kg|w|0,0.7,0,0,0.3,0,0,0,0,0,0,0,0,0,0,0,0,0,0,0,0,0,0,0,0,0,0,0,0,0,0,0,0,0,0,0,0,0",5,cost_sensitive_budget_policy,0.5870828353964056,0.5879145351058224,0.0008316997094167666,292.65,4,160.0,0.005
10.1149/1.1833611,"10.1149/1.1833611|LiBOB|0.475|mol/kg|w|0,0.7,0,0,0.3,0,0,0,0,0,0,0,0,0,0,0,0,0,0,0,0,0,0,0,0,0,0,0,0,0,0,0,0,0,0,0,0,0",5,cost_sensitive_budget_policy,0.9085758849563462,0.9091800118115918,0.0006041268552455792,332.15,4,160.0,0.005
10.1149/1.1833611,"10.1149/1.1833611|LiBOB|0.52375|mol/kg|w|0,0.7,0,0,0.3,0,0,0,0,0,0,0,0,0,0,0,0,0,0,0,0,0,0,0,0,0,0,0,0,0,0,0,0,0,0,0,0,0",5,cost_sensitive_budget_policy,0.9189893975086663,0.9179335473447512,0.001055850163915073,332.15,4,160.0,0.005
10.1149/1.1833611,"10.1149/1.1833611|LiBOB|0.58|mol/kg|w|0,0.7,0,0,0.3,0,0,0,0,0,0,0,0,0,0,0,0,0,0,0,0,0,0,0,0,0,0,0,0,0,0,0,0,0,0,0,0,0",5,cost_sensitive_budget_policy,0.9232264504412505,0.9253109968042925,0.002084546363042006,332.15,4,160.0,0.005
10.1149/1.1833611,"10.1149/1.1833611|LiBOB|0.64|mol/kg|w|0,0.7,0,0,0.3,0,0,0,0,0,0,0,0,0,0,0,0,0,0,0,0,0,0,0,0,0,0,0,0,0,0,0,0,0,0,0,0,0",5,cost_sensitive_budget_policy,0.9274225650243936,0.9293381140978372,0.001915549073443601,332.15,4,160.0,0.005
10.1149/1.1833611,"10.1149/1.1833611|LiBOB|0.70375|mol/kg|w|0,0.7,0,0,0.3,0,0,0,0,0,0,0,0,0,0,0,0,0,0,0,0,0,0,0,0,0,0,0,0,0,0,0,0,0,0,0,0,0",5,cost_sensitive_budget_policy,0.925329575523757,0.9261854545638781,0.000855879040121077,332.15,4,160.0,0.005
10.1149/1.1833611,"10.1149/1.1833611|LiBOB|0.75625|mol/kg|w|0,0.7,0,0,0.3,0,0,0,0,0,0,0,0,0,0,0,0,0,0,0,0,0,0,0,0,0,0,0,0,0,0,0,0,0,0,0,0,0",5,cost_sensitive_budget_policy,0.9189893975086663,0.9234064829531625,0.00441708544449626,332.15,4,160.0,0.005
10.1149/1.1833611,"10.1149/1.1833611|LiBOB|0.235294|mol/kg|w|0,1,0,0,0,0,0,0,0,0,0,0,0,0,0,0,0,0,0,0,0,0,0,0,0,0,0,0,0,0,0,0,0,0,0,0,0,0",5,cost_sensitive_budget_policy,0.7072953931586318,0.7089766730221081,0.001681279863476326,332.15,4,160.0,0.005
10.1149/1.1833611,"10.1149/1.1833611|LiBOB|0.35|mol/kg|w|0,1,0,0,0,0,0,0,0,0,0,0,0,0,0,0,0,0,0,0,0,0,0,0,0,0,0,0,0,0,0,0,0,0,0,0,0,0",5,cost_sensitive_budget_policy,0.7964400360869989,0.8011809444549289,0.004740908367930063,332.15,4,160.0,0.005
10.1149/1.1833611,"10.1149/1.1833611|LiBOB|0.408824|mol/kg|w|0,1,0,0,0,0,0,0,0,0,0,0,0,0,0,0,0,0,0,0,0,0,0,0,0,0,0,0,0,0,0,0,0,0,0,0,0,0",5,cost_sensitive_budget_policy,0.3411472188528036,0.3727684351055318,0.031621216252728235,282.85,4,160.0,0.005
10.1149/1.1833611,"10.1149/1.1833611|LiBOB|0.470588|mol/kg|w|0,1,0,0,0,0,0,0,0,0,0,0,0,0,0,0,0,0,0,0,0,0,0,0,0,0,0,0,0,0,0,0,0,0,0,0,0,0",5,cost_sensitive_budget_policy,0.8470947998002147,0.84842453258626,0.0013297327860453123,332.15,4,160.0,0.005
10.1149/1.1833611,"10.1149/1.1833611|LiBOB|0.541176|mol/kg|w|0,1,0,0,0,0,0,0,0,0,0,0,0,0,0,0,0,0,0,0,0,0,0,0,0,0,0,0,0,0,0,0,0,0,0,0,0,0",5,cost_sensitive_budget_policy,0.8627467453342664,0.8663896146856189,0.0036428693513524957,332.15,4,160.0,0.005
10.1149/1.1833611,"10.1149/1.1833611|LiBOB|0.829412|mol/kg|w|0,1,0,0,0,0,0,0,0,0,0,0,0,0,0,0,0,0,0,0,0,0,0,0,0,0,0,0,0,0,0,0,0,0,0,0,0,0",5,cost_sensitive_budget_policy,0.8741262910716027,0.8832691727169473,0.009142881645344603,332.15,4,160.0,0.005
10.1149/1.1833611,"10.1149/1.1833611|LiBOB|0.935294|mol/kg|w|0,1,0,0,0,0,0,0,0,0,0,0,0,0,0,0,0,0,0,0,0,0,0,0,0,0,0,0,0,0,0,0,0,0,0,0,0,0",5,cost_sensitive_budget_policy,0.8665731531852291,0.8724600931341353,0.005886939948906211,332.15,4,160.0,0.005
10.1149/1.1833611,"10.1149/1.1833611|LiBOB|0.0528302|mol/kg|w|0,0.4,0,0,0.6,0,0,0,0,0,0,0,0,0,0,0,0,0,0,0,0,0,0,0,0,0,0,0,0,0,0,0,0,0,0,0,0,0",5,cost_sensitive_budget_policy,0.2208106884744153,0.19465072956490825,0.026159958909507036,322.35,4,160.0,0.005
10.1149/1.1833611,"10.1149/1.1833611|LiBOB|0.0679245|mol/kg|w|0,0.4,0,0,0.6,0,0,0,0,0,0,0,0,0,0,0,0,0,0,0,0,0,0,0,0,0,0,0,0,0,0,0,0,0,0,0,0,0",5,cost_sensitive_budget_policy,0.3485065413259138,0.3469546475963019,0.0015518937296118973,332.15,4,160.0,0.005
10.1149/1.1833611,"10.1149/1.1833611|LiBOB|0.0830189|mol/kg|w|0,0.4,0,0,0.6,0,0,0,0,0,0,0,0,0,0,0,0,0,0,0,0,0,0,0,0,0,0,0,0,0,0,0,0,0,0,0,0,0",5,cost_sensitive_budget_policy,0.32335655616648623,0.31937942519410323,0.003977130972383003,312.45,4,160.0,0.005
10.1149/1.1833611,"10.1149/1.1833611|LiBOB|0.10566|mol/kg|w|0,0.4,0,0,0.6,0,0,0,0,0,0,0,0,0,0,0,0,0,0,0,0,0,0,0,0,0,0,0,0,0,0,0,0,0,0,0,0,0",5,cost_sensitive_budget_policy,0.4943346498405031,0.49179079232669143,0.002543857513811698,332.15,4,160.0,0.005
10.1149/1.1833611,"10.1149/1.1833611|LiBOB|0.128302|mol/kg|w|0,0.4,0,0,0.6,0,0,0,0,0,0,0,0,0,0,0,0,0,0,0,0,0,0,0,0,0,0,0,0,0,0,0,0,0,0,0,0,0",5,cost_sensitive_budget_policy,0.5570822038534365,0.5578789799205129,0.000796776067076399,332.15,4,160.0,0.005
10.1149/1.1833611,"10.1149/1.1833611|LiBOB|0.154717|mol/kg|w|0,0.4,0,0,0.6,0,0,0,0,0,0,0,0,0,0,0,0,0,0,0,0,0,0,0,0,0,0,0,0,0,0,0,0,0,0,0,0,0",5,cost_sensitive_budget_policy,0.6161277723351913,0.6134174399986149,0.002710332336576471,332.15,4,160.0,0.005
10.1149/1.1833611,"10.1149/1.1833611|LiBOB|0.184906|mol/kg|w|0,0.4,0,0,0.6,0,0,0,0,0,0,0,0,0,0,0,0,0,0,0,0,0,0,0,0,0,0,0,0,0,0,0,0,0,0,0,0,0",5,cost_sensitive_budget_policy,0.6680261888798529,0.6684939842621571,0.0004677953823042369,332.15,4,160.0,0.005
10.1149/1.1833611,"10.1149/1.1833611|LiBOB|0.218868|mol/kg|w|0,0.4,0,0,0.6,0,0,0,0,0,0,0,0,0,0,0,0,0,0,0,0,0,0,0,0,0,0,0,0,0,0,0,0,0,0,0,0,0",5,cost_sensitive_budget_policy,0.7143149090514236,0.7113727738014138,0.0029421352500097475,332.15,4,160.0,0.005
10.1149/1.1833611,"10.1149/1.1833611|LiBOB|0.381132|mol/kg|w|0,0.4,0,0,0.6,0,0,0,0,0,0,0,0,0,0,0,0,0,0,0,0,0,0,0,0,0,0,0,0,0,0,0,0,0,0,0,0,0",5,cost_sensitive_budget_policy,0.8415237770901847,0.8419946563361583,0.0004708792459736655,332.15,4,160.0,0.005
10.1149/1.1833611,"10.1149/1.1833611|LiBOB|0.430189|mol/kg|w|0,0.4,0,0,0.6,0,0,0,0,0,0,0,0,0,0,0,0,0,0,0,0,0,0,0,0,0,0,0,0,0,0,0,0,0,0,0,0,0",5,cost_sensitive_budget_policy,0.8633205693002606,0.8638400870749449,0.0005195177746842861,332.15,4,160.0,0.005
10.1149/1.1833611,"10.1149/1.1833611|LiBOB|0.483019|mol/kg|w|0,0.4,0,0,0.6,0,0,0,0,0,0,0,0,0,0,0,0,0,0,0,0,0,0,0,0,0,0,0,0,0,0,0,0,0,0,0,0,0",5,cost_sensitive_budget_policy,0.8817104229194349,0.8817250635980812,1.4640678646316019e-05,332.15,4,160.0,0.005
10.1149/1.1833611,"10.1149/1.1833611|LiBOB|0.528302|mol/kg|w|0,0.4,0,0,0.6,0,0,0,0,0,0,0,0,0,0,0,0,0,0,0,0,0,0,0,0,0,0,0,0,0,0,0,0,0,0,0,0,0",5,cost_sensitive_budget_policy,0.8926816522271562,0.8924083924362245,0.0002732597909317347,332.15,4,160.0,0.005
10.1149/1.1833611,"10.1149/1.1833611|LiBOB|0.0740741|mol/kg|w|0,0.3,0,0,0.7,0,0,0,0,0,0,0,0,0,0,0,0,0,0,0,0,0,0,0,0,0,0,0,0,0,0,0,0,0,0,0,0,0",5,cost_sensitive_budget_policy,0.3010299956639812,0.29487565135185734,0.006154344312123861,332.15,4,160.0,0.005
10.1149/1.1833611,"10.1149/1.1833611|LiBOB|0.0888889|mol/kg|w|0,0.3,0,0,0.7,0,0,0,0,0,0,0,0,0,0,0,0,0,0,0,0,0,0,0,0,0,0,0,0,0,0,0,0,0,0,0,0,0",5,cost_sensitive_budget_policy,0.3667087712622437,0.3587314677992812,0.007977303462962493,332.15,4,160.0,0.005
10.1149/1.1833611,"10.1149/1.1833611|LiBOB|0.107407|mol/kg|w|0,0.3,0,0,0.7,0,0,0,0,0,0,0,0,0,0,0,0,0,0,0,0,0,0,0,0,0,0,0,0,0,0,0,0,0,0,0,0,0",5,cost_sensitive_budget_policy,0.4237472721981457,0.41494035403728324,0.008806918160862431,332.15,4,160.0,0.005
10.1149/1.1833611,"10.1149/1.1833611|LiBOB|0.125926|mol/kg|w|0,0.3,0,0,0.7,0,0,0,0,0,0,0,0,0,0,0,0,0,0,0,0,0,0,0,0,0,0,0,0,0,0,0,0,0,0,0,0,0",5,cost_sensitive_budget_policy,0.4858951790561205,0.48215363291223234,0.0037415461438881636,332.15,4,160.0,0.005
10.1149/1.1833611,"10.1149/1.1833611|LiBOB|0.17037|mol/kg|w|0,0.3,0,0,0.7,0,0,0,0,0,0,0,0,0,0,0,0,0,0,0,0,0,0,0,0,0,0,0,0,0,0,0,0,0,0,0,0,0",5,cost_sensitive_budget_policy,0.5839617692490267,0.5850638285448588,0.0011020592958321807,332.15,4,160.0,0.005
10.1149/1.1833611,"10.1149/1.1833611|LiBOB|0.196296|mol/kg|w|0,0.3,0,0,0.7,0,0,0,0,0,0,0,0,0,0,0,0,0,0,0,0,0,0,0,0,0,0,0,0,0,0,0,0,0,0,0,0,0",5,cost_sensitive_budget_policy,0.6320232147343586,0.6274401087394393,0.00458310599491929,332.15,4,160.0,0.005
10.1149/1.1833611,"10.1149/1.1833611|LiBOB|0.222222|mol/kg|w|0,0.3,0,0,0.7,0,0,0,0,0,0,0,0,0,0,0,0,0,0,0,0,0,0,0,0,0,0,0,0,0,0,0,0,0,0,0,0,0",5,cost_sensitive_budget_policy,0.6677387669262249,0.6613806808510839,0.0063580860751409896,332.15,4,160.0,0.005
10.1149/1.1833611,"10.1149/1.1833611|LiBOB|0.251852|mol/kg|w|0,0.3,0,0,0.7,0,0,0,0,0,0,0,0,0,0,0,0,0,0,0,0,0,0,0,0,0,0,0,0,0,0,0,0,0,0,0,0,0",5,cost_sensitive_budget_policy,0.7007390270519149,0.7012529482851738,0.000513921233258885,332.15,4,160.0,0.005
10.1149/1.1833611,"10.1149/1.1833611|LiBOB|0.314815|mol/kg|w|0,0.3,0,0,0.7,0,0,0,0,0,0,0,0,0,0,0,0,0,0,0,0,0,0,0,0,0,0,0,0,0,0,0,0,0,0,0,0,0",5,cost_sensitive_budget_policy,0.7077439286157291,0.6905417642510465,0.01720216436468258,322.35,4,160.0,0.005
10.1149/1.1833611,"10.1149/1.1833611|LiBOB|0.348148|mol/kg|w|0,0.3,0,0,0.7,0,0,0,0,0,0,0,0,0,0,0,0,0,0,0,0,0,0,0,0,0,0,0,0,0,0,0,0,0,0,0,0,0",5,cost_sensitive_budget_policy,0.675291904903569,0.6599657028839041,0.015326202019664947,312.45,4,160.0,0.005
10.1149/1.1833611,"10.1149/1.1833611|LiBOB|0.388889|mol/kg|w|0,0.3,0,0,0.7,0,0,0,0,0,0,0,0,0,0,0,0,0,0,0,0,0,0,0,0,0,0,0,0,0,0,0,0,0,0,0,0,0",5,cost_sensitive_budget_policy,0.8067335680239547,0.8031925876864084,0.00354098033754624,332.15,4,160.0,0.005
10.1149/1.1833611,"10.1149/1.1833611|LiBOB|0.150725|mol/kg|w|0.4,0.6,0,0,0,0,0,0,0,0,0,0,0,0,0,0,0,0,0,0,0,0,0,0,0,0,0,0,0,0,0,0,0,0,0,0,0,0",5,cost_sensitive_budget_policy,0.5994124669909516,0.6010874309331788,0.0016749639422272145,332.15,4,160.0,0.01
10.1149/1.1833611,"10.1149/1.1833611|LiBOB|0.24058|mol/kg|w|0.4,0.6,0,0,0,0,0,0,0,0,0,0,0,0,0,0,0,0,0,0,0,0,0,0,0,0,0,0,0,0,0,0,0,0,0,0,0,0",5,cost_sensitive_budget_policy,0.7385685784219824,0.7367272424719298,0.0018413359500526472,332.15,4,160.0,0.01
10.1149/1.1833611,"10.1149/1.1833611|LiBOB|0.304348|mol/kg|w|0.4,0.6,0,0,0,0,0,0,0,0,0,0,0,0,0,0,0,0,0,0,0,0,0,0,0,0,0,0,0,0,0,0,0,0,0,0,0,0",5,cost_sensitive_budget_policy,0.7907577804783202,0.7999141535844791,0.00915637310615891,332.15,4,160.0,0.01
10.1149/1.1833611,"10.1149/1.1833611|LiBOB|0.362319|mol/kg|w|0.4,0.6,0,0,0,0,0,0,0,0,0,0,0,0,0,0,0,0,0,0,0,0,0,0,0,0,0,0,0,0,0,0,0,0,0,0,0,0",5,cost_sensitive_budget_policy,0.8270948457750013,0.8290024201809971,0.001907574405995871,332.15,4,160.0,0.01
10.1149/1.1833611,"10.1149/1.1833611|LiBOB|0.484058|mol/kg|w|0.4,0.6,0,0,0,0,0,0,0,0,0,0,0,0,0,0,0,0,0,0,0,0,0,0,0,0,0,0,0,0,0,0,0,0,0,0,0,0",5,cost_sensitive_budget_policy,0.8733388121512187,0.8754922832524683,0.0021534711012496377,332.15,4,160.0,0.01
10.1149/1.1833611,"10.1149/1.1833611|LiBOB|0.553623|mol/kg|w|0.4,0.6,0,0,0,0,0,0,0,0,0,0,0,0,0,0,0,0,0,0,0,0,0,0,0,0,0,0,0,0,0,0,0,0,0,0,0,0",5,cost_sensitive_budget_policy,0.8874573667002804,0.8928177121665581,0.005360345466277727,332.15,4,160.0,0.01
10.1149/1.1833611,"10.1149/1.1833611|LiBOB|0.637681|mol/kg|w|0.4,0.6,0,0,0,0,0,0,0,0,0,0,0,0,0,0,0,0,0,0,0,0,0,0,0,0,0,0,0,0,0,0,0,0,0,0,0,0",5,cost_sensitive_budget_policy,0.8956926603779694,0.9028782478082158,0.007185587430246443,332.15,4,160.0,0.01
10.1149/1.1833611,"10.1149/1.1833611|LiBOB|0.733333|mol/kg|w|0.4,0.6,0,0,0,0,0,0,0,0,0,0,0,0,0,0,0,0,0,0,0,0,0,0,0,0,0,0,0,0,0,0,0,0,0,0,0,0",5,cost_sensitive_budget_policy,0.8983948658042163,0.9071051557812038,0.008710289976987418,332.15,4,160.0,0.01
10.1149/1.1833611,"10.1149/1.1833611|LiBOB|0.843478|mol/kg|w|0.4,0.6,0,0,0,0,0,0,0,0,0,0,0,0,0,0,0,0,0,0,0,0,0,0,0,0,0,0,0,0,0,0,0,0,0,0,0,0",5,cost_sensitive_budget_policy,0.8920633652148822,0.9016510005770917,0.009587635362209523,332.15,4,160.0,0.01
10.1149/1.1833611,"10.1149/1.1833611|LiBOB|0.956522|mol/kg|w|0.4,0.6,0,0,0,0,0,0,0,0,0,0,0,0,0,0,0,0,0,0,0,0,0,0,0,0,0,0,0,0,0,0,0,0,0,0,0,0",5,cost_sensitive_budget_policy,0.8782574456656309,0.8956961089211573,0.017438663255526343,332.15,4,160.0,0.01
10.1149/1.1833611,"10.1149/1.1833611|LiBOB|1.06957|mol/kg|w|0.4,0.6,0,0,0,0,0,0,0,0,0,0,0,0,0,0,0,0,0,0,0,0,0,0,0,0,0,0,0,0,0,0,0,0,0,0,0,0",5,cost_sensitive_budget_policy,0.8582114300486811,0.8790571776163365,0.020845747567655448,332.15,4,160.0,0.01
10.1149/1.1833611,"10.1149/1.1833611|LiBOB|0.0333333|mol/kg|w|0,0.6,0,0,0.4,0,0,0,0,0,0,0,0,0,0,0,0,0,0,0,0,0,0,0,0,0,0,0,0,0,0,0,0,0,0,0,0,0",5,cost_sensitive_budget_policy,0.16489335930822416,0.16330135622237596,0.0015920030858481982,332.15,4,160.0,0.01
10.1149/1.1833611,"10.1149/1.1833611|LiBOB|0.0733333|mol/kg|w|0,0.6,0,0,0.4,0,0,0,0,0,0,0,0,0,0,0,0,0,0,0,0,0,0,0,0,0,0,0,0,0,0,0,0,0,0,0,0,0",5,cost_sensitive_budget_policy,0.4380386520683107,0.4298175292586395,0.008221122809671244,332.15,4,160.0,0.01
10.1149/1.1833611,"10.1149/1.1833611|LiBOB|0.103333|mol/kg|w|0,0.6,0,0,0.4,0,0,0,0,0,0,0,0,0,0,0,0,0,0,0,0,0,0,0,0,0,0,0,0,0,0,0,0,0,0,0,0,0",5,cost_sensitive_budget_policy,0.5408979976175841,0.536208989445672,0.00468900817191209,332.15,4,160.0,0.01
10.1149/1.1833611,"10.1149/1.1833611|LiBOB|0.13|mol/kg|w|0,0.6,0,0,0.4,0,0,0,0,0,0,0,0,0,0,0,0,0,0,0,0,0,0,0,0,0,0,0,0,0,0,0,0,0,0,0,0,0",5,cost_sensitive_budget_policy,0.503584357517213,0.49981837502248183,0.003765982494731146,312.45,4,160.0,0.01
10.1149/1.1833611,"10.1149/1.1833611|LiBOB|0.153333|mol/kg|w|0,0.6,0,0,0.4,0,0,0,0,0,0,0,0,0,0,0,0,0,0,0,0,0,0,0,0,0,0,0,0,0,0,0,0,0,0,0,0,0",5,cost_sensitive_budget_policy,0.6705831692272491,0.666657499610523,0.003925669616726135,332.15,4,160.0,0.01
10.1149/1.1833611,"10.1149/1.1833611|LiBOB|0.176667|mol/kg|w|0,0.6,0,0,0.4,0,0,0,0,0,0,0,0,0,0,0,0,0,0,0,0,0,0,0,0,0,0,0,0,0,0,0,0,0,0,0,0,0",5,cost_sensitive_budget_policy,0.7127007081178658,0.7084706043587641,0.004230103759101711,332.15,4,160.0,0.01
10.1149/1.1833611,"10.1149/1.1833611|LiBOB|0.21|mol/kg|w|0,0.6,0,0,0.4,0,0,0,0,0,0,0,0,0,0,0,0,0,0,0,0,0,0,0,0,0,0,0,0,0,0,0,0,0,0,0,0,0",5,cost_sensitive_budget_policy,0.7540238375158995,0.7351301032225198,0.018893734293379705,332.15,4,160.0,0.01
10.1149/1.1833611,"10.1149/1.1833611|LiBOB|0.273333|mol/kg|w|0,0.6,0,0,0.4,0,0,0,0,0,0,0,0,0,0,0,0,0,0,0,0,0,0,0,0,0,0,0,0,0,0,0,0,0,0,0,0,0",5,cost_sensitive_budget_policy,0.8240666374978196,0.8215011557899149,0.0025654817079047154,332.15,4,160.0,0.01
10.1149/1.1833611,"10.1149/1.1833611|LiBOB|0.313333|mol/kg|w|0,0.6,0,0,0.4,0,0,0,0,0,0,0,0,0,0,0,0,0,0,0,0,0,0,0,0,0,0,0,0,0,0,0,0,0,0,0,0,0",5,cost_sensitive_budget_policy,0.8520361566379724,0.8504462681279232,0.0015898885100491533,332.15,4,160.0,0.01
10.1149/1.1833611,"10.1149/1.1833611|LiBOB|0.35|mol/kg|w|0,0.6,0,0,0.4,0,0,0,0,0,0,0,0,0,0,0,0,0,0,0,0,0,0,0,0,0,0,0,0,0,0,0,0,0,0,0,0,0",5,cost_sensitive_budget_policy,0.8740775039293075,0.870627541560563,0.003449962368744508,332.15,4,160.0,0.01
10.1149/1.1833611,"10.1149/1.1833611|LiBOB|0.39|mol/kg|w|0,0.6,0,0,0.4,0,0,0,0,0,0,0,0,0,0,0,0,0,0,0,0,0,0,0,0,0,0,0,0,0,0,0,0,0,0,0,0,0",5,cost_sensitive_budget_policy,0.8950875456544244,0.8941880906156983,0.0008994550387261269,332.15,4,160.0,0.01
10.1149/1.1833611,"10.1149/1.1833611|LiBOB|0.433333|mol/kg|w|0,0.6,0,0,0.4,0,0,0,0,0,0,0,0,0,0,0,0,0,0,0,0,0,0,0,0,0,0,0,0,0,0,0,0,0,0,0,0,0",5,cost_sensitive_budget_policy,0.9113029144432199,0.9090069205495828,0.002295993893637105,332.15,4,160.0,0.01
10.1149/1.1833611,"10.1149/1.1833611|LiBOB|0.476667|mol/kg|w|0,0.6,0,0,0.4,0,0,0,0,0,0,0,0,0,0,0,0,0,0,0,0,0,0,0,0,0,0,0,0,0,0,0,0,0,0,0,0,0",5,cost_sensitive_budget_policy,0.9231811957738244,0.9231043379391899,7.68578346345139e-05,332.15,4,160.0,0.01
10.1149/1.1833611,"10.1149/1.1833611|LiBOB|0.523333|mol/kg|w|0,0.6,0,0,0.4,0,0,0,0,0,0,0,0,0,0,0,0,0,0,0,0,0,0,0,0,0,0,0,0,0,0,0,0,0,0,0,0,0",5,cost_sensitive_budget_policy,0.9329347502607845,0.9330843862683924,0.00014963600760786733,332.15,4,160.0,0.01
10.1149/1.1833611,"10.1149/1.1833611|LiBOB|0.573333|mol/kg|w|0,0.6,0,0,0.4,0,0,0,0,0,0,0,0,0,0,0,0,0,0,0,0,0,0,0,0,0,0,0,0,0,0,0,0,0,0,0,0,0",5,cost_sensitive_budget_policy,0.9406975541556711,0.9391601088684038,0.0015374452872672917,332.15,4,160.0,0.01
10.1149/1.1833611,"10.1149/1.1833611|LiBOB|0.626667|mol/kg|w|0,0.6,0,0,0.4,0,0,0,0,0,0,0,0,0,0,0,0,0,0,0,0,0,0,0,0,0,0,0,0,0,0,0,0,0,0,0,0,0",5,cost_sensitive_budget_policy,0.9447816700811263,0.9448356778456091,5.400776448272193e-05,332.15,4,160.0,0.01
10.1149/1.1833611,"10.1149/1.1833611|LiBOB|0.67|mol/kg|w|0,0.6,0,0,0.4,0,0,0,0,0,0,0,0,0,0,0,0,0,0,0,0,0,0,0,0,0,0,0,0,0,0,0,0,0,0,0,0,0",5,cost_sensitive_budget_policy,0.9451700599086559,0.9460389305281658,0.0008688706195099094,332.15,4,160.0,0.01
10.1149/1.1833611,"10.1149/1.1833611|LiBOB|0.163934|mol/kg|w|0,1,0,0,0,0,0,0,0,0,0,0,0,0,0,0,0,0,0,0,0,0,0,0,0,0,0,0,0,0,0,0,0,0,0,0,0,0",5,cost_sensitive_budget_policy,0.522089789644058,0.5253113370291222,0.003221547385064194,322.35,4,160.0,0.01
10.1149/1.1833611,"10.1149/1.1833611|LiBOB|0.2|mol/kg|w|0,1,0,0,0,0,0,0,0,0,0,0,0,0,0,0,0,0,0,0,0,0,0,0,0,0,0,0,0,0,0,0,0,0,0,0,0,0",5,cost_sensitive_budget_policy,0.6496950212585995,0.6460098221966579,0.0036851990619415353,332.15,4,160.0,0.01
10.1149/1.1833611,"10.1149/1.1833611|LiBOB|0.242623|mol/kg|w|0,1,0,0,0,0,0,0,0,0,0,0,0,0,0,0,0,0,0,0,0,0,0,0,0,0,0,0,0,0,0,0,0,0,0,0,0,0",5,cost_sensitive_budget_policy,0.698257461985226,0.6974664574742926,0.0007910045109333907,332.15,4,160.0,0.01
10.1149/1.1833611,"10.1149/1.1833611|LiBOB|0.278689|mol/kg|w|0,1,0,0,0,0,0,0,0,0,0,0,0,0,0,0,0,0,0,0,0,0,0,0,0,0,0,0,0,0,0,0,0,0,0,0,0,0",5,cost_sensitive_budget_policy,0.7363685082661853,0.7336216101441502,0.002746898122035102,332.15,4,160.0,0.01
10.1149/1.1833611,"10.1149/1.1833611|LiBOB|0.321311|mol/kg|w|0,1,0,0,0,0,0,0,0,0,0,0,0,0,0,0,0,0,0,0,0,0,0,0,0,0,0,0,0,0,0,0,0,0,0,0,0,0",5,cost_sensitive_budget_policy,0.7660330165130792,0.7664474491925419,0.00041443267946272844,332.15,4,160.0,0.01
10.1149/1.1833611,"10.1149/1.1833611|LiBOB|0.370492|mol/kg|w|0,1,0,0,0,0,0,0,0,0,0,0,0,0,0,0,0,0,0,0,0,0,0,0,0,0,0,0,0,0,0,0,0,0,0,0,0,0",5,cost_sensitive_budget_policy,0.5534111620097821,0.5572621140506053,0.0038509520408231968,302.55,4,160.0,0.01
10.1149/1.1833611,"10.1149/1.1833611|LiBOB|0.419672|mol/kg|w|0,1,0,0,0,0,0,0,0,0,0,0,0,0,0,0,0,0,0,0,0,0,0,0,0,0,0,0,0,0,0,0,0,0,0,0,0,0",5,cost_sensitive_budget_policy,0.8173888535359182,0.817922719704298,0.000533866168379804,332.15,4,160.0,0.01
10.1149/1.1833611,"10.1149/1.1833611|LiBOB|0.47541|mol/kg|w|0,1,0,0,0,0,0,0,0,0,0,0,0,0,0,0,0,0,0,0,0,0,0,0,0,0,0,0,0,0,0,0,0,0,0,0,0,0",5,cost_sensitive_budget_policy,0.8352523365799425,0.8373699759013467,0.0021176393214041855,332.15,4,160.0,0.01
10.1149/1.1833611,"10.1149/1.1833611|LiBOB|0.531148|mol/kg|w|0,1,0,0,0,0,0,0,0,0,0,0,0,0,0,0,0,0,0,0,0,0,0,0,0,0,0,0,0,0,0,0,0,0,0,0,0,0",5,cost_sensitive_budget_policy,0.8480303941995317,0.8506220519387588,0.0025916577392270934,332.15,4,160.0,0.01
10.1149/1.1833611,"10.1149/1.1833611|LiBOB|0.659016|mol/kg|w|0,1,0,0,0,0,0,0,0,0,0,0,0,0,0,0,0,0,0,0,0,0,0,0,0,0,0,0,0,0,0,0,0,0,0,0,0,0",5,cost_sensitive_budget_policy,0.8618085310562983,0.8641300739513,0.002321542895001749,332.15,4,160.0,0.01
10.1149/1.1833611,"10.1149/1.1833611|LiBOB|0.727869|mol/kg|w|0,1,0,0,0,0,0,0,0,0,0,0,0,0,0,0,0,0,0,0,0,0,0,0,0,0,0,0,0,0,0,0,0,0,0,0,0,0",5,cost_sensitive_budget_policy,0.8610738912142633,0.8689428781762183,0.007868986961955038,332.15,4,160.0,0.01
10.1149/1.1833611,"10.1149/1.1833611|LiBOB|0.891803|mol/kg|w|0,1,0,0,0,0,0,0,0,0,0,0,0,0,0,0,0,0,0,0,0,0,0,0,0,0,0,0,0,0,0,0,0,0,0,0,0,0",5,cost_sensitive_budget_policy,0.8484631380442306,0.8575428809540433,0.009079742909812727,332.15,4,160.0,0.01
10.1149/1.1833611,"10.1149/1.1833611|LiBOB|0.986885|mol/kg|w|0,1,0,0,0,0,0,0,0,0,0,0,0,0,0,0,0,0,0,0,0,0,0,0,0,0,0,0,0,0,0,0,0,0,0,0,0,0",5,cost_sensitive_budget_policy,0.7433114433267886,0.766736556864003,0.023425113537214437,322.35,4,160.0,0.01
10.1149/1.1833611,"10.1149/1.1833611|LiBOB|0.164865|mol/kg|w|0.7,0.3,0,0,0,0,0,0,0,0,0,0,0,0,0,0,0,0,0,0,0,0,0,0,0,0,0,0,0,0,0,0,0,0,0,0,0,0",5,cost_sensitive_budget_policy,0.6532125137753437,0.6470104813750621,0.00620203240028161,332.15,4,160.0,0.01
10.1149/1.1833611,"10.1149/1.1833611|LiBOB|0.310811|mol/kg|w|0.7,0.3,0,0,0,0,0,0,0,0,0,0,0,0,0,0,0,0,0,0,0,0,0,0,0,0,0,0,0,0,0,0,0,0,0,0,0,0",5,cost_sensitive_budget_policy,0.7495544502191152,0.7503637416987814,0.0008092914796662409,322.35,4,160.0,0.01
10.1149/1.1833611,"10.1149/1.1833611|LiBOB|0.372973|mol/kg|w|0.7,0.3,0,0,0,0,0,0,0,0,0,0,0,0,0,0,0,0,0,0,0,0,0,0,0,0,0,0,0,0,0,0,0,0,0,0,0,0",5,cost_sensitive_budget_policy,0.8541273565846526,0.8561886463086481,0.002061289723995552,332.15,4,160.0,0.01
10.1149/1.1833611,"10.1149/1.1833611|LiBOB|0.497297|mol/kg|w|0.7,0.3,0,0,0,0,0,0,0,0,0,0,0,0,0,0,0,0,0,0,0,0,0,0,0,0,0,0,0,0,0,0,0,0,0,0,0,0",5,cost_sensitive_budget_policy,0.8998848471392512,0.9001899290207611,0.00030508188150990545,332.15,4,160.0,0.01
10.1149/1.1833611,"10.1149/1.1833611|LiBOB|0.571351|mol/kg|w|0.7,0.3,0,0,0,0,0,0,0,0,0,0,0,0,0,0,0,0,0,0,0,0,0,0,0,0,0,0,0,0,0,0,0,0,0,0,0,0",5,cost_sensitive_budget_policy,0.9141252862344557,0.916973726215186,0.002848439980730366,332.15,4,160.0,0.01
10.1149/1.1833611,"10.1149/1.1833611|LiBOB|0.655676|mol/kg|w|0.7,0.3,0,0,0,0,0,0,0,0,0,0,0,0,0,0,0,0,0,0,0,0,0,0,0,0,0,0,0,0,0,0,0,0,0,0,0,0",5,cost_sensitive_budget_policy,0.9215334741036846,0.9261827313382232,0.004649257234538573,332.15,4,160.0,0.01
10.1149/1.1833611,"10.1149/1.1833611|LiBOB|0.752973|mol/kg|w|0.7,0.3,0,0,0,0,0,0,0,0,0,0,0,0,0,0,0,0,0,0,0,0,0,0,0,0,0,0,0,0,0,0,0,0,0,0,0,0",5,cost_sensitive_budget_policy,0.923365942957112,0.9275131805198393,0.0041472375627272795,332.15,4,160.0,0.01
10.1149/1.1833611,"10.1149/1.1833611|LiBOB|0.866486|mol/kg|w|0.7,0.3,0,0,0,0,0,0,0,0,0,0,0,0,0,0,0,0,0,0,0,0,0,0,0,0,0,0,0,0,0,0,0,0,0,0,0,0",5,cost_sensitive_budget_policy,0.9159892139291999,0.9272364277177894,0.011247213788589505,332.15,4,160.0,0.01
10.1149/1.1833611,"10.1149/1.1833611|LiBOB|0.983243|mol/kg|w|0.7,0.3,0,0,0,0,0,0,0,0,0,0,0,0,0,0,0,0,0,0,0,0,0,0,0,0,0,0,0,0,0,0,0,0,0,0,0,0",5,cost_sensitive_budget_policy,0.9027705353510247,0.9263135256422721,0.0235429902912474,332.15,4,160.0,0.01
10.1149/1.1833611,"10.1149/1.1833611|LiBOB|0.15873|mol/kg|w|0.3,0.7,0,0,0,0,0,0,0,0,0,0,0,0,0,0,0,0,0,0,0,0,0,0,0,0,0,0,0,0,0,0,0,0,0,0,0,0",5,cost_sensitive_budget_policy,0.6126997807162147,0.6139776680558395,0.0012778873396248613,332.15,4,160.0,0.01
10.1149/1.1833611,"10.1149/1.1833611|LiBOB|0.250794|mol/kg|w|0.3,0.7,0,0,0,0,0,0,0,0,0,0,0,0,0,0,0,0,0,0,0,0,0,0,0,0,0,0,0,0,0,0,0,0,0,0,0,0",5,cost_sensitive_budget_policy,0.7410336219056128,0.7409698428425358,6.377906307708514e-05,332.15,4,160.0,0.01
10.1149/1.1833611,"10.1149/1.1833611|LiBOB|0.311111|mol/kg|w|0.3,0.7,0,0,0,0,0,0,0,0,0,0,0,0,0,0,0,0,0,0,0,0,0,0,0,0,0,0,0,0,0,0,0,0,0,0,0,0",5,cost_sensitive_budget_policy,0.7947361503963257,0.7954508027524683,0.0007146523561425422,332.15,4,160.0,0.01
10.1149/1.1833611,"10.1149/1.1833611|LiBOB|0.368254|mol/kg|w|0.3,0.7,0,0,0,0,0,0,0,0,0,0,0,0,0,0,0,0,0,0,0,0,0,0,0,0,0,0,0,0,0,0,0,0,0,0,0,0",5,cost_sensitive_budget_policy,0.8311962850875894,0.8291308507941777,0.002065434293411661,332.15,4,160.0,0.01
10.1149/1.1833611,"10.1149/1.1833611|LiBOB|0.425397|mol/kg|w|0.3,0.7,0,0,0,0,0,0,0,0,0,0,0,0,0,0,0,0,0,0,0,0,0,0,0,0,0,0,0,0,0,0,0,0,0,0,0,0",5,cost_sensitive_budget_policy,0.8562780341154737,0.8555255176670657,0.0007525164484079028,332.15,4,160.0,0.01
10.1149/1.1833611,"10.1149/1.1833611|LiBOB|0.488889|mol/kg|w|0.3,0.7,0,0,0,0,0,0,0,0,0,0,0,0,0,0,0,0,0,0,0,0,0,0,0,0,0,0,0,0,0,0,0,0,0,0,0,0",5,cost_sensitive_budget_policy,0.8018655244924775,0.80438223115906,0.0025167066665825466,322.35,4,160.0,0.01
10.1149/1.1833611,"10.1149/1.1833611|LiBOB|0.55873|mol/kg|w|0.3,0.7,0,0,0,0,0,0,0,0,0,0,0,0,0,0,0,0,0,0,0,0,0,0,0,0,0,0,0,0,0,0,0,0,0,0,0,0",5,cost_sensitive_budget_policy,0.8908555305873403,0.8932662959227855,0.002410765335445153,332.15,4,160.0,0.01
10.1149/1.1833611,"10.1149/1.1833611|LiBOB|0.638095|mol/kg|w|0.3,0.7,0,0,0,0,0,0,0,0,0,0,0,0,0,0,0,0,0,0,0,0,0,0,0,0,0,0,0,0,0,0,0,0,0,0,0,0",5,cost_sensitive_budget_policy,0.8995363817937931,0.9019431129451991,0.002406731151405994,332.15,4,160.0,0.01
10.1149/1.1833611,"10.1149/1.1833611|LiBOB|0.733333|mol/kg|w|0.3,0.7,0,0,0,0,0,0,0,0,0,0,0,0,0,0,0,0,0,0,0,0,0,0,0,0,0,0,0,0,0,0,0,0,0,0,0,0",5,cost_sensitive_budget_policy,0.9024124123314328,0.9080796673241169,0.0056672549926841675,332.15,4,160.0,0.01
10.1149/1.1833611,"10.1149/1.1833611|LiBOB|0.955556|mol/kg|w|0.3,0.7,0,0,0,0,0,0,0,0,0,0,0,0,0,0,0,0,0,0,0,0,0,0,0,0,0,0,0,0,0,0,0,0,0,0,0,0",5,cost_sensitive_budget_policy,0.8868167361072647,0.8929165090062423,0.006099772898977562,332.15,4,160.0,0.01
10.1149/1.1833611,"10.1149/1.1833611|LiBOB|1.06349|mol/kg|w|0.3,0.7,0,0,0,0,0,0,0,0,0,0,0,0,0,0,0,0,0,0,0,0,0,0,0,0,0,0,0,0,0,0,0,0,0,0,0,0",5,cost_sensitive_budget_policy,0.8715345480544757,0.8781785716752062,0.006644023620730466,332.15,4,160.0,0.01
10.1149/1.1833611,"10.1149/1.1833611|LiBOB|0.151351|mol/kg|w|0.6,0.4,0,0,0,0,0,0,0,0,0,0,0,0,0,0,0,0,0,0,0,0,0,0,0,0,0,0,0,0,0,0,0,0,0,0,0,0",5,cost_sensitive_budget_policy,0.6146491186545956,0.6116762791990296,0.0029728394555660342,332.15,4,160.0,0.01
10.1149/1.1833611,"10.1149/1.1833611|LiBOB|0.356757|mol/kg|w|0.6,0.4,0,0,0,0,0,0,0,0,0,0,0,0,0,0,0,0,0,0,0,0,0,0,0,0,0,0,0,0,0,0,0,0,0,0,0,0",5,cost_sensitive_budget_policy,0.8395889452368733,0.8373434558207835,0.0022454894160898187,332.15,4,160.0,0.01
10.1149/1.1833611,"10.1149/1.1833611|LiBOB|0.418919|mol/kg|w|0.6,0.4,0,0,0,0,0,0,0,0,0,0,0,0,0,0,0,0,0,0,0,0,0,0,0,0,0,0,0,0,0,0,0,0,0,0,0,0",5,cost_sensitive_budget_policy,0.8681948044284015,0.86865247211664,0.00045766768823851667,332.15,4,160.0,0.01
10.1149/1.1833611,"10.1149/1.1833611|LiBOB|0.486486|mol/kg|w|0.6,0.4,0,0,0,0,0,0,0,0,0,0,0,0,0,0,0,0,0,0,0,0,0,0,0,0,0,0,0,0,0,0,0,0,0,0,0,0",5,cost_sensitive_budget_policy,0.8884768314673185,0.8921023754824666,0.003625544015148141,332.15,4,160.0,0.01
10.1149/1.1833611,"10.1149/1.1833611|LiBOB|0.564865|mol/kg|w|0.6,0.4,0,0,0,0,0,0,0,0,0,0,0,0,0,0,0,0,0,0,0,0,0,0,0,0,0,0,0,0,0,0,0,0,0,0,0,0",5,cost_sensitive_budget_policy,0.9046837300144092,0.9059607845380269,0.0012770545236177044,332.15,4,160.0,0.01
10.1149/1.1833611,"10.1149/1.1833611|LiBOB|0.651351|mol/kg|w|0.6,0.4,0,0,0,0,0,0,0,0,0,0,0,0,0,0,0,0,0,0,0,0,0,0,0,0,0,0,0,0,0,0,0,0,0,0,0,0",5,cost_sensitive_budget_policy,0.9125658788633235,0.9168344398256036,0.004268560962280121,332.15,4,160.0,0.01
10.1149/1.1833611,"10.1149/1.1833611|LiBOB|0.875676|mol/kg|w|0.6,0.4,0,0,0,0,0,0,0,0,0,0,0,0,0,0,0,0,0,0,0,0,0,0,0,0,0,0,0,0,0,0,0,0,0,0,0,0",5,cost_sensitive_budget_policy,0.9062716457559425,0.9137821930900241,0.007510547334081519,332.15,4,160.0,0.01
10.1149/1.1833611,"10.1149/1.1833611|LiBOB|0.997297|mol/kg|w|0.6,0.4,0,0,0,0,0,0,0,0,0,0,0,0,0,0,0,0,0,0,0,0,0,0,0,0,0,0,0,0,0,0,0,0,0,0,0,0",5,cost_sensitive_budget_policy,0.8934027196018733,0.9016453352725502,0.008242615670676856,332.15,4,160.0,0.01
10.1149/1.1833611,"10.1149/1.1833611|LiBOB|1.11892|mol/kg|w|0.6,0.4,0,0,0,0,0,0,0,0,0,0,0,0,0,0,0,0,0,0,0,0,0,0,0,0,0,0,0,0,0,0,0,0,0,0,0,0",5,cost_sensitive_budget_policy,0.871641604157595,0.8862559737545486,0.014614369596953614,332.15,4,160.0,0.01
10.1149/1.1833611,"10.1149/1.1833611|LiBOB|0.0285714|mol/kg|w|0,0.5,0,0,0.5,0,0,0,0,0,0,0,0,0,0,0,0,0,0,0,0,0,0,0,0,0,0,0,0,0,0,0,0,0,0,0,0,0",5,cost_sensitive_budget_policy,0.04050121485602134,0.03903102830649319,0.0014701865495281505,332.15,4,160.0,0.01
10.1149/1.1833611,"10.1149/1.1833611|LiBOB|0.052381|mol/kg|w|0,0.5,0,0,0.5,0,0,0,0,0,0,0,0,0,0,0,0,0,0,0,0,0,0,0,0,0,0,0,0,0,0,0,0,0,0,0,0,0",5,cost_sensitive_budget_policy,0.27437780090353575,0.2691534624787363,0.005224338424799468,332.15,4,160.0,0.01
10.1149/1.1833611,"10.1149/1.1833611|LiBOB|0.0714286|mol/kg|w|0,0.5,0,0,0.5,0,0,0,0,0,0,0,0,0,0,0,0,0,0,0,0,0,0,0,0,0,0,0,0,0,0,0,0,0,0,0,0,0",5,cost_sensitive_budget_policy,0.3806192215096623,0.37716799431430936,0.003451227195352957,332.15,4,160.0,0.01
10.1149/1.1833611,"10.1149/1.1833611|LiBOB|0.0952381|mol/kg|w|0,0.5,0,0,0.5,0,0,0,0,0,0,0,0,0,0,0,0,0,0,0,0,0,0,0,0,0,0,0,0,0,0,0,0,0,0,0,0,0",5,cost_sensitive_budget_policy,0.4734778232155228,0.47565976868360094,0.0021819454680781503,332.15,4,160.0,0.01
10.1149/1.1833611,"10.1149/1.1833611|LiBOB|0.138095|mol/kg|w|0,0.5,0,0,0.5,0,0,0,0,0,0,0,0,0,0,0,0,0,0,0,0,0,0,0,0,0,0,0,0,0,0,0,0,0,0,0,0,0",5,cost_sensitive_budget_policy,0.6038251425238906,0.5976023980665461,0.006222744457344498,332.15,4,160.0,0.01
10.1149/1.1833611,"10.1149/1.1833611|LiBOB|0.195238|mol/kg|w|0,0.5,0,0,0.5,0,0,0,0,0,0,0,0,0,0,0,0,0,0,0,0,0,0,0,0,0,0,0,0,0,0,0,0,0,0,0,0,0",5,cost_sensitive_budget_policy,0.7036253306758419,0.6919788341230574,0.011646496552784491,332.15,4,160.0,0.01
10.1149/1.1833611,"10.1149/1.1833611|LiBOB|0.233333|mol/kg|w|0,0.5,0,0,0.5,0,0,0,0,0,0,0,0,0,0,0,0,0,0,0,0,0,0,0,0,0,0,0,0,0,0,0,0,0,0,0,0,0",5,cost_sensitive_budget_policy,0.7458688739869638,0.7437782727272528,0.0020906012597109447,332.15,4,160.0,0.01
10.1149/1.1833611,"10.1149/1.1833611|LiBOB|0.271429|mol/kg|w|0,0.5,0,0,0.5,0,0,0,0,0,0,0,0,0,0,0,0,0,0,0,0,0,0,0,0,0,0,0,0,0,0,0,0,0,0,0,0,0",5,cost_sensitive_budget_policy,0.7843652120927994,0.783152901162108,0.001212310930691407,332.15,4,160.0,0.01
10.1149/1.1833611,"10.1149/1.1833611|LiBOB|0.309524|mol/kg|w|0,0.5,0,0,0.5,0,0,0,0,0,0,0,0,0,0,0,0,0,0,0,0,0,0,0,0,0,0,0,0,0,0,0,0,0,0,0,0,0",5,cost_sensitive_budget_policy,0.8162496087282435,0.8160564459879194,0.0001931627403241043,332.15,4,160.0,0.01
10.1149/1.1833611,"10.1149/1.1833611|LiBOB|0.438095|mol/kg|w|0,0.5,0,0,0.5,0,0,0,0,0,0,0,0,0,0,0,0,0,0,0,0,0,0,0,0,0,0,0,0,0,0,0,0,0,0,0,0,0",5,cost_sensitive_budget_policy,0.8880006290618762,0.8886776577575287,0.0006770286956525595,332.15,4,160.0,0.01
10.1149/1.1833611,"10.1149/1.1833611|LiBOB|0.590476|mol/kg|w|0,0.5,0,0,0.5,0,0,0,0,0,0,0,0,0,0,0,0,0,0,0,0,0,0,0,0,0,0,0,0,0,0,0,0,0,0,0,0,0",5,cost_sensitive_budget_policy,0.9227735711094729,0.9223979813468925,0.0003755897625803417,332.15,4,160.0,0.01
10.1149/1.1833611,"10.1149/1.1833611|LiBOB|0.0375|mol/kg|w|0,0.7,0,0,0.3,0,0,0,0,0,0,0,0,0,0,0,0,0,0,0,0,0,0,0,0,0,0,0,0,0,0,0,0,0,0,0,0,0",5,cost_sensitive_budget_policy,0.17363066058698706,0.1636224583345557,0.010008202252431375,332.15,4,160.0,0.01
10.1149/1.1833611,"10.1149/1.1833611|LiBOB|0.078125|mol/kg|w|0,0.7,0,0,0.3,0,0,0,0,0,0,0,0,0,0,0,0,0,0,0,0,0,0,0,0,0,0,0,0,0,0,0,0,0,0,0,0,0",5,cost_sensitive_budget_policy,0.43326797104906706,0.4289098337279955,0.004358137321071542,332.15,4,160.0,0.01
10.1149/1.1833611,"10.1149/1.1833611|LiBOB|0.10625|mol/kg|w|0,0.7,0,0,0.3,0,0,0,0,0,0,0,0,0,0,0,0,0,0,0,0,0,0,0,0,0,0,0,0,0,0,0,0,0,0,0,0,0",5,cost_sensitive_budget_policy,0.5387781558284613,0.5302100278806468,0.008568127947814586,332.15,4,160.0,0.01
10.1149/1.1833611,"10.1149/1.1833611|LiBOB|0.13125|mol/kg|w|0,0.7,0,0,0.3,0,0,0,0,0,0,0,0,0,0,0,0,0,0,0,0,0,0,0,0,0,0,0,0,0,0,0,0,0,0,0,0,0",5,cost_sensitive_budget_policy,0.6129633543113681,0.6077989949334104,0.005164359377957672,332.15,4,160.0,0.01
10.1149/1.1833611,"10.1149/1.1833611|LiBOB|0.159375|mol/kg|w|0,0.7,0,0,0.3,0,0,0,0,0,0,0,0,0,0,0,0,0,0,0,0,0,0,0,0,0,0,0,0,0,0,0,0,0,0,0,0,0",5,cost_sensitive_budget_policy,0.6731927842962409,0.6669890300702871,0.0062037542259537615,332.15,4,160.0,0.01
10.1149/1.1833611,"10.1149/1.1833611|LiBOB|0.1875|mol/kg|w|0,0.7,0,0,0.3,0,0,0,0,0,0,0,0,0,0,0,0,0,0,0,0,0,0,0,0,0,0,0,0,0,0,0,0,0,0,0,0,0",5,cost_sensitive_budget_policy,0.71769870485407,0.7109413094743798,0.006757395379690112,332.15,4,160.0,0.01
10.1149/1.1833611,"10.1149/1.1833611|LiBOB|0.21875|mol/kg|w|0,0.7,0,0,0.3,0,0,0,0,0,0,0,0,0,0,0,0,0,0,0,0,0,0,0,0,0,0,0,0,0,0,0,0,0,0,0,0,0",5,cost_sensitive_budget_policy,0.7580646886110975,0.7568005177559103,0.0012641708551872632,332.15,4,160.0,0.01
10.1149/1.1833611,"10.1149/1.1833611|LiBOB|0.25625|mol/kg|w|0,0.7,0,0,0.3,0,0,0,0,0,0,0,0,0,0,0,0,0,0,0,0,0,0,0,0,0,0,0,0,0,0,0,0,0,0,0,0,0",5,cost_sensitive_budget_policy,0.7973497124471525,0.7959559445072731,0.0013937679398793312,332.15,4,160.0,0.01
10.1149/1.1833611,"10.1149/1.1833611|LiBOB|0.29375|mol/kg|w|0,0.7,0,0,0.3,0,0,0,0,0,0,0,0,0,0,0,0,0,0,0,0,0,0,0,0,0,0,0,0,0,0,0,0,0,0,0,0,0",5,cost_sensitive_budget_policy,0.8290310604402732,0.8262845589014893,0.002746501538783863,332.15,4,160.0,0.01
10.1149/1.1833611,"10.1149/1.1833611|LiBOB|0.3375|mol/kg|w|0,0.7,0,0,0.3,0,0,0,0,0,0,0,0,0,0,0,0,0,0,0,0,0,0,0,0,0,0,0,0,0,0,0,0,0,0,0,0,0",5,cost_sensitive_budget_policy,0.856513844952637,0.8579545895757812,0.0014407446231441412,332.15,4,160.0,0.01
10.1149/1.1833611,"10.1149/1.1833611|LiBOB|0.38125|mol/kg|w|0,0.7,0,0,0.3,0,0,0,0,0,0,0,0,0,0,0,0,0,0,0,0,0,0,0,0,0,0,0,0,0,0,0,0,0,0,0,0,0",5,cost_sensitive_budget_policy,0.8784828470758402,0.8779830164544964,0.0004998306213438442,332.15,4,160.0,0.01
10.1149/1.1833611,"10.1149/1.1833611|LiBOB|0.428125|mol/kg|w|0,0.7,0,0,0.3,0,0,0,0,0,0,0,0,0,0,0,0,0,0,0,0,0,0,0,0,0,0,0,0,0,0,0,0,0,0,0,0,0",5,cost_sensitive_budget_policy,0.5870828353964056,0.5879145351058224,0.0008316997094167666,292.65,4,160.0,0.01
10.1149/1.1833611,"10.1149/1.1833611|LiBOB|0.475|mol/kg|w|0,0.7,0,0,0.3,0,0,0,0,0,0,0,0,0,0,0,0,0,0,0,0,0,0,0,0,0,0,0,0,0,0,0,0,0,0,0,0,0",5,cost_sensitive_budget_policy,0.9085758849563462,0.9091800118115918,0.0006041268552455792,332.15,4,160.0,0.01
10.1149/1.1833611,"10.1149/1.1833611|LiBOB|0.52375|mol/kg|w|0,0.7,0,0,0.3,0,0,0,0,0,0,0,0,0,0,0,0,0,0,0,0,0,0,0,0,0,0,0,0,0,0,0,0,0,0,0,0,0",5,cost_sensitive_budget_policy,0.9189893975086663,0.9179335473447512,0.001055850163915073,332.15,4,160.0,0.01
10.1149/1.1833611,"10.1149/1.1833611|LiBOB|0.58|mol/kg|w|0,0.7,0,0,0.3,0,0,0,0,0,0,0,0,0,0,0,0,0,0,0,0,0,0,0,0,0,0,0,0,0,0,0,0,0,0,0,0,0",5,cost_sensitive_budget_policy,0.9232264504412505,0.9253109968042925,0.002084546363042006,332.15,4,160.0,0.01
10.1149/1.1833611,"10.1149/1.1833611|LiBOB|0.64|mol/kg|w|0,0.7,0,0,0.3,0,0,0,0,0,0,0,0,0,0,0,0,0,0,0,0,0,0,0,0,0,0,0,0,0,0,0,0,0,0,0,0,0",5,cost_sensitive_budget_policy,0.9274225650243936,0.9293381140978372,0.001915549073443601,332.15,4,160.0,0.01
10.1149/1.1833611,"10.1149/1.1833611|LiBOB|0.70375|mol/kg|w|0,0.7,0,0,0.3,0,0,0,0,0,0,0,0,0,0,0,0,0,0,0,0,0,0,0,0,0,0,0,0,0,0,0,0,0,0,0,0,0",5,cost_sensitive_budget_policy,0.925329575523757,0.9261854545638781,0.000855879040121077,332.15,4,160.0,0.01
10.1149/1.1833611,"10.1149/1.1833611|LiBOB|0.75625|mol/kg|w|0,0.7,0,0,0.3,0,0,0,0,0,0,0,0,0,0,0,0,0,0,0,0,0,0,0,0,0,0,0,0,0,0,0,0,0,0,0,0,0",5,cost_sensitive_budget_policy,0.9189893975086663,0.9234064829531625,0.00441708544449626,332.15,4,160.0,0.01
10.1149/1.1833611,"10.1149/1.1833611|LiBOB|0.235294|mol/kg|w|0,1,0,0,0,0,0,0,0,0,0,0,0,0,0,0,0,0,0,0,0,0,0,0,0,0,0,0,0,0,0,0,0,0,0,0,0,0",5,cost_sensitive_budget_policy,0.7072953931586318,0.7089766730221081,0.001681279863476326,332.15,4,160.0,0.01
10.1149/1.1833611,"10.1149/1.1833611|LiBOB|0.35|mol/kg|w|0,1,0,0,0,0,0,0,0,0,0,0,0,0,0,0,0,0,0,0,0,0,0,0,0,0,0,0,0,0,0,0,0,0,0,0,0,0",5,cost_sensitive_budget_policy,0.7964400360869989,0.8011809444549289,0.004740908367930063,332.15,4,160.0,0.01
10.1149/1.1833611,"10.1149/1.1833611|LiBOB|0.408824|mol/kg|w|0,1,0,0,0,0,0,0,0,0,0,0,0,0,0,0,0,0,0,0,0,0,0,0,0,0,0,0,0,0,0,0,0,0,0,0,0,0",5,cost_sensitive_budget_policy,0.3411472188528036,0.3727684351055318,0.031621216252728235,282.85,4,160.0,0.01
10.1149/1.1833611,"10.1149/1.1833611|LiBOB|0.470588|mol/kg|w|0,1,0,0,0,0,0,0,0,0,0,0,0,0,0,0,0,0,0,0,0,0,0,0,0,0,0,0,0,0,0,0,0,0,0,0,0,0",5,cost_sensitive_budget_policy,0.8470947998002147,0.84842453258626,0.0013297327860453123,332.15,4,160.0,0.01
10.1149/1.1833611,"10.1149/1.1833611|LiBOB|0.541176|mol/kg|w|0,1,0,0,0,0,0,0,0,0,0,0,0,0,0,0,0,0,0,0,0,0,0,0,0,0,0,0,0,0,0,0,0,0,0,0,0,0",5,cost_sensitive_budget_policy,0.8627467453342664,0.8663896146856189,0.0036428693513524957,332.15,4,160.0,0.01
10.1149/1.1833611,"10.1149/1.1833611|LiBOB|0.829412|mol/kg|w|0,1,0,0,0,0,0,0,0,0,0,0,0,0,0,0,0,0,0,0,0,0,0,0,0,0,0,0,0,0,0,0,0,0,0,0,0,0",5,cost_sensitive_budget_policy,0.8741262910716027,0.8832691727169473,0.009142881645344603,332.15,4,160.0,0.01
10.1149/1.1833611,"10.1149/1.1833611|LiBOB|0.935294|mol/kg|w|0,1,0,0,0,0,0,0,0,0,0,0,0,0,0,0,0,0,0,0,0,0,0,0,0,0,0,0,0,0,0,0,0,0,0,0,0,0",5,cost_sensitive_budget_policy,0.8665731531852291,0.8724600931341353,0.005886939948906211,332.15,4,160.0,0.01
10.1149/1.1833611,"10.1149/1.1833611|LiBOB|0.0528302|mol/kg|w|0,0.4,0,0,0.6,0,0,0,0,0,0,0,0,0,0,0,0,0,0,0,0,0,0,0,0,0,0,0,0,0,0,0,0,0,0,0,0,0",5,cost_sensitive_budget_policy,0.2208106884744153,0.19465072956490825,0.026159958909507036,322.35,4,160.0,0.01
10.1149/1.1833611,"10.1149/1.1833611|LiBOB|0.0679245|mol/kg|w|0,0.4,0,0,0.6,0,0,0,0,0,0,0,0,0,0,0,0,0,0,0,0,0,0,0,0,0,0,0,0,0,0,0,0,0,0,0,0,0",5,cost_sensitive_budget_policy,0.3485065413259138,0.3469546475963019,0.0015518937296118973,332.15,4,160.0,0.01
10.1149/1.1833611,"10.1149/1.1833611|LiBOB|0.0830189|mol/kg|w|0,0.4,0,0,0.6,0,0,0,0,0,0,0,0,0,0,0,0,0,0,0,0,0,0,0,0,0,0,0,0,0,0,0,0,0,0,0,0,0",5,cost_sensitive_budget_policy,0.32335655616648623,0.31937942519410323,0.003977130972383003,312.45,4,160.0,0.01
10.1149/1.1833611,"10.1149/1.1833611|LiBOB|0.10566|mol/kg|w|0,0.4,0,0,0.6,0,0,0,0,0,0,0,0,0,0,0,0,0,0,0,0,0,0,0,0,0,0,0,0,0,0,0,0,0,0,0,0,0",5,cost_sensitive_budget_policy,0.4943346498405031,0.49179079232669143,0.002543857513811698,332.15,4,160.0,0.01
10.1149/1.1833611,"10.1149/1.1833611|LiBOB|0.128302|mol/kg|w|0,0.4,0,0,0.6,0,0,0,0,0,0,0,0,0,0,0,0,0,0,0,0,0,0,0,0,0,0,0,0,0,0,0,0,0,0,0,0,0",5,cost_sensitive_budget_policy,0.5570822038534365,0.5578789799205129,0.000796776067076399,332.15,4,160.0,0.01
10.1149/1.1833611,"10.1149/1.1833611|LiBOB|0.154717|mol/kg|w|0,0.4,0,0,0.6,0,0,0,0,0,0,0,0,0,0,0,0,0,0,0,0,0,0,0,0,0,0,0,0,0,0,0,0,0,0,0,0,0",5,cost_sensitive_budget_policy,0.6161277723351913,0.6134174399986149,0.002710332336576471,332.15,4,160.0,0.01
10.1149/1.1833611,"10.1149/1.1833611|LiBOB|0.184906|mol/kg|w|0,0.4,0,0,0.6,0,0,0,0,0,0,0,0,0,0,0,0,0,0,0,0,0,0,0,0,0,0,0,0,0,0,0,0,0,0,0,0,0",5,cost_sensitive_budget_policy,0.6680261888798529,0.6684939842621571,0.0004677953823042369,332.15,4,160.0,0.01
10.1149/1.1833611,"10.1149/1.1833611|LiBOB|0.218868|mol/kg|w|0,0.4,0,0,0.6,0,0,0,0,0,0,0,0,0,0,0,0,0,0,0,0,0,0,0,0,0,0,0,0,0,0,0,0,0,0,0,0,0",5,cost_sensitive_budget_policy,0.7143149090514236,0.7113727738014138,0.0029421352500097475,332.15,4,160.0,0.01
10.1149/1.1833611,"10.1149/1.1833611|LiBOB|0.381132|mol/kg|w|0,0.4,0,0,0.6,0,0,0,0,0,0,0,0,0,0,0,0,0,0,0,0,0,0,0,0,0,0,0,0,0,0,0,0,0,0,0,0,0",5,cost_sensitive_budget_policy,0.8415237770901847,0.8419946563361583,0.0004708792459736655,332.15,4,160.0,0.01
10.1149/1.1833611,"10.1149/1.1833611|LiBOB|0.430189|mol/kg|w|0,0.4,0,0,0.6,0,0,0,0,0,0,0,0,0,0,0,0,0,0,0,0,0,0,0,0,0,0,0,0,0,0,0,0,0,0,0,0,0",5,cost_sensitive_budget_policy,0.8633205693002606,0.8638400870749449,0.0005195177746842861,332.15,4,160.0,0.01
10.1149/1.1833611,"10.1149/1.1833611|LiBOB|0.483019|mol/kg|w|0,0.4,0,0,0.6,0,0,0,0,0,0,0,0,0,0,0,0,0,0,0,0,0,0,0,0,0,0,0,0,0,0,0,0,0,0,0,0,0",5,cost_sensitive_budget_policy,0.8817104229194349,0.8817250635980812,1.4640678646316019e-05,332.15,4,160.0,0.01
10.1149/1.1833611,"10.1149/1.1833611|LiBOB|0.528302|mol/kg|w|0,0.4,0,0,0.6,0,0,0,0,0,0,0,0,0,0,0,0,0,0,0,0,0,0,0,0,0,0,0,0,0,0,0,0,0,0,0,0,0",5,cost_sensitive_budget_policy,0.8926816522271562,0.8924083924362245,0.0002732597909317347,332.15,4,160.0,0.01
10.1149/1.1833611,"10.1149/1.1833611|LiBOB|0.0740741|mol/kg|w|0,0.3,0,0,0.7,0,0,0,0,0,0,0,0,0,0,0,0,0,0,0,0,0,0,0,0,0,0,0,0,0,0,0,0,0,0,0,0,0",5,cost_sensitive_budget_policy,0.3010299956639812,0.29487565135185734,0.006154344312123861,332.15,4,160.0,0.01
10.1149/1.1833611,"10.1149/1.1833611|LiBOB|0.0888889|mol/kg|w|0,0.3,0,0,0.7,0,0,0,0,0,0,0,0,0,0,0,0,0,0,0,0,0,0,0,0,0,0,0,0,0,0,0,0,0,0,0,0,0",5,cost_sensitive_budget_policy,0.3667087712622437,0.3587314677992812,0.007977303462962493,332.15,4,160.0,0.01
10.1149/1.1833611,"10.1149/1.1833611|LiBOB|0.107407|mol/kg|w|0,0.3,0,0,0.7,0,0,0,0,0,0,0,0,0,0,0,0,0,0,0,0,0,0,0,0,0,0,0,0,0,0,0,0,0,0,0,0,0",5,cost_sensitive_budget_policy,0.4237472721981457,0.41494035403728324,0.008806918160862431,332.15,4,160.0,0.01
10.1149/1.1833611,"10.1149/1.1833611|LiBOB|0.125926|mol/kg|w|0,0.3,0,0,0.7,0,0,0,0,0,0,0,0,0,0,0,0,0,0,0,0,0,0,0,0,0,0,0,0,0,0,0,0,0,0,0,0,0",5,cost_sensitive_budget_policy,0.4858951790561205,0.48215363291223234,0.0037415461438881636,332.15,4,160.0,0.01
10.1149/1.1833611,"10.1149/1.1833611|LiBOB|0.17037|mol/kg|w|0,0.3,0,0,0.7,0,0,0,0,0,0,0,0,0,0,0,0,0,0,0,0,0,0,0,0,0,0,0,0,0,0,0,0,0,0,0,0,0",5,cost_sensitive_budget_policy,0.5839617692490267,0.5850638285448588,0.0011020592958321807,332.15,4,160.0,0.01
10.1149/1.1833611,"10.1149/1.1833611|LiBOB|0.196296|mol/kg|w|0,0.3,0,0,0.7,0,0,0,0,0,0,0,0,0,0,0,0,0,0,0,0,0,0,0,0,0,0,0,0,0,0,0,0,0,0,0,0,0",5,cost_sensitive_budget_policy,0.6320232147343586,0.6274401087394393,0.00458310599491929,332.15,4,160.0,0.01
10.1149/1.1833611,"10.1149/1.1833611|LiBOB|0.222222|mol/kg|w|0,0.3,0,0,0.7,0,0,0,0,0,0,0,0,0,0,0,0,0,0,0,0,0,0,0,0,0,0,0,0,0,0,0,0,0,0,0,0,0",5,cost_sensitive_budget_policy,0.6677387669262249,0.6613806808510839,0.0063580860751409896,332.15,4,160.0,0.01
10.1149/1.1833611,"10.1149/1.1833611|LiBOB|0.251852|mol/kg|w|0,0.3,0,0,0.7,0,0,0,0,0,0,0,0,0,0,0,0,0,0,0,0,0,0,0,0,0,0,0,0,0,0,0,0,0,0,0,0,0",5,cost_sensitive_budget_policy,0.7007390270519149,0.7012529482851738,0.000513921233258885,332.15,4,160.0,0.01
10.1149/1.1833611,"10.1149/1.1833611|LiBOB|0.314815|mol/kg|w|0,0.3,0,0,0.7,0,0,0,0,0,0,0,0,0,0,0,0,0,0,0,0,0,0,0,0,0,0,0,0,0,0,0,0,0,0,0,0,0",5,cost_sensitive_budget_policy,0.7077439286157291,0.6905417642510465,0.01720216436468258,322.35,4,160.0,0.01
10.1149/1.1833611,"10.1149/1.1833611|LiBOB|0.348148|mol/kg|w|0,0.3,0,0,0.7,0,0,0,0,0,0,0,0,0,0,0,0,0,0,0,0,0,0,0,0,0,0,0,0,0,0,0,0,0,0,0,0,0",5,cost_sensitive_budget_policy,0.675291904903569,0.6599657028839041,0.015326202019664947,312.45,4,160.0,0.01
10.1149/1.1833611,"10.1149/1.1833611|LiBOB|0.388889|mol/kg|w|0,0.3,0,0,0.7,0,0,0,0,0,0,0,0,0,0,0,0,0,0,0,0,0,0,0,0,0,0,0,0,0,0,0,0,0,0,0,0,0",5,cost_sensitive_budget_policy,0.8067335680239547,0.8031925876864084,0.00354098033754624,332.15,4,160.0,0.01
10.1149/1.1833611,"10.1149/1.1833611|LiBOB|0.150725|mol/kg|w|0.4,0.6,0,0,0,0,0,0,0,0,0,0,0,0,0,0,0,0,0,0,0,0,0,0,0,0,0,0,0,0,0,0,0,0,0,0,0,0",4,cost_sensitive_budget_policy,0.5994124669909516,0.6023006714718848,0.0028882044809331875,332.15,4,160.0,0.02
10.1149/1.1833611,"10.1149/1.1833611|LiBOB|0.24058|mol/kg|w|0.4,0.6,0,0,0,0,0,0,0,0,0,0,0,0,0,0,0,0,0,0,0,0,0,0,0,0,0,0,0,0,0,0,0,0,0,0,0,0",4,cost_sensitive_budget_policy,0.7385685784219824,0.7361604754072812,0.0024081030147011795,332.15,4,160.0,0.02
10.1149/1.1833611,"10.1149/1.1833611|LiBOB|0.304348|mol/kg|w|0.4,0.6,0,0,0,0,0,0,0,0,0,0,0,0,0,0,0,0,0,0,0,0,0,0,0,0,0,0,0,0,0,0,0,0,0,0,0,0",4,cost_sensitive_budget_policy,0.7907577804783202,0.8041940571099941,0.013436276631673905,332.15,4,160.0,0.02
10.1149/1.1833611,"10.1149/1.1833611|LiBOB|0.362319|mol/kg|w|0.4,0.6,0,0,0,0,0,0,0,0,0,0,0,0,0,0,0,0,0,0,0,0,0,0,0,0,0,0,0,0,0,0,0,0,0,0,0,0",4,cost_sensitive_budget_policy,0.8270948457750013,0.8286043395314351,0.0015094937564338329,332.15,4,160.0,0.02
10.1149/1.1833611,"10.1149/1.1833611|LiBOB|0.484058|mol/kg|w|0.4,0.6,0,0,0,0,0,0,0,0,0,0,0,0,0,0,0,0,0,0,0,0,0,0,0,0,0,0,0,0,0,0,0,0,0,0,0,0",4,cost_sensitive_budget_policy,0.8733388121512187,0.8768544030223353,0.003515590871116636,332.15,4,160.0,0.02
10.1149/1.1833611,"10.1149/1.1833611|LiBOB|0.553623|mol/kg|w|0.4,0.6,0,0,0,0,0,0,0,0,0,0,0,0,0,0,0,0,0,0,0,0,0,0,0,0,0,0,0,0,0,0,0,0,0,0,0,0",4,cost_sensitive_budget_policy,0.8874573667002804,0.8958510831360309,0.008393716435750487,332.15,4,160.0,0.02
10.1149/1.1833611,"10.1149/1.1833611|LiBOB|0.637681|mol/kg|w|0.4,0.6,0,0,0,0,0,0,0,0,0,0,0,0,0,0,0,0,0,0,0,0,0,0,0,0,0,0,0,0,0,0,0,0,0,0,0,0",4,cost_sensitive_budget_policy,0.8956926603779694,0.9057810654391223,0.010088405061152939,332.15,4,160.0,0.02
10.1149/1.1833611,"10.1149/1.1833611|LiBOB|0.733333|mol/kg|w|0.4,0.6,0,0,0,0,0,0,0,0,0,0,0,0,0,0,0,0,0,0,0,0,0,0,0,0,0,0,0,0,0,0,0,0,0,0,0,0",4,cost_sensitive_budget_policy,0.8983948658042163,0.9139457337485322,0.015550867944315816,332.15,4,160.0,0.02
10.1149/1.1833611,"10.1149/1.1833611|LiBOB|0.843478|mol/kg|w|0.4,0.6,0,0,0,0,0,0,0,0,0,0,0,0,0,0,0,0,0,0,0,0,0,0,0,0,0,0,0,0,0,0,0,0,0,0,0,0",4,cost_sensitive_budget_policy,0.8920633652148822,0.9090167397551525,0.01695337454027035,332.15,4,160.0,0.02
10.1149/1.1833611,"10.1149/1.1833611|LiBOB|0.956522|mol/kg|w|0.4,0.6,0,0,0,0,0,0,0,0,0,0,0,0,0,0,0,0,0,0,0,0,0,0,0,0,0,0,0,0,0,0,0,0,0,0,0,0",4,cost_sensitive_budget_policy,0.8782574456656309,0.9072025556594312,0.02894510999380029,332.15,4,160.0,0.02
10.1149/1.1833611,"10.1149/1.1833611|LiBOB|1.06957|mol/kg|w|0.4,0.6,0,0,0,0,0,0,0,0,0,0,0,0,0,0,0,0,0,0,0,0,0,0,0,0,0,0,0,0,0,0,0,0,0,0,0,0",4,cost_sensitive_budget_policy,0.8582114300486811,0.8909391045733046,0.03272767452462355,332.15,4,160.0,0.02
10.1149/1.1833611,"10.1149/1.1833611|LiBOB|0.0333333|mol/kg|w|0,0.6,0,0,0.4,0,0,0,0,0,0,0,0,0,0,0,0,0,0,0,0,0,0,0,0,0,0,0,0,0,0,0,0,0,0,0,0,0",4,cost_sensitive_budget_policy,0.16489335930822416,0.17049517800099423,0.005601818692770072,332.15,4,160.0,0.02
10.1149/1.1833611,"10.1149/1.1833611|LiBOB|0.0733333|mol/kg|w|0,0.6,0,0,0.4,0,0,0,0,0,0,0,0,0,0,0,0,0,0,0,0,0,0,0,0,0,0,0,0,0,0,0,0,0,0,0,0,0",4,cost_sensitive_budget_policy,0.4380386520683107,0.4245318035617963,0.013506848506514402,332.15,4,160.0,0.02
10.1149/1.1833611,"10.1149/1.1833611|LiBOB|0.103333|mol/kg|w|0,0.6,0,0,0.4,0,0,0,0,0,0,0,0,0,0,0,0,0,0,0,0,0,0,0,0,0,0,0,0,0,0,0,0,0,0,0,0,0",4,cost_sensitive_budget_policy,0.5408979976175841,0.5381463718324445,0.0027516257851395443,332.15,4,160.0,0.02
10.1149/1.1833611,"10.1149/1.1833611|LiBOB|0.13|mol/kg|w|0,0.6,0,0,0.4,0,0,0,0,0,0,0,0,0,0,0,0,0,0,0,0,0,0,0,0,0,0,0,0,0,0,0,0,0,0,0,0,0",4,cost_sensitive_budget_policy,0.503584357517213,0.5003086595658492,0.003275697951363732,312.45,4,160.0,0.02
10.1149/1.1833611,"10.1149/1.1833611|LiBOB|0.153333|mol/kg|w|0,0.6,0,0,0.4,0,0,0,0,0,0,0,0,0,0,0,0,0,0,0,0,0,0,0,0,0,0,0,0,0,0,0,0,0,0,0,0,0",4,cost_sensitive_budget_policy,0.6705831692272491,0.6634815784387182,0.007101590788530898,332.15,4,160.0,0.02
10.1149/1.1833611,"10.1149/1.1833611|LiBOB|0.176667|mol/kg|w|0,0.6,0,0,0.4,0,0,0,0,0,0,0,0,0,0,0,0,0,0,0,0,0,0,0,0,0,0,0,0,0,0,0,0,0,0,0,0,0",4,cost_sensitive_budget_policy,0.7127007081178658,0.705626907092804,0.007073801025061832,332.15,4,160.0,0.02
10.1149/1.1833611,"10.1149/1.1833611|LiBOB|0.21|mol/kg|w|0,0.6,0,0,0.4,0,0,0,0,0,0,0,0,0,0,0,0,0,0,0,0,0,0,0,0,0,0,0,0,0,0,0,0,0,0,0,0,0",4,cost_sensitive_budget_policy,0.7540238375158995,0.7308170719574183,0.023206765558481224,332.15,4,160.0,0.02
10.1149/1.1833611,"10.1149/1.1833611|LiBOB|0.273333|mol/kg|w|0,0.6,0,0,0.4,0,0,0,0,0,0,0,0,0,0,0,0,0,0,0,0,0,0,0,0,0,0,0,0,0,0,0,0,0,0,0,0,0",4,cost_sensitive_budget_policy,0.8240666374978196,0.822175257690138,0.0018913798076816146,332.15,4,160.0,0.02
10.1149/1.1833611,"10.1149/1.1833611|LiBOB|0.313333|mol/kg|w|0,0.6,0,0,0.4,0,0,0,0,0,0,0,0,0,0,0,0,0,0,0,0,0,0,0,0,0,0,0,0,0,0,0,0,0,0,0,0,0",4,cost_sensitive_budget_policy,0.8520361566379724,0.848962738981678,0.0030734176562944304,332.15,4,160.0,0.02
10.1149/1.1833611,"10.1149/1.1833611|LiBOB|0.35|mol/kg|w|0,0.6,0,0,0.4,0,0,0,0,0,0,0,0,0,0,0,0,0,0,0,0,0,0,0,0,0,0,0,0,0,0,0,0,0,0,0,0,0",4,cost_sensitive_budget_policy,0.8740775039293075,0.8693100482921535,0.004767455637153972,332.15,4,160.0,0.02
10.1149/1.1833611,"10.1149/1.1833611|LiBOB|0.39|mol/kg|w|0,0.6,0,0,0.4,0,0,0,0,0,0,0,0,0,0,0,0,0,0,0,0,0,0,0,0,0,0,0,0,0,0,0,0,0,0,0,0,0",4,cost_sensitive_budget_policy,0.8950875456544244,0.8931350921097632,0.0019524535446612257,332.15,4,160.0,0.02
10.1149/1.1833611,"10.1149/1.1833611|LiBOB|0.433333|mol/kg|w|0,0.6,0,0,0.4,0,0,0,0,0,0,0,0,0,0,0,0,0,0,0,0,0,0,0,0,0,0,0,0,0,0,0,0,0,0,0,0,0",4,cost_sensitive_budget_policy,0.9113029144432199,0.9070910750575545,0.0042118393856653835,332.15,4,160.0,0.02
10.1149/1.1833611,"10.1149/1.1833611|LiBOB|0.476667|mol/kg|w|0,0.6,0,0,0.4,0,0,0,0,0,0,0,0,0,0,0,0,0,0,0,0,0,0,0,0,0,0,0,0,0,0,0,0,0,0,0,0,0",4,cost_sensitive_budget_policy,0.9231811957738244,0.9233725602783489,0.00019136450452450493,332.15,4,160.0,0.02
10.1149/1.1833611,"10.1149/1.1833611|LiBOB|0.523333|mol/kg|w|0,0.6,0,0,0.4,0,0,0,0,0,0,0,0,0,0,0,0,0,0,0,0,0,0,0,0,0,0,0,0,0,0,0,0,0,0,0,0,0",4,cost_sensitive_budget_policy,0.9329347502607845,0.9325212888671124,0.0004134613936721543,332.15,4,160.0,0.02
10.1149/1.1833611,"10.1149/1.1833611|LiBOB|0.573333|mol/kg|w|0,0.6,0,0,0.4,0,0,0,0,0,0,0,0,0,0,0,0,0,0,0,0,0,0,0,0,0,0,0,0,0,0,0,0,0,0,0,0,0",4,cost_sensitive_budget_policy,0.9406975541556711,0.9385720026129261,0.0021255515427450744,332.15,4,160.0,0.02
10.1149/1.1833611,"10.1149/1.1833611|LiBOB|0.626667|mol/kg|w|0,0.6,0,0,0.4,0,0,0,0,0,0,0,0,0,0,0,0,0,0,0,0,0,0,0,0,0,0,0,0,0,0,0,0,0,0,0,0,0",4,cost_sensitive_budget_policy,0.9447816700811263,0.9433248672116392,0.0014568028694871282,332.15,4,160.0,0.02
10.1149/1.1833611,"10.1149/1.1833611|LiBOB|0.67|mol/kg|w|0,0.6,0,0,0.4,0,0,0,0,0,0,0,0,0,0,0,0,0,0,0,0,0,0,0,0,0,0,0,0,0,0,0,0,0,0,0,0,0",4,cost_sensitive_budget_policy,0.9451700599086559,0.945536449376017,0.00036638946736111677,332.15,4,160.0,0.02
10.1149/1.1833611,"10.1149/1.1833611|LiBOB|0.163934|mol/kg|w|0,1,0,0,0,0,0,0,0,0,0,0,0,0,0,0,0,0,0,0,0,0,0,0,0,0,0,0,0,0,0,0,0,0,0,0,0,0",4,cost_sensitive_budget_policy,0.522089789644058,0.529708849371056,0.007619059726997945,322.35,4,160.0,0.02
10.1149/1.1833611,"10.1149/1.1833611|LiBOB|0.2|mol/kg|w|0,1,0,0,0,0,0,0,0,0,0,0,0,0,0,0,0,0,0,0,0,0,0,0,0,0,0,0,0,0,0,0,0,0,0,0,0,0",4,cost_sensitive_budget_policy,0.6496950212585995,0.6449426351184642,0.00475238614013529,332.15,4,160.0,0.02
10.1149/1.1833611,"10.1149/1.1833611|LiBOB|0.242623|mol/kg|w|0,1,0,0,0,0,0,0,0,0,0,0,0,0,0,0,0,0,0,0,0,0,0,0,0,0,0,0,0,0,0,0,0,0,0,0,0,0",4,cost_sensitive_budget_policy,0.698257461985226,0.6977755813230684,0.0004818806621575966,332.15,4,160.0,0.02
10.1149/1.1833611,"10.1149/1.1833611|LiBOB|0.278689|mol/kg|w|0,1,0,0,0,0,0,0,0,0,0,0,0,0,0,0,0,0,0,0,0,0,0,0,0,0,0,0,0,0,0,0,0,0,0,0,0,0",4,cost_sensitive_budget_policy,0.7363685082661853,0.7343187935475126,0.002049714718672657,332.15,4,160.0,0.02
10.1149/1.1833611,"10.1149/1.1833611|LiBOB|0.321311|mol/kg|w|0,1,0,0,0,0,0,0,0,0,0,0,0,0,0,0,0,0,0,0,0,0,0,0,0,0,0,0,0,0,0,0,0,0,0,0,0,0",4,cost_sensitive_budget_policy,0.7660330165130792,0.7631722980947429,0.00286071841833635,332.15,4,160.0,0.02
10.1149/1.1833611,"10.1149/1.1833611|LiBOB|0.370492|mol/kg|w|0,1,0,0,0,0,0,0,0,0,0,0,0,0,0,0,0,0,0,0,0,0,0,0,0,0,0,0,0,0,0,0,0,0,0,0,0,0",4,cost_sensitive_budget_policy,0.5534111620097821,0.5611626902156619,0.007751528205879765,302.55,4,160.0,0.02
10.1149/1.1833611,"10.1149/1.1833611|LiBOB|0.419672|mol/kg|w|0,1,0,0,0,0,0,0,0,0,0,0,0,0,0,0,0,0,0,0,0,0,0,0,0,0,0,0,0,0,0,0,0,0,0,0,0,0",4,cost_sensitive_budget_policy,0.8173888535359182,0.8178568041485932,0.0004679506126750166,332.15,4,160.0,0.02
10.1149/1.1833611,"10.1149/1.1833611|LiBOB|0.47541|mol/kg|w|0,1,0,0,0,0,0,0,0,0,0,0,0,0,0,0,0,0,0,0,0,0,0,0,0,0,0,0,0,0,0,0,0,0,0,0,0,0",4,cost_sensitive_budget_policy,0.8352523365799425,0.8387928555779485,0.0035405189980060037,332.15,4,160.0,0.02
10.1149/1.1833611,"10.1149/1.1833611|LiBOB|0.531148|mol/kg|w|0,1,0,0,0,0,0,0,0,0,0,0,0,0,0,0,0,0,0,0,0,0,0,0,0,0,0,0,0,0,0,0,0,0,0,0,0,0",4,cost_sensitive_budget_policy,0.8480303941995317,0.8534508486953183,0.005420454495786542,332.15,4,160.0,0.02
10.1149/1.1833611,"10.1149/1.1833611|LiBOB|0.659016|mol/kg|w|0,1,0,0,0,0,0,0,0,0,0,0,0,0,0,0,0,0,0,0,0,0,0,0,0,0,0,0,0,0,0,0,0,0,0,0,0,0",4,cost_sensitive_budget_policy,0.8618085310562983,0.8667414901560919,0.004932959099793632,332.15,4,160.0,0.02
10.1149/1.1833611,"10.1149/1.1833611|LiBOB|0.727869|mol/kg|w|0,1,0,0,0,0,0,0,0,0,0,0,0,0,0,0,0,0,0,0,0,0,0,0,0,0,0,0,0,0,0,0,0,0,0,0,0,0",4,cost_sensitive_budget_policy,0.8610738912142633,0.8732290752350869,0.012155184020823606,332.15,4,160.0,0.02
10.1149/1.1833611,"10.1149/1.1833611|LiBOB|0.891803|mol/kg|w|0,1,0,0,0,0,0,0,0,0,0,0,0,0,0,0,0,0,0,0,0,0,0,0,0,0,0,0,0,0,0,0,0,0,0,0,0,0",4,cost_sensitive_budget_policy,0.8484631380442306,0.8632136814824054,0.014750543438174835,332.15,4,160.0,0.02
10.1149/1.1833611,"10.1149/1.1833611|LiBOB|0.986885|mol/kg|w|0,1,0,0,0,0,0,0,0,0,0,0,0,0,0,0,0,0,0,0,0,0,0,0,0,0,0,0,0,0,0,0,0,0,0,0,0,0",4,cost_sensitive_budget_policy,0.7433114433267886,0.7791682173313943,0.03585677400460574,322.35,4,160.0,0.02
10.1149/1.1833611,"10.1149/1.1833611|LiBOB|0.164865|mol/kg|w|0.7,0.3,0,0,0,0,0,0,0,0,0,0,0,0,0,0,0,0,0,0,0,0,0,0,0,0,0,0,0,0,0,0,0,0,0,0,0,0",4,cost_sensitive_budget_policy,0.6532125137753437,0.6448403976259607,0.008372116149383046,332.15,4,160.0,0.02
10.1149/1.1833611,"10.1149/1.1833611|LiBOB|0.310811|mol/kg|w|0.7,0.3,0,0,0,0,0,0,0,0,0,0,0,0,0,0,0,0,0,0,0,0,0,0,0,0,0,0,0,0,0,0,0,0,0,0,0,0",4,cost_sensitive_budget_policy,0.7495544502191152,0.7495492143134692,5.235905645939454e-06,322.35,4,160.0,0.02
10.1149/1.1833611,"10.1149/1.1833611|LiBOB|0.372973|mol/kg|w|0.7,0.3,0,0,0,0,0,0,0,0,0,0,0,0,0,0,0,0,0,0,0,0,0,0,0,0,0,0,0,0,0,0,0,0,0,0,0,0",4,cost_sensitive_budget_policy,0.8541273565846526,0.8569777600990167,0.0028504035143641637,332.15,4,160.0,0.02
10.1149/1.1833611,"10.1149/1.1833611|LiBOB|0.497297|mol/kg|w|0.7,0.3,0,0,0,0,0,0,0,0,0,0,0,0,0,0,0,0,0,0,0,0,0,0,0,0,0,0,0,0,0,0,0,0,0,0,0,0",4,cost_sensitive_budget_policy,0.8998848471392512,0.9005456468277886,0.0006607996885373835,332.15,4,160.0,0.02
10.1149/1.1833611,"10.1149/1.1833611|LiBOB|0.571351|mol/kg|w|0.7,0.3,0,0,0,0,0,0,0,0,0,0,0,0,0,0,0,0,0,0,0,0,0,0,0,0,0,0,0,0,0,0,0,0,0,0,0,0",4,cost_sensitive_budget_policy,0.9141252862344557,0.9188340127854537,0.004708726550998077,332.15,4,160.0,0.02
10.1149/1.1833611,"10.1149/1.1833611|LiBOB|0.655676|mol/kg|w|0.7,0.3,0,0,0,0,0,0,0,0,0,0,0,0,0,0,0,0,0,0,0,0,0,0,0,0,0,0,0,0,0,0,0,0,0,0,0,0",4,cost_sensitive_budget_policy,0.9215334741036846,0.9291255949265591,0.007592120822874526,332.15,4,160.0,0.02
10.1149/1.1833611,"10.1149/1.1833611|LiBOB|0.752973|mol/kg|w|0.7,0.3,0,0,0,0,0,0,0,0,0,0,0,0,0,0,0,0,0,0,0,0,0,0,0,0,0,0,0,0,0,0,0,0,0,0,0,0",4,cost_sensitive_budget_policy,0.923365942957112,0.9293945674898514,0.006028624532739335,332.15,4,160.0,0.02
10.1149/1.1833611,"10.1149/1.1833611|LiBOB|0.866486|mol/kg|w|0.7,0.3,0,0,0,0,0,0,0,0,0,0,0,0,0,0,0,0,0,0,0,0,0,0,0,0,0,0,0,0,0,0,0,0,0,0,0,0",4,cost_sensitive_budget_policy,0.9159892139291999,0.9345704569283704,0.018581242999170522,332.15,4,160.0,0.02
10.1149/1.1833611,"10.1149/1.1833611|LiBOB|0.983243|mol/kg|w|0.7,0.3,0,0,0,0,0,0,0,0,0,0,0,0,0,0,0,0,0,0,0,0,0,0,0,0,0,0,0,0,0,0,0,0,0,0,0,0",4,cost_sensitive_budget_policy,0.9027705353510247,0.938474380830663,0.03570384547963834,332.15,4,160.0,0.02
10.1149/1.1833611,"10.1149/1.1833611|LiBOB|0.15873|mol/kg|w|0.3,0.7,0,0,0,0,0,0,0,0,0,0,0,0,0,0,0,0,0,0,0,0,0,0,0,0,0,0,0,0,0,0,0,0,0,0,0,0",4,cost_sensitive_budget_policy,0.6126997807162147,0.6173453072294486,0.004645526513233911,332.15,4,160.0,0.02
10.1149/1.1833611,"10.1149/1.1833611|LiBOB|0.250794|mol/kg|w|0.3,0.7,0,0,0,0,0,0,0,0,0,0,0,0,0,0,0,0,0,0,0,0,0,0,0,0,0,0,0,0,0,0,0,0,0,0,0,0",4,cost_sensitive_budget_policy,0.7410336219056128,0.7420721181560364,0.0010384962504235151,332.15,4,160.0,0.02
10.1149/1.1833611,"10.1149/1.1833611|LiBOB|0.311111|mol/kg|w|0.3,0.7,0,0,0,0,0,0,0,0,0,0,0,0,0,0,0,0,0,0,0,0,0,0,0,0,0,0,0,0,0,0,0,0,0,0,0,0",4,cost_sensitive_budget_policy,0.7947361503963257,0.7948069834735194,7.083307719368825e-05,332.15,4,160.0,0.02
10.1149/1.1833611,"10.1149/1.1833611|LiBOB|0.368254|mol/kg|w|0.3,0.7,0,0,0,0,0,0,0,0,0,0,0,0,0,0,0,0,0,0,0,0,0,0,0,0,0,0,0,0,0,0,0,0,0,0,0,0",4,cost_sensitive_budget_policy,0.8311962850875894,0.8294338940374935,0.0017623910500959017,332.15,4,160.0,0.02
10.1149/1.1833611,"10.1149/1.1833611|LiBOB|0.425397|mol/kg|w|0.3,0.7,0,0,0,0,0,0,0,0,0,0,0,0,0,0,0,0,0,0,0,0,0,0,0,0,0,0,0,0,0,0,0,0,0,0,0,0",4,cost_sensitive_budget_policy,0.8562780341154737,0.8561596945012742,0.0001183396141994919,332.15,4,160.0,0.02
10.1149/1.1833611,"10.1149/1.1833611|LiBOB|0.488889|mol/kg|w|0.3,0.7,0,0,0,0,0,0,0,0,0,0,0,0,0,0,0,0,0,0,0,0,0,0,0,0,0,0,0,0,0,0,0,0,0,0,0,0",4,cost_sensitive_budget_policy,0.8018655244924775,0.8050892535031351,0.0032237290106575944,322.35,4,160.0,0.02
10.1149/1.1833611,"10.1149/1.1833611|LiBOB|0.55873|mol/kg|w|0.3,0.7,0,0,0,0,0,0,0,0,0,0,0,0,0,0,0,0,0,0,0,0,0,0,0,0,0,0,0,0,0,0,0,0,0,0,0,0",4,cost_sensitive_budget_policy,0.8908555305873403,0.8951690529815737,0.004313522394233327,332.15,4,160.0,0.02
10.1149/1.1833611,"10.1149/1.1833611|LiBOB|0.638095|mol/kg|w|0.3,0.7,0,0,0,0,0,0,0,0,0,0,0,0,0,0,0,0,0,0,0,0,0,0,0,0,0,0,0,0,0,0,0,0,0,0,0,0",4,cost_sensitive_budget_policy,0.8995363817937931,0.9039688511357034,0.004432469341910217,332.15,4,160.0,0.02
10.1149/1.1833611,"10.1149/1.1833611|LiBOB|0.733333|mol/kg|w|0.3,0.7,0,0,0,0,0,0,0,0,0,0,0,0,0,0,0,0,0,0,0,0,0,0,0,0,0,0,0,0,0,0,0,0,0,0,0,0",4,cost_sensitive_budget_policy,0.9024124123314328,0.9119703790557712,0.009557966724338396,332.15,4,160.0,0.02
10.1149/1.1833611,"10.1149/1.1833611|LiBOB|0.955556|mol/kg|w|0.3,0.7,0,0,0,0,0,0,0,0,0,0,0,0,0,0,0,0,0,0,0,0,0,0,0,0,0,0,0,0,0,0,0,0,0,0,0,0",4,cost_sensitive_budget_policy,0.8868167361072647,0.8958453282349119,0.009028592127647173,332.15,4,160.0,0.02
10.1149/1.1833611,"10.1149/1.1833611|LiBOB|1.06349|mol/kg|w|0.3,0.7,0,0,0,0,0,0,0,0,0,0,0,0,0,0,0,0,0,0,0,0,0,0,0,0,0,0,0,0,0,0,0,0,0,0,0,0",4,cost_sensitive_budget_policy,0.8715345480544757,0.8827768132399576,0.011242265185481881,332.15,4,160.0,0.02
10.1149/1.1833611,"10.1149/1.1833611|LiBOB|0.151351|mol/kg|w|0.6,0.4,0,0,0,0,0,0,0,0,0,0,0,0,0,0,0,0,0,0,0,0,0,0,0,0,0,0,0,0,0,0,0,0,0,0,0,0",4,cost_sensitive_budget_policy,0.6146491186545956,0.6090724715766729,0.005576647077922714,332.15,4,160.0,0.02
10.1149/1.1833611,"10.1149/1.1833611|LiBOB|0.356757|mol/kg|w|0.6,0.4,0,0,0,0,0,0,0,0,0,0,0,0,0,0,0,0,0,0,0,0,0,0,0,0,0,0,0,0,0,0,0,0,0,0,0,0",4,cost_sensitive_budget_policy,0.8395889452368733,0.8348002117631754,0.004788733473697904,332.15,4,160.0,0.02
10.1149/1.1833611,"10.1149/1.1833611|LiBOB|0.418919|mol/kg|w|0.6,0.4,0,0,0,0,0,0,0,0,0,0,0,0,0,0,0,0,0,0,0,0,0,0,0,0,0,0,0,0,0,0,0,0,0,0,0,0",4,cost_sensitive_budget_policy,0.8681948044284015,0.8703350229071987,0.0021402184787971956,332.15,4,160.0,0.02
10.1149/1.1833611,"10.1149/1.1833611|LiBOB|0.486486|mol/kg|w|0.6,0.4,0,0,0,0,0,0,0,0,0,0,0,0,0,0,0,0,0,0,0,0,0,0,0,0,0,0,0,0,0,0,0,0,0,0,0,0",4,cost_sensitive_budget_policy,0.8884768314673185,0.8945773910277115,0.006100559560393015,332.15,4,160.0,0.02
10.1149/1.1833611,"10.1149/1.1833611|LiBOB|0.564865|mol/kg|w|0.6,0.4,0,0,0,0,0,0,0,0,0,0,0,0,0,0,0,0,0,0,0,0,0,0,0,0,0,0,0,0,0,0,0,0,0,0,0,0",4,cost_sensitive_budget_policy,0.9046837300144092,0.9071608195642236,0.002477089549814404,332.15,4,160.0,0.02
10.1149/1.1833611,"10.1149/1.1833611|LiBOB|0.651351|mol/kg|w|0.6,0.4,0,0,0,0,0,0,0,0,0,0,0,0,0,0,0,0,0,0,0,0,0,0,0,0,0,0,0,0,0,0,0,0,0,0,0,0",4,cost_sensitive_budget_policy,0.9125658788633235,0.920013758428158,0.007447879564834503,332.15,4,160.0,0.02
10.1149/1.1833611,"10.1149/1.1833611|LiBOB|0.875676|mol/kg|w|0.6,0.4,0,0,0,0,0,0,0,0,0,0,0,0,0,0,0,0,0,0,0,0,0,0,0,0,0,0,0,0,0,0,0,0,0,0,0,0",4,cost_sensitive_budget_policy,0.9062716457559425,0.9188810754927319,0.012609429736789357,332.15,4,160.0,0.02
10.1149/1.1833611,"10.1149/1.1833611|LiBOB|0.997297|mol/kg|w|0.6,0.4,0,0,0,0,0,0,0,0,0,0,0,0,0,0,0,0,0,0,0,0,0,0,0,0,0,0,0,0,0,0,0,0,0,0,0,0",4,cost_sensitive_budget_policy,0.8934027196018733,0.9083731262574095,0.014970406655536173,332.15,4,160.0,0.02
10.1149/1.1833611,"10.1149/1.1833611|LiBOB|1.11892|mol/kg|w|0.6,0.4,0,0,0,0,0,0,0,0,0,0,0,0,0,0,0,0,0,0,0,0,0,0,0,0,0,0,0,0,0,0,0,0,0,0,0,0",4,cost_sensitive_budget_policy,0.871641604157595,0.8951764801045135,0.0235348759469185,332.15,4,160.0,0.02
10.1149/1.1833611,"10.1149/1.1833611|LiBOB|0.0285714|mol/kg|w|0,0.5,0,0,0.5,0,0,0,0,0,0,0,0,0,0,0,0,0,0,0,0,0,0,0,0,0,0,0,0,0,0,0,0,0,0,0,0,0",4,cost_sensitive_budget_policy,0.04050121485602134,0.038910381899111,0.001590832956910336,332.15,4,160.0,0.02
10.1149/1.1833611,"10.1149/1.1833611|LiBOB|0.052381|mol/kg|w|0,0.5,0,0,0.5,0,0,0,0,0,0,0,0,0,0,0,0,0,0,0,0,0,0,0,0,0,0,0,0,0,0,0,0,0,0,0,0,0",4,cost_sensitive_budget_policy,0.27437780090353575,0.2660541045221092,0.008323696381426549,332.15,4,160.0,0.02
10.1149/1.1833611,"10.1149/1.1833611|LiBOB|0.0714286|mol/kg|w|0,0.5,0,0,0.5,0,0,0,0,0,0,0,0,0,0,0,0,0,0,0,0,0,0,0,0,0,0,0,0,0,0,0,0,0,0,0,0,0",4,cost_sensitive_budget_policy,0.3806192215096623,0.3742348594897421,0.006384362019920209,332.15,4,160.0,0.02
10.1149/1.1833611,"10.1149/1.1833611|LiBOB|0.0952381|mol/kg|w|0,0.5,0,0,0.5,0,0,0,0,0,0,0,0,0,0,0,0,0,0,0,0,0,0,0,0,0,0,0,0,0,0,0,0,0,0,0,0,0",4,cost_sensitive_budget_policy,0.4734778232155228,0.4778316780183758,0.004353854802852997,332.15,4,160.0,0.02
10.1149/1.1833611,"10.1149/1.1833611|LiBOB|0.138095|mol/kg|w|0,0.5,0,0,0.5,0,0,0,0,0,0,0,0,0,0,0,0,0,0,0,0,0,0,0,0,0,0,0,0,0,0,0,0,0,0,0,0,0",4,cost_sensitive_budget_policy,0.6038251425238906,0.5967009123854471,0.007124230138443544,332.15,4,160.0,0.02
10.1149/1.1833611,"10.1149/1.1833611|LiBOB|0.195238|mol/kg|w|0,0.5,0,0,0.5,0,0,0,0,0,0,0,0,0,0,0,0,0,0,0,0,0,0,0,0,0,0,0,0,0,0,0,0,0,0,0,0,0",4,cost_sensitive_budget_policy,0.7036253306758419,0.6855629286653957,0.018062402010446177,332.15,4,160.0,0.02
10.1149/1.1833611,"10.1149/1.1833611|LiBOB|0.233333|mol/kg|w|0,0.5,0,0,0.5,0,0,0,0,0,0,0,0,0,0,0,0,0,0,0,0,0,0,0,0,0,0,0,0,0,0,0,0,0,0,0,0,0",4,cost_sensitive_budget_policy,0.7458688739869638,0.7424841652817766,0.003384708705187145,332.15,4,160.0,0.02
10.1149/1.1833611,"10.1149/1.1833611|LiBOB|0.271429|mol/kg|w|0,0.5,0,0,0.5,0,0,0,0,0,0,0,0,0,0,0,0,0,0,0,0,0,0,0,0,0,0,0,0,0,0,0,0,0,0,0,0,0",4,cost_sensitive_budget_policy,0.7843652120927994,0.7795804917323874,0.004784720360411998,332.15,4,160.0,0.02
10.1149/1.1833611,"10.1149/1.1833611|LiBOB|0.309524|mol/kg|w|0,0.5,0,0,0.5,0,0,0,0,0,0,0,0,0,0,0,0,0,0,0,0,0,0,0,0,0,0,0,0,0,0,0,0,0,0,0,0,0",4,cost_sensitive_budget_policy,0.8162496087282435,0.8137678397795551,0.0024817689486883454,332.15,4,160.0,0.02
10.1149/1.1833611,"10.1149/1.1833611|LiBOB|0.438095|mol/kg|w|0,0.5,0,0,0.5,0,0,0,0,0,0,0,0,0,0,0,0,0,0,0,0,0,0,0,0,0,0,0,0,0,0,0,0,0,0,0,0,0",4,cost_sensitive_budget_policy,0.8880006290618762,0.8885416525829207,0.0005410235210445702,332.15,4,160.0,0.02
10.1149/1.1833611,"10.1149/1.1833611|LiBOB|0.590476|mol/kg|w|0,0.5,0,0,0.5,0,0,0,0,0,0,0,0,0,0,0,0,0,0,0,0,0,0,0,0,0,0,0,0,0,0,0,0,0,0,0,0,0",4,cost_sensitive_budget_policy,0.9227735711094729,0.9219679672002168,0.0008056039092561029,332.15,4,160.0,0.02
10.1149/1.1833611,"10.1149/1.1833611|LiBOB|0.0375|mol/kg|w|0,0.7,0,0,0.3,0,0,0,0,0,0,0,0,0,0,0,0,0,0,0,0,0,0,0,0,0,0,0,0,0,0,0,0,0,0,0,0,0",4,cost_sensitive_budget_policy,0.17363066058698706,0.1560013914402405,0.017629269146746562,332.15,4,160.0,0.02
10.1149/1.1833611,"10.1149/1.1833611|LiBOB|0.078125|mol/kg|w|0,0.7,0,0,0.3,0,0,0,0,0,0,0,0,0,0,0,0,0,0,0,0,0,0,0,0,0,0,0,0,0,0,0,0,0,0,0,0,0",4,cost_sensitive_budget_policy,0.43326797104906706,0.4223869930830043,0.010880977966062744,332.15,4,160.0,0.02
10.1149/1.1833611,"10.1149/1.1833611|LiBOB|0.10625|mol/kg|w|0,0.7,0,0,0.3,0,0,0,0,0,0,0,0,0,0,0,0,0,0,0,0,0,0,0,0,0,0,0,0,0,0,0,0,0,0,0,0,0",4,cost_sensitive_budget_policy,0.5387781558284613,0.5276202698871325,0.011157885941328827,332.15,4,160.0,0.02
10.1149/1.1833611,"10.1149/1.1833611|LiBOB|0.13125|mol/kg|w|0,0.7,0,0,0.3,0,0,0,0,0,0,0,0,0,0,0,0,0,0,0,0,0,0,0,0,0,0,0,0,0,0,0,0,0,0,0,0,0",4,cost_sensitive_budget_policy,0.6129633543113681,0.6061838405308031,0.006779513780564961,332.15,4,160.0,0.02
10.1149/1.1833611,"10.1149/1.1833611|LiBOB|0.159375|mol/kg|w|0,0.7,0,0,0.3,0,0,0,0,0,0,0,0,0,0,0,0,0,0,0,0,0,0,0,0,0,0,0,0,0,0,0,0,0,0,0,0,0",4,cost_sensitive_budget_policy,0.6731927842962409,0.6636488741607838,0.009543910135457079,332.15,4,160.0,0.02
10.1149/1.1833611,"10.1149/1.1833611|LiBOB|0.1875|mol/kg|w|0,0.7,0,0,0.3,0,0,0,0,0,0,0,0,0,0,0,0,0,0,0,0,0,0,0,0,0,0,0,0,0,0,0,0,0,0,0,0,0",4,cost_sensitive_budget_policy,0.71769870485407,0.7094190849641588,0.008279619889911105,332.15,4,160.0,0.02
10.1149/1.1833611,"10.1149/1.1833611|LiBOB|0.21875|mol/kg|w|0,0.7,0,0,0.3,0,0,0,0,0,0,0,0,0,0,0,0,0,0,0,0,0,0,0,0,0,0,0,0,0,0,0,0,0,0,0,0,0",4,cost_sensitive_budget_policy,0.7580646886110975,0.7566362389938431,0.0014284496172544126,332.15,4,160.0,0.02
10.1149/1.1833611,"10.1149/1.1833611|LiBOB|0.25625|mol/kg|w|0,0.7,0,0,0.3,0,0,0,0,0,0,0,0,0,0,0,0,0,0,0,0,0,0,0,0,0,0,0,0,0,0,0,0,0,0,0,0,0",4,cost_sensitive_budget_policy,0.7973497124471525,0.7945069167453852,0.0028427957017672645,332.15,4,160.0,0.02
10.1149/1.1833611,"10.1149/1.1833611|LiBOB|0.29375|mol/kg|w|0,0.7,0,0,0.3,0,0,0,0,0,0,0,0,0,0,0,0,0,0,0,0,0,0,0,0,0,0,0,0,0,0,0,0,0,0,0,0,0",4,cost_sensitive_budget_policy,0.8290310604402732,0.8259758028089874,0.0030552576312857793,332.15,4,160.0,0.02
10.1149/1.1833611,"10.1149/1.1833611|LiBOB|0.3375|mol/kg|w|0,0.7,0,0,0.3,0,0,0,0,0,0,0,0,0,0,0,0,0,0,0,0,0,0,0,0,0,0,0,0,0,0,0,0,0,0,0,0,0",4,cost_sensitive_budget_policy,0.856513844952637,0.8578372241532692,0.001323379200632191,332.15,4,160.0,0.02
10.1149/1.1833611,"10.1149/1.1833611|LiBOB|0.38125|mol/kg|w|0,0.7,0,0,0.3,0,0,0,0,0,0,0,0,0,0,0,0,0,0,0,0,0,0,0,0,0,0,0,0,0,0,0,0,0,0,0,0,0",4,cost_sensitive_budget_policy,0.8784828470758402,0.8793116036817428,0.0008287566059025364,332.15,4,160.0,0.02
10.1149/1.1833611,"10.1149/1.1833611|LiBOB|0.428125|mol/kg|w|0,0.7,0,0,0.3,0,0,0,0,0,0,0,0,0,0,0,0,0,0,0,0,0,0,0,0,0,0,0,0,0,0,0,0,0,0,0,0,0",4,cost_sensitive_budget_policy,0.5870828353964056,0.5872605916134035,0.000177756216997893,292.65,4,160.0,0.02
10.1149/1.1833611,"10.1149/1.1833611|LiBOB|0.475|mol/kg|w|0,0.7,0,0,0.3,0,0,0,0,0,0,0,0,0,0,0,0,0,0,0,0,0,0,0,0,0,0,0,0,0,0,0,0,0,0,0,0,0",4,cost_sensitive_budget_policy,0.9085758849563462,0.9085624094439548,1.3475512391392108e-05,332.15,4,160.0,0.02
10.1149/1.1833611,"10.1149/1.1833611|LiBOB|0.52375|mol/kg|w|0,0.7,0,0,0.3,0,0,0,0,0,0,0,0,0,0,0,0,0,0,0,0,0,0,0,0,0,0,0,0,0,0,0,0,0,0,0,0,0",4,cost_sensitive_budget_policy,0.9189893975086663,0.9169793292168611,0.002010068291805167,332.15,4,160.0,0.02
10.1149/1.1833611,"10.1149/1.1833611|LiBOB|0.58|mol/kg|w|0,0.7,0,0,0.3,0,0,0,0,0,0,0,0,0,0,0,0,0,0,0,0,0,0,0,0,0,0,0,0,0,0,0,0,0,0,0,0,0",4,cost_sensitive_budget_policy,0.9232264504412505,0.9277481766514657,0.004521726210215182,332.15,4,160.0,0.02
10.1149/1.1833611,"10.1149/1.1833611|LiBOB|0.64|mol/kg|w|0,0.7,0,0,0.3,0,0,0,0,0,0,0,0,0,0,0,0,0,0,0,0,0,0,0,0,0,0,0,0,0,0,0,0,0,0,0,0,0",4,cost_sensitive_budget_policy,0.9274225650243936,0.9303506129533872,0.0029280479289935935,332.15,4,160.0,0.02
10.1149/1.1833611,"10.1149/1.1833611|LiBOB|0.70375|mol/kg|w|0,0.7,0,0,0.3,0,0,0,0,0,0,0,0,0,0,0,0,0,0,0,0,0,0,0,0,0,0,0,0,0,0,0,0,0,0,0,0,0",4,cost_sensitive_budget_policy,0.925329575523757,0.927846189122737,0.002516613598979922,332.15,4,160.0,0.02
10.1149/1.1833611,"10.1149/1.1833611|LiBOB|0.75625|mol/kg|w|0,0.7,0,0,0.3,0,0,0,0,0,0,0,0,0,0,0,0,0,0,0,0,0,0,0,0,0,0,0,0,0,0,0,0,0,0,0,0,0",4,cost_sensitive_budget_policy,0.9189893975086663,0.9242110053287751,0.005221607820108831,332.15,4,160.0,0.02
10.1149/1.1833611,"10.1149/1.1833611|LiBOB|0.235294|mol/kg|w|0,1,0,0,0,0,0,0,0,0,0,0,0,0,0,0,0,0,0,0,0,0,0,0,0,0,0,0,0,0,0,0,0,0,0,0,0,0",4,cost_sensitive_budget_policy,0.7072953931586318,0.7125109622088472,0.005215569050215474,332.15,4,160.0,0.02
10.1149/1.1833611,"10.1149/1.1833611|LiBOB|0.35|mol/kg|w|0,1,0,0,0,0,0,0,0,0,0,0,0,0,0,0,0,0,0,0,0,0,0,0,0,0,0,0,0,0,0,0,0,0,0,0,0,0",4,cost_sensitive_budget_policy,0.7964400360869989,0.8069489497059517,0.010508913618952787,332.15,4,160.0,0.02
10.1149/1.1833611,"10.1149/1.1833611|LiBOB|0.408824|mol/kg|w|0,1,0,0,0,0,0,0,0,0,0,0,0,0,0,0,0,0,0,0,0,0,0,0,0,0,0,0,0,0,0,0,0,0,0,0,0,0",4,cost_sensitive_budget_policy,0.3411472188528036,0.3820806214557524,0.04093340260294881,282.85,4,160.0,0.02
10.1149/1.1833611,"10.1149/1.1833611|LiBOB|0.470588|mol/kg|w|0,1,0,0,0,0,0,0,0,0,0,0,0,0,0,0,0,0,0,0,0,0,0,0,0,0,0,0,0,0,0,0,0,0,0,0,0,0",4,cost_sensitive_budget_policy,0.8470947998002147,0.8492743500386963,0.002179550238481598,332.15,4,160.0,0.02
10.1149/1.1833611,"10.1149/1.1833611|LiBOB|0.541176|mol/kg|w|0,1,0,0,0,0,0,0,0,0,0,0,0,0,0,0,0,0,0,0,0,0,0,0,0,0,0,0,0,0,0,0,0,0,0,0,0,0",4,cost_sensitive_budget_policy,0.8627467453342664,0.8684565945374483,0.005709849203181849,332.15,4,160.0,0.02
10.1149/1.1833611,"10.1149/1.1833611|LiBOB|0.829412|mol/kg|w|0,1,0,0,0,0,0,0,0,0,0,0,0,0,0,0,0,0,0,0,0,0,0,0,0,0,0,0,0,0,0,0,0,0,0,0,0,0",4,cost_sensitive_budget_policy,0.8741262910716027,0.8884773463083742,0.014351055236771493,332.15,4,160.0,0.02
10.1149/1.1833611,"10.1149/1.1833611|LiBOB|0.935294|mol/kg|w|0,1,0,0,0,0,0,0,0,0,0,0,0,0,0,0,0,0,0,0,0,0,0,0,0,0,0,0,0,0,0,0,0,0,0,0,0,0",4,cost_sensitive_budget_policy,0.8665731531852291,0.8758944871418242,0.009321333956595068,332.15,4,160.0,0.02
10.1149/1.1833611,"10.1149/1.1833611|LiBOB|0.0528302|mol/kg|w|0,0.4,0,0,0.6,0,0,0,0,0,0,0,0,0,0,0,0,0,0,0,0,0,0,0,0,0,0,0,0,0,0,0,0,0,0,0,0,0",4,cost_sensitive_budget_policy,0.2208106884744153,0.1894796932133881,0.0313309952610272,322.35,4,160.0,0.02
10.1149/1.1833611,"10.1149/1.1833611|LiBOB|0.0679245|mol/kg|w|0,0.4,0,0,0.6,0,0,0,0,0,0,0,0,0,0,0,0,0,0,0,0,0,0,0,0,0,0,0,0,0,0,0,0,0,0,0,0,0",4,cost_sensitive_budget_policy,0.3485065413259138,0.34108703979892907,0.007419501526984729,332.15,4,160.0,0.02
10.1149/1.1833611,"10.1149/1.1833611|LiBOB|0.0830189|mol/kg|w|0,0.4,0,0,0.6,0,0,0,0,0,0,0,0,0,0,0,0,0,0,0,0,0,0,0,0,0,0,0,0,0,0,0,0,0,0,0,0,0",4,cost_sensitive_budget_policy,0.32335655616648623,0.32281726087651175,0.0005392952899744841,312.45,4,160.0,0.02
10.1149/1.1833611,"10.1149/1.1833611|LiBOB|0.10566|mol/kg|w|0,0.4,0,0,0.6,0,0,0,0,0,0,0,0,0,0,0,0,0,0,0,0,0,0,0,0,0,0,0,0,0,0,0,0,0,0,0,0,0",4,cost_sensitive_budget_policy,0.4943346498405031,0.4900897358780032,0.00424491396249993,332.15,4,160.0,0.02
10.1149/1.1833611,"10.1149/1.1833611|LiBOB|0.128302|mol/kg|w|0,0.4,0,0,0.6,0,0,0,0,0,0,0,0,0,0,0,0,0,0,0,0,0,0,0,0,0,0,0,0,0,0,0,0,0,0,0,0,0",4,cost_sensitive_budget_policy,0.5570822038534365,0.5586256720195546,0.001543468166118056,332.15,4,160.0,0.02
10.1149/1.1833611,"10.1149/1.1833611|LiBOB|0.154717|mol/kg|w|0,0.4,0,0,0.6,0,0,0,0,0,0,0,0,0,0,0,0,0,0,0,0,0,0,0,0,0,0,0,0,0,0,0,0,0,0,0,0,0",4,cost_sensitive_budget_policy,0.6161277723351913,0.6142307121028325,0.0018970602323588048,332.15,4,160.0,0.02
10.1149/1.1833611,"10.1149/1.1833611|LiBOB|0.184906|mol/kg|w|0,0.4,0,0,0.6,0,0,0,0,0,0,0,0,0,0,0,0,0,0,0,0,0,0,0,0,0,0,0,0,0,0,0,0,0,0,0,0,0",4,cost_sensitive_budget_policy,0.6680261888798529,0.66852438562728,0.0004981967474271265,332.15,4,160.0,0.02
10.1149/1.1833611,"10.1149/1.1833611|LiBOB|0.218868|mol/kg|w|0,0.4,0,0,0.6,0,0,0,0,0,0,0,0,0,0,0,0,0,0,0,0,0,0,0,0,0,0,0,0,0,0,0,0,0,0,0,0,0",4,cost_sensitive_budget_policy,0.7143149090514236,0.7103874190288723,0.003927490022551328,332.15,4,160.0,0.02
10.1149/1.1833611,"10.1149/1.1833611|LiBOB|0.381132|mol/kg|w|0,0.4,0,0,0.6,0,0,0,0,0,0,0,0,0,0,0,0,0,0,0,0,0,0,0,0,0,0,0,0,0,0,0,0,0,0,0,0,0",4,cost_sensitive_budget_policy,0.8415237770901847,0.8406518832772639,0.0008718938129207432,332.15,4,160.0,0.02
10.1149/1.1833611,"10.1149/1.1833611|LiBOB|0.430189|mol/kg|w|0,0.4,0,0,0.6,0,0,0,0,0,0,0,0,0,0,0,0,0,0,0,0,0,0,0,0,0,0,0,0,0,0,0,0,0,0,0,0,0",4,cost_sensitive_budget_policy,0.8633205693002606,0.864585956127773,0.001265386827512427,332.15,4,160.0,0.02
10.1149/1.1833611,"10.1149/1.1833611|LiBOB|0.483019|mol/kg|w|0,0.4,0,0,0.6,0,0,0,0,0,0,0,0,0,0,0,0,0,0,0,0,0,0,0,0,0,0,0,0,0,0,0,0,0,0,0,0,0",4,cost_sensitive_budget_policy,0.8817104229194349,0.8836544067957076,0.0019439838762727035,332.15,4,160.0,0.02
10.1149/1.1833611,"10.1149/1.1833611|LiBOB|0.528302|mol/kg|w|0,0.4,0,0,0.6,0,0,0,0,0,0,0,0,0,0,0,0,0,0,0,0,0,0,0,0,0,0,0,0,0,0,0,0,0,0,0,0,0",4,cost_sensitive_budget_policy,0.8926816522271562,0.8934384206931874,0.0007567684660311214,332.15,4,160.0,0.02
10.1149/1.1833611,"10.1149/1.1833611|LiBOB|0.0740741|mol/kg|w|0,0.3,0,0,0.7,0,0,0,0,0,0,0,0,0,0,0,0,0,0,0,0,0,0,0,0,0,0,0,0,0,0,0,0,0,0,0,0,0",4,cost_sensitive_budget_policy,0.3010299956639812,0.29141419967738114,0.009615795986600062,332.15,4,160.0,0.02
10.1149/1.1833611,"10.1149/1.1833611|LiBOB|0.0888889|mol/kg|w|0,0.3,0,0,0.7,0,0,0,0,0,0,0,0,0,0,0,0,0,0,0,0,0,0,0,0,0,0,0,0,0,0,0,0,0,0,0,0,0",4,cost_sensitive_budget_policy,0.3667087712622437,0.357619055844823,0.009089715417420707,332.15,4,160.0,0.02
10.1149/1.1833611,"10.1149/1.1833611|LiBOB|0.107407|mol/kg|w|0,0.3,0,0,0.7,0,0,0,0,0,0,0,0,0,0,0,0,0,0,0,0,0,0,0,0,0,0,0,0,0,0,0,0,0,0,0,0,0",4,cost_sensitive_budget_policy,0.4237472721981457,0.4144449177259293,0.00930235447221639,332.15,4,160.0,0.02
10.1149/1.1833611,"10.1149/1.1833611|LiBOB|0.125926|mol/kg|w|0,0.3,0,0,0.7,0,0,0,0,0,0,0,0,0,0,0,0,0,0,0,0,0,0,0,0,0,0,0,0,0,0,0,0,0,0,0,0,0",4,cost_sensitive_budget_policy,0.4858951790561205,0.4851365905138887,0.0007585885422318195,332.15,4,160.0,0.02
10.1149/1.1833611,"10.1149/1.1833611|LiBOB|0.17037|mol/kg|w|0,0.3,0,0,0.7,0,0,0,0,0,0,0,0,0,0,0,0,0,0,0,0,0,0,0,0,0,0,0,0,0,0,0,0,0,0,0,0,0",4,cost_sensitive_budget_policy,0.5839617692490267,0.5839927741961959,3.100494716923308e-05,332.15,4,160.0,0.02
10.1149/1.1833611,"10.1149/1.1833611|LiBOB|0.196296|mol/kg|w|0,0.3,0,0,0.7,0,0,0,0,0,0,0,0,0,0,0,0,0,0,0,0,0,0,0,0,0,0,0,0,0,0,0,0,0,0,0,0,0",4,cost_sensitive_budget_policy,0.6320232147343586,0.6245169675976806,0.007506247136678024,332.15,4,160.0,0.02
10.1149/1.1833611,"10.1149/1.1833611|LiBOB|0.222222|mol/kg|w|0,0.3,0,0,0.7,0,0,0,0,0,0,0,0,0,0,0,0,0,0,0,0,0,0,0,0,0,0,0,0,0,0,0,0,0,0,0,0,0",4,cost_sensitive_budget_policy,0.6677387669262249,0.658047092015884,0.009691674910340953,332.15,4,160.0,0.02
10.1149/1.1833611,"10.1149/1.1833611|LiBOB|0.251852|mol/kg|w|0,0.3,0,0,0.7,0,0,0,0,0,0,0,0,0,0,0,0,0,0,0,0,0,0,0,0,0,0,0,0,0,0,0,0,0,0,0,0,0",4,cost_sensitive_budget_policy,0.7007390270519149,0.6982787162644014,0.00246031078751352,332.15,4,160.0,0.02
10.1149/1.1833611,"10.1149/1.1833611|LiBOB|0.314815|mol/kg|w|0,0.3,0,0,0.7,0,0,0,0,0,0,0,0,0,0,0,0,0,0,0,0,0,0,0,0,0,0,0,0,0,0,0,0,0,0,0,0,0",4,cost_sensitive_budget_policy,0.7077439286157291,0.6847578975189834,0.022986031096745685,322.35,4,160.0,0.02
10.1149/1.1833611,"10.1149/1.1833611|LiBOB|0.348148|mol/kg|w|0,0.3,0,0,0.7,0,0,0,0,0,0,0,0,0,0,0,0,0,0,0,0,0,0,0,0,0,0,0,0,0,0,0,0,0,0,0,0,0",4,cost_sensitive_budget_policy,0.675291904903569,0.6526549448083427,0.02263696009522631,312.45,4,160.0,0.02
10.1149/1.1833611,"10.1149/1.1833611|LiBOB|0.388889|mol/kg|w|0,0.3,0,0,0.7,0,0,0,0,0,0,0,0,0,0,0,0,0,0,0,0,0,0,0,0,0,0,0,0,0,0,0,0,0,0,0,0,0",4,cost_sensitive_budget_policy,0.8067335680239547,0.8025949357598962,0.004138632264058528,332.15,4,160.0,0.02
10.1149/1.1914757,"10.1149/1.1914757|LiBOB|0.171698|mol/kg|w|0,0.3,0,0,0,0,0,0,0,0,0.7,0,0,0,0,0,0,0,0,0,0,0,0,0,0,0,0,0,0,0,0,0,0,0,0,0,0,0",3,fixed_target_router,0.802570895924897,0.8282502971263805,0.025679401201483487,332.15,4,170.0,
10.1149/1.1914757,"10.1149/1.1914757|LiBOB|0.226415|mol/kg|w|0,0.3,0,0,0,0,0,0,0,0,0.7,0,0,0,0,0,0,0,0,0,0,0,0,0,0,0,0,0,0,0,0,0,0,0,0,0,0,0",3,fixed_target_router,0.8918243790086487,0.8802873876549677,0.011536991353681025,332.15,4,170.0,
10.1149/1.1914757,"10.1149/1.1914757|LiBOB|0.309434|mol/kg|w|0,0.3,0,0,0,0,0,0,0,0,0.7,0,0,0,0,0,0,0,0,0,0,0,0,0,0,0,0,0,0,0,0,0,0,0,0,0,0,0",3,fixed_target_router,0.9891546673364646,1.022670754464771,0.03351608712830645,332.15,4,170.0,
10.1149/1.1914757,"10.1149/1.1914757|LiBOB|0.409434|mol/kg|w|0,0.3,0,0,0,0,0,0,0,0,0.7,0,0,0,0,0,0,0,0,0,0,0,0,0,0,0,0,0,0,0,0,0,0,0,0,0,0,0",3,fixed_target_router,1.0675149973386915,1.086150123186161,0.018635125847469514,332.15,4,170.0,
10.1149/1.1914757,"10.1149/1.1914757|LiBOB|0.50566|mol/kg|w|0,0.3,0,0,0,0,0,0,0,0,0.7,0,0,0,0,0,0,0,0,0,0,0,0,0,0,0,0,0,0,0,0,0,0,0,0,0,0,0",3,fixed_target_router,1.0843931818961314,1.1076305963131783,0.023237414417046853,322.35,4,170.0,
10.1149/1.1914757,"10.1149/1.1914757|LiBOB|0.701887|mol/kg|w|0,0.3,0,0,0,0,0,0,0,0,0.7,0,0,0,0,0,0,0,0,0,0,0,0,0,0,0,0,0,0,0,0,0,0,0,0,0,0,0",3,fixed_target_router,1.187338250625771,1.1873266283290858,1.1622296685276368e-05,332.15,4,170.0,
10.1149/1.1914757,"10.1149/1.1914757|LiBOB|0.815094|mol/kg|w|0,0.3,0,0,0,0,0,0,0,0,0.7,0,0,0,0,0,0,0,0,0,0,0,0,0,0,0,0,0,0,0,0,0,0,0,0,0,0,0",3,fixed_target_router,1.2109974160108417,1.2144352013909874,0.003437785380145719,332.15,4,170.0,
10.1149/1.1914757,"10.1149/1.1914757|LiBOB|0.114783|mol/kg|w|0,0.9,0,0,0,0,0,0,0,0,0.1,0,0,0,0,0,0,0,0,0,0,0,0,0,0,0,0,0,0,0,0,0,0,0,0,0,0,0",3,fixed_target_router,0.5634405942086038,0.5392504312692811,0.024190162939322746,332.15,4,170.0,
10.1149/1.1914757,"10.1149/1.1914757|LiBOB|0.193043|mol/kg|w|0,0.9,0,0,0,0,0,0,0,0,0.1,0,0,0,0,0,0,0,0,0,0,0,0,0,0,0,0,0,0,0,0,0,0,0,0,0,0,0",3,fixed_target_router,0.7234407614398666,0.7366704758557052,0.013229714415838645,332.15,4,170.0,
10.1149/1.1914757,"10.1149/1.1914757|LiBOB|0.267826|mol/kg|w|0,0.9,0,0,0,0,0,0,0,0,0.1,0,0,0,0,0,0,0,0,0,0,0,0,0,0,0,0,0,0,0,0,0,0,0,0,0,0,0",3,fixed_target_router,0.8155638602412361,0.9142332105130033,0.09866935027176726,332.15,4,170.0,
10.1149/1.1914757,"10.1149/1.1914757|LiBOB|0.358261|mol/kg|w|0,0.9,0,0,0,0,0,0,0,0,0.1,0,0,0,0,0,0,0,0,0,0,0,0,0,0,0,0,0,0,0,0,0,0,0,0,0,0,0",3,fixed_target_router,0.8830845986994318,0.8847542563724805,0.001669657673048719,332.15,4,170.0,
10.1149/1.1914757,"10.1149/1.1914757|LiBOB|0.452174|mol/kg|w|0,0.9,0,0,0,0,0,0,0,0,0.1,0,0,0,0,0,0,0,0,0,0,0,0,0,0,0,0,0,0,0,0,0,0,0,0,0,0,0",3,fixed_target_router,0.9248593691464264,0.9270819702868249,0.002222601140398517,332.15,4,170.0,
10.1149/1.1914757,"10.1149/1.1914757|LiBOB|0.547826|mol/kg|w|0,0.9,0,0,0,0,0,0,0,0,0.1,0,0,0,0,0,0,0,0,0,0,0,0,0,0,0,0,0,0,0,0,0,0,0,0,0,0,0",3,fixed_target_router,0.9520646559780594,1.022945079034857,0.07088042305679765,332.15,4,170.0,
10.1149/1.1914757,"10.1149/1.1914757|LiBOB|0.655652|mol/kg|w|0,0.9,0,0,0,0,0,0,0,0,0.1,0,0,0,0,0,0,0,0,0,0,0,0,0,0,0,0,0,0,0,0,0,0,0,0,0,0,0",3,fixed_target_router,0.9671934265520913,0.9631823832578865,0.004011043294204764,332.15,4,170.0,
10.1149/1.1914757,"10.1149/1.1914757|LiBOB|0.775652|mol/kg|w|0,0.9,0,0,0,0,0,0,0,0,0.1,0,0,0,0,0,0,0,0,0,0,0,0,0,0,0,0,0,0,0,0,0,0,0,0,0,0,0",3,fixed_target_router,0.9702654900955455,1.004632031880285,0.034366541784739524,332.15,4,170.0,
10.1149/1.1914757,"10.1149/1.1914757|LiBOB|0.125714|mol/kg|w|0,0.6,0,0,0,0,0,0,0,0,0.4,0,0,0,0,0,0,0,0,0,0,0,0,0,0,0,0,0,0,0,0,0,0,0,0,0,0,0",3,fixed_target_router,0.7005463925552385,0.7096686120354878,0.009122219480249272,332.15,4,170.0,
10.1149/1.1914757,"10.1149/1.1914757|LiBOB|0.213333|mol/kg|w|0,0.6,0,0,0,0,0,0,0,0,0.4,0,0,0,0,0,0,0,0,0,0,0,0,0,0,0,0,0,0,0,0,0,0,0,0,0,0,0",3,fixed_target_router,0.8660186755894864,0.8640285342953185,0.0019901412941679686,332.15,4,170.0,
10.1149/1.1914757,"10.1149/1.1914757|LiBOB|0.497143|mol/kg|w|0,0.6,0,0,0,0,0,0,0,0,0.4,0,0,0,0,0,0,0,0,0,0,0,0,0,0,0,0,0,0,0,0,0,0,0,0,0,0,0",3,fixed_target_router,1.0752150587968206,1.0717792674188436,0.0034357913779770044,332.15,4,170.0,
10.1149/1.1914757,"10.1149/1.1914757|LiBOB|0.590476|mol/kg|w|0,0.6,0,0,0,0,0,0,0,0,0.4,0,0,0,0,0,0,0,0,0,0,0,0,0,0,0,0,0,0,0,0,0,0,0,0,0,0,0",3,fixed_target_router,1.1009967810231895,1.1286245375808792,0.027627756557689676,332.15,4,170.0,
10.1149/1.1914757,"10.1149/1.1914757|LiBOB|0.693333|mol/kg|w|0,0.6,0,0,0,0,0,0,0,0,0.4,0,0,0,0,0,0,0,0,0,0,0,0,0,0,0,0,0,0,0,0,0,0,0,0,0,0,0",3,fixed_target_router,1.1205739312058498,1.1262097390218717,0.005635807816021909,332.15,4,170.0,
10.1149/1.1914757,"10.1149/1.1914757|LiBOB|0.807619|mol/kg|w|0,0.6,0,0,0,0,0,0,0,0,0.4,0,0,0,0,0,0,0,0,0,0,0,0,0,0,0,0,0,0,0,0,0,0,0,0,0,0,0",3,fixed_target_router,0.8595203825576202,0.8675462142391772,0.008025831681557016,292.65,4,170.0,
10.1149/1.1914757,"10.1149/1.1914757|LiBOB|0.171698|mol/kg|w|0,0.3,0,0,0,0,0,0,0,0,0.7,0,0,0,0,0,0,0,0,0,0,0,0,0,0,0,0,0,0,0,0,0,0,0,0,0,0,0",4,fixed_target_router,0.802570895924897,0.7996342955090175,0.002936600415879509,332.15,4,160.0,
10.1149/1.1914757,"10.1149/1.1914757|LiBOB|0.226415|mol/kg|w|0,0.3,0,0,0,0,0,0,0,0,0.7,0,0,0,0,0,0,0,0,0,0,0,0,0,0,0,0,0,0,0,0,0,0,0,0,0,0,0",4,fixed_target_router,0.8918243790086487,0.8869865108191674,0.004837868189481398,332.15,4,160.0,
10.1149/1.1914757,"10.1149/1.1914757|LiBOB|0.309434|mol/kg|w|0,0.3,0,0,0,0,0,0,0,0,0.7,0,0,0,0,0,0,0,0,0,0,0,0,0,0,0,0,0,0,0,0,0,0,0,0,0,0,0",4,fixed_target_router,0.9891546673364646,0.9864081157220882,0.0027465516143764246,332.15,4,160.0,
10.1149/1.1914757,"10.1149/1.1914757|LiBOB|0.409434|mol/kg|w|0,0.3,0,0,0,0,0,0,0,0,0.7,0,0,0,0,0,0,0,0,0,0,0,0,0,0,0,0,0,0,0,0,0,0,0,0,0,0,0",4,fixed_target_router,1.0675149973386915,1.0669051065733903,0.0006098907653011576,332.15,4,160.0,
10.1149/1.1914757,"10.1149/1.1914757|LiBOB|0.50566|mol/kg|w|0,0.3,0,0,0,0,0,0,0,0,0.7,0,0,0,0,0,0,0,0,0,0,0,0,0,0,0,0,0,0,0,0,0,0,0,0,0,0,0",4,fixed_target_router,1.0843931818961314,1.0782913572150092,0.006101824681122192,322.35,4,160.0,
10.1149/1.1914757,"10.1149/1.1914757|LiBOB|0.701887|mol/kg|w|0,0.3,0,0,0,0,0,0,0,0,0.7,0,0,0,0,0,0,0,0,0,0,0,0,0,0,0,0,0,0,0,0,0,0,0,0,0,0,0",4,fixed_target_router,1.187338250625771,1.1808157229571874,0.006522527668583633,332.15,4,160.0,
10.1149/1.1914757,"10.1149/1.1914757|LiBOB|0.815094|mol/kg|w|0,0.3,0,0,0,0,0,0,0,0,0.7,0,0,0,0,0,0,0,0,0,0,0,0,0,0,0,0,0,0,0,0,0,0,0,0,0,0,0",4,fixed_target_router,1.2109974160108417,1.208412058887344,0.0025853571234977224,332.15,4,160.0,
10.1149/1.1914757,"10.1149/1.1914757|LiBOB|0.114783|mol/kg|w|0,0.9,0,0,0,0,0,0,0,0,0.1,0,0,0,0,0,0,0,0,0,0,0,0,0,0,0,0,0,0,0,0,0,0,0,0,0,0,0",4,fixed_target_router,0.5634405942086038,0.5494273366632019,0.014013257545401947,332.15,4,160.0,
10.1149/1.1914757,"10.1149/1.1914757|LiBOB|0.193043|mol/kg|w|0,0.9,0,0,0,0,0,0,0,0,0.1,0,0,0,0,0,0,0,0,0,0,0,0,0,0,0,0,0,0,0,0,0,0,0,0,0,0,0",4,fixed_target_router,0.7234407614398666,0.725316346840331,0.0018755854004643968,332.15,4,160.0,
10.1149/1.1914757,"10.1149/1.1914757|LiBOB|0.267826|mol/kg|w|0,0.9,0,0,0,0,0,0,0,0,0.1,0,0,0,0,0,0,0,0,0,0,0,0,0,0,0,0,0,0,0,0,0,0,0,0,0,0,0",4,fixed_target_router,0.8155638602412361,0.807095652201403,0.008468208039833058,332.15,4,160.0,
10.1149/1.1914757,"10.1149/1.1914757|LiBOB|0.358261|mol/kg|w|0,0.9,0,0,0,0,0,0,0,0,0.1,0,0,0,0,0,0,0,0,0,0,0,0,0,0,0,0,0,0,0,0,0,0,0,0,0,0,0",4,fixed_target_router,0.8830845986994318,0.8835692640964721,0.0004846653970402848,332.15,4,160.0,
10.1149/1.1914757,"10.1149/1.1914757|LiBOB|0.452174|mol/kg|w|0,0.9,0,0,0,0,0,0,0,0,0.1,0,0,0,0,0,0,0,0,0,0,0,0,0,0,0,0,0,0,0,0,0,0,0,0,0,0,0",4,fixed_target_router,0.9248593691464264,0.9259830417660764,0.0011236726196499625,332.15,4,160.0,
10.1149/1.1914757,"10.1149/1.1914757|LiBOB|0.547826|mol/kg|w|0,0.9,0,0,0,0,0,0,0,0,0.1,0,0,0,0,0,0,0,0,0,0,0,0,0,0,0,0,0,0,0,0,0,0,0,0,0,0,0",4,fixed_target_router,0.9520646559780594,0.9659076314501449,0.013842975472085461,332.15,4,160.0,
10.1149/1.1914757,"10.1149/1.1914757|LiBOB|0.655652|mol/kg|w|0,0.9,0,0,0,0,0,0,0,0,0.1,0,0,0,0,0,0,0,0,0,0,0,0,0,0,0,0,0,0,0,0,0,0,0,0,0,0,0",4,fixed_target_router,0.9671934265520913,0.9709373241153372,0.0037438975632458904,332.15,4,160.0,
10.1149/1.1914757,"10.1149/1.1914757|LiBOB|0.775652|mol/kg|w|0,0.9,0,0,0,0,0,0,0,0,0.1,0,0,0,0,0,0,0,0,0,0,0,0,0,0,0,0,0,0,0,0,0,0,0,0,0,0,0",4,fixed_target_router,0.9702654900955455,0.9814018628556016,0.011136372760056079,332.15,4,160.0,
10.1149/1.1914757,"10.1149/1.1914757|LiBOB|0.125714|mol/kg|w|0,0.6,0,0,0,0,0,0,0,0,0.4,0,0,0,0,0,0,0,0,0,0,0,0,0,0,0,0,0,0,0,0,0,0,0,0,0,0,0",4,fixed_target_router,0.7005463925552385,0.699175162522204,0.0013712300330345206,332.15,4,160.0,
10.1149/1.1914757,"10.1149/1.1914757|LiBOB|0.213333|mol/kg|w|0,0.6,0,0,0,0,0,0,0,0,0.4,0,0,0,0,0,0,0,0,0,0,0,0,0,0,0,0,0,0,0,0,0,0,0,0,0,0,0",4,fixed_target_router,0.8660186755894864,0.8604136554938823,0.005605020095604152,332.15,4,160.0,
10.1149/1.1914757,"10.1149/1.1914757|LiBOB|0.497143|mol/kg|w|0,0.6,0,0,0,0,0,0,0,0,0.4,0,0,0,0,0,0,0,0,0,0,0,0,0,0,0,0,0,0,0,0,0,0,0,0,0,0,0",4,fixed_target_router,1.0752150587968206,1.0710926277562103,0.004122431040610275,332.15,4,160.0,
10.1149/1.1914757,"10.1149/1.1914757|LiBOB|0.590476|mol/kg|w|0,0.6,0,0,0,0,0,0,0,0,0.4,0,0,0,0,0,0,0,0,0,0,0,0,0,0,0,0,0,0,0,0,0,0,0,0,0,0,0",4,fixed_target_router,1.1009967810231895,1.0760593364558795,0.024937444567310063,332.15,4,160.0,
10.1149/1.1914757,"10.1149/1.1914757|LiBOB|0.693333|mol/kg|w|0,0.6,0,0,0,0,0,0,0,0,0.4,0,0,0,0,0,0,0,0,0,0,0,0,0,0,0,0,0,0,0,0,0,0,0,0,0,0,0",4,fixed_target_router,1.1205739312058498,1.1178380723181085,0.002735858887741305,332.15,4,160.0,
10.1149/1.1914757,"10.1149/1.1914757|LiBOB|0.807619|mol/kg|w|0,0.6,0,0,0,0,0,0,0,0,0.4,0,0,0,0,0,0,0,0,0,0,0,0,0,0,0,0,0,0,0,0,0,0,0,0,0,0,0",4,fixed_target_router,0.8595203825576202,0.8615328827413837,0.0020125001837635326,292.65,4,160.0,
10.1149/1.1914757,"10.1149/1.1914757|LiBOB|0.171698|mol/kg|w|0,0.3,0,0,0,0,0,0,0,0,0.7,0,0,0,0,0,0,0,0,0,0,0,0,0,0,0,0,0,0,0,0,0,0,0,0,0,0,0",5,fixed_target_router,0.802570895924897,0.8014813045175064,0.001089591407390622,332.15,4,160.0,
10.1149/1.1914757,"10.1149/1.1914757|LiBOB|0.226415|mol/kg|w|0,0.3,0,0,0,0,0,0,0,0,0.7,0,0,0,0,0,0,0,0,0,0,0,0,0,0,0,0,0,0,0,0,0,0,0,0,0,0,0",5,fixed_target_router,0.8918243790086487,0.8884453222642024,0.003379056744446385,332.15,4,160.0,
10.1149/1.1914757,"10.1149/1.1914757|LiBOB|0.309434|mol/kg|w|0,0.3,0,0,0,0,0,0,0,0,0.7,0,0,0,0,0,0,0,0,0,0,0,0,0,0,0,0,0,0,0,0,0,0,0,0,0,0,0",5,fixed_target_router,0.9891546673364646,0.9862254941032462,0.002929173233218396,332.15,4,160.0,
10.1149/1.1914757,"10.1149/1.1914757|LiBOB|0.409434|mol/kg|w|0,0.3,0,0,0,0,0,0,0,0,0.7,0,0,0,0,0,0,0,0,0,0,0,0,0,0,0,0,0,0,0,0,0,0,0,0,0,0,0",5,fixed_target_router,1.0675149973386915,1.0666361841402676,0.0008788131984238667,332.15,4,160.0,
10.1149/1.1914757,"10.1149/1.1914757|LiBOB|0.50566|mol/kg|w|0,0.3,0,0,0,0,0,0,0,0,0.7,0,0,0,0,0,0,0,0,0,0,0,0,0,0,0,0,0,0,0,0,0,0,0,0,0,0,0",5,fixed_target_router,1.0843931818961314,1.0801845371303018,0.0042086447658296056,322.35,4,160.0,
10.1149/1.1914757,"10.1149/1.1914757|LiBOB|0.701887|mol/kg|w|0,0.3,0,0,0,0,0,0,0,0,0.7,0,0,0,0,0,0,0,0,0,0,0,0,0,0,0,0,0,0,0,0,0,0,0,0,0,0,0",5,fixed_target_router,1.187338250625771,1.1837336786361765,0.0036045719895945183,332.15,4,160.0,
10.1149/1.1914757,"10.1149/1.1914757|LiBOB|0.815094|mol/kg|w|0,0.3,0,0,0,0,0,0,0,0,0.7,0,0,0,0,0,0,0,0,0,0,0,0,0,0,0,0,0,0,0,0,0,0,0,0,0,0,0",5,fixed_target_router,1.2109974160108417,1.2097285386959165,0.0012688773149251986,332.15,4,160.0,
10.1149/1.1914757,"10.1149/1.1914757|LiBOB|0.114783|mol/kg|w|0,0.9,0,0,0,0,0,0,0,0,0.1,0,0,0,0,0,0,0,0,0,0,0,0,0,0,0,0,0,0,0,0,0,0,0,0,0,0,0",5,fixed_target_router,0.5634405942086038,0.5554806849631538,0.007959909245449981,332.15,4,160.0,
10.1149/1.1914757,"10.1149/1.1914757|LiBOB|0.193043|mol/kg|w|0,0.9,0,0,0,0,0,0,0,0,0.1,0,0,0,0,0,0,0,0,0,0,0,0,0,0,0,0,0,0,0,0,0,0,0,0,0,0,0",5,fixed_target_router,0.7234407614398666,0.7250759725345648,0.001635211094698219,332.15,4,160.0,
10.1149/1.1914757,"10.1149/1.1914757|LiBOB|0.267826|mol/kg|w|0,0.9,0,0,0,0,0,0,0,0,0.1,0,0,0,0,0,0,0,0,0,0,0,0,0,0,0,0,0,0,0,0,0,0,0,0,0,0,0",5,fixed_target_router,0.8155638602412361,0.8088172501237898,0.006746610117446261,332.15,4,160.0,
10.1149/1.1914757,"10.1149/1.1914757|LiBOB|0.358261|mol/kg|w|0,0.9,0,0,0,0,0,0,0,0,0.1,0,0,0,0,0,0,0,0,0,0,0,0,0,0,0,0,0,0,0,0,0,0,0,0,0,0,0",5,fixed_target_router,0.8830845986994318,0.8830280418688512,5.655683058058969e-05,332.15,4,160.0,
10.1149/1.1914757,"10.1149/1.1914757|LiBOB|0.452174|mol/kg|w|0,0.9,0,0,0,0,0,0,0,0,0.1,0,0,0,0,0,0,0,0,0,0,0,0,0,0,0,0,0,0,0,0,0,0,0,0,0,0,0",5,fixed_target_router,0.9248593691464264,0.9257497693938512,0.0008904002474248163,332.15,4,160.0,
10.1149/1.1914757,"10.1149/1.1914757|LiBOB|0.547826|mol/kg|w|0,0.9,0,0,0,0,0,0,0,0,0.1,0,0,0,0,0,0,0,0,0,0,0,0,0,0,0,0,0,0,0,0,0,0,0,0,0,0,0",5,fixed_target_router,0.9520646559780594,0.959945818099113,0.007881162121053498,332.15,4,160.0,
10.1149/1.1914757,"10.1149/1.1914757|LiBOB|0.655652|mol/kg|w|0,0.9,0,0,0,0,0,0,0,0,0.1,0,0,0,0,0,0,0,0,0,0,0,0,0,0,0,0,0,0,0,0,0,0,0,0,0,0,0",5,fixed_target_router,0.9671934265520913,0.969526579703504,0.0023331531514126924,332.15,4,160.0,
10.1149/1.1914757,"10.1149/1.1914757|LiBOB|0.775652|mol/kg|w|0,0.9,0,0,0,0,0,0,0,0,0.1,0,0,0,0,0,0,0,0,0,0,0,0,0,0,0,0,0,0,0,0,0,0,0,0,0,0,0",5,fixed_target_router,0.9702654900955455,0.9791603022417577,0.008894812146212128,332.15,4,160.0,
10.1149/1.1914757,"10.1149/1.1914757|LiBOB|0.125714|mol/kg|w|0,0.6,0,0,0,0,0,0,0,0,0.4,0,0,0,0,0,0,0,0,0,0,0,0,0,0,0,0,0,0,0,0,0,0,0,0,0,0,0",5,fixed_target_router,0.7005463925552385,0.6981227042846786,0.0024236882705599427,332.15,4,160.0,
10.1149/1.1914757,"10.1149/1.1914757|LiBOB|0.213333|mol/kg|w|0,0.6,0,0,0,0,0,0,0,0,0.4,0,0,0,0,0,0,0,0,0,0,0,0,0,0,0,0,0,0,0,0,0,0,0,0,0,0,0",5,fixed_target_router,0.8660186755894864,0.8627774329330818,0.003241242656404575,332.15,4,160.0,
10.1149/1.1914757,"10.1149/1.1914757|LiBOB|0.497143|mol/kg|w|0,0.6,0,0,0,0,0,0,0,0,0.4,0,0,0,0,0,0,0,0,0,0,0,0,0,0,0,0,0,0,0,0,0,0,0,0,0,0,0",5,fixed_target_router,1.0752150587968206,1.0720878659042017,0.0031271928926188686,332.15,4,160.0,
10.1149/1.1914757,"10.1149/1.1914757|LiBOB|0.590476|mol/kg|w|0,0.6,0,0,0,0,0,0,0,0,0.4,0,0,0,0,0,0,0,0,0,0,0,0,0,0,0,0,0,0,0,0,0,0,0,0,0,0,0",5,fixed_target_router,1.1009967810231895,1.0891509770477323,0.011845803975457203,332.15,4,160.0,
10.1149/1.1914757,"10.1149/1.1914757|LiBOB|0.693333|mol/kg|w|0,0.6,0,0,0,0,0,0,0,0,0.4,0,0,0,0,0,0,0,0,0,0,0,0,0,0,0,0,0,0,0,0,0,0,0,0,0,0,0",5,fixed_target_router,1.1205739312058498,1.1189696234345354,0.0016043077713143727,332.15,4,160.0,
10.1149/1.1914757,"10.1149/1.1914757|LiBOB|0.807619|mol/kg|w|0,0.6,0,0,0,0,0,0,0,0,0.4,0,0,0,0,0,0,0,0,0,0,0,0,0,0,0,0,0,0,0,0,0,0,0,0,0,0,0",5,fixed_target_router,0.8595203825576202,0.8615697252543528,0.0020493426967326256,292.65,4,160.0,
10.1149/1.1914757,"10.1149/1.1914757|LiBOB|0.171698|mol/kg|w|0,0.3,0,0,0,0,0,0,0,0,0.7,0,0,0,0,0,0,0,0,0,0,0,0,0,0,0,0,0,0,0,0,0,0,0,0,0,0,0",5,cost_sensitive_budget_policy,0.802570895924897,0.8014813045175064,0.001089591407390622,332.15,4,160.0,0.0
10.1149/1.1914757,"10.1149/1.1914757|LiBOB|0.226415|mol/kg|w|0,0.3,0,0,0,0,0,0,0,0,0.7,0,0,0,0,0,0,0,0,0,0,0,0,0,0,0,0,0,0,0,0,0,0,0,0,0,0,0",5,cost_sensitive_budget_policy,0.8918243790086487,0.8884453222642024,0.003379056744446385,332.15,4,160.0,0.0
10.1149/1.1914757,"10.1149/1.1914757|LiBOB|0.309434|mol/kg|w|0,0.3,0,0,0,0,0,0,0,0,0.7,0,0,0,0,0,0,0,0,0,0,0,0,0,0,0,0,0,0,0,0,0,0,0,0,0,0,0",5,cost_sensitive_budget_policy,0.9891546673364646,0.9862254941032462,0.002929173233218396,332.15,4,160.0,0.0
10.1149/1.1914757,"10.1149/1.1914757|LiBOB|0.409434|mol/kg|w|0,0.3,0,0,0,0,0,0,0,0,0.7,0,0,0,0,0,0,0,0,0,0,0,0,0,0,0,0,0,0,0,0,0,0,0,0,0,0,0",5,cost_sensitive_budget_policy,1.0675149973386915,1.0666361841402676,0.0008788131984238667,332.15,4,160.0,0.0
10.1149/1.1914757,"10.1149/1.1914757|LiBOB|0.50566|mol/kg|w|0,0.3,0,0,0,0,0,0,0,0,0.7,0,0,0,0,0,0,0,0,0,0,0,0,0,0,0,0,0,0,0,0,0,0,0,0,0,0,0",5,cost_sensitive_budget_policy,1.0843931818961314,1.0801845371303018,0.0042086447658296056,322.35,4,160.0,0.0
10.1149/1.1914757,"10.1149/1.1914757|LiBOB|0.701887|mol/kg|w|0,0.3,0,0,0,0,0,0,0,0,0.7,0,0,0,0,0,0,0,0,0,0,0,0,0,0,0,0,0,0,0,0,0,0,0,0,0,0,0",5,cost_sensitive_budget_policy,1.187338250625771,1.1837336786361765,0.0036045719895945183,332.15,4,160.0,0.0
10.1149/1.1914757,"10.1149/1.1914757|LiBOB|0.815094|mol/kg|w|0,0.3,0,0,0,0,0,0,0,0,0.7,0,0,0,0,0,0,0,0,0,0,0,0,0,0,0,0,0,0,0,0,0,0,0,0,0,0,0",5,cost_sensitive_budget_policy,1.2109974160108417,1.2097285386959165,0.0012688773149251986,332.15,4,160.0,0.0
10.1149/1.1914757,"10.1149/1.1914757|LiBOB|0.114783|mol/kg|w|0,0.9,0,0,0,0,0,0,0,0,0.1,0,0,0,0,0,0,0,0,0,0,0,0,0,0,0,0,0,0,0,0,0,0,0,0,0,0,0",5,cost_sensitive_budget_policy,0.5634405942086038,0.5554806849631538,0.007959909245449981,332.15,4,160.0,0.0
10.1149/1.1914757,"10.1149/1.1914757|LiBOB|0.193043|mol/kg|w|0,0.9,0,0,0,0,0,0,0,0,0.1,0,0,0,0,0,0,0,0,0,0,0,0,0,0,0,0,0,0,0,0,0,0,0,0,0,0,0",5,cost_sensitive_budget_policy,0.7234407614398666,0.7250759725345648,0.001635211094698219,332.15,4,160.0,0.0
10.1149/1.1914757,"10.1149/1.1914757|LiBOB|0.267826|mol/kg|w|0,0.9,0,0,0,0,0,0,0,0,0.1,0,0,0,0,0,0,0,0,0,0,0,0,0,0,0,0,0,0,0,0,0,0,0,0,0,0,0",5,cost_sensitive_budget_policy,0.8155638602412361,0.8088172501237898,0.006746610117446261,332.15,4,160.0,0.0
10.1149/1.1914757,"10.1149/1.1914757|LiBOB|0.358261|mol/kg|w|0,0.9,0,0,0,0,0,0,0,0,0.1,0,0,0,0,0,0,0,0,0,0,0,0,0,0,0,0,0,0,0,0,0,0,0,0,0,0,0",5,cost_sensitive_budget_policy,0.8830845986994318,0.8830280418688512,5.655683058058969e-05,332.15,4,160.0,0.0
10.1149/1.1914757,"10.1149/1.1914757|LiBOB|0.452174|mol/kg|w|0,0.9,0,0,0,0,0,0,0,0,0.1,0,0,0,0,0,0,0,0,0,0,0,0,0,0,0,0,0,0,0,0,0,0,0,0,0,0,0",5,cost_sensitive_budget_policy,0.9248593691464264,0.9257497693938512,0.0008904002474248163,332.15,4,160.0,0.0
10.1149/1.1914757,"10.1149/1.1914757|LiBOB|0.547826|mol/kg|w|0,0.9,0,0,0,0,0,0,0,0,0.1,0,0,0,0,0,0,0,0,0,0,0,0,0,0,0,0,0,0,0,0,0,0,0,0,0,0,0",5,cost_sensitive_budget_policy,0.9520646559780594,0.959945818099113,0.007881162121053498,332.15,4,160.0,0.0
10.1149/1.1914757,"10.1149/1.1914757|LiBOB|0.655652|mol/kg|w|0,0.9,0,0,0,0,0,0,0,0,0.1,0,0,0,0,0,0,0,0,0,0,0,0,0,0,0,0,0,0,0,0,0,0,0,0,0,0,0",5,cost_sensitive_budget_policy,0.9671934265520913,0.969526579703504,0.0023331531514126924,332.15,4,160.0,0.0
10.1149/1.1914757,"10.1149/1.1914757|LiBOB|0.775652|mol/kg|w|0,0.9,0,0,0,0,0,0,0,0,0.1,0,0,0,0,0,0,0,0,0,0,0,0,0,0,0,0,0,0,0,0,0,0,0,0,0,0,0",5,cost_sensitive_budget_policy,0.9702654900955455,0.9791603022417577,0.008894812146212128,332.15,4,160.0,0.0
10.1149/1.1914757,"10.1149/1.1914757|LiBOB|0.125714|mol/kg|w|0,0.6,0,0,0,0,0,0,0,0,0.4,0,0,0,0,0,0,0,0,0,0,0,0,0,0,0,0,0,0,0,0,0,0,0,0,0,0,0",5,cost_sensitive_budget_policy,0.7005463925552385,0.6981227042846786,0.0024236882705599427,332.15,4,160.0,0.0
10.1149/1.1914757,"10.1149/1.1914757|LiBOB|0.213333|mol/kg|w|0,0.6,0,0,0,0,0,0,0,0,0.4,0,0,0,0,0,0,0,0,0,0,0,0,0,0,0,0,0,0,0,0,0,0,0,0,0,0,0",5,cost_sensitive_budget_policy,0.8660186755894864,0.8627774329330818,0.003241242656404575,332.15,4,160.0,0.0
10.1149/1.1914757,"10.1149/1.1914757|LiBOB|0.497143|mol/kg|w|0,0.6,0,0,0,0,0,0,0,0,0.4,0,0,0,0,0,0,0,0,0,0,0,0,0,0,0,0,0,0,0,0,0,0,0,0,0,0,0",5,cost_sensitive_budget_policy,1.0752150587968206,1.0720878659042017,0.0031271928926188686,332.15,4,160.0,0.0
10.1149/1.1914757,"10.1149/1.1914757|LiBOB|0.590476|mol/kg|w|0,0.6,0,0,0,0,0,0,0,0,0.4,0,0,0,0,0,0,0,0,0,0,0,0,0,0,0,0,0,0,0,0,0,0,0,0,0,0,0",5,cost_sensitive_budget_policy,1.1009967810231895,1.0891509770477323,0.011845803975457203,332.15,4,160.0,0.0
10.1149/1.1914757,"10.1149/1.1914757|LiBOB|0.693333|mol/kg|w|0,0.6,0,0,0,0,0,0,0,0,0.4,0,0,0,0,0,0,0,0,0,0,0,0,0,0,0,0,0,0,0,0,0,0,0,0,0,0,0",5,cost_sensitive_budget_policy,1.1205739312058498,1.1189696234345354,0.0016043077713143727,332.15,4,160.0,0.0
10.1149/1.1914757,"10.1149/1.1914757|LiBOB|0.807619|mol/kg|w|0,0.6,0,0,0,0,0,0,0,0,0.4,0,0,0,0,0,0,0,0,0,0,0,0,0,0,0,0,0,0,0,0,0,0,0,0,0,0,0",5,cost_sensitive_budget_policy,0.8595203825576202,0.8615697252543528,0.0020493426967326256,292.65,4,160.0,0.0
10.1149/1.1914757,"10.1149/1.1914757|LiBOB|0.171698|mol/kg|w|0,0.3,0,0,0,0,0,0,0,0,0.7,0,0,0,0,0,0,0,0,0,0,0,0,0,0,0,0,0,0,0,0,0,0,0,0,0,0,0",5,cost_sensitive_budget_policy,0.802570895924897,0.8014813045175064,0.001089591407390622,332.15,4,160.0,0.0025
10.1149/1.1914757,"10.1149/1.1914757|LiBOB|0.226415|mol/kg|w|0,0.3,0,0,0,0,0,0,0,0,0.7,0,0,0,0,0,0,0,0,0,0,0,0,0,0,0,0,0,0,0,0,0,0,0,0,0,0,0",5,cost_sensitive_budget_policy,0.8918243790086487,0.8884453222642024,0.003379056744446385,332.15,4,160.0,0.0025
10.1149/1.1914757,"10.1149/1.1914757|LiBOB|0.309434|mol/kg|w|0,0.3,0,0,0,0,0,0,0,0,0.7,0,0,0,0,0,0,0,0,0,0,0,0,0,0,0,0,0,0,0,0,0,0,0,0,0,0,0",5,cost_sensitive_budget_policy,0.9891546673364646,0.9862254941032462,0.002929173233218396,332.15,4,160.0,0.0025
10.1149/1.1914757,"10.1149/1.1914757|LiBOB|0.409434|mol/kg|w|0,0.3,0,0,0,0,0,0,0,0,0.7,0,0,0,0,0,0,0,0,0,0,0,0,0,0,0,0,0,0,0,0,0,0,0,0,0,0,0",5,cost_sensitive_budget_policy,1.0675149973386915,1.0666361841402676,0.0008788131984238667,332.15,4,160.0,0.0025
10.1149/1.1914757,"10.1149/1.1914757|LiBOB|0.50566|mol/kg|w|0,0.3,0,0,0,0,0,0,0,0,0.7,0,0,0,0,0,0,0,0,0,0,0,0,0,0,0,0,0,0,0,0,0,0,0,0,0,0,0",5,cost_sensitive_budget_policy,1.0843931818961314,1.0801845371303018,0.0042086447658296056,322.35,4,160.0,0.0025
10.1149/1.1914757,"10.1149/1.1914757|LiBOB|0.701887|mol/kg|w|0,0.3,0,0,0,0,0,0,0,0,0.7,0,0,0,0,0,0,0,0,0,0,0,0,0,0,0,0,0,0,0,0,0,0,0,0,0,0,0",5,cost_sensitive_budget_policy,1.187338250625771,1.1837336786361765,0.0036045719895945183,332.15,4,160.0,0.0025
10.1149/1.1914757,"10.1149/1.1914757|LiBOB|0.815094|mol/kg|w|0,0.3,0,0,0,0,0,0,0,0,0.7,0,0,0,0,0,0,0,0,0,0,0,0,0,0,0,0,0,0,0,0,0,0,0,0,0,0,0",5,cost_sensitive_budget_policy,1.2109974160108417,1.2097285386959165,0.0012688773149251986,332.15,4,160.0,0.0025
10.1149/1.1914757,"10.1149/1.1914757|LiBOB|0.114783|mol/kg|w|0,0.9,0,0,0,0,0,0,0,0,0.1,0,0,0,0,0,0,0,0,0,0,0,0,0,0,0,0,0,0,0,0,0,0,0,0,0,0,0",5,cost_sensitive_budget_policy,0.5634405942086038,0.5554806849631538,0.007959909245449981,332.15,4,160.0,0.0025
10.1149/1.1914757,"10.1149/1.1914757|LiBOB|0.193043|mol/kg|w|0,0.9,0,0,0,0,0,0,0,0,0.1,0,0,0,0,0,0,0,0,0,0,0,0,0,0,0,0,0,0,0,0,0,0,0,0,0,0,0",5,cost_sensitive_budget_policy,0.7234407614398666,0.7250759725345648,0.001635211094698219,332.15,4,160.0,0.0025
10.1149/1.1914757,"10.1149/1.1914757|LiBOB|0.267826|mol/kg|w|0,0.9,0,0,0,0,0,0,0,0,0.1,0,0,0,0,0,0,0,0,0,0,0,0,0,0,0,0,0,0,0,0,0,0,0,0,0,0,0",5,cost_sensitive_budget_policy,0.8155638602412361,0.8088172501237898,0.006746610117446261,332.15,4,160.0,0.0025
10.1149/1.1914757,"10.1149/1.1914757|LiBOB|0.358261|mol/kg|w|0,0.9,0,0,0,0,0,0,0,0,0.1,0,0,0,0,0,0,0,0,0,0,0,0,0,0,0,0,0,0,0,0,0,0,0,0,0,0,0",5,cost_sensitive_budget_policy,0.8830845986994318,0.8830280418688512,5.655683058058969e-05,332.15,4,160.0,0.0025
10.1149/1.1914757,"10.1149/1.1914757|LiBOB|0.452174|mol/kg|w|0,0.9,0,0,0,0,0,0,0,0,0.1,0,0,0,0,0,0,0,0,0,0,0,0,0,0,0,0,0,0,0,0,0,0,0,0,0,0,0",5,cost_sensitive_budget_policy,0.9248593691464264,0.9257497693938512,0.0008904002474248163,332.15,4,160.0,0.0025
10.1149/1.1914757,"10.1149/1.1914757|LiBOB|0.547826|mol/kg|w|0,0.9,0,0,0,0,0,0,0,0,0.1,0,0,0,0,0,0,0,0,0,0,0,0,0,0,0,0,0,0,0,0,0,0,0,0,0,0,0",5,cost_sensitive_budget_policy,0.9520646559780594,0.959945818099113,0.007881162121053498,332.15,4,160.0,0.0025
10.1149/1.1914757,"10.1149/1.1914757|LiBOB|0.655652|mol/kg|w|0,0.9,0,0,0,0,0,0,0,0,0.1,0,0,0,0,0,0,0,0,0,0,0,0,0,0,0,0,0,0,0,0,0,0,0,0,0,0,0",5,cost_sensitive_budget_policy,0.9671934265520913,0.969526579703504,0.0023331531514126924,332.15,4,160.0,0.0025
10.1149/1.1914757,"10.1149/1.1914757|LiBOB|0.775652|mol/kg|w|0,0.9,0,0,0,0,0,0,0,0,0.1,0,0,0,0,0,0,0,0,0,0,0,0,0,0,0,0,0,0,0,0,0,0,0,0,0,0,0",5,cost_sensitive_budget_policy,0.9702654900955455,0.9791603022417577,0.008894812146212128,332.15,4,160.0,0.0025
10.1149/1.1914757,"10.1149/1.1914757|LiBOB|0.125714|mol/kg|w|0,0.6,0,0,0,0,0,0,0,0,0.4,0,0,0,0,0,0,0,0,0,0,0,0,0,0,0,0,0,0,0,0,0,0,0,0,0,0,0",5,cost_sensitive_budget_policy,0.7005463925552385,0.6981227042846786,0.0024236882705599427,332.15,4,160.0,0.0025
10.1149/1.1914757,"10.1149/1.1914757|LiBOB|0.213333|mol/kg|w|0,0.6,0,0,0,0,0,0,0,0,0.4,0,0,0,0,0,0,0,0,0,0,0,0,0,0,0,0,0,0,0,0,0,0,0,0,0,0,0",5,cost_sensitive_budget_policy,0.8660186755894864,0.8627774329330818,0.003241242656404575,332.15,4,160.0,0.0025
10.1149/1.1914757,"10.1149/1.1914757|LiBOB|0.497143|mol/kg|w|0,0.6,0,0,0,0,0,0,0,0,0.4,0,0,0,0,0,0,0,0,0,0,0,0,0,0,0,0,0,0,0,0,0,0,0,0,0,0,0",5,cost_sensitive_budget_policy,1.0752150587968206,1.0720878659042017,0.0031271928926188686,332.15,4,160.0,0.0025
10.1149/1.1914757,"10.1149/1.1914757|LiBOB|0.590476|mol/kg|w|0,0.6,0,0,0,0,0,0,0,0,0.4,0,0,0,0,0,0,0,0,0,0,0,0,0,0,0,0,0,0,0,0,0,0,0,0,0,0,0",5,cost_sensitive_budget_policy,1.1009967810231895,1.0891509770477323,0.011845803975457203,332.15,4,160.0,0.0025
10.1149/1.1914757,"10.1149/1.1914757|LiBOB|0.693333|mol/kg|w|0,0.6,0,0,0,0,0,0,0,0,0.4,0,0,0,0,0,0,0,0,0,0,0,0,0,0,0,0,0,0,0,0,0,0,0,0,0,0,0",5,cost_sensitive_budget_policy,1.1205739312058498,1.1189696234345354,0.0016043077713143727,332.15,4,160.0,0.0025
10.1149/1.1914757,"10.1149/1.1914757|LiBOB|0.807619|mol/kg|w|0,0.6,0,0,0,0,0,0,0,0,0.4,0,0,0,0,0,0,0,0,0,0,0,0,0,0,0,0,0,0,0,0,0,0,0,0,0,0,0",5,cost_sensitive_budget_policy,0.8595203825576202,0.8615697252543528,0.0020493426967326256,292.65,4,160.0,0.0025
10.1149/1.1914757,"10.1149/1.1914757|LiBOB|0.171698|mol/kg|w|0,0.3,0,0,0,0,0,0,0,0,0.7,0,0,0,0,0,0,0,0,0,0,0,0,0,0,0,0,0,0,0,0,0,0,0,0,0,0,0",5,cost_sensitive_budget_policy,0.802570895924897,0.8014813045175064,0.001089591407390622,332.15,4,160.0,0.005
10.1149/1.1914757,"10.1149/1.1914757|LiBOB|0.226415|mol/kg|w|0,0.3,0,0,0,0,0,0,0,0,0.7,0,0,0,0,0,0,0,0,0,0,0,0,0,0,0,0,0,0,0,0,0,0,0,0,0,0,0",5,cost_sensitive_budget_policy,0.8918243790086487,0.8884453222642024,0.003379056744446385,332.15,4,160.0,0.005
10.1149/1.1914757,"10.1149/1.1914757|LiBOB|0.309434|mol/kg|w|0,0.3,0,0,0,0,0,0,0,0,0.7,0,0,0,0,0,0,0,0,0,0,0,0,0,0,0,0,0,0,0,0,0,0,0,0,0,0,0",5,cost_sensitive_budget_policy,0.9891546673364646,0.9862254941032462,0.002929173233218396,332.15,4,160.0,0.005
10.1149/1.1914757,"10.1149/1.1914757|LiBOB|0.409434|mol/kg|w|0,0.3,0,0,0,0,0,0,0,0,0.7,0,0,0,0,0,0,0,0,0,0,0,0,0,0,0,0,0,0,0,0,0,0,0,0,0,0,0",5,cost_sensitive_budget_policy,1.0675149973386915,1.0666361841402676,0.0008788131984238667,332.15,4,160.0,0.005
10.1149/1.1914757,"10.1149/1.1914757|LiBOB|0.50566|mol/kg|w|0,0.3,0,0,0,0,0,0,0,0,0.7,0,0,0,0,0,0,0,0,0,0,0,0,0,0,0,0,0,0,0,0,0,0,0,0,0,0,0",5,cost_sensitive_budget_policy,1.0843931818961314,1.0801845371303018,0.0042086447658296056,322.35,4,160.0,0.005
10.1149/1.1914757,"10.1149/1.1914757|LiBOB|0.701887|mol/kg|w|0,0.3,0,0,0,0,0,0,0,0,0.7,0,0,0,0,0,0,0,0,0,0,0,0,0,0,0,0,0,0,0,0,0,0,0,0,0,0,0",5,cost_sensitive_budget_policy,1.187338250625771,1.1837336786361765,0.0036045719895945183,332.15,4,160.0,0.005
10.1149/1.1914757,"10.1149/1.1914757|LiBOB|0.815094|mol/kg|w|0,0.3,0,0,0,0,0,0,0,0,0.7,0,0,0,0,0,0,0,0,0,0,0,0,0,0,0,0,0,0,0,0,0,0,0,0,0,0,0",5,cost_sensitive_budget_policy,1.2109974160108417,1.2097285386959165,0.0012688773149251986,332.15,4,160.0,0.005
10.1149/1.1914757,"10.1149/1.1914757|LiBOB|0.114783|mol/kg|w|0,0.9,0,0,0,0,0,0,0,0,0.1,0,0,0,0,0,0,0,0,0,0,0,0,0,0,0,0,0,0,0,0,0,0,0,0,0,0,0",5,cost_sensitive_budget_policy,0.5634405942086038,0.5554806849631538,0.007959909245449981,332.15,4,160.0,0.005
10.1149/1.1914757,"10.1149/1.1914757|LiBOB|0.193043|mol/kg|w|0,0.9,0,0,0,0,0,0,0,0,0.1,0,0,0,0,0,0,0,0,0,0,0,0,0,0,0,0,0,0,0,0,0,0,0,0,0,0,0",5,cost_sensitive_budget_policy,0.7234407614398666,0.7250759725345648,0.001635211094698219,332.15,4,160.0,0.005
10.1149/1.1914757,"10.1149/1.1914757|LiBOB|0.267826|mol/kg|w|0,0.9,0,0,0,0,0,0,0,0,0.1,0,0,0,0,0,0,0,0,0,0,0,0,0,0,0,0,0,0,0,0,0,0,0,0,0,0,0",5,cost_sensitive_budget_policy,0.8155638602412361,0.8088172501237898,0.006746610117446261,332.15,4,160.0,0.005
10.1149/1.1914757,"10.1149/1.1914757|LiBOB|0.358261|mol/kg|w|0,0.9,0,0,0,0,0,0,0,0,0.1,0,0,0,0,0,0,0,0,0,0,0,0,0,0,0,0,0,0,0,0,0,0,0,0,0,0,0",5,cost_sensitive_budget_policy,0.8830845986994318,0.8830280418688512,5.655683058058969e-05,332.15,4,160.0,0.005
10.1149/1.1914757,"10.1149/1.1914757|LiBOB|0.452174|mol/kg|w|0,0.9,0,0,0,0,0,0,0,0,0.1,0,0,0,0,0,0,0,0,0,0,0,0,0,0,0,0,0,0,0,0,0,0,0,0,0,0,0",5,cost_sensitive_budget_policy,0.9248593691464264,0.9257497693938512,0.0008904002474248163,332.15,4,160.0,0.005
10.1149/1.1914757,"10.1149/1.1914757|LiBOB|0.547826|mol/kg|w|0,0.9,0,0,0,0,0,0,0,0,0.1,0,0,0,0,0,0,0,0,0,0,0,0,0,0,0,0,0,0,0,0,0,0,0,0,0,0,0",5,cost_sensitive_budget_policy,0.9520646559780594,0.959945818099113,0.007881162121053498,332.15,4,160.0,0.005
10.1149/1.1914757,"10.1149/1.1914757|LiBOB|0.655652|mol/kg|w|0,0.9,0,0,0,0,0,0,0,0,0.1,0,0,0,0,0,0,0,0,0,0,0,0,0,0,0,0,0,0,0,0,0,0,0,0,0,0,0",5,cost_sensitive_budget_policy,0.9671934265520913,0.969526579703504,0.0023331531514126924,332.15,4,160.0,0.005
10.1149/1.1914757,"10.1149/1.1914757|LiBOB|0.775652|mol/kg|w|0,0.9,0,0,0,0,0,0,0,0,0.1,0,0,0,0,0,0,0,0,0,0,0,0,0,0,0,0,0,0,0,0,0,0,0,0,0,0,0",5,cost_sensitive_budget_policy,0.9702654900955455,0.9791603022417577,0.008894812146212128,332.15,4,160.0,0.005
10.1149/1.1914757,"10.1149/1.1914757|LiBOB|0.125714|mol/kg|w|0,0.6,0,0,0,0,0,0,0,0,0.4,0,0,0,0,0,0,0,0,0,0,0,0,0,0,0,0,0,0,0,0,0,0,0,0,0,0,0",5,cost_sensitive_budget_policy,0.7005463925552385,0.6981227042846786,0.0024236882705599427,332.15,4,160.0,0.005
10.1149/1.1914757,"10.1149/1.1914757|LiBOB|0.213333|mol/kg|w|0,0.6,0,0,0,0,0,0,0,0,0.4,0,0,0,0,0,0,0,0,0,0,0,0,0,0,0,0,0,0,0,0,0,0,0,0,0,0,0",5,cost_sensitive_budget_policy,0.8660186755894864,0.8627774329330818,0.003241242656404575,332.15,4,160.0,0.005
10.1149/1.1914757,"10.1149/1.1914757|LiBOB|0.497143|mol/kg|w|0,0.6,0,0,0,0,0,0,0,0,0.4,0,0,0,0,0,0,0,0,0,0,0,0,0,0,0,0,0,0,0,0,0,0,0,0,0,0,0",5,cost_sensitive_budget_policy,1.0752150587968206,1.0720878659042017,0.0031271928926188686,332.15,4,160.0,0.005
10.1149/1.1914757,"10.1149/1.1914757|LiBOB|0.590476|mol/kg|w|0,0.6,0,0,0,0,0,0,0,0,0.4,0,0,0,0,0,0,0,0,0,0,0,0,0,0,0,0,0,0,0,0,0,0,0,0,0,0,0",5,cost_sensitive_budget_policy,1.1009967810231895,1.0891509770477323,0.011845803975457203,332.15,4,160.0,0.005
10.1149/1.1914757,"10.1149/1.1914757|LiBOB|0.693333|mol/kg|w|0,0.6,0,0,0,0,0,0,0,0,0.4,0,0,0,0,0,0,0,0,0,0,0,0,0,0,0,0,0,0,0,0,0,0,0,0,0,0,0",5,cost_sensitive_budget_policy,1.1205739312058498,1.1189696234345354,0.0016043077713143727,332.15,4,160.0,0.005
10.1149/1.1914757,"10.1149/1.1914757|LiBOB|0.807619|mol/kg|w|0,0.6,0,0,0,0,0,0,0,0,0.4,0,0,0,0,0,0,0,0,0,0,0,0,0,0,0,0,0,0,0,0,0,0,0,0,0,0,0",5,cost_sensitive_budget_policy,0.8595203825576202,0.8615697252543528,0.0020493426967326256,292.65,4,160.0,0.005
10.1149/1.1914757,"10.1149/1.1914757|LiBOB|0.171698|mol/kg|w|0,0.3,0,0,0,0,0,0,0,0,0.7,0,0,0,0,0,0,0,0,0,0,0,0,0,0,0,0,0,0,0,0,0,0,0,0,0,0,0",4,cost_sensitive_budget_policy,0.802570895924897,0.7996342955090175,0.002936600415879509,332.15,4,160.0,0.01
10.1149/1.1914757,"10.1149/1.1914757|LiBOB|0.226415|mol/kg|w|0,0.3,0,0,0,0,0,0,0,0,0.7,0,0,0,0,0,0,0,0,0,0,0,0,0,0,0,0,0,0,0,0,0,0,0,0,0,0,0",4,cost_sensitive_budget_policy,0.8918243790086487,0.8869865108191674,0.004837868189481398,332.15,4,160.0,0.01
10.1149/1.1914757,"10.1149/1.1914757|LiBOB|0.309434|mol/kg|w|0,0.3,0,0,0,0,0,0,0,0,0.7,0,0,0,0,0,0,0,0,0,0,0,0,0,0,0,0,0,0,0,0,0,0,0,0,0,0,0",4,cost_sensitive_budget_policy,0.9891546673364646,0.9864081157220882,0.0027465516143764246,332.15,4,160.0,0.01
10.1149/1.1914757,"10.1149/1.1914757|LiBOB|0.409434|mol/kg|w|0,0.3,0,0,0,0,0,0,0,0,0.7,0,0,0,0,0,0,0,0,0,0,0,0,0,0,0,0,0,0,0,0,0,0,0,0,0,0,0",4,cost_sensitive_budget_policy,1.0675149973386915,1.0669051065733903,0.0006098907653011576,332.15,4,160.0,0.01
10.1149/1.1914757,"10.1149/1.1914757|LiBOB|0.50566|mol/kg|w|0,0.3,0,0,0,0,0,0,0,0,0.7,0,0,0,0,0,0,0,0,0,0,0,0,0,0,0,0,0,0,0,0,0,0,0,0,0,0,0",4,cost_sensitive_budget_policy,1.0843931818961314,1.0782913572150092,0.006101824681122192,322.35,4,160.0,0.01
10.1149/1.1914757,"10.1149/1.1914757|LiBOB|0.701887|mol/kg|w|0,0.3,0,0,0,0,0,0,0,0,0.7,0,0,0,0,0,0,0,0,0,0,0,0,0,0,0,0,0,0,0,0,0,0,0,0,0,0,0",4,cost_sensitive_budget_policy,1.187338250625771,1.1808157229571874,0.006522527668583633,332.15,4,160.0,0.01
10.1149/1.1914757,"10.1149/1.1914757|LiBOB|0.815094|mol/kg|w|0,0.3,0,0,0,0,0,0,0,0,0.7,0,0,0,0,0,0,0,0,0,0,0,0,0,0,0,0,0,0,0,0,0,0,0,0,0,0,0",4,cost_sensitive_budget_policy,1.2109974160108417,1.208412058887344,0.0025853571234977224,332.15,4,160.0,0.01
10.1149/1.1914757,"10.1149/1.1914757|LiBOB|0.114783|mol/kg|w|0,0.9,0,0,0,0,0,0,0,0,0.1,0,0,0,0,0,0,0,0,0,0,0,0,0,0,0,0,0,0,0,0,0,0,0,0,0,0,0",4,cost_sensitive_budget_policy,0.5634405942086038,0.5494273366632019,0.014013257545401947,332.15,4,160.0,0.01
10.1149/1.1914757,"10.1149/1.1914757|LiBOB|0.193043|mol/kg|w|0,0.9,0,0,0,0,0,0,0,0,0.1,0,0,0,0,0,0,0,0,0,0,0,0,0,0,0,0,0,0,0,0,0,0,0,0,0,0,0",4,cost_sensitive_budget_policy,0.7234407614398666,0.725316346840331,0.0018755854004643968,332.15,4,160.0,0.01
10.1149/1.1914757,"10.1149/1.1914757|LiBOB|0.267826|mol/kg|w|0,0.9,0,0,0,0,0,0,0,0,0.1,0,0,0,0,0,0,0,0,0,0,0,0,0,0,0,0,0,0,0,0,0,0,0,0,0,0,0",4,cost_sensitive_budget_policy,0.8155638602412361,0.807095652201403,0.008468208039833058,332.15,4,160.0,0.01
10.1149/1.1914757,"10.1149/1.1914757|LiBOB|0.358261|mol/kg|w|0,0.9,0,0,0,0,0,0,0,0,0.1,0,0,0,0,0,0,0,0,0,0,0,0,0,0,0,0,0,0,0,0,0,0,0,0,0,0,0",4,cost_sensitive_budget_policy,0.8830845986994318,0.8835692640964721,0.0004846653970402848,332.15,4,160.0,0.01
10.1149/1.1914757,"10.1149/1.1914757|LiBOB|0.452174|mol/kg|w|0,0.9,0,0,0,0,0,0,0,0,0.1,0,0,0,0,0,0,0,0,0,0,0,0,0,0,0,0,0,0,0,0,0,0,0,0,0,0,0",4,cost_sensitive_budget_policy,0.9248593691464264,0.9259830417660764,0.0011236726196499625,332.15,4,160.0,0.01
10.1149/1.1914757,"10.1149/1.1914757|LiBOB|0.547826|mol/kg|w|0,0.9,0,0,0,0,0,0,0,0,0.1,0,0,0,0,0,0,0,0,0,0,0,0,0,0,0,0,0,0,0,0,0,0,0,0,0,0,0",4,cost_sensitive_budget_policy,0.9520646559780594,0.9659076314501449,0.013842975472085461,332.15,4,160.0,0.01
10.1149/1.1914757,"10.1149/1.1914757|LiBOB|0.655652|mol/kg|w|0,0.9,0,0,0,0,0,0,0,0,0.1,0,0,0,0,0,0,0,0,0,0,0,0,0,0,0,0,0,0,0,0,0,0,0,0,0,0,0",4,cost_sensitive_budget_policy,0.9671934265520913,0.9709373241153372,0.0037438975632458904,332.15,4,160.0,0.01
10.1149/1.1914757,"10.1149/1.1914757|LiBOB|0.775652|mol/kg|w|0,0.9,0,0,0,0,0,0,0,0,0.1,0,0,0,0,0,0,0,0,0,0,0,0,0,0,0,0,0,0,0,0,0,0,0,0,0,0,0",4,cost_sensitive_budget_policy,0.9702654900955455,0.9814018628556016,0.011136372760056079,332.15,4,160.0,0.01
10.1149/1.1914757,"10.1149/1.1914757|LiBOB|0.125714|mol/kg|w|0,0.6,0,0,0,0,0,0,0,0,0.4,0,0,0,0,0,0,0,0,0,0,0,0,0,0,0,0,0,0,0,0,0,0,0,0,0,0,0",4,cost_sensitive_budget_policy,0.7005463925552385,0.699175162522204,0.0013712300330345206,332.15,4,160.0,0.01
10.1149/1.1914757,"10.1149/1.1914757|LiBOB|0.213333|mol/kg|w|0,0.6,0,0,0,0,0,0,0,0,0.4,0,0,0,0,0,0,0,0,0,0,0,0,0,0,0,0,0,0,0,0,0,0,0,0,0,0,0",4,cost_sensitive_budget_policy,0.8660186755894864,0.8604136554938823,0.005605020095604152,332.15,4,160.0,0.01
10.1149/1.1914757,"10.1149/1.1914757|LiBOB|0.497143|mol/kg|w|0,0.6,0,0,0,0,0,0,0,0,0.4,0,0,0,0,0,0,0,0,0,0,0,0,0,0,0,0,0,0,0,0,0,0,0,0,0,0,0",4,cost_sensitive_budget_policy,1.0752150587968206,1.0710926277562103,0.004122431040610275,332.15,4,160.0,0.01
10.1149/1.1914757,"10.1149/1.1914757|LiBOB|0.590476|mol/kg|w|0,0.6,0,0,0,0,0,0,0,0,0.4,0,0,0,0,0,0,0,0,0,0,0,0,0,0,0,0,0,0,0,0,0,0,0,0,0,0,0",4,cost_sensitive_budget_policy,1.1009967810231895,1.0760593364558795,0.024937444567310063,332.15,4,160.0,0.01
10.1149/1.1914757,"10.1149/1.1914757|LiBOB|0.693333|mol/kg|w|0,0.6,0,0,0,0,0,0,0,0,0.4,0,0,0,0,0,0,0,0,0,0,0,0,0,0,0,0,0,0,0,0,0,0,0,0,0,0,0",4,cost_sensitive_budget_policy,1.1205739312058498,1.1178380723181085,0.002735858887741305,332.15,4,160.0,0.01
10.1149/1.1914757,"10.1149/1.1914757|LiBOB|0.807619|mol/kg|w|0,0.6,0,0,0,0,0,0,0,0,0.4,0,0,0,0,0,0,0,0,0,0,0,0,0,0,0,0,0,0,0,0,0,0,0,0,0,0,0",4,cost_sensitive_budget_policy,0.8595203825576202,0.8615328827413837,0.0020125001837635326,292.65,4,160.0,0.01
10.1149/1.1914757,"10.1149/1.1914757|LiBOB|0.171698|mol/kg|w|0,0.3,0,0,0,0,0,0,0,0,0.7,0,0,0,0,0,0,0,0,0,0,0,0,0,0,0,0,0,0,0,0,0,0,0,0,0,0,0",4,cost_sensitive_budget_policy,0.802570895924897,0.7996342955090175,0.002936600415879509,332.15,4,160.0,0.02
10.1149/1.1914757,"10.1149/1.1914757|LiBOB|0.226415|mol/kg|w|0,0.3,0,0,0,0,0,0,0,0,0.7,0,0,0,0,0,0,0,0,0,0,0,0,0,0,0,0,0,0,0,0,0,0,0,0,0,0,0",4,cost_sensitive_budget_policy,0.8918243790086487,0.8869865108191674,0.004837868189481398,332.15,4,160.0,0.02
10.1149/1.1914757,"10.1149/1.1914757|LiBOB|0.309434|mol/kg|w|0,0.3,0,0,0,0,0,0,0,0,0.7,0,0,0,0,0,0,0,0,0,0,0,0,0,0,0,0,0,0,0,0,0,0,0,0,0,0,0",4,cost_sensitive_budget_policy,0.9891546673364646,0.9864081157220882,0.0027465516143764246,332.15,4,160.0,0.02
10.1149/1.1914757,"10.1149/1.1914757|LiBOB|0.409434|mol/kg|w|0,0.3,0,0,0,0,0,0,0,0,0.7,0,0,0,0,0,0,0,0,0,0,0,0,0,0,0,0,0,0,0,0,0,0,0,0,0,0,0",4,cost_sensitive_budget_policy,1.0675149973386915,1.0669051065733903,0.0006098907653011576,332.15,4,160.0,0.02
10.1149/1.1914757,"10.1149/1.1914757|LiBOB|0.50566|mol/kg|w|0,0.3,0,0,0,0,0,0,0,0,0.7,0,0,0,0,0,0,0,0,0,0,0,0,0,0,0,0,0,0,0,0,0,0,0,0,0,0,0",4,cost_sensitive_budget_policy,1.0843931818961314,1.0782913572150092,0.006101824681122192,322.35,4,160.0,0.02
10.1149/1.1914757,"10.1149/1.1914757|LiBOB|0.701887|mol/kg|w|0,0.3,0,0,0,0,0,0,0,0,0.7,0,0,0,0,0,0,0,0,0,0,0,0,0,0,0,0,0,0,0,0,0,0,0,0,0,0,0",4,cost_sensitive_budget_policy,1.187338250625771,1.1808157229571874,0.006522527668583633,332.15,4,160.0,0.02
10.1149/1.1914757,"10.1149/1.1914757|LiBOB|0.815094|mol/kg|w|0,0.3,0,0,0,0,0,0,0,0,0.7,0,0,0,0,0,0,0,0,0,0,0,0,0,0,0,0,0,0,0,0,0,0,0,0,0,0,0",4,cost_sensitive_budget_policy,1.2109974160108417,1.208412058887344,0.0025853571234977224,332.15,4,160.0,0.02
10.1149/1.1914757,"10.1149/1.1914757|LiBOB|0.114783|mol/kg|w|0,0.9,0,0,0,0,0,0,0,0,0.1,0,0,0,0,0,0,0,0,0,0,0,0,0,0,0,0,0,0,0,0,0,0,0,0,0,0,0",4,cost_sensitive_budget_policy,0.5634405942086038,0.5494273366632019,0.014013257545401947,332.15,4,160.0,0.02
10.1149/1.1914757,"10.1149/1.1914757|LiBOB|0.193043|mol/kg|w|0,0.9,0,0,0,0,0,0,0,0,0.1,0,0,0,0,0,0,0,0,0,0,0,0,0,0,0,0,0,0,0,0,0,0,0,0,0,0,0",4,cost_sensitive_budget_policy,0.7234407614398666,0.725316346840331,0.0018755854004643968,332.15,4,160.0,0.02
10.1149/1.1914757,"10.1149/1.1914757|LiBOB|0.267826|mol/kg|w|0,0.9,0,0,0,0,0,0,0,0,0.1,0,0,0,0,0,0,0,0,0,0,0,0,0,0,0,0,0,0,0,0,0,0,0,0,0,0,0",4,cost_sensitive_budget_policy,0.8155638602412361,0.807095652201403,0.008468208039833058,332.15,4,160.0,0.02
10.1149/1.1914757,"10.1149/1.1914757|LiBOB|0.358261|mol/kg|w|0,0.9,0,0,0,0,0,0,0,0,0.1,0,0,0,0,0,0,0,0,0,0,0,0,0,0,0,0,0,0,0,0,0,0,0,0,0,0,0",4,cost_sensitive_budget_policy,0.8830845986994318,0.8835692640964721,0.0004846653970402848,332.15,4,160.0,0.02
10.1149/1.1914757,"10.1149/1.1914757|LiBOB|0.452174|mol/kg|w|0,0.9,0,0,0,0,0,0,0,0,0.1,0,0,0,0,0,0,0,0,0,0,0,0,0,0,0,0,0,0,0,0,0,0,0,0,0,0,0",4,cost_sensitive_budget_policy,0.9248593691464264,0.9259830417660764,0.0011236726196499625,332.15,4,160.0,0.02
10.1149/1.1914757,"10.1149/1.1914757|LiBOB|0.547826|mol/kg|w|0,0.9,0,0,0,0,0,0,0,0,0.1,0,0,0,0,0,0,0,0,0,0,0,0,0,0,0,0,0,0,0,0,0,0,0,0,0,0,0",4,cost_sensitive_budget_policy,0.9520646559780594,0.9659076314501449,0.013842975472085461,332.15,4,160.0,0.02
10.1149/1.1914757,"10.1149/1.1914757|LiBOB|0.655652|mol/kg|w|0,0.9,0,0,0,0,0,0,0,0,0.1,0,0,0,0,0,0,0,0,0,0,0,0,0,0,0,0,0,0,0,0,0,0,0,0,0,0,0",4,cost_sensitive_budget_policy,0.9671934265520913,0.9709373241153372,0.0037438975632458904,332.15,4,160.0,0.02
10.1149/1.1914757,"10.1149/1.1914757|LiBOB|0.775652|mol/kg|w|0,0.9,0,0,0,0,0,0,0,0,0.1,0,0,0,0,0,0,0,0,0,0,0,0,0,0,0,0,0,0,0,0,0,0,0,0,0,0,0",4,cost_sensitive_budget_policy,0.9702654900955455,0.9814018628556016,0.011136372760056079,332.15,4,160.0,0.02
10.1149/1.1914757,"10.1149/1.1914757|LiBOB|0.125714|mol/kg|w|0,0.6,0,0,0,0,0,0,0,0,0.4,0,0,0,0,0,0,0,0,0,0,0,0,0,0,0,0,0,0,0,0,0,0,0,0,0,0,0",4,cost_sensitive_budget_policy,0.7005463925552385,0.699175162522204,0.0013712300330345206,332.15,4,160.0,0.02
10.1149/1.1914757,"10.1149/1.1914757|LiBOB|0.213333|mol/kg|w|0,0.6,0,0,0,0,0,0,0,0,0.4,0,0,0,0,0,0,0,0,0,0,0,0,0,0,0,0,0,0,0,0,0,0,0,0,0,0,0",4,cost_sensitive_budget_policy,0.8660186755894864,0.8604136554938823,0.005605020095604152,332.15,4,160.0,0.02
10.1149/1.1914757,"10.1149/1.1914757|LiBOB|0.497143|mol/kg|w|0,0.6,0,0,0,0,0,0,0,0,0.4,0,0,0,0,0,0,0,0,0,0,0,0,0,0,0,0,0,0,0,0,0,0,0,0,0,0,0",4,cost_sensitive_budget_policy,1.0752150587968206,1.0710926277562103,0.004122431040610275,332.15,4,160.0,0.02
10.1149/1.1914757,"10.1149/1.1914757|LiBOB|0.590476|mol/kg|w|0,0.6,0,0,0,0,0,0,0,0,0.4,0,0,0,0,0,0,0,0,0,0,0,0,0,0,0,0,0,0,0,0,0,0,0,0,0,0,0",4,cost_sensitive_budget_policy,1.1009967810231895,1.0760593364558795,0.024937444567310063,332.15,4,160.0,0.02
10.1149/1.1914757,"10.1149/1.1914757|LiBOB|0.693333|mol/kg|w|0,0.6,0,0,0,0,0,0,0,0,0.4,0,0,0,0,0,0,0,0,0,0,0,0,0,0,0,0,0,0,0,0,0,0,0,0,0,0,0",4,cost_sensitive_budget_policy,1.1205739312058498,1.1178380723181085,0.002735858887741305,332.15,4,160.0,0.02
10.1149/1.1914757,"10.1149/1.1914757|LiBOB|0.807619|mol/kg|w|0,0.6,0,0,0,0,0,0,0,0,0.4,0,0,0,0,0,0,0,0,0,0,0,0,0,0,0,0,0,0,0,0,0,0,0,0,0,0,0",4,cost_sensitive_budget_policy,0.8595203825576202,0.8615328827413837,0.0020125001837635326,292.65,4,160.0,0.02
10.1149/2.0571912jes,"10.1149/2.0571912jes|LiPF6|0.105|mol/l|w|0,0,0,0.95,0,0,0,0,0,0,0,0,0.05,0,0,0,0,0,0,0,0,0,0,0,0,0,0,0,0,0,0,0,0,0,0,0,0,0",3,fixed_target_router,-0.9318141382538383,-0.7613429831541428,0.17047115509969546,323.15,4,160.0,
10.1149/2.0571912jes,"10.1149/2.0571912jes|LiPF6|0.105|mol/l|w|0,0,0,0.95,0,0,0,0,0,0,0,0,0.05,0,0,0,0,0,0,0,0,0,0,0,0,0,0,0,0,0,0,0,0,0,0,0,0,0",4,fixed_target_router,-0.9318141382538383,-0.8521132740803088,0.0797008641735295,323.15,4,160.0,
10.1149/2.0571912jes,"10.1149/2.0571912jes|LiPF6|0.105|mol/l|w|0,0,0,0.95,0,0,0,0,0,0,0,0,0.05,0,0,0,0,0,0,0,0,0,0,0,0,0,0,0,0,0,0,0,0,0,0,0,0,0",5,fixed_target_router,-0.9318141382538383,-0.9729096873514295,0.041095549097591166,323.15,4,160.0,
10.1149/2.0571912jes,"10.1149/2.0571912jes|LiPF6|0.105|mol/l|w|0,0,0,0.95,0,0,0,0,0,0,0,0,0.05,0,0,0,0,0,0,0,0,0,0,0,0,0,0,0,0,0,0,0,0,0,0,0,0,0",5,cost_sensitive_budget_policy,-0.9318141382538383,-0.9729096873514295,0.041095549097591166,323.15,4,160.0,0.0
10.1149/2.0571912jes,"10.1149/2.0571912jes|LiPF6|0.105|mol/l|w|0,0,0,0.95,0,0,0,0,0,0,0,0,0.05,0,0,0,0,0,0,0,0,0,0,0,0,0,0,0,0,0,0,0,0,0,0,0,0,0",5,cost_sensitive_budget_policy,-0.9318141382538383,-0.9729096873514295,0.041095549097591166,323.15,4,160.0,0.0025
10.1149/2.0571912jes,"10.1149/2.0571912jes|LiPF6|0.105|mol/l|w|0,0,0,0.95,0,0,0,0,0,0,0,0,0.05,0,0,0,0,0,0,0,0,0,0,0,0,0,0,0,0,0,0,0,0,0,0,0,0,0",4,cost_sensitive_budget_policy,-0.9318141382538383,-0.8521132740803088,0.0797008641735295,323.15,4,160.0,0.005
10.1149/2.0571912jes,"10.1149/2.0571912jes|LiPF6|0.105|mol/l|w|0,0,0,0.95,0,0,0,0,0,0,0,0,0.05,0,0,0,0,0,0,0,0,0,0,0,0,0,0,0,0,0,0,0,0,0,0,0,0,0",3,cost_sensitive_budget_policy,-0.9318141382538383,-0.7613429831541428,0.17047115509969546,323.15,4,160.0,0.01
10.1149/2.0571912jes,"10.1149/2.0571912jes|LiPF6|0.105|mol/l|w|0,0,0,0.95,0,0,0,0,0,0,0,0,0.05,0,0,0,0,0,0,0,0,0,0,0,0,0,0,0,0,0,0,0,0,0,0,0,0,0",3,cost_sensitive_budget_policy,-0.9318141382538383,-0.7613429831541428,0.17047115509969546,323.15,4,160.0,0.02
