doi,K,model,target,prediction,abs_error,query_T,delta_T,selected_p,vft_t0
10.1007/s10008-002-0300-9,3,nested_budget_router,-0.7941384806001305,-0.7743679987608174,0.01977048183931307,333.2350339,10.4701096,4,180.0
10.1007/s10008-002-0300-9,3,VFT,-0.7941384806001305,-0.7972012805995692,0.0030627999994387034,333.2350339,10.4701096,4,180.0
10.1007/s10008-002-0300-9,3,independent_per_curve_GPR,-0.7941384806001305,-0.8392325676175252,0.0450940870173947,333.2350339,10.4701096,4,180.0
10.1007/s10008-002-0300-9,4,nested_budget_router,-0.7941384806001305,-0.7940180654244194,0.00012041517571104166,333.2350339,10.4701096,4,160.0
10.1007/s10008-002-0300-9,4,VFT,-0.7941384806001305,-0.7940180654244194,0.00012041517571104166,333.2350339,10.4701096,4,160.0
10.1007/s10008-002-0300-9,4,independent_per_curve_GPR,-0.7941384806001305,-0.8396979533760742,0.04555947277594374,333.2350339,10.4701096,4,160.0
10.1007/s10008-002-0300-9,5,nested_budget_router,-0.7941384806001305,-0.7963479736545312,0.0022094930544007685,333.2350339,10.4701096,4,160.0
10.1007/s10008-002-0300-9,5,VFT,-0.7941384806001305,-0.7963479736545312,0.0022094930544007685,333.2350339,10.4701096,4,160.0
10.1007/s10008-002-0300-9,5,independent_per_curve_GPR,-0.7941384806001305,-0.8384920604076439,0.04435357980751342,333.2350339,10.4701096,4,160.0
10.1016/0378-7753(91)80004-H,3,nested_budget_router,0.436162647040756,0.4770676429577986,0.04090499591704255,293.15,20.0,4,190.0
10.1016/0378-7753(91)80004-H,3,nested_budget_router,1.4940153747571439,1.493658661739462,0.00035671301768180896,353.15,20.0,4,190.0
10.1016/0378-7753(91)80004-H,3,nested_budget_router,1.4379090355394983,1.4410975894994038,0.0031885539599054713,353.15,20.0,4,190.0
10.1016/0378-7753(91)80004-H,3,nested_budget_router,1.4679039465228003,1.4576083004351907,0.010295646087609578,353.15,20.0,4,190.0
10.1016/0378-7753(91)80004-H,3,nested_budget_router,1.1085650237328344,1.0966174956121977,0.011947528120636708,313.15,20.0,4,190.0
10.1016/0378-7753(91)80004-H,3,nested_budget_router,0.8785217955012065,0.8837244350558839,0.0052026395546774795,293.15,20.0,4,190.0
10.1016/0378-7753(91)80004-H,3,nested_budget_router,1.0622058088197126,1.0550324975938008,0.007173311225911805,293.15,20.0,4,190.0
10.1016/0378-7753(91)80004-H,3,nested_budget_router,1.0499928569201427,1.043057907142213,0.006934949777929633,293.15,20.0,4,190.0
10.1016/0378-7753(91)80004-H,3,nested_budget_router,1.224014811372864,1.2345995324167194,0.010584721043855438,353.15,20.0,4,190.0
10.1016/0378-7753(91)80004-H,3,nested_budget_router,0.7307822756663892,0.3460829531572268,0.3846993225091624,353.15,20.0,4,190.0
10.1016/0378-7753(91)80004-H,3,nested_budget_router,1.3911116137028026,1.3908018294748554,0.0003097842279471408,353.15,20.0,4,190.0
10.1016/0378-7753(91)80004-H,3,nested_budget_router,1.376576957056512,1.3695621141553573,0.0070148429011547275,353.15,20.0,4,190.0
10.1016/0378-7753(91)80004-H,3,nested_budget_router,0.8976270912904415,0.8894931569099194,0.008133934380522123,293.15,20.0,4,190.0
10.1016/0378-7753(91)80004-H,3,nested_budget_router,0.9804578922761001,0.9800651012122217,0.0003927910638784615,353.15,20.0,4,190.0
10.1016/0378-7753(91)80004-H,3,nested_budget_router,1.1559430179718369,1.1627681300542552,0.0068251120824183165,293.15,20.0,4,190.0
10.1016/0378-7753(91)80004-H,3,nested_budget_router,1.3031960574204888,1.2930588097897364,0.01013724763075241,353.15,20.0,4,190.0
10.1016/0378-7753(91)80004-H,3,nested_budget_router,1.2771506139637967,1.302430486279042,0.0252798723152452,293.15,20.0,4,190.0
10.1016/0378-7753(91)80004-H,3,nested_budget_router,1.3521825181113625,1.3484090964987547,0.0037734216126077413,353.15,20.0,4,190.0
10.1016/0378-7753(91)80004-H,3,nested_budget_router,0.6473829701146199,0.697270218560898,0.04988724844627812,293.15,20.0,4,190.0
10.1016/0378-7753(91)80004-H,3,nested_budget_router,1.0666985504229953,1.0872390758735215,0.020540525450526204,353.15,20.0,4,190.0
10.1016/0378-7753(91)80004-H,3,nested_budget_router,0.8394780473741984,0.844572804035541,0.005094756661342625,353.15,20.0,4,190.0
10.1016/0378-7753(91)80004-H,3,nested_budget_router,1.4974825373673704,1.4934314577723198,0.004051079595050577,353.15,20.0,4,190.0
10.1016/0378-7753(91)80004-H,3,nested_budget_router,1.0913151596972228,1.0873569338078397,0.003958225889383105,353.15,20.0,4,190.0
10.1016/0378-7753(91)80004-H,3,nested_budget_router,1.1583624920952498,1.1500640421326844,0.008298449962565346,353.15,20.0,4,190.0
10.1016/0378-7753(91)80004-H,3,nested_budget_router,1.371806458507416,1.3804753491175195,0.008668890610103563,353.15,20.0,4,190.0
10.1016/0378-7753(91)80004-H,3,nested_budget_router,1.5092025223311027,1.5072265044877178,0.0019760178433849696,353.15,20.0,4,190.0
10.1016/0378-7753(91)80004-H,3,nested_budget_router,1.3725438007590702,1.3672425986195984,0.005301202139471828,353.15,20.0,4,190.0
10.1016/0378-7753(91)80004-H,3,nested_budget_router,0.9694159123539814,0.969754909247638,0.0003389968936565735,353.15,20.0,4,190.0
10.1016/0378-7753(91)80004-H,3,nested_budget_router,1.199480914862356,1.1835992455042104,0.01588166935814561,353.15,20.0,4,190.0
10.1016/0378-7753(91)80004-H,3,nested_budget_router,1.318897714627487,1.3005125105748363,0.01838520405265065,353.15,20.0,4,190.0
10.1016/0378-7753(91)80004-H,3,nested_budget_router,1.4499409887733377,1.4632190072625093,0.01327801848917165,353.15,20.0,4,190.0
10.1016/0378-7753(91)80004-H,3,nested_budget_router,1.2898118391176214,1.2741730745743338,0.01563876454328761,353.15,20.0,4,190.0
10.1016/0378-7753(91)80004-H,3,nested_budget_router,0.8142475957319202,0.8193201991737695,0.005072603441849344,353.15,20.0,4,190.0
10.1016/0378-7753(91)80004-H,3,nested_budget_router,1.0546130545568877,1.0475332241242854,0.0070798304326022965,353.15,20.0,4,190.0
10.1016/0378-7753(91)80004-H,3,nested_budget_router,1.5128177585648732,1.5110789659038277,0.0017387926610454851,353.15,20.0,4,190.0
10.1016/0378-7753(91)80004-H,3,nested_budget_router,1.2778383330020475,1.2700372375034936,0.0078010954985539005,353.15,20.0,4,190.0
10.1016/0378-7753(91)80004-H,3,nested_budget_router,1.2301933788690456,1.2074072362879236,0.022786142581121993,353.15,20.0,4,190.0
10.1016/0378-7753(91)80004-H,3,nested_budget_router,1.5809249756756194,1.5726117108271966,0.008313264848422763,353.15,20.0,4,190.0
10.1016/0378-7753(91)80004-H,3,nested_budget_router,1.3412366232386923,1.3312712392443982,0.009965383994294141,353.15,20.0,4,190.0
10.1016/0378-7753(91)80004-H,3,nested_budget_router,1.1945143418824673,1.184573767849447,0.009940574033020289,353.15,20.0,4,190.0
10.1016/0378-7753(91)80004-H,3,nested_budget_router,0.7442929831226762,0.7374720327336235,0.006820950389052727,353.15,20.0,4,190.0
10.1016/0378-7753(91)80004-H,3,nested_budget_router,1.2469906992415498,1.2431695184448812,0.0038211807966685996,353.15,20.0,4,190.0
10.1016/0378-7753(91)80004-H,3,nested_budget_router,1.0877814178095424,1.0685915295037454,0.019189888305797043,353.15,20.0,4,190.0
10.1016/0378-7753(91)80004-H,3,nested_budget_router,1.0098756337121602,0.9989048671289389,0.01097076658322127,353.15,20.0,4,190.0
10.1016/0378-7753(91)80004-H,3,nested_budget_router,1.1115985248803941,1.039924777069705,0.07167374781068903,353.15,20.0,4,190.0
10.1016/0378-7753(91)80004-H,3,nested_budget_router,1.1637575239819558,1.1483290552045577,0.015428468777398008,293.15,20.0,4,190.0
10.1016/0378-7753(91)80004-H,3,nested_budget_router,1.1699681739968923,1.166863238013911,0.0031049359829813383,293.15,20.0,4,190.0
10.1016/0378-7753(91)80004-H,3,nested_budget_router,1.0220157398177203,1.0365819372811147,0.014566197463394381,293.15,20.0,4,190.0
10.1016/0378-7753(91)80004-H,3,nested_budget_router,0.9694159123539814,0.953269425633801,0.016146486720180375,293.15,20.0,4,190.0
10.1016/0378-7753(91)80004-H,3,nested_budget_router,1.1264561134318043,1.1155340341997957,0.010922079232008608,353.15,20.0,4,190.0
10.1016/0378-7753(91)80004-H,3,nested_budget_router,1.2296818423176759,1.217689040217351,0.011992802100324829,353.15,20.0,4,190.0
10.1016/0378-7753(91)80004-H,3,nested_budget_router,1.1992064791616577,1.1634819851193507,0.03572449404230693,353.15,20.0,4,190.0
10.1016/0378-7753(91)80004-H,3,nested_budget_router,1.2622137054764169,1.2490436920164114,0.013170013460005459,353.15,20.0,4,190.0
10.1016/0378-7753(91)80004-H,3,nested_budget_router,1.1132746924643504,1.097265904114885,0.016008788349465508,353.15,20.0,4,190.0
10.1016/0378-7753(91)80004-H,3,nested_budget_router,1.06781451116184,1.0580762377845692,0.009738273377270845,353.15,20.0,4,190.0
10.1016/0378-7753(91)80004-H,3,nested_budget_router,1.2390490931401914,1.2066291584839421,0.03241993465624926,353.15,20.0,4,190.0
10.1016/0378-7753(91)80004-H,3,nested_budget_router,1.0666985504229953,1.0031020429031092,0.0635965075198861,353.15,20.0,4,190.0
10.1016/0378-7753(91)80004-H,3,nested_budget_router,1.161966616364075,1.1502363863764171,0.011730229987657825,353.15,20.0,4,190.0
10.1016/0378-7753(91)80004-H,3,nested_budget_router,1.266936911159173,1.2542683749376617,0.012668536221511317,353.15,20.0,4,190.0
10.1016/0378-7753(91)80004-H,3,nested_budget_router,1.0874264570362855,1.0672256100418078,0.02020084699447766,353.15,20.0,4,190.0
10.1016/0378-7753(91)80004-H,3,nested_budget_router,1.1430148002540952,1.1325025804219548,0.010512219832140346,353.15,20.0,4,190.0
10.1016/0378-7753(91)80004-H,3,nested_budget_router,1.1661339703051092,1.14278103148781,0.023352938817299274,353.15,20.0,4,190.0
10.1016/0378-7753(91)80004-H,3,nested_budget_router,1.0086001717619175,0.9697990875922481,0.03880108416966943,353.15,20.0,4,190.0
10.1016/0378-7753(91)80004-H,3,nested_budget_router,1.2773799746672547,1.261945227493847,0.015434747173407759,353.15,20.0,4,190.0
10.1016/0378-7753(91)80004-H,3,nested_budget_router,1.0503797562614579,1.0735881567090695,0.023208400447611632,353.15,20.0,4,190.0
10.1016/0378-7753(91)80004-H,3,nested_budget_router,1.2489536154957075,1.2428707420867435,0.0060828734089639624,353.15,20.0,4,190.0
10.1016/0378-7753(91)80004-H,3,nested_budget_router,1.2953471483336179,1.2827503605212842,0.012596787812333643,353.15,20.0,4,190.0
10.1016/0378-7753(91)80004-H,3,nested_budget_router,0.8733206018153987,0.9007851338906083,0.027464532075209602,293.15,20.0,4,190.0
10.1016/0378-7753(91)80004-H,3,nested_budget_router,1.3025473724874856,1.3051674952655814,0.002620122778095757,353.15,20.0,4,190.0
10.1016/0378-7753(91)80004-H,3,nested_budget_router,0.9329808219231982,0.9294153668163322,0.003565455106866011,293.15,20.0,4,190.0
10.1016/0378-7753(91)80004-H,3,nested_budget_router,0.9925535178321356,0.9899662706332667,0.002587247198868936,293.15,20.0,4,190.0
10.1016/0378-7753(91)80004-H,3,nested_budget_router,1.1778249718646818,1.220450317467913,0.04262534560323128,293.15,20.0,4,190.0
10.1016/0378-7753(91)80004-H,3,nested_budget_router,0.9916690073799486,1.0616756230665583,0.07000661568660971,293.15,20.0,4,190.0
10.1016/0378-7753(91)80004-H,3,nested_budget_router,1.2190603324488614,1.2019886726432252,0.017071659805636186,353.15,20.0,4,190.0
10.1016/0378-7753(91)80004-H,3,nested_budget_router,1.1634595517699902,1.1922474977327369,0.028787945962746697,293.15,20.0,4,190.0
10.1016/0378-7753(91)80004-H,3,nested_budget_router,1.1271047983648077,1.1508740335818428,0.023769235217035112,353.15,20.0,4,190.0
10.1016/0378-7753(91)80004-H,3,nested_budget_router,0.75815462196739,0.7675618100121662,0.009407188044776138,293.15,20.0,4,190.0
10.1016/0378-7753(91)80004-H,3,nested_budget_router,0.8543060418010806,0.8563393679365152,0.00203332613543461,353.15,20.0,4,190.0
10.1016/0378-7753(91)80004-H,3,nested_budget_router,1.100370545117563,1.0770515098635436,0.02331903525401935,353.15,20.0,4,190.0
10.1016/0378-7753(91)80004-H,3,nested_budget_router,1.0614524790871933,1.0557623873507622,0.005690091736431091,353.15,20.0,4,190.0
10.1016/0378-7753(91)80004-H,3,nested_budget_router,0.9014583213961124,0.891725821466007,0.009732499930105387,353.15,20.0,4,190.0
10.1016/0378-7753(91)80004-H,3,nested_budget_router,1.0277572046905534,1.1052927672456387,0.07753556255508531,333.15,20.0,4,190.0
10.1016/0378-7753(91)80004-H,3,nested_budget_router,0.7965743332104297,0.7906269478241753,0.005947385386254389,353.15,20.0,4,190.0
10.1016/0378-7753(91)80004-H,3,nested_budget_router,0.49968708261840383,0.48614386888972666,0.013543213728677173,353.15,20.0,4,190.0
10.1016/0378-7753(91)80004-H,3,nested_budget_router,1.1095785469043866,1.1501899737690136,0.04061142686462693,293.15,20.0,4,190.0
10.1016/0378-7753(91)80004-H,3,nested_budget_router,0.9652017010259121,0.966663439920473,0.0014617388945609155,353.15,20.0,4,190.0
10.1016/0378-7753(91)80004-H,3,nested_budget_router,0.8202014594856403,0.8187621831233935,0.001439276362246722,353.15,20.0,4,190.0
10.1016/0378-7753(91)80004-H,3,nested_budget_router,0.9400181550076633,0.932911435029296,0.007106719978367315,353.15,20.0,4,190.0
10.1016/0378-7753(91)80004-H,3,nested_budget_router,0.909020854211156,0.9000525259383881,0.008968328272767834,353.15,20.0,4,190.0
10.1016/0378-7753(91)80004-H,3,nested_budget_router,1.0068937079479006,1.0033402055749605,0.003553502372940054,353.15,20.0,4,190.0
10.1016/0378-7753(91)80004-H,3,nested_budget_router,0.9703468762300933,0.9717405494976543,0.001393673267561013,353.15,20.0,4,190.0
10.1016/0378-7753(91)80004-H,3,nested_budget_router,0.8992731873176038,0.9030695156605604,0.003796328342956623,353.15,20.0,4,190.0
10.1016/0378-7753(91)80004-H,3,nested_budget_router,0.9390197764486664,0.9354335182454373,0.003586258203229109,353.15,20.0,4,190.0
10.1016/0378-7753(91)80004-H,3,nested_budget_router,1.0342272607705507,1.0197094453806654,0.01451781538988528,353.15,20.0,4,190.0
10.1016/0378-7753(91)80004-H,3,nested_budget_router,1.070037866607755,1.0610769684510384,0.008960898156716635,353.15,20.0,4,190.0
10.1016/0378-7753(91)80004-H,3,nested_budget_router,1.0253058652647702,1.0259293771910372,0.000623511926266973,353.15,20.0,4,190.0
10.1016/0378-7753(91)80004-H,3,nested_budget_router,-0.3979400086720376,-0.312367999098916,0.08557200957312161,353.15,20.0,4,190.0
10.1016/0378-7753(91)80004-H,3,nested_budget_router,0.9867717342662449,0.9790716582581005,0.007700076008144374,333.15,20.0,4,190.0
10.1016/0378-7753(91)80004-H,3,nested_budget_router,1.2100508498751372,1.2191801796397244,0.009129329764587135,353.15,20.0,4,190.0
10.1016/0378-7753(91)80004-H,3,nested_budget_router,1.2273724422896362,1.2170905933455896,0.010281848944046601,353.15,20.0,4,190.0
10.1016/0378-7753(91)80004-H,3,nested_budget_router,1.2866809693549301,1.2729235019194411,0.013757467435489001,353.15,20.0,4,190.0
10.1016/0378-7753(91)80004-H,3,nested_budget_router,0.5185139398778874,0.5207915843799582,0.002277644502070797,353.15,20.0,4,190.0
10.1016/0378-7753(91)80004-H,3,nested_budget_router,0.8082109729242221,0.7950061792666683,0.013204793657553782,353.15,20.0,4,190.0
10.1016/0378-7753(91)80004-H,3,nested_budget_router,1.0257153839013406,1.0292028784507976,0.00348749454945696,353.15,20.0,4,190.0
10.1016/0378-7753(91)80004-H,3,nested_budget_router,1.123524980942732,1.1312787763214271,0.00775379537869525,353.15,20.0,4,190.0
10.1016/0378-7753(91)80004-H,3,nested_budget_router,0.8998205024270963,0.8976346081827231,0.00218589424437321,353.15,20.0,4,190.0
10.1016/0378-7753(91)80004-H,3,nested_budget_router,1.052693941924968,1.0437533497138924,0.00894059221107546,353.15,20.0,4,190.0
10.1016/0378-7753(91)80004-H,3,nested_budget_router,1.0799044676667207,1.0847669962202255,0.004862528553504886,353.15,20.0,4,190.0
10.1016/0378-7753(91)80004-H,3,nested_budget_router,1.1417632302757879,1.1291960321437666,0.012567198132021229,353.15,20.0,4,190.0
10.1016/0378-7753(91)80004-H,3,nested_budget_router,1.4053463601757088,1.4083671499846844,0.003020789808975577,353.15,20.0,4,190.0
10.1016/0378-7753(91)80004-H,3,nested_budget_router,1.3856062735983121,1.3790797675951119,0.006526506003200261,353.15,20.0,4,190.0
10.1016/0378-7753(91)80004-H,3,nested_budget_router,1.4144719496293028,1.4065956666302006,0.007876282999102147,353.15,20.0,4,190.0
10.1016/0378-7753(91)80004-H,3,nested_budget_router,1.2893659515200318,1.287142024112984,0.0022239274070476878,353.15,20.0,4,190.0
10.1016/0378-7753(91)80004-H,3,nested_budget_router,1.0330214446829107,1.02151248467403,0.011508960008880686,353.15,20.0,4,190.0
10.1016/0378-7753(91)80004-H,3,nested_budget_router,0.21484384804769785,0.4353660181963909,0.22052217014869308,353.15,20.0,4,190.0
10.1016/0378-7753(91)80004-H,3,VFT,0.436162647040756,0.41947836315793696,0.016684283882819062,293.15,20.0,4,190.0
10.1016/0378-7753(91)80004-H,3,VFT,1.4940153747571439,1.4873298641343544,0.006685510622789437,353.15,20.0,4,190.0
10.1016/0378-7753(91)80004-H,3,VFT,1.4379090355394983,1.4333059418234368,0.00460309371606149,353.15,20.0,4,190.0
10.1016/0378-7753(91)80004-H,3,VFT,1.4679039465228003,1.4558602149417057,0.012043731581094619,353.15,20.0,4,190.0
10.1016/0378-7753(91)80004-H,3,VFT,1.1085650237328344,1.0857578717847367,0.02280715194809768,313.15,20.0,4,190.0
10.1016/0378-7753(91)80004-H,3,VFT,0.8785217955012065,0.8522054919806608,0.026316303520545703,293.15,20.0,4,190.0
10.1016/0378-7753(91)80004-H,3,VFT,1.0622058088197126,1.0393078740733763,0.02289793474633628,293.15,20.0,4,190.0
10.1016/0378-7753(91)80004-H,3,VFT,1.0499928569201427,1.0188475391023561,0.03114531781778651,293.15,20.0,4,190.0
10.1016/0378-7753(91)80004-H,3,VFT,1.224014811372864,1.2298522480591094,0.0058374366862454785,353.15,20.0,4,190.0
10.1016/0378-7753(91)80004-H,3,VFT,0.7307822756663892,0.3528547271956134,0.3779275484707758,353.15,20.0,4,190.0
10.1016/0378-7753(91)80004-H,3,VFT,1.3911116137028026,1.3763727872676674,0.014738826435135133,353.15,20.0,4,190.0
10.1016/0378-7753(91)80004-H,3,VFT,1.376576957056512,1.3752057256573353,0.00137123139917672,353.15,20.0,4,190.0
10.1016/0378-7753(91)80004-H,3,VFT,0.8976270912904415,0.8638365212299887,0.03379057006045283,293.15,20.0,4,190.0
10.1016/0378-7753(91)80004-H,3,VFT,0.9804578922761001,0.971019831611039,0.009438060665061143,353.15,20.0,4,190.0
10.1016/0378-7753(91)80004-H,3,VFT,1.1559430179718369,1.1340035615899242,0.021939456381912636,293.15,20.0,4,190.0
10.1016/0378-7753(91)80004-H,3,VFT,1.3031960574204888,1.2914569521128303,0.011739105307658537,353.15,20.0,4,190.0
10.1016/0378-7753(91)80004-H,3,VFT,1.2771506139637967,1.2598821320060551,0.017268481957741555,293.15,20.0,4,190.0
10.1016/0378-7753(91)80004-H,3,VFT,1.3521825181113625,1.3399158017128872,0.01226671639847532,353.15,20.0,4,190.0
10.1016/0378-7753(91)80004-H,3,VFT,0.6473829701146199,0.6394388379823838,0.007944132132236104,293.15,20.0,4,190.0
10.1016/0378-7753(91)80004-H,3,VFT,1.0666985504229953,1.082056460942473,0.015357910519477658,353.15,20.0,4,190.0
10.1016/0378-7753(91)80004-H,3,VFT,0.8394780473741984,0.8327135610232658,0.00676448635093263,353.15,20.0,4,190.0
10.1016/0378-7753(91)80004-H,3,VFT,1.4974825373673704,1.4876994433708624,0.009783093996508008,353.15,20.0,4,190.0
10.1016/0378-7753(91)80004-H,3,VFT,1.0913151596972228,1.0871289730604428,0.004186186636780054,353.15,20.0,4,190.0
10.1016/0378-7753(91)80004-H,3,VFT,1.1583624920952498,1.1497113453232033,0.00865114677204648,353.15,20.0,4,190.0
10.1016/0378-7753(91)80004-H,3,VFT,1.371806458507416,1.3731754986711573,0.0013690401637413974,353.15,20.0,4,190.0
10.1016/0378-7753(91)80004-H,3,VFT,1.5092025223311027,1.4970191369207986,0.01218338541030417,353.15,20.0,4,190.0
10.1016/0378-7753(91)80004-H,3,VFT,1.3725438007590702,1.3624280095105683,0.010115791248501926,353.15,20.0,4,190.0
10.1016/0378-7753(91)80004-H,3,VFT,0.9694159123539814,0.9589164167202098,0.010499495633771616,353.15,20.0,4,190.0
10.1016/0378-7753(91)80004-H,3,VFT,1.199480914862356,1.1865091318736,0.012971782988755898,353.15,20.0,4,190.0
10.1016/0378-7753(91)80004-H,3,VFT,1.318897714627487,1.3354819050298592,0.016584190402372245,353.15,20.0,4,190.0
10.1016/0378-7753(91)80004-H,3,VFT,1.4499409887733377,1.4593491715308837,0.009408182757546069,353.15,20.0,4,190.0
10.1016/0378-7753(91)80004-H,3,VFT,1.2898118391176214,1.3012330792338085,0.01142124011618706,353.15,20.0,4,190.0
10.1016/0378-7753(91)80004-H,3,VFT,0.8142475957319202,0.8061088896601587,0.008138706071761481,353.15,20.0,4,190.0
10.1016/0378-7753(91)80004-H,3,VFT,1.0546130545568877,1.0438569898064474,0.01075606475044033,353.15,20.0,4,190.0
10.1016/0378-7753(91)80004-H,3,VFT,1.5128177585648732,1.5088430310097685,0.003974727555104751,353.15,20.0,4,190.0
10.1016/0378-7753(91)80004-H,3,VFT,1.2778383330020475,1.2454032392178875,0.032435093784159985,353.15,20.0,4,190.0
10.1016/0378-7753(91)80004-H,3,VFT,1.2301933788690456,1.1883142172742711,0.04187916159477445,353.15,20.0,4,190.0
10.1016/0378-7753(91)80004-H,3,VFT,1.5809249756756194,1.5618464759814998,0.019078499694119566,353.15,20.0,4,190.0
10.1016/0378-7753(91)80004-H,3,VFT,1.3412366232386923,1.3306608346149136,0.010575788623778726,353.15,20.0,4,190.0
10.1016/0378-7753(91)80004-H,3,VFT,1.1945143418824673,1.184340201003415,0.010174140879052329,353.15,20.0,4,190.0
10.1016/0378-7753(91)80004-H,3,VFT,0.7442929831226762,0.7367517168488437,0.007541266273832559,353.15,20.0,4,190.0
10.1016/0378-7753(91)80004-H,3,VFT,1.2469906992415498,1.2394686747982142,0.0075220244433356065,353.15,20.0,4,190.0
10.1016/0378-7753(91)80004-H,3,VFT,1.0877814178095424,1.0686886038219519,0.01909281398759055,353.15,20.0,4,190.0
10.1016/0378-7753(91)80004-H,3,VFT,1.0098756337121602,1.0002497380037387,0.009625895708421428,353.15,20.0,4,190.0
10.1016/0378-7753(91)80004-H,3,VFT,1.1115985248803941,1.0366191308793864,0.07497939400100773,353.15,20.0,4,190.0
10.1016/0378-7753(91)80004-H,3,VFT,1.1637575239819558,1.1312809975980747,0.0324765263838811,293.15,20.0,4,190.0
10.1016/0378-7753(91)80004-H,3,VFT,1.1699681739968923,1.1436494851518875,0.02631868884500488,293.15,20.0,4,190.0
10.1016/0378-7753(91)80004-H,3,VFT,1.0220157398177203,1.0053042648829282,0.01671147493479208,293.15,20.0,4,190.0
10.1016/0378-7753(91)80004-H,3,VFT,0.9694159123539814,0.9213580787486536,0.04805783360532778,293.15,20.0,4,190.0
10.1016/0378-7753(91)80004-H,3,VFT,1.1264561134318043,1.1130173397342586,0.013438773697545647,353.15,20.0,4,190.0
10.1016/0378-7753(91)80004-H,3,VFT,1.2296818423176759,1.2184000807094149,0.011281761608260998,353.15,20.0,4,190.0
10.1016/0378-7753(91)80004-H,3,VFT,1.1992064791616577,1.19085211816693,0.008354360994727639,353.15,20.0,4,190.0
10.1016/0378-7753(91)80004-H,3,VFT,1.2622137054764169,1.2517333350231237,0.010480370453293197,353.15,20.0,4,190.0
10.1016/0378-7753(91)80004-H,3,VFT,1.1132746924643504,1.100233806296024,0.013040886168326438,353.15,20.0,4,190.0
10.1016/0378-7753(91)80004-H,3,VFT,1.06781451116184,1.0590729028860855,0.008741608275754542,353.15,20.0,4,190.0
10.1016/0378-7753(91)80004-H,3,VFT,1.2390490931401914,1.2329663001074131,0.006082793032778255,353.15,20.0,4,190.0
10.1016/0378-7753(91)80004-H,3,VFT,1.0666985504229953,0.9903740826868773,0.076324467736118,353.15,20.0,4,190.0
10.1016/0378-7753(91)80004-H,3,VFT,1.161966616364075,1.1473621127043352,0.014604503659739754,353.15,20.0,4,190.0
10.1016/0378-7753(91)80004-H,3,VFT,1.266936911159173,1.2548894888675424,0.012047422291630694,353.15,20.0,4,190.0
10.1016/0378-7753(91)80004-H,3,VFT,1.0874264570362855,1.0921759438761036,0.004749486839818129,353.15,20.0,4,190.0
10.1016/0378-7753(91)80004-H,3,VFT,1.1430148002540952,1.164362724381407,0.02134792412731179,353.15,20.0,4,190.0
10.1016/0378-7753(91)80004-H,3,VFT,1.1661339703051092,1.1437515290831928,0.02238244122191646,353.15,20.0,4,190.0
10.1016/0378-7753(91)80004-H,3,VFT,1.0086001717619175,0.9673223662133595,0.04127780554855798,353.15,20.0,4,190.0
10.1016/0378-7753(91)80004-H,3,VFT,1.2773799746672547,1.2672702619927327,0.010109712674521987,353.15,20.0,4,190.0
10.1016/0378-7753(91)80004-H,3,VFT,1.0503797562614579,1.0799392912383818,0.029559534976923985,353.15,20.0,4,190.0
10.1016/0378-7753(91)80004-H,3,VFT,1.2489536154957075,1.241488307419595,0.0074653080761124535,353.15,20.0,4,190.0
10.1016/0378-7753(91)80004-H,3,VFT,1.2953471483336179,1.285665207492783,0.009681940840834846,353.15,20.0,4,190.0
10.1016/0378-7753(91)80004-H,3,VFT,0.8733206018153987,0.8711903369228422,0.0021302648925565215,293.15,20.0,4,190.0
10.1016/0378-7753(91)80004-H,3,VFT,1.3025473724874856,1.3051310896987918,0.0025837172113061246,353.15,20.0,4,190.0
10.1016/0378-7753(91)80004-H,3,VFT,0.9329808219231982,0.9041425398171863,0.028838282106011914,293.15,20.0,4,190.0
10.1016/0378-7753(91)80004-H,3,VFT,0.9925535178321356,0.9693332604134007,0.023220257418734902,293.15,20.0,4,190.0
10.1016/0378-7753(91)80004-H,3,VFT,1.1778249718646818,1.1826312750898305,0.004806303225148634,293.15,20.0,4,190.0
10.1016/0378-7753(91)80004-H,3,VFT,0.9916690073799486,0.9944340842558421,0.0027650768758935573,293.15,20.0,4,190.0
10.1016/0378-7753(91)80004-H,3,VFT,1.2190603324488614,1.202575336142075,0.016484996306786348,353.15,20.0,4,190.0
10.1016/0378-7753(91)80004-H,3,VFT,1.1634595517699902,1.158686835864874,0.004772715905116076,293.15,20.0,4,190.0
10.1016/0378-7753(91)80004-H,3,VFT,1.1271047983648077,1.148464882434538,0.021360084069730334,353.15,20.0,4,190.0
10.1016/0378-7753(91)80004-H,3,VFT,0.75815462196739,0.7340597077048907,0.024094914262499323,293.15,20.0,4,190.0
10.1016/0378-7753(91)80004-H,3,VFT,0.8543060418010806,0.8391949587881098,0.015111083012970816,353.15,20.0,4,190.0
10.1016/0378-7753(91)80004-H,3,VFT,1.100370545117563,1.0760777120274327,0.024292833090130195,353.15,20.0,4,190.0
10.1016/0378-7753(91)80004-H,3,VFT,1.0614524790871933,1.0514772200245508,0.009975259062642516,353.15,20.0,4,190.0
10.1016/0378-7753(91)80004-H,3,VFT,0.9014583213961124,0.8775798340564264,0.023878487339686005,353.15,20.0,4,190.0
10.1016/0378-7753(91)80004-H,3,VFT,1.0277572046905534,1.1158476405247475,0.08809043583419407,333.15,20.0,4,190.0
10.1016/0378-7753(91)80004-H,3,VFT,0.7965743332104297,0.7749134243916419,0.021660908818787794,353.15,20.0,4,190.0
10.1016/0378-7753(91)80004-H,3,VFT,0.49968708261840383,0.4753359098107539,0.024351172807649923,353.15,20.0,4,190.0
10.1016/0378-7753(91)80004-H,3,VFT,1.1095785469043866,1.1245575086411959,0.014978961736809238,293.15,20.0,4,190.0
10.1016/0378-7753(91)80004-H,3,VFT,0.9652017010259121,0.9529535657869835,0.012248135238928537,353.15,20.0,4,190.0
10.1016/0378-7753(91)80004-H,3,VFT,0.8202014594856403,0.8064595067272038,0.013741952758436482,353.15,20.0,4,190.0
10.1016/0378-7753(91)80004-H,3,VFT,0.9400181550076633,0.9250577823836972,0.0149603726239661,353.15,20.0,4,190.0
10.1016/0378-7753(91)80004-H,3,VFT,0.909020854211156,0.8976409587646483,0.011379895446507637,353.15,20.0,4,190.0
10.1016/0378-7753(91)80004-H,3,VFT,1.0068937079479006,0.9937914624570419,0.0131022454908587,353.15,20.0,4,190.0
10.1016/0378-7753(91)80004-H,3,VFT,0.9703468762300933,0.9597833132780222,0.01056356295207106,353.15,20.0,4,190.0
10.1016/0378-7753(91)80004-H,3,VFT,0.8992731873176038,0.8905523727779767,0.008720814539627031,353.15,20.0,4,190.0
10.1016/0378-7753(91)80004-H,3,VFT,0.9390197764486664,0.9253960538591377,0.013623722589528708,353.15,20.0,4,190.0
10.1016/0378-7753(91)80004-H,3,VFT,1.0342272607705507,1.0210015771984953,0.013225683572055447,353.15,20.0,4,190.0
10.1016/0378-7753(91)80004-H,3,VFT,1.070037866607755,1.0605526078672831,0.009485258740471902,353.15,20.0,4,190.0
10.1016/0378-7753(91)80004-H,3,VFT,1.0253058652647702,1.0147212041306988,0.010584661134071416,353.15,20.0,4,190.0
10.1016/0378-7753(91)80004-H,3,VFT,-0.3979400086720376,-0.390303247190891,0.0076367614811466145,353.15,20.0,4,190.0
10.1016/0378-7753(91)80004-H,3,VFT,0.9867717342662449,0.9584822146264518,0.028289519639793093,333.15,20.0,4,190.0
10.1016/0378-7753(91)80004-H,3,VFT,1.2100508498751372,1.2012507865817996,0.008800063293337601,353.15,20.0,4,190.0
10.1016/0378-7753(91)80004-H,3,VFT,1.2273724422896362,1.2170834474481116,0.010288994841524568,353.15,20.0,4,190.0
10.1016/0378-7753(91)80004-H,3,VFT,1.2866809693549301,1.2733388017545364,0.01334216760039375,353.15,20.0,4,190.0
10.1016/0378-7753(91)80004-H,3,VFT,0.5185139398778874,0.5105306820584948,0.007983257819392575,353.15,20.0,4,190.0
10.1016/0378-7753(91)80004-H,3,VFT,0.8082109729242221,0.7934842175568763,0.0147267553673458,353.15,20.0,4,190.0
10.1016/0378-7753(91)80004-H,3,VFT,1.0257153839013406,1.0145865332515256,0.011128850649815059,353.15,20.0,4,190.0
10.1016/0378-7753(91)80004-H,3,VFT,1.123524980942732,1.1159897112497292,0.007535269693002666,353.15,20.0,4,190.0
10.1016/0378-7753(91)80004-H,3,VFT,0.8998205024270963,0.886496255861105,0.013324246565991293,353.15,20.0,4,190.0
10.1016/0378-7753(91)80004-H,3,VFT,1.052693941924968,1.0456002159637865,0.007093725961181407,353.15,20.0,4,190.0
10.1016/0378-7753(91)80004-H,3,VFT,1.0799044676667207,1.0679189685995187,0.011985499067201921,353.15,20.0,4,190.0
10.1016/0378-7753(91)80004-H,3,VFT,1.1417632302757879,1.1266511883510426,0.015112041924745245,353.15,20.0,4,190.0
10.1016/0378-7753(91)80004-H,3,VFT,1.4053463601757088,1.400657033288999,0.004689326886709866,353.15,20.0,4,190.0
10.1016/0378-7753(91)80004-H,3,VFT,1.3856062735983121,1.3751840710473413,0.010422202550970816,353.15,20.0,4,190.0
10.1016/0378-7753(91)80004-H,3,VFT,1.4144719496293028,1.4027911188818085,0.011680830747494264,353.15,20.0,4,190.0
10.1016/0378-7753(91)80004-H,3,VFT,1.2893659515200318,1.2752813964900838,0.014084555029947987,353.15,20.0,4,190.0
10.1016/0378-7753(91)80004-H,3,VFT,1.0330214446829107,1.0225867757469094,0.010434668936001312,353.15,20.0,4,190.0
10.1016/0378-7753(91)80004-H,3,VFT,0.21484384804769785,0.3457246372523569,0.13088078920465906,353.15,20.0,4,190.0
10.1016/0378-7753(91)80004-H,3,independent_per_curve_GPR,0.436162647040756,0.347173987077798,0.08898865996295802,293.15,20.0,4,190.0
10.1016/0378-7753(91)80004-H,3,independent_per_curve_GPR,1.4940153747571439,1.3491920802482138,0.14482329450893006,353.15,20.0,4,190.0
10.1016/0378-7753(91)80004-H,3,independent_per_curve_GPR,1.4379090355394983,1.3011964113033754,0.13671262423612296,353.15,20.0,4,190.0
10.1016/0378-7753(91)80004-H,3,independent_per_curve_GPR,1.4679039465228003,1.3082254619609102,0.15967848456189015,353.15,20.0,4,190.0
10.1016/0378-7753(91)80004-H,3,independent_per_curve_GPR,1.1085650237328344,0.8972294330873481,0.21133559064548624,313.15,20.0,4,190.0
10.1016/0378-7753(91)80004-H,3,independent_per_curve_GPR,0.8785217955012065,0.718481303280376,0.1600404922208305,293.15,20.0,4,190.0
10.1016/0378-7753(91)80004-H,3,independent_per_curve_GPR,1.0622058088197126,0.8751663698934787,0.18703943892623387,293.15,20.0,4,190.0
10.1016/0378-7753(91)80004-H,3,independent_per_curve_GPR,1.0499928569201427,0.8130134855112446,0.23697937140889802,293.15,20.0,4,190.0
10.1016/0378-7753(91)80004-H,3,independent_per_curve_GPR,1.224014811372864,1.0958684857732317,0.12814632559963224,353.15,20.0,4,190.0
10.1016/0378-7753(91)80004-H,3,independent_per_curve_GPR,0.7307822756663892,0.4863569889542454,0.2444252867121438,353.15,20.0,4,190.0
10.1016/0378-7753(91)80004-H,3,independent_per_curve_GPR,1.3911116137028026,1.262471843846327,0.12863976985647563,353.15,20.0,4,190.0
10.1016/0378-7753(91)80004-H,3,independent_per_curve_GPR,1.376576957056512,1.2892967918006244,0.08728016525588767,353.15,20.0,4,190.0
10.1016/0378-7753(91)80004-H,3,independent_per_curve_GPR,0.8976270912904415,0.6055583279966217,0.2920687632938198,293.15,20.0,4,190.0
10.1016/0378-7753(91)80004-H,3,independent_per_curve_GPR,0.9804578922761001,0.6640375338339704,0.3164203584421298,353.15,20.0,4,190.0
10.1016/0378-7753(91)80004-H,3,independent_per_curve_GPR,1.1559430179718369,0.9938020475442192,0.16214097042761766,293.15,20.0,4,190.0
10.1016/0378-7753(91)80004-H,3,independent_per_curve_GPR,1.3031960574204888,1.1116857382151384,0.19151031920535044,353.15,20.0,4,190.0
10.1016/0378-7753(91)80004-H,3,independent_per_curve_GPR,1.2771506139637967,1.137122276209011,0.14002833775478574,293.15,20.0,4,190.0
10.1016/0378-7753(91)80004-H,3,independent_per_curve_GPR,1.3521825181113625,1.188808310793368,0.16337420731799446,353.15,20.0,4,190.0
10.1016/0378-7753(91)80004-H,3,independent_per_curve_GPR,0.6473829701146199,0.5641743368255479,0.08320863328907202,293.15,20.0,4,190.0
10.1016/0378-7753(91)80004-H,3,independent_per_curve_GPR,1.0666985504229953,0.9158006525923448,0.15089789783065055,353.15,20.0,4,190.0
10.1016/0378-7753(91)80004-H,3,independent_per_curve_GPR,0.8394780473741984,0.6119101461840684,0.22756790119013004,353.15,20.0,4,190.0
10.1016/0378-7753(91)80004-H,3,independent_per_curve_GPR,1.4974825373673704,1.3388241906711142,0.15865834669625611,353.15,20.0,4,190.0
10.1016/0378-7753(91)80004-H,3,independent_per_curve_GPR,1.0913151596972228,0.8539078337482267,0.23740732594899616,353.15,20.0,4,190.0
10.1016/0378-7753(91)80004-H,3,independent_per_curve_GPR,1.1583624920952498,0.9295290757786113,0.22883341631663845,353.15,20.0,4,190.0
10.1016/0378-7753(91)80004-H,3,independent_per_curve_GPR,1.371806458507416,1.2167187484305395,0.15508771007687638,353.15,20.0,4,190.0
10.1016/0378-7753(91)80004-H,3,independent_per_curve_GPR,1.5092025223311027,1.364976909028647,0.14422561330245576,353.15,20.0,4,190.0
10.1016/0378-7753(91)80004-H,3,independent_per_curve_GPR,1.3725438007590702,1.2172214854051013,0.1553223153539689,353.15,20.0,4,190.0
10.1016/0378-7753(91)80004-H,3,independent_per_curve_GPR,0.9694159123539814,0.7300840781755513,0.23933183417843007,353.15,20.0,4,190.0
10.1016/0378-7753(91)80004-H,3,independent_per_curve_GPR,1.199480914862356,0.9818589341173987,0.2176219807449573,353.15,20.0,4,190.0
10.1016/0378-7753(91)80004-H,3,independent_per_curve_GPR,1.318897714627487,0.9276570232740105,0.3912406913534765,353.15,20.0,4,190.0
10.1016/0378-7753(91)80004-H,3,independent_per_curve_GPR,1.4499409887733377,1.305015202305498,0.1449257864678397,353.15,20.0,4,190.0
10.1016/0378-7753(91)80004-H,3,independent_per_curve_GPR,1.2898118391176214,0.9079161119476303,0.3818957271699911,353.15,20.0,4,190.0
10.1016/0378-7753(91)80004-H,3,independent_per_curve_GPR,0.8142475957319202,0.4838672875712491,0.3303803081606711,353.15,20.0,4,190.0
10.1016/0378-7753(91)80004-H,3,independent_per_curve_GPR,1.0546130545568877,0.7893508621995219,0.2652621923573658,353.15,20.0,4,190.0
10.1016/0378-7753(91)80004-H,3,independent_per_curve_GPR,1.5128177585648732,1.3511555770787322,0.16166218148614098,353.15,20.0,4,190.0
10.1016/0378-7753(91)80004-H,3,independent_per_curve_GPR,1.2778383330020475,1.076751942572596,0.20108639042945153,353.15,20.0,4,190.0
10.1016/0378-7753(91)80004-H,3,independent_per_curve_GPR,1.2301933788690456,1.0318322086405887,0.1983611702284569,353.15,20.0,4,190.0
10.1016/0378-7753(91)80004-H,3,independent_per_curve_GPR,1.5809249756756194,1.4381618257308009,0.14276314994481853,353.15,20.0,4,190.0
10.1016/0378-7753(91)80004-H,3,independent_per_curve_GPR,1.3412366232386923,1.14537043964098,0.19586618359771224,353.15,20.0,4,190.0
10.1016/0378-7753(91)80004-H,3,independent_per_curve_GPR,1.1945143418824673,0.9862055807458596,0.20830876113660768,353.15,20.0,4,190.0
10.1016/0378-7753(91)80004-H,3,independent_per_curve_GPR,0.7442929831226762,0.5379642668493659,0.2063287162733103,353.15,20.0,4,190.0
10.1016/0378-7753(91)80004-H,3,independent_per_curve_GPR,1.2469906992415498,1.0534258570517079,0.19356484218984193,353.15,20.0,4,190.0
10.1016/0378-7753(91)80004-H,3,independent_per_curve_GPR,1.0877814178095424,0.8266988587628189,0.2610825590467235,353.15,20.0,4,190.0
10.1016/0378-7753(91)80004-H,3,independent_per_curve_GPR,1.0098756337121602,0.8019075769702955,0.2079680567418647,353.15,20.0,4,190.0
10.1016/0378-7753(91)80004-H,3,independent_per_curve_GPR,1.1115985248803941,0.7746376087280678,0.3369609161523264,353.15,20.0,4,190.0
10.1016/0378-7753(91)80004-H,3,independent_per_curve_GPR,1.1637575239819558,0.9516129785873912,0.2121445453945645,293.15,20.0,4,190.0
10.1016/0378-7753(91)80004-H,3,independent_per_curve_GPR,1.1699681739968923,0.9944903304985078,0.17547784349838458,293.15,20.0,4,190.0
10.1016/0378-7753(91)80004-H,3,independent_per_curve_GPR,1.0220157398177203,0.8883099673290771,0.13370577248864324,293.15,20.0,4,190.0
10.1016/0378-7753(91)80004-H,3,independent_per_curve_GPR,0.9694159123539814,0.6423620832312547,0.32705382912272674,293.15,20.0,4,190.0
10.1016/0378-7753(91)80004-H,3,independent_per_curve_GPR,1.1264561134318043,0.9258025243132844,0.20065358911851994,353.15,20.0,4,190.0
10.1016/0378-7753(91)80004-H,3,independent_per_curve_GPR,1.2296818423176759,1.000665434235873,0.2290164080818029,353.15,20.0,4,190.0
10.1016/0378-7753(91)80004-H,3,independent_per_curve_GPR,1.1992064791616577,0.9097754990807886,0.2894309800808691,353.15,20.0,4,190.0
10.1016/0378-7753(91)80004-H,3,independent_per_curve_GPR,1.2622137054764169,1.0372631232634342,0.2249505822129827,353.15,20.0,4,190.0
10.1016/0378-7753(91)80004-H,3,independent_per_curve_GPR,1.1132746924643504,0.8541775637631475,0.25909712870120294,353.15,20.0,4,190.0
10.1016/0378-7753(91)80004-H,3,independent_per_curve_GPR,1.06781451116184,0.8010316388705983,0.26678287229124176,353.15,20.0,4,190.0
10.1016/0378-7753(91)80004-H,3,independent_per_curve_GPR,1.2390490931401914,0.9526380055908898,0.28641108754930156,353.15,20.0,4,190.0
10.1016/0378-7753(91)80004-H,3,independent_per_curve_GPR,1.0666985504229953,0.7401637402102247,0.32653481021277064,353.15,20.0,4,190.0
10.1016/0378-7753(91)80004-H,3,independent_per_curve_GPR,1.161966616364075,0.964222172941311,0.19774444342276398,353.15,20.0,4,190.0
10.1016/0378-7753(91)80004-H,3,independent_per_curve_GPR,1.266936911159173,1.037094808421977,0.22984210273719596,353.15,20.0,4,190.0
10.1016/0378-7753(91)80004-H,3,independent_per_curve_GPR,1.0874264570362855,0.711480028222346,0.37594642881393947,353.15,20.0,4,190.0
10.1016/0378-7753(91)80004-H,3,independent_per_curve_GPR,1.1430148002540952,0.7664333774984827,0.37658142275561246,353.15,20.0,4,190.0
10.1016/0378-7753(91)80004-H,3,independent_per_curve_GPR,1.1661339703051092,0.919020515969742,0.24711345433536724,353.15,20.0,4,190.0
10.1016/0378-7753(91)80004-H,3,independent_per_curve_GPR,1.0086001717619175,0.7731567398667187,0.23544343189519878,353.15,20.0,4,190.0
10.1016/0378-7753(91)80004-H,3,independent_per_curve_GPR,1.2773799746672547,1.060861456368855,0.21651851829839974,353.15,20.0,4,190.0
10.1016/0378-7753(91)80004-H,3,independent_per_curve_GPR,1.0503797562614579,0.5793206080631869,0.471059148198271,353.15,20.0,4,190.0
10.1016/0378-7753(91)80004-H,3,independent_per_curve_GPR,1.2489536154957075,1.0503150722469419,0.19863854324876562,353.15,20.0,4,190.0
10.1016/0378-7753(91)80004-H,3,independent_per_curve_GPR,1.2953471483336179,1.0722857466595805,0.22306140167403732,353.15,20.0,4,190.0
10.1016/0378-7753(91)80004-H,3,independent_per_curve_GPR,0.8733206018153987,0.7356830285168428,0.13763757329855597,293.15,20.0,4,190.0
10.1016/0378-7753(91)80004-H,3,independent_per_curve_GPR,1.3025473724874856,1.0960020846374496,0.206545287850036,353.15,20.0,4,190.0
10.1016/0378-7753(91)80004-H,3,independent_per_curve_GPR,0.9329808219231982,0.6164498378877539,0.31653098403544433,293.15,20.0,4,190.0
10.1016/0378-7753(91)80004-H,3,independent_per_curve_GPR,0.9925535178321356,0.7504464069668835,0.24210711086525216,293.15,20.0,4,190.0
10.1016/0378-7753(91)80004-H,3,independent_per_curve_GPR,1.1778249718646818,1.0998086004345393,0.0780163714301425,293.15,20.0,4,190.0
10.1016/0378-7753(91)80004-H,3,independent_per_curve_GPR,0.9916690073799486,0.9353812281665826,0.05628777921336592,293.15,20.0,4,190.0
10.1016/0378-7753(91)80004-H,3,independent_per_curve_GPR,1.2190603324488614,0.9853824982532886,0.23367783419557275,353.15,20.0,4,190.0
10.1016/0378-7753(91)80004-H,3,independent_per_curve_GPR,1.1634595517699902,1.0498906369244598,0.11356891484553033,293.15,20.0,4,190.0
10.1016/0378-7753(91)80004-H,3,independent_per_curve_GPR,1.1271047983648077,0.9611812468923928,0.1659235514724149,353.15,20.0,4,190.0
10.1016/0378-7753(91)80004-H,3,independent_per_curve_GPR,0.75815462196739,0.3278704390132198,0.4302841829541702,293.15,20.0,4,190.0
10.1016/0378-7753(91)80004-H,3,independent_per_curve_GPR,0.8543060418010806,0.5364706063155695,0.3178354354855111,353.15,20.0,4,190.0
10.1016/0378-7753(91)80004-H,3,independent_per_curve_GPR,1.100370545117563,0.8371047380469332,0.26326580707062974,353.15,20.0,4,190.0
10.1016/0378-7753(91)80004-H,3,independent_per_curve_GPR,1.0614524790871933,0.8015024575086358,0.2599500215785575,353.15,20.0,4,190.0
10.1016/0378-7753(91)80004-H,3,independent_per_curve_GPR,0.9014583213961124,0.6245445115455652,0.27691380985054714,353.15,20.0,4,190.0
10.1016/0378-7753(91)80004-H,3,independent_per_curve_GPR,1.0277572046905534,0.8653508402965526,0.1624063643940008,333.15,20.0,4,190.0
10.1016/0378-7753(91)80004-H,3,independent_per_curve_GPR,0.7965743332104297,0.550996080061718,0.24557825314871173,353.15,20.0,4,190.0
10.1016/0378-7753(91)80004-H,3,independent_per_curve_GPR,0.49968708261840383,0.26477971580843895,0.23490736680996488,353.15,20.0,4,190.0
10.1016/0378-7753(91)80004-H,3,independent_per_curve_GPR,1.1095785469043866,0.9872124616122415,0.1223660852921451,293.15,20.0,4,190.0
10.1016/0378-7753(91)80004-H,3,independent_per_curve_GPR,0.9652017010259121,0.7003449782066583,0.26485672281925376,353.15,20.0,4,190.0
10.1016/0378-7753(91)80004-H,3,independent_per_curve_GPR,0.8202014594856403,0.5431694987202358,0.2770319607654045,353.15,20.0,4,190.0
10.1016/0378-7753(91)80004-H,3,independent_per_curve_GPR,0.9400181550076633,0.6440235555361508,0.2959945994715125,353.15,20.0,4,190.0
10.1016/0378-7753(91)80004-H,3,independent_per_curve_GPR,0.909020854211156,0.49586502879415373,0.41315582541700224,353.15,20.0,4,190.0
10.1016/0378-7753(91)80004-H,3,independent_per_curve_GPR,1.0068937079479006,0.7818638811218144,0.2250298268260862,353.15,20.0,4,190.0
10.1016/0378-7753(91)80004-H,3,independent_per_curve_GPR,0.9703468762300933,0.7310657861531916,0.23928109007690168,353.15,20.0,4,190.0
10.1016/0378-7753(91)80004-H,3,independent_per_curve_GPR,0.8992731873176038,0.604329109206438,0.29494407811116574,353.15,20.0,4,190.0
10.1016/0378-7753(91)80004-H,3,independent_per_curve_GPR,0.9390197764486664,0.6349567760125417,0.30406300043612466,353.15,20.0,4,190.0
10.1016/0378-7753(91)80004-H,3,independent_per_curve_GPR,1.0342272607705507,0.8176259285105798,0.2166013322599709,353.15,20.0,4,190.0
10.1016/0378-7753(91)80004-H,3,independent_per_curve_GPR,1.070037866607755,0.8907861097125563,0.17925175689519868,353.15,20.0,4,190.0
10.1016/0378-7753(91)80004-H,3,independent_per_curve_GPR,1.0253058652647702,0.7638953185835861,0.26141054668118413,353.15,20.0,4,190.0
10.1016/0378-7753(91)80004-H,3,independent_per_curve_GPR,-0.3979400086720376,-0.4939555550458009,0.0960155463737633,353.15,20.0,4,190.0
10.1016/0378-7753(91)80004-H,3,independent_per_curve_GPR,0.9867717342662449,0.761865602343974,0.22490613192227082,333.15,20.0,4,190.0
10.1016/0378-7753(91)80004-H,3,independent_per_curve_GPR,1.2100508498751372,1.0947172015191748,0.11533364835596238,353.15,20.0,4,190.0
10.1016/0378-7753(91)80004-H,3,independent_per_curve_GPR,1.2273724422896362,1.0060713392095229,0.2213011030801133,353.15,20.0,4,190.0
10.1016/0378-7753(91)80004-H,3,independent_per_curve_GPR,1.2866809693549301,1.0663920199958437,0.2202889493590865,353.15,20.0,4,190.0
10.1016/0378-7753(91)80004-H,3,independent_per_curve_GPR,0.5185139398778874,0.39250389216898846,0.12601004770889895,353.15,20.0,4,190.0
10.1016/0378-7753(91)80004-H,3,independent_per_curve_GPR,0.8082109729242221,0.5910991631803603,0.2171118097438618,353.15,20.0,4,190.0
10.1016/0378-7753(91)80004-H,3,independent_per_curve_GPR,1.0257153839013406,0.903862766405853,0.1218526174954877,353.15,20.0,4,190.0
10.1016/0378-7753(91)80004-H,3,independent_per_curve_GPR,1.123524980942732,1.0046815276552574,0.11884345328747448,353.15,20.0,4,190.0
10.1016/0378-7753(91)80004-H,3,independent_per_curve_GPR,0.8998205024270963,0.736881986623055,0.16293851580404128,353.15,20.0,4,190.0
10.1016/0378-7753(91)80004-H,3,independent_per_curve_GPR,1.052693941924968,0.8708604560404452,0.18183348588452275,353.15,20.0,4,190.0
10.1016/0378-7753(91)80004-H,3,independent_per_curve_GPR,1.0799044676667207,0.9691641488878395,0.11074031877888113,353.15,20.0,4,190.0
10.1016/0378-7753(91)80004-H,3,independent_per_curve_GPR,1.1417632302757879,0.9380669125964497,0.20369631767933816,353.15,20.0,4,190.0
10.1016/0378-7753(91)80004-H,3,independent_per_curve_GPR,1.4053463601757088,1.2729007880811851,0.13244557209452368,353.15,20.0,4,190.0
10.1016/0378-7753(91)80004-H,3,independent_per_curve_GPR,1.3856062735983121,1.2279821795202044,0.15762409407810773,353.15,20.0,4,190.0
10.1016/0378-7753(91)80004-H,3,independent_per_curve_GPR,1.4144719496293028,1.2575925359251325,0.15687941370417025,353.15,20.0,4,190.0
10.1016/0378-7753(91)80004-H,3,independent_per_curve_GPR,1.2893659515200318,1.123562420567928,0.16580353095210376,353.15,20.0,4,190.0
10.1016/0378-7753(91)80004-H,3,independent_per_curve_GPR,1.0330214446829107,0.8441481695121349,0.1888732751707758,353.15,20.0,4,190.0
10.1016/0378-7753(91)80004-H,3,independent_per_curve_GPR,0.21484384804769785,0.47136309433654155,0.2565192462888437,353.15,20.0,4,190.0
10.1016/0378-7753(91)80004-H,4,nested_budget_router,0.436162647040756,0.4261798139699617,0.009982833070794339,293.15,20.0,4,160.0
10.1016/0378-7753(91)80004-H,4,nested_budget_router,1.4940153747571439,1.4913711676579084,0.002644207099235407,353.15,20.0,4,160.0
10.1016/0378-7753(91)80004-H,4,nested_budget_router,1.4379090355394983,1.434272531881565,0.003636503657933332,353.15,20.0,4,160.0
10.1016/0378-7753(91)80004-H,4,nested_budget_router,1.4679039465228003,1.4629023726626722,0.005001573860128117,353.15,20.0,4,160.0
10.1016/0378-7753(91)80004-H,4,nested_budget_router,1.1085650237328344,1.1003346661190831,0.008230357613751238,313.15,20.0,4,160.0
10.1016/0378-7753(91)80004-H,4,nested_budget_router,0.8785217955012065,0.8635341504208947,0.014987645080311807,293.15,20.0,4,160.0
10.1016/0378-7753(91)80004-H,4,nested_budget_router,1.0622058088197126,1.0481175481068825,0.014088260712830092,293.15,20.0,4,160.0
10.1016/0378-7753(91)80004-H,4,nested_budget_router,1.0499928569201427,1.0318947917952748,0.01809806512486789,293.15,20.0,4,160.0
10.1016/0378-7753(91)80004-H,4,nested_budget_router,1.224014811372864,1.219208293214403,0.004806518158460893,353.15,20.0,4,160.0
10.1016/0378-7753(91)80004-H,4,nested_budget_router,0.7307822756663892,0.5958809112411947,0.13490136442519451,353.15,20.0,4,160.0
10.1016/0378-7753(91)80004-H,4,nested_budget_router,1.3911116137028026,1.382887788142931,0.008223825559871667,353.15,20.0,4,160.0
10.1016/0378-7753(91)80004-H,4,nested_budget_router,1.376576957056512,1.3768289902755262,0.000252033219014125,353.15,20.0,4,160.0
10.1016/0378-7753(91)80004-H,4,nested_budget_router,0.8976270912904415,0.8863614516995802,0.011265639590861243,293.15,20.0,4,160.0
10.1016/0378-7753(91)80004-H,4,nested_budget_router,0.9804578922761001,1.0033697653158,0.02291187303969988,353.15,20.0,4,160.0
10.1016/0378-7753(91)80004-H,4,nested_budget_router,1.1559430179718369,1.1482432940436482,0.007699723928188629,293.15,20.0,4,160.0
10.1016/0378-7753(91)80004-H,4,nested_budget_router,1.3031960574204888,1.3009793140703843,0.0022167433501045775,353.15,20.0,4,160.0
10.1016/0378-7753(91)80004-H,4,nested_budget_router,1.2771506139637967,1.26812068938478,0.009029924579016635,293.15,20.0,4,160.0
10.1016/0378-7753(91)80004-H,4,nested_budget_router,1.3521825181113625,1.3461218345915889,0.006060683519773624,353.15,20.0,4,160.0
10.1016/0378-7753(91)80004-H,4,nested_budget_router,0.6473829701146199,0.646610016057057,0.0007729540575628358,293.15,20.0,4,160.0
10.1016/0378-7753(91)80004-H,4,nested_budget_router,1.0666985504229953,1.0829150092185946,0.016216458795599298,353.15,20.0,4,160.0
10.1016/0378-7753(91)80004-H,4,nested_budget_router,0.8394780473741984,0.852694852526011,0.01321680515181256,353.15,20.0,4,160.0
10.1016/0378-7753(91)80004-H,4,nested_budget_router,1.4974825373673704,1.496393830295447,0.0010887070719234337,353.15,20.0,4,160.0
10.1016/0378-7753(91)80004-H,4,nested_budget_router,1.0913151596972228,1.1058636105046677,0.014548450807444935,353.15,20.0,4,160.0
10.1016/0378-7753(91)80004-H,4,nested_budget_router,1.1583624920952498,1.1628535595669733,0.004491067471723564,353.15,20.0,4,160.0
10.1016/0378-7753(91)80004-H,4,nested_budget_router,1.371806458507416,1.3800058315625392,0.008199373055123305,353.15,20.0,4,160.0
10.1016/0378-7753(91)80004-H,4,nested_budget_router,1.5092025223311027,1.5037380126440243,0.005464509687078456,353.15,20.0,4,160.0
10.1016/0378-7753(91)80004-H,4,nested_budget_router,1.3725438007590702,1.3705107253241593,0.002033075434910936,353.15,20.0,4,160.0
10.1016/0378-7753(91)80004-H,4,nested_budget_router,0.9694159123539814,0.9759966278910672,0.006580715537085835,353.15,20.0,4,160.0
10.1016/0378-7753(91)80004-H,4,nested_budget_router,1.199480914862356,1.1995464890414615,6.557417910557639e-05,353.15,20.0,4,160.0
10.1016/0378-7753(91)80004-H,4,nested_budget_router,1.318897714627487,1.4078726673839776,0.0889749527564907,353.15,20.0,4,160.0
10.1016/0378-7753(91)80004-H,4,nested_budget_router,1.4499409887733377,1.467528478126589,0.017587489353251273,353.15,20.0,4,160.0
10.1016/0378-7753(91)80004-H,4,nested_budget_router,1.2898118391176214,1.3605213844635942,0.07070954534597274,353.15,20.0,4,160.0
10.1016/0378-7753(91)80004-H,4,nested_budget_router,0.8142475957319202,0.844942263716626,0.03069466798470577,353.15,20.0,4,160.0
10.1016/0378-7753(91)80004-H,4,nested_budget_router,1.0546130545568877,1.0638811125903944,0.00926805803350672,353.15,20.0,4,160.0
10.1016/0378-7753(91)80004-H,4,nested_budget_router,1.5128177585648732,1.5116679061402114,0.0011498524246618125,353.15,20.0,4,160.0
10.1016/0378-7753(91)80004-H,4,nested_budget_router,1.2778383330020475,1.253728969876848,0.024109363125199623,353.15,20.0,4,160.0
10.1016/0378-7753(91)80004-H,4,nested_budget_router,1.2301933788690456,1.2432083843122876,0.013015005443242078,353.15,20.0,4,160.0
10.1016/0378-7753(91)80004-H,4,nested_budget_router,1.5809249756756194,1.5671111134138371,0.013813862261782273,353.15,20.0,4,160.0
10.1016/0378-7753(91)80004-H,4,nested_budget_router,1.3412366232386923,1.3440045209543692,0.0027678977156768703,353.15,20.0,4,160.0
10.1016/0378-7753(91)80004-H,4,nested_budget_router,1.1945143418824673,1.1950079511092264,0.0004936092267591174,353.15,20.0,4,160.0
10.1016/0378-7753(91)80004-H,4,nested_budget_router,0.7442929831226762,0.7392586857120926,0.005034297410583588,353.15,20.0,4,160.0
10.1016/0378-7753(91)80004-H,4,nested_budget_router,1.2469906992415498,1.2541840825660446,0.0071933833244948175,353.15,20.0,4,160.0
10.1016/0378-7753(91)80004-H,4,nested_budget_router,1.0877814178095424,1.0866957606384782,0.001085657171064236,353.15,20.0,4,160.0
10.1016/0378-7753(91)80004-H,4,nested_budget_router,1.1637575239819558,1.141495400289073,0.02226212369288283,293.15,20.0,4,160.0
10.1016/0378-7753(91)80004-H,4,nested_budget_router,1.1699681739968923,1.1540895116111898,0.01587866238570257,293.15,20.0,4,160.0
10.1016/0378-7753(91)80004-H,4,nested_budget_router,1.0220157398177203,1.0138740662984924,0.008141673519227899,293.15,20.0,4,160.0
10.1016/0378-7753(91)80004-H,4,nested_budget_router,0.9694159123539814,0.9505068508569048,0.018909061497076607,293.15,20.0,4,160.0
10.1016/0378-7753(91)80004-H,4,nested_budget_router,1.1264561134318043,1.1204552826658811,0.006000830765923171,353.15,20.0,4,160.0
10.1016/0378-7753(91)80004-H,4,nested_budget_router,1.2296818423176759,1.2364042823851924,0.006722440067516544,353.15,20.0,4,160.0
10.1016/0378-7753(91)80004-H,4,nested_budget_router,1.1992064791616577,1.221030015741872,0.02182353658021441,353.15,20.0,4,160.0
10.1016/0378-7753(91)80004-H,4,nested_budget_router,1.2622137054764169,1.2700235237572015,0.007809818280784642,353.15,20.0,4,160.0
10.1016/0378-7753(91)80004-H,4,nested_budget_router,1.1132746924643504,1.1019990209221158,0.011275671542234633,353.15,20.0,4,160.0
10.1016/0378-7753(91)80004-H,4,nested_budget_router,1.06781451116184,1.0812373876865438,0.013422876524703753,353.15,20.0,4,160.0
10.1016/0378-7753(91)80004-H,4,nested_budget_router,1.2390490931401914,1.2637402642193527,0.0246911710791613,353.15,20.0,4,160.0
10.1016/0378-7753(91)80004-H,4,nested_budget_router,1.0666985504229953,1.0172441460831507,0.049454404339844604,353.15,20.0,4,160.0
10.1016/0378-7753(91)80004-H,4,nested_budget_router,1.161966616364075,1.159969343495928,0.001997272868146993,353.15,20.0,4,160.0
10.1016/0378-7753(91)80004-H,4,nested_budget_router,1.266936911159173,1.2713035034113602,0.0043665922521871625,353.15,20.0,4,160.0
10.1016/0378-7753(91)80004-H,4,nested_budget_router,1.0874264570362855,1.1388096817489624,0.05138322471267687,353.15,20.0,4,160.0
10.1016/0378-7753(91)80004-H,4,nested_budget_router,1.1430148002540952,1.2007605757132596,0.05774577545916437,353.15,20.0,4,160.0
10.1016/0378-7753(91)80004-H,4,nested_budget_router,1.1661339703051092,1.1716708866633978,0.005536916358288568,353.15,20.0,4,160.0
10.1016/0378-7753(91)80004-H,4,nested_budget_router,1.0086001717619175,0.9871784841164428,0.021421687645474696,353.15,20.0,4,160.0
10.1016/0378-7753(91)80004-H,4,nested_budget_router,1.2773799746672547,1.2830059613217746,0.0056259866545198545,353.15,20.0,4,160.0
10.1016/0378-7753(91)80004-H,4,nested_budget_router,1.0503797562614579,1.1762657875742577,0.12588603131279985,353.15,20.0,4,160.0
10.1016/0378-7753(91)80004-H,4,nested_budget_router,1.2489536154957075,1.2536061962451097,0.004652580749402224,353.15,20.0,4,160.0
10.1016/0378-7753(91)80004-H,4,nested_budget_router,1.2953471483336179,1.3030420924886112,0.007694944154993388,353.15,20.0,4,160.0
10.1016/0378-7753(91)80004-H,4,nested_budget_router,0.9329808219231982,0.9244924767454534,0.008488345177744772,293.15,20.0,4,160.0
10.1016/0378-7753(91)80004-H,4,nested_budget_router,0.9925535178321356,0.9830328717204281,0.009520646111707554,293.15,20.0,4,160.0
10.1016/0378-7753(91)80004-H,4,nested_budget_router,1.1778249718646818,1.1926023516693913,0.0147773798047095,293.15,20.0,4,160.0
10.1016/0378-7753(91)80004-H,4,nested_budget_router,0.9916690073799486,1.0020756696131894,0.010406662233240827,293.15,20.0,4,160.0
10.1016/0378-7753(91)80004-H,4,nested_budget_router,1.2190603324488614,1.2205046879783192,0.0014443555294578747,353.15,20.0,4,160.0
10.1016/0378-7753(91)80004-H,4,nested_budget_router,1.1634595517699902,1.171456652201715,0.007997100431724746,293.15,20.0,4,160.0
10.1016/0378-7753(91)80004-H,4,nested_budget_router,1.1271047983648077,1.1836382586586334,0.056533460293825666,353.15,20.0,4,160.0
10.1016/0378-7753(91)80004-H,4,nested_budget_router,0.75815462196739,0.768422359198826,0.010267737231435925,293.15,20.0,4,160.0
10.1016/0378-7753(91)80004-H,4,nested_budget_router,0.8543060418010806,0.8627982998583748,0.008492258057294144,353.15,20.0,4,160.0
10.1016/0378-7753(91)80004-H,4,nested_budget_router,1.100370545117563,1.0960299317468394,0.004340613370723556,353.15,20.0,4,160.0
10.1016/0378-7753(91)80004-H,4,nested_budget_router,1.0614524790871933,1.0738164805769952,0.012364001489801879,353.15,20.0,4,160.0
10.1016/0378-7753(91)80004-H,4,nested_budget_router,0.9014583213961124,0.8836882802051269,0.017770041190985464,353.15,20.0,4,160.0
10.1016/0378-7753(91)80004-H,4,nested_budget_router,0.7965743332104297,0.7812335232780443,0.015340809932385402,353.15,20.0,4,160.0
10.1016/0378-7753(91)80004-H,4,nested_budget_router,1.1095785469043866,1.1096210391315255,4.2492227138923866e-05,293.15,20.0,4,160.0
10.1016/0378-7753(91)80004-H,4,nested_budget_router,0.9652017010259121,0.9776268433499491,0.01242514232403702,353.15,20.0,4,160.0
10.1016/0378-7753(91)80004-H,4,nested_budget_router,0.8202014594856403,0.8283123828862549,0.00811092340061459,353.15,20.0,4,160.0
10.1016/0378-7753(91)80004-H,4,nested_budget_router,0.9400181550076633,0.9433674005138226,0.0033492455061593374,353.15,20.0,4,160.0
10.1016/0378-7753(91)80004-H,4,nested_budget_router,0.909020854211156,0.9295176800678524,0.020496825856696432,353.15,20.0,4,160.0
10.1016/0378-7753(91)80004-H,4,nested_budget_router,1.0068937079479006,1.0127644397346929,0.005870731786792316,353.15,20.0,4,160.0
10.1016/0378-7753(91)80004-H,4,nested_budget_router,0.9703468762300933,0.9796565223445624,0.00930964611446905,353.15,20.0,4,160.0
10.1016/0378-7753(91)80004-H,4,nested_budget_router,0.8992731873176038,0.9189400799700507,0.01966689265244692,353.15,20.0,4,160.0
10.1016/0378-7753(91)80004-H,4,nested_budget_router,0.9390197764486664,0.9549748377999387,0.015955061351272337,353.15,20.0,4,160.0
10.1016/0378-7753(91)80004-H,4,nested_budget_router,1.0342272607705507,1.0392876307832593,0.005060370012708537,353.15,20.0,4,160.0
10.1016/0378-7753(91)80004-H,4,nested_budget_router,1.070037866607755,1.0733333448498938,0.0032954782421388273,353.15,20.0,4,160.0
10.1016/0378-7753(91)80004-H,4,nested_budget_router,1.0253058652647702,1.0370939788085405,0.011788113543770296,353.15,20.0,4,160.0
10.1016/0378-7753(91)80004-H,4,nested_budget_router,-0.3979400086720376,-0.3785336262080313,0.019406382464006278,353.15,20.0,4,160.0
10.1016/0378-7753(91)80004-H,4,nested_budget_router,1.2100508498751372,1.206827429721423,0.0032234201537142404,353.15,20.0,4,160.0
10.1016/0378-7753(91)80004-H,4,nested_budget_router,1.2273724422896362,1.2347639194142594,0.007391477124623291,353.15,20.0,4,160.0
10.1016/0378-7753(91)80004-H,4,nested_budget_router,1.2866809693549301,1.28998341329569,0.003302443940759847,353.15,20.0,4,160.0
10.1016/0378-7753(91)80004-H,4,nested_budget_router,0.5185139398778874,0.5067097463365348,0.011804193541352648,353.15,20.0,4,160.0
10.1016/0378-7753(91)80004-H,4,nested_budget_router,0.8082109729242221,0.8020218954938578,0.0061890774303642315,353.15,20.0,4,160.0
10.1016/0378-7753(91)80004-H,4,nested_budget_router,1.0257153839013406,1.0229960517426742,0.0027193321586664876,353.15,20.0,4,160.0
10.1016/0378-7753(91)80004-H,4,nested_budget_router,1.123524980942732,1.1223378992786512,0.001187081664080658,353.15,20.0,4,160.0
10.1016/0378-7753(91)80004-H,4,nested_budget_router,1.052693941924968,1.0600454254949414,0.007351483569973505,353.15,20.0,4,160.0
10.1016/0378-7753(91)80004-H,4,nested_budget_router,1.0799044676667207,1.0775839615456606,0.002320506121060051,353.15,20.0,4,160.0
10.1016/0378-7753(91)80004-H,4,nested_budget_router,1.1417632302757879,1.1441971509341868,0.0024339206583989803,353.15,20.0,4,160.0
10.1016/0378-7753(91)80004-H,4,nested_budget_router,1.4053463601757088,1.4041395153816543,0.001206844794054529,353.15,20.0,4,160.0
10.1016/0378-7753(91)80004-H,4,nested_budget_router,1.3856062735983121,1.3854010814914852,0.00020519210682690137,353.15,20.0,4,160.0
10.1016/0378-7753(91)80004-H,4,nested_budget_router,1.4144719496293028,1.4107368322907177,0.0037351173385851144,353.15,20.0,4,160.0
10.1016/0378-7753(91)80004-H,4,nested_budget_router,1.2893659515200318,1.2852310609913404,0.004134890528691315,353.15,20.0,4,160.0
10.1016/0378-7753(91)80004-H,4,nested_budget_router,1.0330214446829107,1.039087768233355,0.006066323550444341,353.15,20.0,4,160.0
10.1016/0378-7753(91)80004-H,4,nested_budget_router,0.21484384804769785,0.663397642225725,0.4485537941780271,353.15,20.0,4,160.0
10.1016/0378-7753(91)80004-H,4,VFT,0.436162647040756,0.4261798139699617,0.009982833070794339,293.15,20.0,4,160.0
10.1016/0378-7753(91)80004-H,4,VFT,1.4940153747571439,1.4913711676579084,0.002644207099235407,353.15,20.0,4,160.0
10.1016/0378-7753(91)80004-H,4,VFT,1.4379090355394983,1.434272531881565,0.003636503657933332,353.15,20.0,4,160.0
10.1016/0378-7753(91)80004-H,4,VFT,1.4679039465228003,1.4629023726626722,0.005001573860128117,353.15,20.0,4,160.0
10.1016/0378-7753(91)80004-H,4,VFT,1.1085650237328344,1.1003346661190831,0.008230357613751238,313.15,20.0,4,160.0
10.1016/0378-7753(91)80004-H,4,VFT,0.8785217955012065,0.8635341504208947,0.014987645080311807,293.15,20.0,4,160.0
10.1016/0378-7753(91)80004-H,4,VFT,1.0622058088197126,1.0481175481068825,0.014088260712830092,293.15,20.0,4,160.0
10.1016/0378-7753(91)80004-H,4,VFT,1.0499928569201427,1.0318947917952748,0.01809806512486789,293.15,20.0,4,160.0
10.1016/0378-7753(91)80004-H,4,VFT,1.224014811372864,1.219208293214403,0.004806518158460893,353.15,20.0,4,160.0
10.1016/0378-7753(91)80004-H,4,VFT,0.7307822756663892,0.5958809112411947,0.13490136442519451,353.15,20.0,4,160.0
10.1016/0378-7753(91)80004-H,4,VFT,1.3911116137028026,1.382887788142931,0.008223825559871667,353.15,20.0,4,160.0
10.1016/0378-7753(91)80004-H,4,VFT,1.376576957056512,1.3768289902755262,0.000252033219014125,353.15,20.0,4,160.0
10.1016/0378-7753(91)80004-H,4,VFT,0.8976270912904415,0.8863614516995802,0.011265639590861243,293.15,20.0,4,160.0
10.1016/0378-7753(91)80004-H,4,VFT,0.9804578922761001,1.0033697653158,0.02291187303969988,353.15,20.0,4,160.0
10.1016/0378-7753(91)80004-H,4,VFT,1.1559430179718369,1.1482432940436482,0.007699723928188629,293.15,20.0,4,160.0
10.1016/0378-7753(91)80004-H,4,VFT,1.3031960574204888,1.3009793140703843,0.0022167433501045775,353.15,20.0,4,160.0
10.1016/0378-7753(91)80004-H,4,VFT,1.2771506139637967,1.26812068938478,0.009029924579016635,293.15,20.0,4,160.0
10.1016/0378-7753(91)80004-H,4,VFT,1.3521825181113625,1.3461218345915889,0.006060683519773624,353.15,20.0,4,160.0
10.1016/0378-7753(91)80004-H,4,VFT,0.6473829701146199,0.646610016057057,0.0007729540575628358,293.15,20.0,4,160.0
10.1016/0378-7753(91)80004-H,4,VFT,1.0666985504229953,1.0829150092185946,0.016216458795599298,353.15,20.0,4,160.0
10.1016/0378-7753(91)80004-H,4,VFT,0.8394780473741984,0.852694852526011,0.01321680515181256,353.15,20.0,4,160.0
10.1016/0378-7753(91)80004-H,4,VFT,1.4974825373673704,1.496393830295447,0.0010887070719234337,353.15,20.0,4,160.0
10.1016/0378-7753(91)80004-H,4,VFT,1.0913151596972228,1.1058636105046677,0.014548450807444935,353.15,20.0,4,160.0
10.1016/0378-7753(91)80004-H,4,VFT,1.1583624920952498,1.1628535595669733,0.004491067471723564,353.15,20.0,4,160.0
10.1016/0378-7753(91)80004-H,4,VFT,1.371806458507416,1.3800058315625392,0.008199373055123305,353.15,20.0,4,160.0
10.1016/0378-7753(91)80004-H,4,VFT,1.5092025223311027,1.5037380126440243,0.005464509687078456,353.15,20.0,4,160.0
10.1016/0378-7753(91)80004-H,4,VFT,1.3725438007590702,1.3705107253241593,0.002033075434910936,353.15,20.0,4,160.0
10.1016/0378-7753(91)80004-H,4,VFT,0.9694159123539814,0.9759966278910672,0.006580715537085835,353.15,20.0,4,160.0
10.1016/0378-7753(91)80004-H,4,VFT,1.199480914862356,1.1995464890414615,6.557417910557639e-05,353.15,20.0,4,160.0
10.1016/0378-7753(91)80004-H,4,VFT,1.318897714627487,1.4078726673839776,0.0889749527564907,353.15,20.0,4,160.0
10.1016/0378-7753(91)80004-H,4,VFT,1.4499409887733377,1.467528478126589,0.017587489353251273,353.15,20.0,4,160.0
10.1016/0378-7753(91)80004-H,4,VFT,1.2898118391176214,1.3605213844635942,0.07070954534597274,353.15,20.0,4,160.0
10.1016/0378-7753(91)80004-H,4,VFT,0.8142475957319202,0.844942263716626,0.03069466798470577,353.15,20.0,4,160.0
10.1016/0378-7753(91)80004-H,4,VFT,1.0546130545568877,1.0638811125903944,0.00926805803350672,353.15,20.0,4,160.0
10.1016/0378-7753(91)80004-H,4,VFT,1.5128177585648732,1.5116679061402114,0.0011498524246618125,353.15,20.0,4,160.0
10.1016/0378-7753(91)80004-H,4,VFT,1.2778383330020475,1.253728969876848,0.024109363125199623,353.15,20.0,4,160.0
10.1016/0378-7753(91)80004-H,4,VFT,1.2301933788690456,1.2432083843122876,0.013015005443242078,353.15,20.0,4,160.0
10.1016/0378-7753(91)80004-H,4,VFT,1.5809249756756194,1.5671111134138371,0.013813862261782273,353.15,20.0,4,160.0
10.1016/0378-7753(91)80004-H,4,VFT,1.3412366232386923,1.3440045209543692,0.0027678977156768703,353.15,20.0,4,160.0
10.1016/0378-7753(91)80004-H,4,VFT,1.1945143418824673,1.1950079511092264,0.0004936092267591174,353.15,20.0,4,160.0
10.1016/0378-7753(91)80004-H,4,VFT,0.7442929831226762,0.7392586857120926,0.005034297410583588,353.15,20.0,4,160.0
10.1016/0378-7753(91)80004-H,4,VFT,1.2469906992415498,1.2541840825660446,0.0071933833244948175,353.15,20.0,4,160.0
10.1016/0378-7753(91)80004-H,4,VFT,1.0877814178095424,1.0866957606384782,0.001085657171064236,353.15,20.0,4,160.0
10.1016/0378-7753(91)80004-H,4,VFT,1.1637575239819558,1.141495400289073,0.02226212369288283,293.15,20.0,4,160.0
10.1016/0378-7753(91)80004-H,4,VFT,1.1699681739968923,1.1540895116111898,0.01587866238570257,293.15,20.0,4,160.0
10.1016/0378-7753(91)80004-H,4,VFT,1.0220157398177203,1.0138740662984924,0.008141673519227899,293.15,20.0,4,160.0
10.1016/0378-7753(91)80004-H,4,VFT,0.9694159123539814,0.9505068508569048,0.018909061497076607,293.15,20.0,4,160.0
10.1016/0378-7753(91)80004-H,4,VFT,1.1264561134318043,1.1204552826658811,0.006000830765923171,353.15,20.0,4,160.0
10.1016/0378-7753(91)80004-H,4,VFT,1.2296818423176759,1.2364042823851924,0.006722440067516544,353.15,20.0,4,160.0
10.1016/0378-7753(91)80004-H,4,VFT,1.1992064791616577,1.221030015741872,0.02182353658021441,353.15,20.0,4,160.0
10.1016/0378-7753(91)80004-H,4,VFT,1.2622137054764169,1.2700235237572015,0.007809818280784642,353.15,20.0,4,160.0
10.1016/0378-7753(91)80004-H,4,VFT,1.1132746924643504,1.1019990209221158,0.011275671542234633,353.15,20.0,4,160.0
10.1016/0378-7753(91)80004-H,4,VFT,1.06781451116184,1.0812373876865438,0.013422876524703753,353.15,20.0,4,160.0
10.1016/0378-7753(91)80004-H,4,VFT,1.2390490931401914,1.2637402642193527,0.0246911710791613,353.15,20.0,4,160.0
10.1016/0378-7753(91)80004-H,4,VFT,1.0666985504229953,1.0172441460831507,0.049454404339844604,353.15,20.0,4,160.0
10.1016/0378-7753(91)80004-H,4,VFT,1.161966616364075,1.159969343495928,0.001997272868146993,353.15,20.0,4,160.0
10.1016/0378-7753(91)80004-H,4,VFT,1.266936911159173,1.2713035034113602,0.0043665922521871625,353.15,20.0,4,160.0
10.1016/0378-7753(91)80004-H,4,VFT,1.0874264570362855,1.1388096817489624,0.05138322471267687,353.15,20.0,4,160.0
10.1016/0378-7753(91)80004-H,4,VFT,1.1430148002540952,1.2007605757132596,0.05774577545916437,353.15,20.0,4,160.0
10.1016/0378-7753(91)80004-H,4,VFT,1.1661339703051092,1.1716708866633978,0.005536916358288568,353.15,20.0,4,160.0
10.1016/0378-7753(91)80004-H,4,VFT,1.0086001717619175,0.9871784841164428,0.021421687645474696,353.15,20.0,4,160.0
10.1016/0378-7753(91)80004-H,4,VFT,1.2773799746672547,1.2830059613217746,0.0056259866545198545,353.15,20.0,4,160.0
10.1016/0378-7753(91)80004-H,4,VFT,1.0503797562614579,1.1762657875742577,0.12588603131279985,353.15,20.0,4,160.0
10.1016/0378-7753(91)80004-H,4,VFT,1.2489536154957075,1.2536061962451097,0.004652580749402224,353.15,20.0,4,160.0
10.1016/0378-7753(91)80004-H,4,VFT,1.2953471483336179,1.3030420924886112,0.007694944154993388,353.15,20.0,4,160.0
10.1016/0378-7753(91)80004-H,4,VFT,0.9329808219231982,0.9244924767454534,0.008488345177744772,293.15,20.0,4,160.0
10.1016/0378-7753(91)80004-H,4,VFT,0.9925535178321356,0.9830328717204281,0.009520646111707554,293.15,20.0,4,160.0
10.1016/0378-7753(91)80004-H,4,VFT,1.1778249718646818,1.1926023516693913,0.0147773798047095,293.15,20.0,4,160.0
10.1016/0378-7753(91)80004-H,4,VFT,0.9916690073799486,1.0020756696131894,0.010406662233240827,293.15,20.0,4,160.0
10.1016/0378-7753(91)80004-H,4,VFT,1.2190603324488614,1.2205046879783192,0.0014443555294578747,353.15,20.0,4,160.0
10.1016/0378-7753(91)80004-H,4,VFT,1.1634595517699902,1.171456652201715,0.007997100431724746,293.15,20.0,4,160.0
10.1016/0378-7753(91)80004-H,4,VFT,1.1271047983648077,1.1836382586586334,0.056533460293825666,353.15,20.0,4,160.0
10.1016/0378-7753(91)80004-H,4,VFT,0.75815462196739,0.768422359198826,0.010267737231435925,293.15,20.0,4,160.0
10.1016/0378-7753(91)80004-H,4,VFT,0.8543060418010806,0.8627982998583748,0.008492258057294144,353.15,20.0,4,160.0
10.1016/0378-7753(91)80004-H,4,VFT,1.100370545117563,1.0960299317468394,0.004340613370723556,353.15,20.0,4,160.0
10.1016/0378-7753(91)80004-H,4,VFT,1.0614524790871933,1.0738164805769952,0.012364001489801879,353.15,20.0,4,160.0
10.1016/0378-7753(91)80004-H,4,VFT,0.9014583213961124,0.8836882802051269,0.017770041190985464,353.15,20.0,4,160.0
10.1016/0378-7753(91)80004-H,4,VFT,0.7965743332104297,0.7812335232780443,0.015340809932385402,353.15,20.0,4,160.0
10.1016/0378-7753(91)80004-H,4,VFT,1.1095785469043866,1.1096210391315255,4.2492227138923866e-05,293.15,20.0,4,160.0
10.1016/0378-7753(91)80004-H,4,VFT,0.9652017010259121,0.9776268433499491,0.01242514232403702,353.15,20.0,4,160.0
10.1016/0378-7753(91)80004-H,4,VFT,0.8202014594856403,0.8283123828862549,0.00811092340061459,353.15,20.0,4,160.0
10.1016/0378-7753(91)80004-H,4,VFT,0.9400181550076633,0.9433674005138226,0.0033492455061593374,353.15,20.0,4,160.0
10.1016/0378-7753(91)80004-H,4,VFT,0.909020854211156,0.9295176800678524,0.020496825856696432,353.15,20.0,4,160.0
10.1016/0378-7753(91)80004-H,4,VFT,1.0068937079479006,1.0127644397346929,0.005870731786792316,353.15,20.0,4,160.0
10.1016/0378-7753(91)80004-H,4,VFT,0.9703468762300933,0.9796565223445624,0.00930964611446905,353.15,20.0,4,160.0
10.1016/0378-7753(91)80004-H,4,VFT,0.8992731873176038,0.9189400799700507,0.01966689265244692,353.15,20.0,4,160.0
10.1016/0378-7753(91)80004-H,4,VFT,0.9390197764486664,0.9549748377999387,0.015955061351272337,353.15,20.0,4,160.0
10.1016/0378-7753(91)80004-H,4,VFT,1.0342272607705507,1.0392876307832593,0.005060370012708537,353.15,20.0,4,160.0
10.1016/0378-7753(91)80004-H,4,VFT,1.070037866607755,1.0733333448498938,0.0032954782421388273,353.15,20.0,4,160.0
10.1016/0378-7753(91)80004-H,4,VFT,1.0253058652647702,1.0370939788085405,0.011788113543770296,353.15,20.0,4,160.0
10.1016/0378-7753(91)80004-H,4,VFT,-0.3979400086720376,-0.3785336262080313,0.019406382464006278,353.15,20.0,4,160.0
10.1016/0378-7753(91)80004-H,4,VFT,1.2100508498751372,1.206827429721423,0.0032234201537142404,353.15,20.0,4,160.0
10.1016/0378-7753(91)80004-H,4,VFT,1.2273724422896362,1.2347639194142594,0.007391477124623291,353.15,20.0,4,160.0
10.1016/0378-7753(91)80004-H,4,VFT,1.2866809693549301,1.28998341329569,0.003302443940759847,353.15,20.0,4,160.0
10.1016/0378-7753(91)80004-H,4,VFT,0.5185139398778874,0.5067097463365348,0.011804193541352648,353.15,20.0,4,160.0
10.1016/0378-7753(91)80004-H,4,VFT,0.8082109729242221,0.8020218954938578,0.0061890774303642315,353.15,20.0,4,160.0
10.1016/0378-7753(91)80004-H,4,VFT,1.0257153839013406,1.0229960517426742,0.0027193321586664876,353.15,20.0,4,160.0
10.1016/0378-7753(91)80004-H,4,VFT,1.123524980942732,1.1223378992786512,0.001187081664080658,353.15,20.0,4,160.0
10.1016/0378-7753(91)80004-H,4,VFT,1.052693941924968,1.0600454254949414,0.007351483569973505,353.15,20.0,4,160.0
10.1016/0378-7753(91)80004-H,4,VFT,1.0799044676667207,1.0775839615456606,0.002320506121060051,353.15,20.0,4,160.0
10.1016/0378-7753(91)80004-H,4,VFT,1.1417632302757879,1.1441971509341868,0.0024339206583989803,353.15,20.0,4,160.0
10.1016/0378-7753(91)80004-H,4,VFT,1.4053463601757088,1.4041395153816543,0.001206844794054529,353.15,20.0,4,160.0
10.1016/0378-7753(91)80004-H,4,VFT,1.3856062735983121,1.3854010814914852,0.00020519210682690137,353.15,20.0,4,160.0
10.1016/0378-7753(91)80004-H,4,VFT,1.4144719496293028,1.4107368322907177,0.0037351173385851144,353.15,20.0,4,160.0
10.1016/0378-7753(91)80004-H,4,VFT,1.2893659515200318,1.2852310609913404,0.004134890528691315,353.15,20.0,4,160.0
10.1016/0378-7753(91)80004-H,4,VFT,1.0330214446829107,1.039087768233355,0.006066323550444341,353.15,20.0,4,160.0
10.1016/0378-7753(91)80004-H,4,VFT,0.21484384804769785,0.663397642225725,0.4485537941780271,353.15,20.0,4,160.0
10.1016/0378-7753(91)80004-H,4,independent_per_curve_GPR,0.436162647040756,0.33512843625962896,0.10103421078112707,293.15,20.0,4,160.0
10.1016/0378-7753(91)80004-H,4,independent_per_curve_GPR,1.4940153747571439,1.3425722248885694,0.15144314986857443,353.15,20.0,4,160.0
10.1016/0378-7753(91)80004-H,4,independent_per_curve_GPR,1.4379090355394983,1.2955476386812312,0.1423613968582671,353.15,20.0,4,160.0
10.1016/0378-7753(91)80004-H,4,independent_per_curve_GPR,1.4679039465228003,1.3006437267396942,0.16726021978310612,353.15,20.0,4,160.0
10.1016/0378-7753(91)80004-H,4,independent_per_curve_GPR,1.1085650237328344,0.8734039055283467,0.2351611182044877,313.15,20.0,4,160.0
10.1016/0378-7753(91)80004-H,4,independent_per_curve_GPR,0.8785217955012065,0.6967439315254248,0.18177786397578166,293.15,20.0,4,160.0
10.1016/0378-7753(91)80004-H,4,independent_per_curve_GPR,1.0622058088197126,0.8497651823166339,0.2124406265030787,293.15,20.0,4,160.0
10.1016/0378-7753(91)80004-H,4,independent_per_curve_GPR,1.0499928569201427,0.780592941265103,0.2693999156550396,293.15,20.0,4,160.0
10.1016/0378-7753(91)80004-H,4,independent_per_curve_GPR,1.224014811372864,1.0908812212997527,0.1331335900731112,353.15,20.0,4,160.0
10.1016/0378-7753(91)80004-H,4,independent_per_curve_GPR,0.7307822756663892,0.33002164369055564,0.40076063197583356,353.15,20.0,4,160.0
10.1016/0378-7753(91)80004-H,4,independent_per_curve_GPR,1.3911116137028026,1.2567017795884925,0.13440983411431007,353.15,20.0,4,160.0
10.1016/0378-7753(91)80004-H,4,independent_per_curve_GPR,1.376576957056512,1.2851425867865496,0.09143437026996248,353.15,20.0,4,160.0
10.1016/0378-7753(91)80004-H,4,independent_per_curve_GPR,0.8976270912904415,0.5629109686915568,0.3347161225988847,293.15,20.0,4,160.0
10.1016/0378-7753(91)80004-H,4,independent_per_curve_GPR,0.9804578922761001,0.6428419965605908,0.3376158957155093,353.15,20.0,4,160.0
10.1016/0378-7753(91)80004-H,4,independent_per_curve_GPR,1.1559430179718369,0.9701256489184746,0.1858173690533622,293.15,20.0,4,160.0
10.1016/0378-7753(91)80004-H,4,independent_per_curve_GPR,1.3031960574204888,1.102482822788643,0.20071323463184587,353.15,20.0,4,160.0
10.1016/0378-7753(91)80004-H,4,independent_per_curve_GPR,1.2771506139637967,1.11748686954579,0.15966374441800668,293.15,20.0,4,160.0
10.1016/0378-7753(91)80004-H,4,independent_per_curve_GPR,1.3521825181113625,1.1815922222110564,0.17059029590030605,353.15,20.0,4,160.0
10.1016/0378-7753(91)80004-H,4,independent_per_curve_GPR,0.6473829701146199,0.5515392824463204,0.09584368766829943,293.15,20.0,4,160.0
10.1016/0378-7753(91)80004-H,4,independent_per_curve_GPR,1.0666985504229953,0.9116603600367235,0.15503819038627187,353.15,20.0,4,160.0
10.1016/0378-7753(91)80004-H,4,independent_per_curve_GPR,0.8394780473741984,0.5973281731743955,0.24214987419980294,353.15,20.0,4,160.0
10.1016/0378-7753(91)80004-H,4,independent_per_curve_GPR,1.4974825373673704,1.331334877943358,0.16614765942401233,353.15,20.0,4,160.0
10.1016/0378-7753(91)80004-H,4,independent_per_curve_GPR,1.0913151596972228,0.839548356617247,0.2517668030799758,353.15,20.0,4,160.0
10.1016/0378-7753(91)80004-H,4,independent_per_curve_GPR,1.1583624920952498,0.9168351184161246,0.24152737367912513,353.15,20.0,4,160.0
10.1016/0378-7753(91)80004-H,4,independent_per_curve_GPR,1.371806458507416,1.2101792830803255,0.16162717542709037,353.15,20.0,4,160.0
10.1016/0378-7753(91)80004-H,4,independent_per_curve_GPR,1.5092025223311027,1.3585853610231362,0.15061716130796654,353.15,20.0,4,160.0
10.1016/0378-7753(91)80004-H,4,independent_per_curve_GPR,1.3725438007590702,1.2095761314600453,0.16296766929902495,353.15,20.0,4,160.0
10.1016/0378-7753(91)80004-H,4,independent_per_curve_GPR,0.9694159123539814,0.7159478780687869,0.2534680342851945,353.15,20.0,4,160.0
10.1016/0378-7753(91)80004-H,4,independent_per_curve_GPR,1.199480914862356,0.9705017670293294,0.22897914783302653,353.15,20.0,4,160.0
10.1016/0378-7753(91)80004-H,4,independent_per_curve_GPR,1.318897714627487,0.8885026425934891,0.43039507203399785,353.15,20.0,4,160.0
10.1016/0378-7753(91)80004-H,4,independent_per_curve_GPR,1.4499409887733377,1.2967121301151088,0.15322885865822888,353.15,20.0,4,160.0
10.1016/0378-7753(91)80004-H,4,independent_per_curve_GPR,1.2898118391176214,0.8734920649023934,0.41631977421522803,353.15,20.0,4,160.0
10.1016/0378-7753(91)80004-H,4,independent_per_curve_GPR,0.8142475957319202,0.4595776467203122,0.354669949011608,353.15,20.0,4,160.0
10.1016/0378-7753(91)80004-H,4,independent_per_curve_GPR,1.0546130545568877,0.7736322185147397,0.28098083604214796,353.15,20.0,4,160.0
10.1016/0378-7753(91)80004-H,4,independent_per_curve_GPR,1.5128177585648732,1.3434060243163102,0.16941173424856304,353.15,20.0,4,160.0
10.1016/0378-7753(91)80004-H,4,independent_per_curve_GPR,1.2778383330020475,1.0797055751885627,0.19813275781348483,353.15,20.0,4,160.0
10.1016/0378-7753(91)80004-H,4,independent_per_curve_GPR,1.2301933788690456,1.0183181129218686,0.21187526594717698,353.15,20.0,4,160.0
10.1016/0378-7753(91)80004-H,4,independent_per_curve_GPR,1.5809249756756194,1.432788747604286,0.14813622807133342,353.15,20.0,4,160.0
10.1016/0378-7753(91)80004-H,4,independent_per_curve_GPR,1.3412366232386923,1.1338819266272944,0.20735469661139794,353.15,20.0,4,160.0
10.1016/0378-7753(91)80004-H,4,independent_per_curve_GPR,1.1945143418824673,0.9772118221855776,0.21730251969688974,353.15,20.0,4,160.0
10.1016/0378-7753(91)80004-H,4,independent_per_curve_GPR,0.7442929831226762,0.5289420255857054,0.21535095753697087,353.15,20.0,4,160.0
10.1016/0378-7753(91)80004-H,4,independent_per_curve_GPR,1.2469906992415498,1.0424770998972972,0.20451359934425262,353.15,20.0,4,160.0
10.1016/0378-7753(91)80004-H,4,independent_per_curve_GPR,1.0877814178095424,0.8120251250130732,0.2757562927964692,353.15,20.0,4,160.0
10.1016/0378-7753(91)80004-H,4,independent_per_curve_GPR,1.1637575239819558,0.9236181094346345,0.24013941454732124,293.15,20.0,4,160.0
10.1016/0378-7753(91)80004-H,4,independent_per_curve_GPR,1.1699681739968923,0.9707484027733437,0.19921977122354861,293.15,20.0,4,160.0
10.1016/0378-7753(91)80004-H,4,independent_per_curve_GPR,1.0220157398177203,0.8694687756304678,0.15254696418725255,293.15,20.0,4,160.0
10.1016/0378-7753(91)80004-H,4,independent_per_curve_GPR,0.9694159123539814,0.5952781772604326,0.37413773509354875,293.15,20.0,4,160.0
10.1016/0378-7753(91)80004-H,4,independent_per_curve_GPR,1.1264561134318043,0.9172267611232092,0.20922935230859507,353.15,20.0,4,160.0
10.1016/0378-7753(91)80004-H,4,independent_per_curve_GPR,1.2296818423176759,0.9873568948410149,0.242324947476661,353.15,20.0,4,160.0
10.1016/0378-7753(91)80004-H,4,independent_per_curve_GPR,1.1992064791616577,0.8899781708304992,0.30922830833115844,353.15,20.0,4,160.0
10.1016/0378-7753(91)80004-H,4,independent_per_curve_GPR,1.2622137054764169,1.0237381029153216,0.23847560256109523,353.15,20.0,4,160.0
10.1016/0378-7753(91)80004-H,4,independent_per_curve_GPR,1.1132746924643504,0.8439012478525658,0.2693734446117846,353.15,20.0,4,160.0
10.1016/0378-7753(91)80004-H,4,independent_per_curve_GPR,1.06781451116184,0.784863790981472,0.28295072018036804,353.15,20.0,4,160.0
10.1016/0378-7753(91)80004-H,4,independent_per_curve_GPR,1.2390490931401914,0.9331556509729106,0.30589344216728076,353.15,20.0,4,160.0
10.1016/0378-7753(91)80004-H,4,independent_per_curve_GPR,1.0666985504229953,0.7236676193929422,0.3430309310300531,353.15,20.0,4,160.0
10.1016/0378-7753(91)80004-H,4,independent_per_curve_GPR,1.161966616364075,0.9541221809309419,0.20784443543313302,353.15,20.0,4,160.0
10.1016/0378-7753(91)80004-H,4,independent_per_curve_GPR,1.266936911159173,1.0246310984547642,0.24230581270440887,353.15,20.0,4,160.0
10.1016/0378-7753(91)80004-H,4,independent_per_curve_GPR,1.0874264570362855,0.6818610925245645,0.405565364511721,353.15,20.0,4,160.0
10.1016/0378-7753(91)80004-H,4,independent_per_curve_GPR,1.1430148002540952,0.7349745353183333,0.40804026493576184,353.15,20.0,4,160.0
10.1016/0378-7753(91)80004-H,4,independent_per_curve_GPR,1.1661339703051092,0.9017237258453901,0.26441024445971917,353.15,20.0,4,160.0
10.1016/0378-7753(91)80004-H,4,independent_per_curve_GPR,1.0086001717619175,0.7620932964937911,0.24650687526812642,353.15,20.0,4,160.0
10.1016/0378-7753(91)80004-H,4,independent_per_curve_GPR,1.2773799746672547,1.0482911352590634,0.22908883940819136,353.15,20.0,4,160.0
10.1016/0378-7753(91)80004-H,4,independent_per_curve_GPR,1.0503797562614579,0.5289444201457744,0.5214353361156835,353.15,20.0,4,160.0
10.1016/0378-7753(91)80004-H,4,independent_per_curve_GPR,1.2489536154957075,1.040719224876052,0.20823439061965554,353.15,20.0,4,160.0
10.1016/0378-7753(91)80004-H,4,independent_per_curve_GPR,1.2953471483336179,1.0582553420925167,0.23709180624110116,353.15,20.0,4,160.0
10.1016/0378-7753(91)80004-H,4,independent_per_curve_GPR,0.9329808219231982,0.5705332470921335,0.3624475748310647,293.15,20.0,4,160.0
10.1016/0378-7753(91)80004-H,4,independent_per_curve_GPR,0.9925535178321356,0.7160204587691472,0.2765330590629884,293.15,20.0,4,160.0
10.1016/0378-7753(91)80004-H,4,independent_per_curve_GPR,1.1778249718646818,1.0848234026363393,0.09300156922834257,293.15,20.0,4,160.0
10.1016/0378-7753(91)80004-H,4,independent_per_curve_GPR,0.9916690073799486,0.9244715820437863,0.06719742533616224,293.15,20.0,4,160.0
10.1016/0378-7753(91)80004-H,4,independent_per_curve_GPR,1.2190603324488614,0.9726706098492882,0.24638972259957315,353.15,20.0,4,160.0
10.1016/0378-7753(91)80004-H,4,independent_per_curve_GPR,1.1634595517699902,1.0306062813815962,0.132853270388394,293.15,20.0,4,160.0
10.1016/0378-7753(91)80004-H,4,independent_per_curve_GPR,1.1271047983648077,0.9448819987349887,0.18222279962981902,353.15,20.0,4,160.0
10.1016/0378-7753(91)80004-H,4,independent_per_curve_GPR,0.75815462196739,0.2615070310621027,0.4966475909052873,293.15,20.0,4,160.0
10.1016/0378-7753(91)80004-H,4,independent_per_curve_GPR,0.8543060418010806,0.5191096046446659,0.3351964371564147,353.15,20.0,4,160.0
10.1016/0378-7753(91)80004-H,4,independent_per_curve_GPR,1.100370545117563,0.82323758275452,0.27713296236304297,353.15,20.0,4,160.0
10.1016/0378-7753(91)80004-H,4,independent_per_curve_GPR,1.0614524790871933,0.784916402647009,0.2765360764401843,353.15,20.0,4,160.0
10.1016/0378-7753(91)80004-H,4,independent_per_curve_GPR,0.9014583213961124,0.6139163131664342,0.2875420082296781,353.15,20.0,4,160.0
10.1016/0378-7753(91)80004-H,4,independent_per_curve_GPR,0.7965743332104297,0.542139814792462,0.2544345184179677,353.15,20.0,4,160.0
10.1016/0378-7753(91)80004-H,4,independent_per_curve_GPR,1.1095785469043866,0.9717303246152913,0.13784822228909532,293.15,20.0,4,160.0
10.1016/0378-7753(91)80004-H,4,independent_per_curve_GPR,0.9652017010259121,0.6847838928188273,0.28041780820708473,353.15,20.0,4,160.0
10.1016/0378-7753(91)80004-H,4,independent_per_curve_GPR,0.8202014594856403,0.5272264210677415,0.29297503841789874,353.15,20.0,4,160.0
10.1016/0378-7753(91)80004-H,4,independent_per_curve_GPR,0.9400181550076633,0.6278601794209254,0.31215797558673786,353.15,20.0,4,160.0
10.1016/0378-7753(91)80004-H,4,independent_per_curve_GPR,0.909020854211156,0.47037280633785294,0.438648047873303,353.15,20.0,4,160.0
10.1016/0378-7753(91)80004-H,4,independent_per_curve_GPR,1.0068937079479006,0.7694082051760458,0.23748550277185476,353.15,20.0,4,160.0
10.1016/0378-7753(91)80004-H,4,independent_per_curve_GPR,0.9703468762300933,0.7170574245201614,0.2532894517099319,353.15,20.0,4,160.0
10.1016/0378-7753(91)80004-H,4,independent_per_curve_GPR,0.8992731873176038,0.5847875112748987,0.31448567604270505,353.15,20.0,4,160.0
10.1016/0378-7753(91)80004-H,4,independent_per_curve_GPR,0.9390197764486664,0.6149779905736423,0.3240417858750241,353.15,20.0,4,160.0
10.1016/0378-7753(91)80004-H,4,independent_per_curve_GPR,1.0342272607705507,0.805238915560671,0.22898834520987976,353.15,20.0,4,160.0
10.1016/0378-7753(91)80004-H,4,independent_per_curve_GPR,1.070037866607755,0.8809217222920236,0.18911614431573143,353.15,20.0,4,160.0
10.1016/0378-7753(91)80004-H,4,independent_per_curve_GPR,1.0253058652647702,0.7484389917550126,0.2768668735097576,353.15,20.0,4,160.0
10.1016/0378-7753(91)80004-H,4,independent_per_curve_GPR,-0.3979400086720376,-0.5005314385448236,0.10259142987278602,353.15,20.0,4,160.0
10.1016/0378-7753(91)80004-H,4,independent_per_curve_GPR,1.2100508498751372,1.0894578933176362,0.12059295655750102,353.15,20.0,4,160.0
10.1016/0378-7753(91)80004-H,4,independent_per_curve_GPR,1.2273724422896362,0.9932846054182858,0.23408783687135037,353.15,20.0,4,160.0
10.1016/0378-7753(91)80004-H,4,independent_per_curve_GPR,1.2866809693549301,1.0537316042099856,0.23294936514494458,353.15,20.0,4,160.0
10.1016/0378-7753(91)80004-H,4,independent_per_curve_GPR,0.5185139398778874,0.3886352753843267,0.12987866449356072,353.15,20.0,4,160.0
10.1016/0378-7753(91)80004-H,4,independent_per_curve_GPR,0.8082109729242221,0.5813392736479579,0.22687169927626416,353.15,20.0,4,160.0
10.1016/0378-7753(91)80004-H,4,independent_per_curve_GPR,1.0257153839013406,0.8979874404872878,0.1277279434140528,353.15,20.0,4,160.0
10.1016/0378-7753(91)80004-H,4,independent_per_curve_GPR,1.123524980942732,0.9990755390431697,0.1244494418995622,353.15,20.0,4,160.0
10.1016/0378-7753(91)80004-H,4,independent_per_curve_GPR,1.052693941924968,0.8595566832442564,0.19313725868071152,353.15,20.0,4,160.0
10.1016/0378-7753(91)80004-H,4,independent_per_curve_GPR,1.0799044676667207,0.9636691386537428,0.11623532901297784,353.15,20.0,4,160.0
10.1016/0378-7753(91)80004-H,4,independent_per_curve_GPR,1.1417632302757879,0.9270124881131678,0.21475074216262002,353.15,20.0,4,160.0
10.1016/0378-7753(91)80004-H,4,independent_per_curve_GPR,1.4053463601757088,1.2673493053167186,0.13799705485899016,353.15,20.0,4,160.0
10.1016/0378-7753(91)80004-H,4,independent_per_curve_GPR,1.3856062735983121,1.2195123926503384,0.16609388094797373,353.15,20.0,4,160.0
10.1016/0378-7753(91)80004-H,4,independent_per_curve_GPR,1.4144719496293028,1.2500611169272082,0.16441083270209456,353.15,20.0,4,160.0
10.1016/0378-7753(91)80004-H,4,independent_per_curve_GPR,1.2893659515200318,1.1157460688824579,0.17361988263757389,353.15,20.0,4,160.0
10.1016/0378-7753(91)80004-H,4,independent_per_curve_GPR,1.0330214446829107,0.833156006231445,0.19986543845146565,353.15,20.0,4,160.0
10.1016/0378-7753(91)80004-H,4,independent_per_curve_GPR,0.21484384804769785,0.3852603450660758,0.17041649701837797,353.15,20.0,4,160.0
10.1016/0378-7753(91)80004-H,5,nested_budget_router,0.436162647040756,0.4316704767455459,0.004492170295210152,293.15,20.0,4,160.0
10.1016/0378-7753(91)80004-H,5,nested_budget_router,1.4940153747571439,1.4872642685678663,0.006751106189277545,353.15,20.0,4,160.0
10.1016/0378-7753(91)80004-H,5,nested_budget_router,1.4379090355394983,1.4299718356300644,0.007937199909433978,353.15,20.0,4,160.0
10.1016/0378-7753(91)80004-H,5,nested_budget_router,1.4679039465228003,1.4609879922632947,0.006915954259505641,353.15,20.0,4,160.0
10.1016/0378-7753(91)80004-H,5,nested_budget_router,1.1085650237328344,1.0993313363697437,0.009233687363090715,313.15,20.0,4,160.0
10.1016/0378-7753(91)80004-H,5,nested_budget_router,0.8785217955012065,0.8630420125153926,0.015479782985813872,293.15,20.0,4,160.0
10.1016/0378-7753(91)80004-H,5,nested_budget_router,1.0622058088197126,1.0513761143862301,0.010829694433482473,293.15,20.0,4,160.0
10.1016/0378-7753(91)80004-H,5,nested_budget_router,1.0499928569201427,1.0241040029433663,0.025888853976776316,293.15,20.0,4,160.0
10.1016/0378-7753(91)80004-H,5,nested_budget_router,1.224014811372864,1.207678925213854,0.016335886159009938,353.15,20.0,4,160.0
10.1016/0378-7753(91)80004-H,5,nested_budget_router,0.7307822756663892,0.6892622468774534,0.04152002878893579,353.15,20.0,4,160.0
10.1016/0378-7753(91)80004-H,5,nested_budget_router,1.3911116137028026,1.3811513347284445,0.009960278974358028,353.15,20.0,4,160.0
10.1016/0378-7753(91)80004-H,5,nested_budget_router,1.376576957056512,1.3757941992071694,0.0007827578493426746,353.15,20.0,4,160.0
10.1016/0378-7753(91)80004-H,5,nested_budget_router,0.8976270912904415,0.8956965276149396,0.0019305636755019284,293.15,20.0,4,160.0
10.1016/0378-7753(91)80004-H,5,nested_budget_router,0.9804578922761001,1.0077550578398646,0.02729716556376449,353.15,20.0,4,160.0
10.1016/0378-7753(91)80004-H,5,nested_budget_router,1.1559430179718369,1.052214854387296,0.10372816358454084,293.15,20.0,4,160.0
10.1016/0378-7753(91)80004-H,5,nested_budget_router,1.3031960574204888,1.2984370328981787,0.00475902452231014,353.15,20.0,4,160.0
10.1016/0378-7753(91)80004-H,5,nested_budget_router,0.6473829701146199,0.6346696926080719,0.012713277506547938,293.15,20.0,4,160.0
10.1016/0378-7753(91)80004-H,5,nested_budget_router,1.0666985504229953,1.0763424214159305,0.009643870992935177,353.15,20.0,4,160.0
10.1016/0378-7753(91)80004-H,5,nested_budget_router,0.8394780473741984,0.8520877782898131,0.01260973091561468,353.15,20.0,4,160.0
10.1016/0378-7753(91)80004-H,5,nested_budget_router,1.4974825373673704,1.4947821980990348,0.002700339268335572,353.15,20.0,4,160.0
10.1016/0378-7753(91)80004-H,5,nested_budget_router,1.0913151596972228,1.1051057816006982,0.013790621903475353,353.15,20.0,4,160.0
10.1016/0378-7753(91)80004-H,5,nested_budget_router,1.1583624920952498,1.1607179331241033,0.0023554410288535443,353.15,20.0,4,160.0
10.1016/0378-7753(91)80004-H,5,nested_budget_router,1.371806458507416,1.3762552266776746,0.004448768170258743,353.15,20.0,4,160.0
10.1016/0378-7753(91)80004-H,5,nested_budget_router,1.5092025223311027,1.5004320698212288,0.00877045250987396,353.15,20.0,4,160.0
10.1016/0378-7753(91)80004-H,5,nested_budget_router,1.3725438007590702,1.369084158939577,0.003459641819493209,353.15,20.0,4,160.0
10.1016/0378-7753(91)80004-H,5,nested_budget_router,0.9694159123539814,0.971493366180316,0.0020774538263346187,353.15,20.0,4,160.0
10.1016/0378-7753(91)80004-H,5,nested_budget_router,1.199480914862356,1.1967742788390279,0.0027066360233281017,353.15,20.0,4,160.0
10.1016/0378-7753(91)80004-H,5,nested_budget_router,1.318897714627487,1.4406167536023808,0.12171903897489389,353.15,20.0,4,160.0
10.1016/0378-7753(91)80004-H,5,nested_budget_router,1.4499409887733377,1.4673426866575838,0.01740169788424617,353.15,20.0,4,160.0
10.1016/0378-7753(91)80004-H,5,nested_budget_router,1.2898118391176214,1.3846819157732289,0.09487007665560743,353.15,20.0,4,160.0
10.1016/0378-7753(91)80004-H,5,nested_budget_router,0.8142475957319202,0.8455276610764375,0.03128006534451733,353.15,20.0,4,160.0
10.1016/0378-7753(91)80004-H,5,nested_budget_router,1.0546130545568877,1.062864439152184,0.008251384595296285,353.15,20.0,4,160.0
10.1016/0378-7753(91)80004-H,5,nested_budget_router,1.5128177585648732,1.508560225507317,0.004257533057556273,353.15,20.0,4,160.0
10.1016/0378-7753(91)80004-H,5,nested_budget_router,1.2778383330020475,1.2564390756266341,0.021399257375413372,353.15,20.0,4,160.0
10.1016/0378-7753(91)80004-H,5,nested_budget_router,1.2301933788690456,1.251022440669934,0.020829061800888393,353.15,20.0,4,160.0
10.1016/0378-7753(91)80004-H,5,nested_budget_router,1.5809249756756194,1.5632083743595322,0.01771660131608721,353.15,20.0,4,160.0
10.1016/0378-7753(91)80004-H,5,nested_budget_router,1.3412366232386923,1.342682430547141,0.0014458073084486767,353.15,20.0,4,160.0
10.1016/0378-7753(91)80004-H,5,nested_budget_router,1.1637575239819558,1.1389180564262504,0.02483946755570532,293.15,20.0,4,160.0
10.1016/0378-7753(91)80004-H,5,nested_budget_router,1.1699681739968923,1.1514233568292123,0.018544817167680083,293.15,20.0,4,160.0
10.1016/0378-7753(91)80004-H,5,nested_budget_router,1.0220157398177203,1.0109167152266685,0.011099024591051831,293.15,20.0,4,160.0
10.1016/0378-7753(91)80004-H,5,nested_budget_router,0.9694159123539814,0.9648894680260103,0.004526444327971113,293.15,20.0,4,160.0
10.1016/0378-7753(91)80004-H,5,nested_budget_router,1.1264561134318043,1.1179825620396846,0.008473551392119694,353.15,20.0,4,160.0
10.1016/0378-7753(91)80004-H,5,nested_budget_router,1.2296818423176759,1.2363108079706684,0.006628965652992536,353.15,20.0,4,160.0
10.1016/0378-7753(91)80004-H,5,nested_budget_router,1.1992064791616577,1.227302857282453,0.02809637812079524,353.15,20.0,4,160.0
10.1016/0378-7753(91)80004-H,5,nested_budget_router,1.2622137054764169,1.271839569087254,0.00962586361083706,353.15,20.0,4,160.0
10.1016/0378-7753(91)80004-H,5,nested_budget_router,1.1132746924643504,1.1163937472337158,0.003119054769365359,353.15,20.0,4,160.0
10.1016/0378-7753(91)80004-H,5,nested_budget_router,1.06781451116184,1.0827418246409801,0.014927313479140114,353.15,20.0,4,160.0
10.1016/0378-7753(91)80004-H,5,nested_budget_router,1.2390490931401914,1.2690900741013067,0.030040980961115293,353.15,20.0,4,160.0
10.1016/0378-7753(91)80004-H,5,nested_budget_router,1.0666985504229953,1.0181490425964184,0.048549507826576965,353.15,20.0,4,160.0
10.1016/0378-7753(91)80004-H,5,nested_budget_router,1.161966616364075,1.158772920922512,0.0031936954415630048,353.15,20.0,4,160.0
10.1016/0378-7753(91)80004-H,5,nested_budget_router,1.266936911159173,1.2737266464997588,0.00678973534058569,353.15,20.0,4,160.0
10.1016/0378-7753(91)80004-H,5,nested_budget_router,1.0874264570362855,1.1641507739228496,0.07672431688656411,353.15,20.0,4,160.0
10.1016/0378-7753(91)80004-H,5,nested_budget_router,1.1430148002540952,1.2221757460415534,0.07916094578745825,353.15,20.0,4,160.0
10.1016/0378-7753(91)80004-H,5,nested_budget_router,1.1661339703051092,1.1752077455761047,0.00907377527099551,353.15,20.0,4,160.0
10.1016/0378-7753(91)80004-H,5,nested_budget_router,1.0086001717619175,0.9877747415683149,0.020825430193602612,353.15,20.0,4,160.0
10.1016/0378-7753(91)80004-H,5,nested_budget_router,1.2773799746672547,1.2847305064347863,0.007350531767531532,353.15,20.0,4,160.0
10.1016/0378-7753(91)80004-H,5,nested_budget_router,1.0503797562614579,1.2200035606640252,0.1696238044025673,353.15,20.0,4,160.0
10.1016/0378-7753(91)80004-H,5,nested_budget_router,1.2489536154957075,1.2546457229873746,0.005692107491667153,353.15,20.0,4,160.0
10.1016/0378-7753(91)80004-H,5,nested_budget_router,1.2953471483336179,1.3030901581179377,0.007743009784319854,353.15,20.0,4,160.0
10.1016/0378-7753(91)80004-H,5,nested_budget_router,0.9329808219231982,0.8849985753247162,0.04798224659848205,293.15,20.0,4,160.0
10.1016/0378-7753(91)80004-H,5,nested_budget_router,0.9925535178321356,0.9405573241154994,0.05199619371663622,293.15,20.0,4,160.0
10.1016/0378-7753(91)80004-H,5,nested_budget_router,1.1778249718646818,1.1990141272723718,0.021189155407689952,293.15,20.0,4,160.0
10.1016/0378-7753(91)80004-H,5,nested_budget_router,0.9916690073799486,1.006964562010426,0.015295554630477382,293.15,20.0,4,160.0
10.1016/0378-7753(91)80004-H,5,nested_budget_router,1.2190603324488614,1.22210126554765,0.003040933098788612,353.15,20.0,4,160.0
10.1016/0378-7753(91)80004-H,5,nested_budget_router,1.1634595517699902,1.1658776554410433,0.0024181036710531068,293.15,20.0,4,160.0
10.1016/0378-7753(91)80004-H,5,nested_budget_router,1.1271047983648077,1.1844516040838358,0.05734680571902806,353.15,20.0,4,160.0
10.1016/0378-7753(91)80004-H,5,nested_budget_router,0.75815462196739,0.7162284090684241,0.04192621289896592,293.15,20.0,4,160.0
10.1016/0378-7753(91)80004-H,5,nested_budget_router,0.8543060418010806,0.868122143480035,0.013816101678954418,353.15,20.0,4,160.0
10.1016/0378-7753(91)80004-H,5,nested_budget_router,1.100370545117563,1.1023987557522341,0.0020282106346711792,353.15,20.0,4,160.0
10.1016/0378-7753(91)80004-H,5,nested_budget_router,1.0614524790871933,1.0777081242136932,0.016255645126499907,353.15,20.0,4,160.0
10.1016/0378-7753(91)80004-H,5,nested_budget_router,0.9014583213961124,0.8770000756250613,0.024458245771051046,353.15,20.0,4,160.0
10.1016/0378-7753(91)80004-H,5,nested_budget_router,1.1095785469043866,1.188809725121367,0.07923117821698034,293.15,20.0,4,160.0
10.1016/0378-7753(91)80004-H,5,nested_budget_router,0.9652017010259121,0.9765967499692123,0.011395048943300234,353.15,20.0,4,160.0
10.1016/0378-7753(91)80004-H,5,nested_budget_router,0.8202014594856403,0.8327783996596314,0.012576940173991136,353.15,20.0,4,160.0
10.1016/0378-7753(91)80004-H,5,nested_budget_router,0.9400181550076633,0.9404248784711773,0.0004067234635140027,353.15,20.0,4,160.0
10.1016/0378-7753(91)80004-H,5,nested_budget_router,0.909020854211156,0.9285929836061899,0.019572129395033944,353.15,20.0,4,160.0
10.1016/0378-7753(91)80004-H,5,nested_budget_router,1.0068937079479006,1.0121757300120495,0.005282022064148961,353.15,20.0,4,160.0
10.1016/0378-7753(91)80004-H,5,nested_budget_router,0.9703468762300933,0.9775132353974623,0.007166359167368963,353.15,20.0,4,160.0
10.1016/0378-7753(91)80004-H,5,nested_budget_router,0.8992731873176038,0.9222267921735721,0.022953604855968313,353.15,20.0,4,160.0
10.1016/0378-7753(91)80004-H,5,nested_budget_router,0.9390197764486664,0.9592164446632614,0.02019666821459498,353.15,20.0,4,160.0
10.1016/0378-7753(91)80004-H,5,nested_budget_router,1.0342272607705507,1.037737821087845,0.0035105603172942423,353.15,20.0,4,160.0
10.1016/0378-7753(91)80004-H,5,nested_budget_router,1.070037866607755,1.0714088282790089,0.0013709616712538342,353.15,20.0,4,160.0
10.1016/0378-7753(91)80004-H,5,nested_budget_router,1.0253058652647702,1.039823143906397,0.014517278641626774,353.15,20.0,4,160.0
10.1016/0378-7753(91)80004-H,5,nested_budget_router,-0.3979400086720376,-0.3794926017182985,0.018447406953739087,353.15,20.0,4,160.0
10.1016/0378-7753(91)80004-H,5,nested_budget_router,1.2100508498751372,1.2054839235302595,0.004566926344877764,353.15,20.0,4,160.0
10.1016/0378-7753(91)80004-H,5,nested_budget_router,1.2273724422896362,1.237661686675585,0.010289244385948804,353.15,20.0,4,160.0
10.1016/0378-7753(91)80004-H,5,nested_budget_router,1.2866809693549301,1.2934938559182159,0.006812886563285714,353.15,20.0,4,160.0
10.1016/0378-7753(91)80004-H,5,nested_budget_router,0.5185139398778874,0.4897730896032406,0.02874085027464679,353.15,20.0,4,160.0
10.1016/0378-7753(91)80004-H,5,nested_budget_router,0.8082109729242221,0.8007868899186885,0.007424083005533544,353.15,20.0,4,160.0
10.1016/0378-7753(91)80004-H,5,nested_budget_router,1.0257153839013406,1.0228308784649054,0.0028845054364352585,353.15,20.0,4,160.0
10.1016/0378-7753(91)80004-H,5,nested_budget_router,1.123524980942732,1.1207380145375587,0.0027869664051731746,353.15,20.0,4,160.0
10.1016/0378-7753(91)80004-H,5,nested_budget_router,1.052693941924968,1.0594230396398863,0.006729097714918364,353.15,20.0,4,160.0
10.1016/0378-7753(91)80004-H,5,nested_budget_router,1.0799044676667207,1.0759158284248185,0.003988639241902181,353.15,20.0,4,160.0
10.1016/0378-7753(91)80004-H,5,nested_budget_router,1.1417632302757879,1.1443495134916901,0.002586283215902263,353.15,20.0,4,160.0
10.1016/0378-7753(91)80004-H,5,nested_budget_router,1.4053463601757088,1.4015506096745798,0.003795750501129014,353.15,20.0,4,160.0
10.1016/0378-7753(91)80004-H,5,nested_budget_router,1.3856062735983121,1.3849486894993834,0.0006575840989286874,353.15,20.0,4,160.0
10.1016/0378-7753(91)80004-H,5,nested_budget_router,1.4144719496293028,1.4215588809661448,0.007086931336842017,353.15,20.0,4,160.0
10.1016/0378-7753(91)80004-H,5,nested_budget_router,1.2893659515200318,1.287272690468051,0.0020932610519808215,353.15,20.0,4,160.0
10.1016/0378-7753(91)80004-H,5,nested_budget_router,1.0330214446829107,1.0388888940920689,0.005867449409158176,353.15,20.0,4,160.0
10.1016/0378-7753(91)80004-H,5,nested_budget_router,0.21484384804769785,0.7305904598566412,0.5157466118089433,353.15,20.0,4,160.0
10.1016/0378-7753(91)80004-H,5,VFT,0.436162647040756,0.4316704767455459,0.004492170295210152,293.15,20.0,4,160.0
10.1016/0378-7753(91)80004-H,5,VFT,1.4940153747571439,1.4872642685678663,0.006751106189277545,353.15,20.0,4,160.0
10.1016/0378-7753(91)80004-H,5,VFT,1.4379090355394983,1.4299718356300644,0.007937199909433978,353.15,20.0,4,160.0
10.1016/0378-7753(91)80004-H,5,VFT,1.4679039465228003,1.4609879922632947,0.006915954259505641,353.15,20.0,4,160.0
10.1016/0378-7753(91)80004-H,5,VFT,1.1085650237328344,1.0993313363697437,0.009233687363090715,313.15,20.0,4,160.0
10.1016/0378-7753(91)80004-H,5,VFT,0.8785217955012065,0.8630420125153926,0.015479782985813872,293.15,20.0,4,160.0
10.1016/0378-7753(91)80004-H,5,VFT,1.0622058088197126,1.0513761143862301,0.010829694433482473,293.15,20.0,4,160.0
10.1016/0378-7753(91)80004-H,5,VFT,1.0499928569201427,1.0241040029433663,0.025888853976776316,293.15,20.0,4,160.0
10.1016/0378-7753(91)80004-H,5,VFT,1.224014811372864,1.207678925213854,0.016335886159009938,353.15,20.0,4,160.0
10.1016/0378-7753(91)80004-H,5,VFT,0.7307822756663892,0.6892622468774534,0.04152002878893579,353.15,20.0,4,160.0
10.1016/0378-7753(91)80004-H,5,VFT,1.3911116137028026,1.3811513347284445,0.009960278974358028,353.15,20.0,4,160.0
10.1016/0378-7753(91)80004-H,5,VFT,1.376576957056512,1.3757941992071694,0.0007827578493426746,353.15,20.0,4,160.0
10.1016/0378-7753(91)80004-H,5,VFT,0.8976270912904415,0.8956965276149396,0.0019305636755019284,293.15,20.0,4,160.0
10.1016/0378-7753(91)80004-H,5,VFT,0.9804578922761001,1.0077550578398646,0.02729716556376449,353.15,20.0,4,160.0
10.1016/0378-7753(91)80004-H,5,VFT,1.1559430179718369,1.052214854387296,0.10372816358454084,293.15,20.0,4,160.0
10.1016/0378-7753(91)80004-H,5,VFT,1.3031960574204888,1.2984370328981787,0.00475902452231014,353.15,20.0,4,160.0
10.1016/0378-7753(91)80004-H,5,VFT,0.6473829701146199,0.6346696926080719,0.012713277506547938,293.15,20.0,4,160.0
10.1016/0378-7753(91)80004-H,5,VFT,1.0666985504229953,1.0763424214159305,0.009643870992935177,353.15,20.0,4,160.0
10.1016/0378-7753(91)80004-H,5,VFT,0.8394780473741984,0.8520877782898131,0.01260973091561468,353.15,20.0,4,160.0
10.1016/0378-7753(91)80004-H,5,VFT,1.4974825373673704,1.4947821980990348,0.002700339268335572,353.15,20.0,4,160.0
10.1016/0378-7753(91)80004-H,5,VFT,1.0913151596972228,1.1051057816006982,0.013790621903475353,353.15,20.0,4,160.0
10.1016/0378-7753(91)80004-H,5,VFT,1.1583624920952498,1.1607179331241033,0.0023554410288535443,353.15,20.0,4,160.0
10.1016/0378-7753(91)80004-H,5,VFT,1.371806458507416,1.3762552266776746,0.004448768170258743,353.15,20.0,4,160.0
10.1016/0378-7753(91)80004-H,5,VFT,1.5092025223311027,1.5004320698212288,0.00877045250987396,353.15,20.0,4,160.0
10.1016/0378-7753(91)80004-H,5,VFT,1.3725438007590702,1.369084158939577,0.003459641819493209,353.15,20.0,4,160.0
10.1016/0378-7753(91)80004-H,5,VFT,0.9694159123539814,0.971493366180316,0.0020774538263346187,353.15,20.0,4,160.0
10.1016/0378-7753(91)80004-H,5,VFT,1.199480914862356,1.1967742788390279,0.0027066360233281017,353.15,20.0,4,160.0
10.1016/0378-7753(91)80004-H,5,VFT,1.318897714627487,1.4406167536023808,0.12171903897489389,353.15,20.0,4,160.0
10.1016/0378-7753(91)80004-H,5,VFT,1.4499409887733377,1.4673426866575838,0.01740169788424617,353.15,20.0,4,160.0
10.1016/0378-7753(91)80004-H,5,VFT,1.2898118391176214,1.3846819157732289,0.09487007665560743,353.15,20.0,4,160.0
10.1016/0378-7753(91)80004-H,5,VFT,0.8142475957319202,0.8455276610764375,0.03128006534451733,353.15,20.0,4,160.0
10.1016/0378-7753(91)80004-H,5,VFT,1.0546130545568877,1.062864439152184,0.008251384595296285,353.15,20.0,4,160.0
10.1016/0378-7753(91)80004-H,5,VFT,1.5128177585648732,1.508560225507317,0.004257533057556273,353.15,20.0,4,160.0
10.1016/0378-7753(91)80004-H,5,VFT,1.2778383330020475,1.2564390756266341,0.021399257375413372,353.15,20.0,4,160.0
10.1016/0378-7753(91)80004-H,5,VFT,1.2301933788690456,1.251022440669934,0.020829061800888393,353.15,20.0,4,160.0
10.1016/0378-7753(91)80004-H,5,VFT,1.5809249756756194,1.5632083743595322,0.01771660131608721,353.15,20.0,4,160.0
10.1016/0378-7753(91)80004-H,5,VFT,1.3412366232386923,1.342682430547141,0.0014458073084486767,353.15,20.0,4,160.0
10.1016/0378-7753(91)80004-H,5,VFT,1.1637575239819558,1.1389180564262504,0.02483946755570532,293.15,20.0,4,160.0
10.1016/0378-7753(91)80004-H,5,VFT,1.1699681739968923,1.1514233568292123,0.018544817167680083,293.15,20.0,4,160.0
10.1016/0378-7753(91)80004-H,5,VFT,1.0220157398177203,1.0109167152266685,0.011099024591051831,293.15,20.0,4,160.0
10.1016/0378-7753(91)80004-H,5,VFT,0.9694159123539814,0.9648894680260103,0.004526444327971113,293.15,20.0,4,160.0
10.1016/0378-7753(91)80004-H,5,VFT,1.1264561134318043,1.1179825620396846,0.008473551392119694,353.15,20.0,4,160.0
10.1016/0378-7753(91)80004-H,5,VFT,1.2296818423176759,1.2363108079706684,0.006628965652992536,353.15,20.0,4,160.0
10.1016/0378-7753(91)80004-H,5,VFT,1.1992064791616577,1.227302857282453,0.02809637812079524,353.15,20.0,4,160.0
10.1016/0378-7753(91)80004-H,5,VFT,1.2622137054764169,1.271839569087254,0.00962586361083706,353.15,20.0,4,160.0
10.1016/0378-7753(91)80004-H,5,VFT,1.1132746924643504,1.1163937472337158,0.003119054769365359,353.15,20.0,4,160.0
10.1016/0378-7753(91)80004-H,5,VFT,1.06781451116184,1.0827418246409801,0.014927313479140114,353.15,20.0,4,160.0
10.1016/0378-7753(91)80004-H,5,VFT,1.2390490931401914,1.2690900741013067,0.030040980961115293,353.15,20.0,4,160.0
10.1016/0378-7753(91)80004-H,5,VFT,1.0666985504229953,1.0181490425964184,0.048549507826576965,353.15,20.0,4,160.0
10.1016/0378-7753(91)80004-H,5,VFT,1.161966616364075,1.158772920922512,0.0031936954415630048,353.15,20.0,4,160.0
10.1016/0378-7753(91)80004-H,5,VFT,1.266936911159173,1.2737266464997588,0.00678973534058569,353.15,20.0,4,160.0
10.1016/0378-7753(91)80004-H,5,VFT,1.0874264570362855,1.1641507739228496,0.07672431688656411,353.15,20.0,4,160.0
10.1016/0378-7753(91)80004-H,5,VFT,1.1430148002540952,1.2221757460415534,0.07916094578745825,353.15,20.0,4,160.0
10.1016/0378-7753(91)80004-H,5,VFT,1.1661339703051092,1.1752077455761047,0.00907377527099551,353.15,20.0,4,160.0
10.1016/0378-7753(91)80004-H,5,VFT,1.0086001717619175,0.9877747415683149,0.020825430193602612,353.15,20.0,4,160.0
10.1016/0378-7753(91)80004-H,5,VFT,1.2773799746672547,1.2847305064347863,0.007350531767531532,353.15,20.0,4,160.0
10.1016/0378-7753(91)80004-H,5,VFT,1.0503797562614579,1.2200035606640252,0.1696238044025673,353.15,20.0,4,160.0
10.1016/0378-7753(91)80004-H,5,VFT,1.2489536154957075,1.2546457229873746,0.005692107491667153,353.15,20.0,4,160.0
10.1016/0378-7753(91)80004-H,5,VFT,1.2953471483336179,1.3030901581179377,0.007743009784319854,353.15,20.0,4,160.0
10.1016/0378-7753(91)80004-H,5,VFT,0.9329808219231982,0.8849985753247162,0.04798224659848205,293.15,20.0,4,160.0
10.1016/0378-7753(91)80004-H,5,VFT,0.9925535178321356,0.9405573241154994,0.05199619371663622,293.15,20.0,4,160.0
10.1016/0378-7753(91)80004-H,5,VFT,1.1778249718646818,1.1990141272723718,0.021189155407689952,293.15,20.0,4,160.0
10.1016/0378-7753(91)80004-H,5,VFT,0.9916690073799486,1.006964562010426,0.015295554630477382,293.15,20.0,4,160.0
10.1016/0378-7753(91)80004-H,5,VFT,1.2190603324488614,1.22210126554765,0.003040933098788612,353.15,20.0,4,160.0
10.1016/0378-7753(91)80004-H,5,VFT,1.1634595517699902,1.1658776554410433,0.0024181036710531068,293.15,20.0,4,160.0
10.1016/0378-7753(91)80004-H,5,VFT,1.1271047983648077,1.1844516040838358,0.05734680571902806,353.15,20.0,4,160.0
10.1016/0378-7753(91)80004-H,5,VFT,0.75815462196739,0.7162284090684241,0.04192621289896592,293.15,20.0,4,160.0
10.1016/0378-7753(91)80004-H,5,VFT,0.8543060418010806,0.868122143480035,0.013816101678954418,353.15,20.0,4,160.0
10.1016/0378-7753(91)80004-H,5,VFT,1.100370545117563,1.1023987557522341,0.0020282106346711792,353.15,20.0,4,160.0
10.1016/0378-7753(91)80004-H,5,VFT,1.0614524790871933,1.0777081242136932,0.016255645126499907,353.15,20.0,4,160.0
10.1016/0378-7753(91)80004-H,5,VFT,0.9014583213961124,0.8770000756250613,0.024458245771051046,353.15,20.0,4,160.0
10.1016/0378-7753(91)80004-H,5,VFT,1.1095785469043866,1.188809725121367,0.07923117821698034,293.15,20.0,4,160.0
10.1016/0378-7753(91)80004-H,5,VFT,0.9652017010259121,0.9765967499692123,0.011395048943300234,353.15,20.0,4,160.0
10.1016/0378-7753(91)80004-H,5,VFT,0.8202014594856403,0.8327783996596314,0.012576940173991136,353.15,20.0,4,160.0
10.1016/0378-7753(91)80004-H,5,VFT,0.9400181550076633,0.9404248784711773,0.0004067234635140027,353.15,20.0,4,160.0
10.1016/0378-7753(91)80004-H,5,VFT,0.909020854211156,0.9285929836061899,0.019572129395033944,353.15,20.0,4,160.0
10.1016/0378-7753(91)80004-H,5,VFT,1.0068937079479006,1.0121757300120495,0.005282022064148961,353.15,20.0,4,160.0
10.1016/0378-7753(91)80004-H,5,VFT,0.9703468762300933,0.9775132353974623,0.007166359167368963,353.15,20.0,4,160.0
10.1016/0378-7753(91)80004-H,5,VFT,0.8992731873176038,0.9222267921735721,0.022953604855968313,353.15,20.0,4,160.0
10.1016/0378-7753(91)80004-H,5,VFT,0.9390197764486664,0.9592164446632614,0.02019666821459498,353.15,20.0,4,160.0
10.1016/0378-7753(91)80004-H,5,VFT,1.0342272607705507,1.037737821087845,0.0035105603172942423,353.15,20.0,4,160.0
10.1016/0378-7753(91)80004-H,5,VFT,1.070037866607755,1.0714088282790089,0.0013709616712538342,353.15,20.0,4,160.0
10.1016/0378-7753(91)80004-H,5,VFT,1.0253058652647702,1.039823143906397,0.014517278641626774,353.15,20.0,4,160.0
10.1016/0378-7753(91)80004-H,5,VFT,-0.3979400086720376,-0.3794926017182985,0.018447406953739087,353.15,20.0,4,160.0
10.1016/0378-7753(91)80004-H,5,VFT,1.2100508498751372,1.2054839235302595,0.004566926344877764,353.15,20.0,4,160.0
10.1016/0378-7753(91)80004-H,5,VFT,1.2273724422896362,1.237661686675585,0.010289244385948804,353.15,20.0,4,160.0
10.1016/0378-7753(91)80004-H,5,VFT,1.2866809693549301,1.2934938559182159,0.006812886563285714,353.15,20.0,4,160.0
10.1016/0378-7753(91)80004-H,5,VFT,0.5185139398778874,0.4897730896032406,0.02874085027464679,353.15,20.0,4,160.0
10.1016/0378-7753(91)80004-H,5,VFT,0.8082109729242221,0.8007868899186885,0.007424083005533544,353.15,20.0,4,160.0
10.1016/0378-7753(91)80004-H,5,VFT,1.0257153839013406,1.0228308784649054,0.0028845054364352585,353.15,20.0,4,160.0
10.1016/0378-7753(91)80004-H,5,VFT,1.123524980942732,1.1207380145375587,0.0027869664051731746,353.15,20.0,4,160.0
10.1016/0378-7753(91)80004-H,5,VFT,1.052693941924968,1.0594230396398863,0.006729097714918364,353.15,20.0,4,160.0
10.1016/0378-7753(91)80004-H,5,VFT,1.0799044676667207,1.0759158284248185,0.003988639241902181,353.15,20.0,4,160.0
10.1016/0378-7753(91)80004-H,5,VFT,1.1417632302757879,1.1443495134916901,0.002586283215902263,353.15,20.0,4,160.0
10.1016/0378-7753(91)80004-H,5,VFT,1.4053463601757088,1.4015506096745798,0.003795750501129014,353.15,20.0,4,160.0
10.1016/0378-7753(91)80004-H,5,VFT,1.3856062735983121,1.3849486894993834,0.0006575840989286874,353.15,20.0,4,160.0
10.1016/0378-7753(91)80004-H,5,VFT,1.4144719496293028,1.4215588809661448,0.007086931336842017,353.15,20.0,4,160.0
10.1016/0378-7753(91)80004-H,5,VFT,1.2893659515200318,1.287272690468051,0.0020932610519808215,353.15,20.0,4,160.0
10.1016/0378-7753(91)80004-H,5,VFT,1.0330214446829107,1.0388888940920689,0.005867449409158176,353.15,20.0,4,160.0
10.1016/0378-7753(91)80004-H,5,VFT,0.21484384804769785,0.7305904598566412,0.5157466118089433,353.15,20.0,4,160.0
10.1016/0378-7753(91)80004-H,5,independent_per_curve_GPR,0.436162647040756,0.32417832074189096,0.11198432629886507,293.15,20.0,4,160.0
10.1016/0378-7753(91)80004-H,5,independent_per_curve_GPR,1.4940153747571439,1.331362385942053,0.16265298881509094,353.15,20.0,4,160.0
10.1016/0378-7753(91)80004-H,5,independent_per_curve_GPR,1.4379090355394983,1.2852277891194466,0.15268124642005176,353.15,20.0,4,160.0
10.1016/0378-7753(91)80004-H,5,independent_per_curve_GPR,1.4679039465228003,1.2875762818895913,0.18032766463320904,353.15,20.0,4,160.0
10.1016/0378-7753(91)80004-H,5,independent_per_curve_GPR,1.1085650237328344,0.8532501997811852,0.2553148239516492,313.15,20.0,4,160.0
10.1016/0378-7753(91)80004-H,5,independent_per_curve_GPR,0.8785217955012065,0.6806555478261298,0.19786624767507666,293.15,20.0,4,160.0
10.1016/0378-7753(91)80004-H,5,independent_per_curve_GPR,1.0622058088197126,0.8288709703069408,0.2333348385127718,293.15,20.0,4,160.0
10.1016/0378-7753(91)80004-H,5,independent_per_curve_GPR,1.0499928569201427,0.758335703376853,0.2916571535432897,293.15,20.0,4,160.0
10.1016/0378-7753(91)80004-H,5,independent_per_curve_GPR,1.224014811372864,1.083161822662908,0.14085298870995588,353.15,20.0,4,160.0
10.1016/0378-7753(91)80004-H,5,independent_per_curve_GPR,0.7307822756663892,0.23734662175095267,0.49343565391543653,353.15,20.0,4,160.0
10.1016/0378-7753(91)80004-H,5,independent_per_curve_GPR,1.3911116137028026,1.2467700754978042,0.1443415382049984,353.15,20.0,4,160.0
10.1016/0378-7753(91)80004-H,5,independent_per_curve_GPR,1.376576957056512,1.277585910666818,0.09899104638969414,353.15,20.0,4,160.0
10.1016/0378-7753(91)80004-H,5,independent_per_curve_GPR,0.8976270912904415,0.5274568078039927,0.37017028348644876,293.15,20.0,4,160.0
10.1016/0378-7753(91)80004-H,5,independent_per_curve_GPR,0.9804578922761001,0.6104241448466093,0.3700337474294908,353.15,20.0,4,160.0
10.1016/0378-7753(91)80004-H,5,independent_per_curve_GPR,1.1559430179718369,0.9858575145451957,0.1700855034266412,293.15,20.0,4,160.0
10.1016/0378-7753(91)80004-H,5,independent_per_curve_GPR,1.3031960574204888,1.0866777129813328,0.21651834443915607,353.15,20.0,4,160.0
10.1016/0378-7753(91)80004-H,5,independent_per_curve_GPR,0.6473829701146199,0.5461868541166782,0.10119611599794165,293.15,20.0,4,160.0
10.1016/0378-7753(91)80004-H,5,independent_per_curve_GPR,1.0666985504229953,0.9004624005769017,0.16623614984609358,353.15,20.0,4,160.0
10.1016/0378-7753(91)80004-H,5,independent_per_curve_GPR,0.8394780473741984,0.5756282729327329,0.2638497744414655,353.15,20.0,4,160.0
10.1016/0378-7753(91)80004-H,5,independent_per_curve_GPR,1.4974825373673704,1.3181417051720354,0.17934083219533492,353.15,20.0,4,160.0
10.1016/0378-7753(91)80004-H,5,independent_per_curve_GPR,1.0913151596972228,0.8171115984331834,0.27420356126403944,353.15,20.0,4,160.0
10.1016/0378-7753(91)80004-H,5,independent_per_curve_GPR,1.1583624920952498,0.8964891370321505,0.2618733550630993,353.15,20.0,4,160.0
10.1016/0378-7753(91)80004-H,5,independent_per_curve_GPR,1.371806458507416,1.197637954317551,0.17416850418986485,353.15,20.0,4,160.0
10.1016/0378-7753(91)80004-H,5,independent_per_curve_GPR,1.5092025223311027,1.347665072820294,0.16153744951080884,353.15,20.0,4,160.0
10.1016/0378-7753(91)80004-H,5,independent_per_curve_GPR,1.3725438007590702,1.1964906988162531,0.1760531019428171,353.15,20.0,4,160.0
10.1016/0378-7753(91)80004-H,5,independent_per_curve_GPR,0.9694159123539814,0.6952559938198266,0.2741599185341548,353.15,20.0,4,160.0
10.1016/0378-7753(91)80004-H,5,independent_per_curve_GPR,1.199480914862356,0.952095817738366,0.24738509712398993,353.15,20.0,4,160.0
10.1016/0378-7753(91)80004-H,5,independent_per_curve_GPR,1.318897714627487,0.8310722586374895,0.4878254559899975,353.15,20.0,4,160.0
10.1016/0378-7753(91)80004-H,5,independent_per_curve_GPR,1.4499409887733377,1.2822312673387617,0.16770972143457596,353.15,20.0,4,160.0
10.1016/0378-7753(91)80004-H,5,independent_per_curve_GPR,1.2898118391176214,0.8221631053764811,0.46764873374114035,353.15,20.0,4,160.0
10.1016/0378-7753(91)80004-H,5,independent_per_curve_GPR,0.8142475957319202,0.4261500789321782,0.38809751679974197,353.15,20.0,4,160.0
10.1016/0378-7753(91)80004-H,5,independent_per_curve_GPR,1.0546130545568877,0.7491869002324151,0.3054261543244726,353.15,20.0,4,160.0
10.1016/0378-7753(91)80004-H,5,independent_per_curve_GPR,1.5128177585648732,1.329914682071352,0.1829030764935211,353.15,20.0,4,160.0
10.1016/0378-7753(91)80004-H,5,independent_per_curve_GPR,1.2778383330020475,1.06837657827454,0.2094617547275075,353.15,20.0,4,160.0
10.1016/0378-7753(91)80004-H,5,independent_per_curve_GPR,1.2301933788690456,0.9991801602875972,0.2310132185814484,353.15,20.0,4,160.0
10.1016/0378-7753(91)80004-H,5,independent_per_curve_GPR,1.5809249756756194,1.423118886286308,0.1578060893893114,353.15,20.0,4,160.0
10.1016/0378-7753(91)80004-H,5,independent_per_curve_GPR,1.3412366232386923,1.1162541602356533,0.22498246300303903,353.15,20.0,4,160.0
10.1016/0378-7753(91)80004-H,5,independent_per_curve_GPR,1.1637575239819558,0.9027838157684246,0.26097370821353116,293.15,20.0,4,160.0
10.1016/0378-7753(91)80004-H,5,independent_per_curve_GPR,1.1699681739968923,0.9535470677622212,0.21642110623467115,293.15,20.0,4,160.0
10.1016/0378-7753(91)80004-H,5,independent_per_curve_GPR,1.0220157398177203,0.8560695092083243,0.16594623060939606,293.15,20.0,4,160.0
10.1016/0378-7753(91)80004-H,5,independent_per_curve_GPR,0.9694159123539814,0.5556103934412701,0.41380551891271133,293.15,20.0,4,160.0
10.1016/0378-7753(91)80004-H,5,independent_per_curve_GPR,1.1264561134318043,0.9011269870048106,0.22532912642699365,353.15,20.0,4,160.0
10.1016/0378-7753(91)80004-H,5,independent_per_curve_GPR,1.2296818423176759,0.9662407604639096,0.26344108185376625,353.15,20.0,4,160.0
10.1016/0378-7753(91)80004-H,5,independent_per_curve_GPR,1.1992064791616577,0.8593041664318632,0.33990231272979443,353.15,20.0,4,160.0
10.1016/0378-7753(91)80004-H,5,independent_per_curve_GPR,1.2622137054764169,1.0020619353536744,0.2601517701227425,353.15,20.0,4,160.0
10.1016/0378-7753(91)80004-H,5,independent_per_curve_GPR,1.1132746924643504,0.8166463167479777,0.2966283757163727,353.15,20.0,4,160.0
10.1016/0378-7753(91)80004-H,5,independent_per_curve_GPR,1.06781451116184,0.7590827081482632,0.30873180301357683,353.15,20.0,4,160.0
10.1016/0378-7753(91)80004-H,5,independent_per_curve_GPR,1.2390490931401914,0.9030260047413168,0.3360230883988746,353.15,20.0,4,160.0
10.1016/0378-7753(91)80004-H,5,independent_per_curve_GPR,1.0666985504229953,0.6985851039101469,0.3681134465128484,353.15,20.0,4,160.0
10.1016/0378-7753(91)80004-H,5,independent_per_curve_GPR,1.161966616364075,0.9372295542263607,0.22473706213771427,353.15,20.0,4,160.0
10.1016/0378-7753(91)80004-H,5,independent_per_curve_GPR,1.266936911159173,1.0029588910168903,0.2639780201422828,353.15,20.0,4,160.0
10.1016/0378-7753(91)80004-H,5,independent_per_curve_GPR,1.0874264570362855,0.6329930002106114,0.45443345682567404,353.15,20.0,4,160.0
10.1016/0378-7753(91)80004-H,5,independent_per_curve_GPR,1.1430148002540952,0.6852927985168027,0.4577220017372925,353.15,20.0,4,160.0
10.1016/0378-7753(91)80004-H,5,independent_per_curve_GPR,1.1661339703051092,0.8771230717367899,0.2890108985683193,353.15,20.0,4,160.0
10.1016/0378-7753(91)80004-H,5,independent_per_curve_GPR,1.0086001717619175,0.7434542804944818,0.2651458912674357,353.15,20.0,4,160.0
10.1016/0378-7753(91)80004-H,5,independent_per_curve_GPR,1.2773799746672547,1.0276121652706478,0.24976780939660692,353.15,20.0,4,160.0
10.1016/0378-7753(91)80004-H,5,independent_per_curve_GPR,1.0503797562614579,0.4562181654951522,0.5941615907663056,353.15,20.0,4,160.0
10.1016/0378-7753(91)80004-H,5,independent_per_curve_GPR,1.2489536154957075,1.0226736367687521,0.22627997872695538,353.15,20.0,4,160.0
10.1016/0378-7753(91)80004-H,5,independent_per_curve_GPR,1.2953471483336179,1.0370489368174445,0.2582982115161734,353.15,20.0,4,160.0
10.1016/0378-7753(91)80004-H,5,independent_per_curve_GPR,0.9329808219231982,0.5491593961482426,0.3838214257749556,293.15,20.0,4,160.0
10.1016/0378-7753(91)80004-H,5,independent_per_curve_GPR,0.9925535178321356,0.7042348663619761,0.28831865147015956,293.15,20.0,4,160.0
10.1016/0378-7753(91)80004-H,5,independent_per_curve_GPR,1.1778249718646818,1.0711924559894148,0.10663251587526701,293.15,20.0,4,160.0
10.1016/0378-7753(91)80004-H,5,independent_per_curve_GPR,0.9916690073799486,0.9144788791481332,0.07719012823181537,293.15,20.0,4,160.0
10.1016/0378-7753(91)80004-H,5,independent_per_curve_GPR,1.2190603324488614,0.9512528224434595,0.2678075100054018,353.15,20.0,4,160.0
10.1016/0378-7753(91)80004-H,5,independent_per_curve_GPR,1.1634595517699902,1.0180709608437228,0.14538859092626732,293.15,20.0,4,160.0
10.1016/0378-7753(91)80004-H,5,independent_per_curve_GPR,1.1271047983648077,0.9244919901392814,0.2026128082255263,353.15,20.0,4,160.0
10.1016/0378-7753(91)80004-H,5,independent_per_curve_GPR,0.75815462196739,0.22968982579652403,0.528464796170866,293.15,20.0,4,160.0
10.1016/0378-7753(91)80004-H,5,independent_per_curve_GPR,0.8543060418010806,0.4882717193662841,0.3660343224347965,353.15,20.0,4,160.0
10.1016/0378-7753(91)80004-H,5,independent_per_curve_GPR,1.100370545117563,0.7980542039113273,0.30231634120623563,353.15,20.0,4,160.0
10.1016/0378-7753(91)80004-H,5,independent_per_curve_GPR,1.0614524790871933,0.7586438759512417,0.3028086031359516,353.15,20.0,4,160.0
10.1016/0378-7753(91)80004-H,5,independent_per_curve_GPR,0.9014583213961124,0.5937495964965693,0.30770872489954304,353.15,20.0,4,160.0
10.1016/0378-7753(91)80004-H,5,independent_per_curve_GPR,1.1095785469043866,0.9288212108765447,0.18075733602784194,293.15,20.0,4,160.0
10.1016/0378-7753(91)80004-H,5,independent_per_curve_GPR,0.9652017010259121,0.6606307570048182,0.30457094402109386,353.15,20.0,4,160.0
10.1016/0378-7753(91)80004-H,5,independent_per_curve_GPR,0.8202014594856403,0.5000980951445889,0.32010336434105136,353.15,20.0,4,160.0
10.1016/0378-7753(91)80004-H,5,independent_per_curve_GPR,0.9400181550076633,0.6020146605341052,0.33800349447355804,353.15,20.0,4,160.0
10.1016/0378-7753(91)80004-H,5,independent_per_curve_GPR,0.909020854211156,0.43122577156203473,0.47779508264912124,353.15,20.0,4,160.0
10.1016/0378-7753(91)80004-H,5,independent_per_curve_GPR,1.0068937079479006,0.7492918707164573,0.25760183723144325,353.15,20.0,4,160.0
10.1016/0378-7753(91)80004-H,5,independent_per_curve_GPR,0.9703468762300933,0.6956233220183126,0.27472355421178074,353.15,20.0,4,160.0
10.1016/0378-7753(91)80004-H,5,independent_per_curve_GPR,0.8992731873176038,0.5549246469626951,0.3443485403549087,353.15,20.0,4,160.0
10.1016/0378-7753(91)80004-H,5,independent_per_curve_GPR,0.9390197764486664,0.5842900098466249,0.3547297666020415,353.15,20.0,4,160.0
10.1016/0378-7753(91)80004-H,5,independent_per_curve_GPR,1.0342272607705507,0.7860930077760165,0.24813425299453418,353.15,20.0,4,160.0
10.1016/0378-7753(91)80004-H,5,independent_per_curve_GPR,1.070037866607755,0.8653459677222102,0.20469189888554484,353.15,20.0,4,160.0
10.1016/0378-7753(91)80004-H,5,independent_per_curve_GPR,1.0253058652647702,0.7230526578789693,0.30225320738580086,353.15,20.0,4,160.0
10.1016/0378-7753(91)80004-H,5,independent_per_curve_GPR,-0.3979400086720376,-0.5103067233645638,0.11236671469252624,353.15,20.0,4,160.0
10.1016/0378-7753(91)80004-H,5,independent_per_curve_GPR,1.2100508498751372,1.0801211868580765,0.12992966301706077,353.15,20.0,4,160.0
10.1016/0378-7753(91)80004-H,5,independent_per_curve_GPR,1.2273724422896362,0.9717891988172098,0.25558324347242634,353.15,20.0,4,160.0
10.1016/0378-7753(91)80004-H,5,independent_per_curve_GPR,1.2866809693549301,1.0323395963254727,0.2543413730294575,353.15,20.0,4,160.0
10.1016/0378-7753(91)80004-H,5,independent_per_curve_GPR,0.5185139398778874,0.38464022663719233,0.13387371324069508,353.15,20.0,4,160.0
10.1016/0378-7753(91)80004-H,5,independent_per_curve_GPR,0.8082109729242221,0.5631943017305979,0.24501667119362414,353.15,20.0,4,160.0
10.1016/0378-7753(91)80004-H,5,independent_per_curve_GPR,1.0257153839013406,0.8876920480757561,0.13802333582558457,353.15,20.0,4,160.0
10.1016/0378-7753(91)80004-H,5,independent_per_curve_GPR,1.123524980942732,0.9893494504243261,0.1341755305184058,353.15,20.0,4,160.0
10.1016/0378-7753(91)80004-H,5,independent_per_curve_GPR,1.052693941924968,0.8425208325261542,0.21017310939881373,353.15,20.0,4,160.0
10.1016/0378-7753(91)80004-H,5,independent_per_curve_GPR,1.0799044676667207,0.9549594517418897,0.12494501592483098,353.15,20.0,4,160.0
10.1016/0378-7753(91)80004-H,5,independent_per_curve_GPR,1.1417632302757879,0.9088911380124436,0.23287209226334427,353.15,20.0,4,160.0
10.1016/0378-7753(91)80004-H,5,independent_per_curve_GPR,1.4053463601757088,1.2568019034568003,0.14854445671890848,353.15,20.0,4,160.0
10.1016/0378-7753(91)80004-H,5,independent_per_curve_GPR,1.3856062735983121,1.2055881819353458,0.18001809166296634,353.15,20.0,4,160.0
10.1016/0378-7753(91)80004-H,5,independent_per_curve_GPR,1.4144719496293028,1.2325728623332117,0.18189908729609106,353.15,20.0,4,160.0
10.1016/0378-7753(91)80004-H,5,independent_per_curve_GPR,1.2893659515200318,1.1008951799249251,0.1884707715951066,353.15,20.0,4,160.0
10.1016/0378-7753(91)80004-H,5,independent_per_curve_GPR,1.0330214446829107,0.8158861615592835,0.21713528312362718,353.15,20.0,4,160.0
10.1016/0378-7753(91)80004-H,5,independent_per_curve_GPR,0.21484384804769785,0.3353538051404664,0.12050995709276857,353.15,20.0,4,160.0
10.1016/S0013-4686(99)00431-4,3,nested_budget_router,0.9306006364705187,0.9250293744283136,0.0055712620422051495,293.4707224,5.178194799999972,4,180.0
10.1016/S0013-4686(99)00431-4,3,nested_budget_router,1.1300498591247117,1.126992598830907,0.003057260293804598,328.15,5.0,4,180.0
10.1016/S0013-4686(99)00431-4,3,nested_budget_router,1.1997710739501317,1.197205219672106,0.002565854278025803,328.15,5.0,4,180.0
10.1016/S0013-4686(99)00431-4,3,nested_budget_router,1.2143730163103637,1.2106641359689305,0.0037088803414331295,328.15,5.0,4,180.0
10.1016/S0013-4686(99)00431-4,3,nested_budget_router,1.2157642130448494,1.2123312190542685,0.003432993990580835,328.15,5.0,4,180.0
10.1016/S0013-4686(99)00431-4,3,nested_budget_router,1.2135668122366363,1.2095860317872307,0.003980780449405641,328.15,5.0,4,180.0
10.1016/S0013-4686(99)00431-4,3,nested_budget_router,1.195416891873461,1.1916789687910052,0.0037379230824556853,328.15,5.0,4,180.0
10.1016/S0013-4686(99)00431-4,3,nested_budget_router,1.1650102908586222,1.1606856547278281,0.004324636130794035,328.15,5.0,4,180.0
10.1016/S0013-4686(99)00431-4,3,VFT,0.9306006364705187,0.9287625956078346,0.0018380408626841316,293.4707224,5.178194799999972,4,180.0
10.1016/S0013-4686(99)00431-4,3,VFT,1.1300498591247117,1.128164324123243,0.0018855350014685968,328.15,5.0,4,180.0
10.1016/S0013-4686(99)00431-4,3,VFT,1.1997710739501317,1.1984680596232038,0.0013030143269279204,328.15,5.0,4,180.0
10.1016/S0013-4686(99)00431-4,3,VFT,1.2143730163103637,1.2121961516060042,0.0021768647043594047,328.15,5.0,4,180.0
10.1016/S0013-4686(99)00431-4,3,VFT,1.2157642130448494,1.2132486201994261,0.0025155928454232424,328.15,5.0,4,180.0
10.1016/S0013-4686(99)00431-4,3,VFT,1.2135668122366363,1.2113281739844246,0.002238638252211711,328.15,5.0,4,180.0
10.1016/S0013-4686(99)00431-4,3,VFT,1.195416891873461,1.1921541563226645,0.0032627355507963696,328.15,5.0,4,180.0
10.1016/S0013-4686(99)00431-4,3,VFT,1.1650102908586222,1.16234432628267,0.00266596457595214,328.15,5.0,4,180.0
10.1016/S0013-4686(99)00431-4,3,independent_per_curve_GPR,0.9306006364705187,0.8537333736144734,0.07686726285604528,293.4707224,5.178194799999972,4,180.0
10.1016/S0013-4686(99)00431-4,3,independent_per_curve_GPR,1.1300498591247117,1.076414860078494,0.05363499904621771,328.15,5.0,4,180.0
10.1016/S0013-4686(99)00431-4,3,independent_per_curve_GPR,1.1997710739501317,1.1463234687952104,0.05344760515492131,328.15,5.0,4,180.0
10.1016/S0013-4686(99)00431-4,3,independent_per_curve_GPR,1.2143730163103637,1.159705321378436,0.05466769493192758,328.15,5.0,4,180.0
10.1016/S0013-4686(99)00431-4,3,independent_per_curve_GPR,1.2157642130448494,1.1616148640380108,0.05414934900683854,328.15,5.0,4,180.0
10.1016/S0013-4686(99)00431-4,3,independent_per_curve_GPR,1.2135668122366363,1.1582946406192451,0.055272171617391175,328.15,5.0,4,180.0
10.1016/S0013-4686(99)00431-4,3,independent_per_curve_GPR,1.195416891873461,1.141719143557771,0.053697748315689964,328.15,5.0,4,180.0
10.1016/S0013-4686(99)00431-4,3,independent_per_curve_GPR,1.1650102908586222,1.1097612543331807,0.05524903652544144,328.15,5.0,4,180.0
10.1016/S0013-4686(99)00431-4,4,nested_budget_router,0.9306006364705187,0.9275759453780488,0.0030246910924699444,293.4707224,5.178194799999972,4,160.0
10.1016/S0013-4686(99)00431-4,4,nested_budget_router,1.1300498591247117,1.1283976024754487,0.0016522566492629398,328.15,5.0,4,160.0
10.1016/S0013-4686(99)00431-4,4,nested_budget_router,1.1997710739501317,1.1980458389981172,0.0017252349520144872,328.15,5.0,4,160.0
10.1016/S0013-4686(99)00431-4,4,nested_budget_router,1.2143730163103637,1.2116587767597295,0.002714239550634101,328.15,5.0,4,160.0
10.1016/S0013-4686(99)00431-4,4,nested_budget_router,1.2157642130448494,1.2131306391343823,0.0026335739104670353,328.15,5.0,4,160.0
10.1016/S0013-4686(99)00431-4,4,nested_budget_router,1.2135668122366363,1.2110295452265953,0.0025372670100409778,328.15,5.0,4,160.0
10.1016/S0013-4686(99)00431-4,4,nested_budget_router,1.195416891873461,1.1919737890052877,0.0034431028681731757,328.15,5.0,4,160.0
10.1016/S0013-4686(99)00431-4,4,nested_budget_router,1.1650102908586222,1.161875218536243,0.0031350723223790844,328.15,5.0,4,160.0
10.1016/S0013-4686(99)00431-4,4,VFT,0.9306006364705187,0.9275759453780488,0.0030246910924699444,293.4707224,5.178194799999972,4,160.0
10.1016/S0013-4686(99)00431-4,4,VFT,1.1300498591247117,1.1283976024754487,0.0016522566492629398,328.15,5.0,4,160.0
10.1016/S0013-4686(99)00431-4,4,VFT,1.1997710739501317,1.1980458389981172,0.0017252349520144872,328.15,5.0,4,160.0
10.1016/S0013-4686(99)00431-4,4,VFT,1.2143730163103637,1.2116587767597295,0.002714239550634101,328.15,5.0,4,160.0
10.1016/S0013-4686(99)00431-4,4,VFT,1.2157642130448494,1.2131306391343823,0.0026335739104670353,328.15,5.0,4,160.0
10.1016/S0013-4686(99)00431-4,4,VFT,1.2135668122366363,1.2110295452265953,0.0025372670100409778,328.15,5.0,4,160.0
10.1016/S0013-4686(99)00431-4,4,VFT,1.195416891873461,1.1919737890052877,0.0034431028681731757,328.15,5.0,4,160.0
10.1016/S0013-4686(99)00431-4,4,VFT,1.1650102908586222,1.161875218536243,0.0031350723223790844,328.15,5.0,4,160.0
10.1016/S0013-4686(99)00431-4,4,independent_per_curve_GPR,0.9306006364705187,0.848327462724475,0.0822731737460437,293.4707224,5.178194799999972,4,160.0
10.1016/S0013-4686(99)00431-4,4,independent_per_curve_GPR,1.1300498591247117,1.0767144831775608,0.053335375947150876,328.15,5.0,4,160.0
10.1016/S0013-4686(99)00431-4,4,independent_per_curve_GPR,1.1997710739501317,1.1467983241241588,0.05297274982597289,328.15,5.0,4,160.0
10.1016/S0013-4686(99)00431-4,4,independent_per_curve_GPR,1.2143730163103637,1.1601167788620712,0.054256237448292444,328.15,5.0,4,160.0
10.1016/S0013-4686(99)00431-4,4,independent_per_curve_GPR,1.2157642130448494,1.1619450068202755,0.05381920622457392,328.15,5.0,4,160.0
10.1016/S0013-4686(99)00431-4,4,independent_per_curve_GPR,1.2135668122366363,1.1587166656773287,0.054850146559307644,328.15,5.0,4,160.0
10.1016/S0013-4686(99)00431-4,4,independent_per_curve_GPR,1.195416891873461,1.1420572795427204,0.05335961233074049,328.15,5.0,4,160.0
10.1016/S0013-4686(99)00431-4,4,independent_per_curve_GPR,1.1650102908586222,1.110192622032091,0.05481766882653116,328.15,5.0,4,160.0
10.1016/S0013-4686(99)00431-4,5,nested_budget_router,0.9306006364705187,0.92699254594649,0.003608090524028662,293.4707224,5.178194799999972,4,160.0
10.1016/S0013-4686(99)00431-4,5,nested_budget_router,1.1300498591247117,1.1243912796118176,0.0056585795128940575,328.15,5.0,4,160.0
10.1016/S0013-4686(99)00431-4,5,nested_budget_router,1.1997710739501317,1.1967757886962682,0.0029952852538635,328.15,5.0,4,160.0
10.1016/S0013-4686(99)00431-4,5,nested_budget_router,1.2143730163103637,1.2103201494743128,0.0040528668360508835,328.15,5.0,4,160.0
10.1016/S0013-4686(99)00431-4,5,nested_budget_router,1.2157642130448494,1.2117093078893149,0.004054905155534527,328.15,5.0,4,160.0
10.1016/S0013-4686(99)00431-4,5,nested_budget_router,1.2135668122366363,1.2095990045355942,0.003967807701042103,328.15,5.0,4,160.0
10.1016/S0013-4686(99)00431-4,5,nested_budget_router,1.195416891873461,1.1908939594716705,0.004522932401790358,328.15,5.0,4,160.0
10.1016/S0013-4686(99)00431-4,5,nested_budget_router,1.1650102908586222,1.1606881777716873,0.0043221130869348645,328.15,5.0,4,160.0
10.1016/S0013-4686(99)00431-4,5,VFT,0.9306006364705187,0.92699254594649,0.003608090524028662,293.4707224,5.178194799999972,4,160.0
10.1016/S0013-4686(99)00431-4,5,VFT,1.1300498591247117,1.1243912796118176,0.0056585795128940575,328.15,5.0,4,160.0
10.1016/S0013-4686(99)00431-4,5,VFT,1.1997710739501317,1.1967757886962682,0.0029952852538635,328.15,5.0,4,160.0
10.1016/S0013-4686(99)00431-4,5,VFT,1.2143730163103637,1.2103201494743128,0.0040528668360508835,328.15,5.0,4,160.0
10.1016/S0013-4686(99)00431-4,5,VFT,1.2157642130448494,1.2117093078893149,0.004054905155534527,328.15,5.0,4,160.0
10.1016/S0013-4686(99)00431-4,5,VFT,1.2135668122366363,1.2095990045355942,0.003967807701042103,328.15,5.0,4,160.0
10.1016/S0013-4686(99)00431-4,5,VFT,1.195416891873461,1.1908939594716705,0.004522932401790358,328.15,5.0,4,160.0
10.1016/S0013-4686(99)00431-4,5,VFT,1.1650102908586222,1.1606881777716873,0.0043221130869348645,328.15,5.0,4,160.0
10.1016/S0013-4686(99)00431-4,5,independent_per_curve_GPR,0.9306006364705187,0.8444827643715004,0.08611787209901833,293.4707224,5.178194799999972,4,160.0
10.1016/S0013-4686(99)00431-4,5,independent_per_curve_GPR,1.1300498591247117,1.0791769791624963,0.050872879962215345,328.15,5.0,4,160.0
10.1016/S0013-4686(99)00431-4,5,independent_per_curve_GPR,1.1997710739501317,1.1487128143309822,0.05105825961914956,328.15,5.0,4,160.0
10.1016/S0013-4686(99)00431-4,5,independent_per_curve_GPR,1.2143730163103637,1.161972301951081,0.05240071435928262,328.15,5.0,4,160.0
10.1016/S0013-4686(99)00431-4,5,independent_per_curve_GPR,1.2157642130448494,1.1637926897847222,0.05197152326012722,328.15,5.0,4,160.0
10.1016/S0013-4686(99)00431-4,5,independent_per_curve_GPR,1.2135668122366363,1.1606581124849857,0.05290869975165058,328.15,5.0,4,160.0
10.1016/S0013-4686(99)00431-4,5,independent_per_curve_GPR,1.195416891873461,1.143796741656622,0.05162015021683897,328.15,5.0,4,160.0
10.1016/S0013-4686(99)00431-4,5,independent_per_curve_GPR,1.1650102908586222,1.1120478934787736,0.052962397379848536,328.15,5.0,4,160.0
10.1016/j.jpowsour.2010.12.040,3,nested_budget_router,1.195519125663633,1.1964759224328352,0.0009567967692021284,332.5401445,9.826414100000022,4,180.0
10.1016/j.jpowsour.2010.12.040,3,VFT,1.195519125663633,1.1938438073412936,0.0016753183223394696,332.5401445,9.826414100000022,4,180.0
10.1016/j.jpowsour.2010.12.040,3,independent_per_curve_GPR,1.195519125663633,1.1038515238874707,0.0916676017761624,332.5401445,9.826414100000022,4,180.0
10.1016/j.jpowsour.2010.12.040,4,nested_budget_router,1.195519125663633,1.195627029803612,0.00010790413997896486,332.5401445,9.826414100000022,4,160.0
10.1016/j.jpowsour.2010.12.040,4,VFT,1.195519125663633,1.195627029803612,0.00010790413997896486,332.5401445,9.826414100000022,4,160.0
10.1016/j.jpowsour.2010.12.040,4,independent_per_curve_GPR,1.195519125663633,1.0974491611535064,0.09806996451012662,332.5401445,9.826414100000022,4,160.0
10.1016/j.jpowsour.2010.12.040,5,nested_budget_router,1.195519125663633,1.1944794126524299,0.0010397130112032027,332.5401445,9.826414100000022,4,160.0
10.1016/j.jpowsour.2010.12.040,5,VFT,1.195519125663633,1.1944794126524299,0.0010397130112032027,332.5401445,9.826414100000022,4,160.0
10.1016/j.jpowsour.2010.12.040,5,independent_per_curve_GPR,1.195519125663633,1.0925245822278453,0.10299454343578773,332.5401445,9.826414100000022,4,160.0
10.1016/j.jpowsour.2011.06.030,3,nested_budget_router,1.0214510000966968,1.0244175289552582,0.0029665288585614125,317.8075342,4.931506800000022,4,180.0
10.1016/j.jpowsour.2011.06.030,3,nested_budget_router,0.9986070779006693,1.0016199876770553,0.003012909776386019,317.9445205,5.068493100000012,4,180.0
10.1016/j.jpowsour.2011.06.030,3,nested_budget_router,1.229901790420427,1.23016782658095,0.0002660361605228978,317.8075342,4.931506800000022,4,180.0
10.1016/j.jpowsour.2011.06.030,3,VFT,1.0214510000966968,1.0232749605477456,0.0018239604510488228,317.8075342,4.931506800000022,4,180.0
10.1016/j.jpowsour.2011.06.030,3,VFT,0.9986070779006693,1.0009417804890592,0.0023347025883899697,317.9445205,5.068493100000012,4,180.0
10.1016/j.jpowsour.2011.06.030,3,VFT,1.229901790420427,1.2276655639582812,0.0022362264621458294,317.8075342,4.931506800000022,4,180.0
10.1016/j.jpowsour.2011.06.030,3,independent_per_curve_GPR,1.0214510000966968,0.9710649406332025,0.05038605946349428,317.8075342,4.931506800000022,4,180.0
10.1016/j.jpowsour.2011.06.030,3,independent_per_curve_GPR,0.9986070779006693,0.9438141731754807,0.05479290472518861,317.9445205,5.068493100000012,4,180.0
10.1016/j.jpowsour.2011.06.030,3,independent_per_curve_GPR,1.229901790420427,1.1739737256054992,0.05592806481492785,317.8075342,4.931506800000022,4,180.0
10.1016/j.jpowsour.2011.06.030,4,nested_budget_router,1.0214510000966968,1.023881003937602,0.0024300038409053037,317.8075342,4.931506800000022,4,160.0
10.1016/j.jpowsour.2011.06.030,4,nested_budget_router,0.9986070779006693,1.0040644943044814,0.005457416403812143,317.9445205,5.068493100000012,4,160.0
10.1016/j.jpowsour.2011.06.030,4,nested_budget_router,1.229901790420427,1.229178135530806,0.000723654889621006,317.8075342,4.931506800000022,4,160.0
10.1016/j.jpowsour.2011.06.030,4,VFT,1.0214510000966968,1.023881003937602,0.0024300038409053037,317.8075342,4.931506800000022,4,160.0
10.1016/j.jpowsour.2011.06.030,4,VFT,0.9986070779006693,1.0040644943044814,0.005457416403812143,317.9445205,5.068493100000012,4,160.0
10.1016/j.jpowsour.2011.06.030,4,VFT,1.229901790420427,1.229178135530806,0.000723654889621006,317.8075342,4.931506800000022,4,160.0
10.1016/j.jpowsour.2011.06.030,4,independent_per_curve_GPR,1.0214510000966968,0.9700337039005537,0.0514172961961431,317.8075342,4.931506800000022,4,160.0
10.1016/j.jpowsour.2011.06.030,4,independent_per_curve_GPR,0.9986070779006693,0.9415799682171523,0.057027109683516986,317.9445205,5.068493100000012,4,160.0
10.1016/j.jpowsour.2011.06.030,4,independent_per_curve_GPR,1.229901790420427,1.1726211936914768,0.05728059672895025,317.8075342,4.931506800000022,4,160.0
10.1016/j.jpowsour.2011.06.030,5,nested_budget_router,1.0214510000966968,1.024475247132083,0.003024247035386285,317.8075342,4.931506800000022,4,160.0
10.1016/j.jpowsour.2011.06.030,5,nested_budget_router,0.9986070779006693,1.0048090436587676,0.006201965758098282,317.9445205,5.068493100000012,4,160.0
10.1016/j.jpowsour.2011.06.030,5,nested_budget_router,1.229901790420427,1.229554483526112,0.0003473068943149471,317.8075342,4.931506800000022,4,160.0
10.1016/j.jpowsour.2011.06.030,5,VFT,1.0214510000966968,1.024475247132083,0.003024247035386285,317.8075342,4.931506800000022,4,160.0
10.1016/j.jpowsour.2011.06.030,5,VFT,0.9986070779006693,1.0048090436587676,0.006201965758098282,317.9445205,5.068493100000012,4,160.0
10.1016/j.jpowsour.2011.06.030,5,VFT,1.229901790420427,1.229554483526112,0.0003473068943149471,317.8075342,4.931506800000022,4,160.0
10.1016/j.jpowsour.2011.06.030,5,independent_per_curve_GPR,1.0214510000966968,0.9690552200652134,0.052395780031483374,317.8075342,4.931506800000022,4,160.0
10.1016/j.jpowsour.2011.06.030,5,independent_per_curve_GPR,0.9986070779006693,0.940089324535339,0.05851775336533027,317.9445205,5.068493100000012,4,160.0
10.1016/j.jpowsour.2011.06.030,5,independent_per_curve_GPR,1.229901790420427,1.1714967425764278,0.05840504784399925,317.8075342,4.931506800000022,4,160.0
10.1016/j.jpowsour.2011.07.071,3,nested_budget_router,1.3532111755940726,1.3562552596115205,0.0030440840174479344,354.0952676,2.310547499999984,4,180.0
10.1016/j.jpowsour.2011.07.071,3,nested_budget_router,1.2006809430139878,1.1988770483603381,0.001803894653649607,334.9025673,0.7732755999999767,4,180.0
10.1016/j.jpowsour.2011.07.071,3,VFT,1.3532111755940726,1.350029239592227,0.0031819360018454645,354.0952676,2.310547499999984,4,180.0
10.1016/j.jpowsour.2011.07.071,3,VFT,1.2006809430139878,1.1964916656543392,0.00418927735964858,334.9025673,0.7732755999999767,4,180.0
10.1016/j.jpowsour.2011.07.071,3,independent_per_curve_GPR,1.3532111755940726,1.3358899049473898,0.017321270646682763,354.0952676,2.310547499999984,4,180.0
10.1016/j.jpowsour.2011.07.071,3,independent_per_curve_GPR,1.2006809430139878,1.1917917854600568,0.008889157553930938,334.9025673,0.7732755999999767,4,180.0
10.1016/j.jpowsour.2011.07.071,4,nested_budget_router,1.3532111755940726,1.350898889893403,0.0023122857006696584,354.0952676,2.310547499999984,4,160.0
10.1016/j.jpowsour.2011.07.071,4,nested_budget_router,1.2006809430139878,1.1966308388404383,0.004050104173549451,334.9025673,0.7732755999999767,4,160.0
10.1016/j.jpowsour.2011.07.071,4,VFT,1.3532111755940726,1.350898889893403,0.0023122857006696584,354.0952676,2.310547499999984,4,160.0
10.1016/j.jpowsour.2011.07.071,4,VFT,1.2006809430139878,1.1966308388404383,0.004050104173549451,334.9025673,0.7732755999999767,4,160.0
10.1016/j.jpowsour.2011.07.071,4,independent_per_curve_GPR,1.3532111755940726,1.3358754380616276,0.017335737532444995,354.0952676,2.310547499999984,4,160.0
10.1016/j.jpowsour.2011.07.071,4,independent_per_curve_GPR,1.2006809430139878,1.1920715218691091,0.008609421144878615,334.9025673,0.7732755999999767,4,160.0
10.1016/j.jpowsour.2011.07.071,5,nested_budget_router,1.3532111755940726,1.3504394003742657,0.0027717752198068712,354.0952676,2.310547499999984,4,160.0
10.1016/j.jpowsour.2011.07.071,5,nested_budget_router,1.2006809430139878,1.1973431352909447,0.0033378077230430403,334.9025673,0.7732755999999767,4,160.0
10.1016/j.jpowsour.2011.07.071,5,VFT,1.3532111755940726,1.3504394003742657,0.0027717752198068712,354.0952676,2.310547499999984,4,160.0
10.1016/j.jpowsour.2011.07.071,5,VFT,1.2006809430139878,1.1973431352909447,0.0033378077230430403,334.9025673,0.7732755999999767,4,160.0
10.1016/j.jpowsour.2011.07.071,5,independent_per_curve_GPR,1.3532111755940726,1.3362594034305064,0.016951772163566137,354.0952676,2.310547499999984,4,160.0
10.1016/j.jpowsour.2011.07.071,5,independent_per_curve_GPR,1.2006809430139878,1.1920132974416768,0.008667645572310922,334.9025673,0.7732755999999767,4,160.0
10.1021/JE020219O,3,nested_budget_router,0.8671727511786498,0.8600559520034543,0.007116799175195476,332.15,9.799999999999955,4,190.0
10.1021/JE020219O,3,nested_budget_router,0.9384696883676453,0.9301702650304515,0.008299423337193801,332.15,9.799999999999955,4,190.0
10.1021/JE020219O,3,nested_budget_router,1.0021660617565078,1.0013410120542912,0.0008250497022166403,332.15,9.799999999999955,4,190.0
10.1021/JE020219O,3,nested_budget_router,1.0511525224473812,1.053687613993254,0.0025350915458728362,332.15,9.799999999999955,4,190.0
10.1021/JE020219O,3,nested_budget_router,1.089551882886454,1.0876871166837785,0.0018647662026756162,332.15,9.799999999999955,4,190.0
10.1021/JE020219O,3,nested_budget_router,1.0888445627270043,1.0850784940108003,0.0037660687162039963,332.15,9.799999999999955,4,190.0
10.1021/JE020219O,3,nested_budget_router,1.077731179652392,1.0732185559733718,0.004512623679020278,332.15,9.799999999999955,4,190.0
10.1021/JE020219O,3,nested_budget_router,1.0572856444182146,1.0518244354056985,0.005461209012516122,332.15,9.799999999999955,4,190.0
10.1021/JE020219O,3,nested_budget_router,1.02816441942447,1.0253709283384573,0.0027934910860125672,332.15,9.799999999999955,4,190.0
10.1021/JE020219O,3,nested_budget_router,0.9025467793139914,0.9021890514282591,0.0003577278857322952,332.15,9.799999999999955,4,190.0
10.1021/JE020219O,3,nested_budget_router,0.8326366275967033,0.8190533599824187,0.013583267614284633,332.15,9.799999999999955,4,190.0
10.1021/JE020219O,3,nested_budget_router,0.8953120244757873,0.8862203827346206,0.009091641741166723,332.15,9.799999999999955,4,190.0
10.1021/JE020219O,3,nested_budget_router,0.9664702637292844,0.9615579566475871,0.004912307081697209,332.15,9.799999999999955,4,190.0
10.1021/JE020219O,3,nested_budget_router,1.0261245167454502,1.0303608817527226,0.004236365007272314,332.15,9.799999999999955,4,190.0
10.1021/JE020219O,3,nested_budget_router,1.0751818546186915,1.0706456614889033,0.004536193129788257,332.15,9.799999999999955,4,190.0
10.1021/JE020219O,3,nested_budget_router,1.0996806411092501,1.1005738099457152,0.0008931688364650636,332.15,9.799999999999955,4,190.0
10.1021/JE020219O,3,nested_budget_router,1.1092409685882032,1.104843264110631,0.004397704477572262,332.15,9.799999999999955,4,190.0
10.1021/JE020219O,3,nested_budget_router,1.1058506743851435,1.1006037742052852,0.005246900179858294,332.15,9.799999999999955,4,190.0
10.1021/JE020219O,3,nested_budget_router,1.0374264979406236,1.034999636084859,0.0024268618557645727,332.15,9.799999999999955,4,190.0
10.1021/JE020219O,3,nested_budget_router,0.9976921179417265,0.9964016250913653,0.0012904928503612023,332.15,9.799999999999955,4,190.0
10.1021/JE020219O,3,nested_budget_router,0.9434450490250305,0.9419742024024068,0.001470846622623645,332.15,9.799999999999955,4,190.0
10.1021/JE020219O,3,nested_budget_router,0.7781512503836436,0.7675059398647173,0.010645310518926365,332.15,9.799999999999955,4,190.0
10.1021/JE020219O,3,nested_budget_router,0.8586574840908079,0.8482497294058333,0.010407754684974568,332.15,9.799999999999955,4,190.0
10.1021/JE020219O,3,nested_budget_router,0.9159799141402244,0.9110371341105835,0.004942780029640881,332.15,9.799999999999955,4,190.0
10.1021/JE020219O,3,nested_budget_router,0.9824521513849896,0.9799706877666731,0.0024814636183165817,332.15,9.799999999999955,4,190.0
10.1021/JE020219O,3,nested_budget_router,1.044539760392411,1.049894094990332,0.005354334597921007,332.15,9.799999999999955,4,190.0
10.1021/JE020219O,3,nested_budget_router,1.0923696996291206,1.0910277578559684,0.0013419417731521666,332.15,9.799999999999955,4,190.0
10.1021/JE020219O,3,nested_budget_router,1.1182647260894794,1.1152282822916177,0.00303644379786161,332.15,9.799999999999955,4,190.0
10.1021/JE020219O,3,nested_budget_router,1.1024337056813363,1.099672541552404,0.0027611641289322364,332.15,9.799999999999955,4,190.0
10.1021/JE020219O,3,nested_budget_router,1.0766404436703418,1.074594144307139,0.002046299363202886,332.15,9.799999999999955,4,190.0
10.1021/JE020219O,3,nested_budget_router,1.0433622780211296,1.0416195827774715,0.00174269524365811,332.15,9.799999999999955,4,190.0
10.1021/JE020219O,3,nested_budget_router,0.9998262474544124,0.9984273495592416,0.001398897895170781,332.15,9.799999999999955,4,190.0
10.1021/JE020219O,3,nested_budget_router,0.9318645134920318,0.9309723443878772,0.0008921691041545721,332.15,9.799999999999955,4,190.0
10.1021/JE020219O,3,nested_budget_router,0.8856438718357639,0.8803356087178333,0.005308263117930534,332.15,9.799999999999955,4,190.0
10.1021/JE020219O,3,nested_budget_router,0.9436923271060167,0.9425606182542798,0.0011317088517368568,332.15,9.799999999999955,4,190.0
10.1021/JE020219O,3,nested_budget_router,1.0561422620590524,1.056155628076772,1.3366017719729228e-05,332.15,9.799999999999955,4,190.0
10.1021/JE020219O,3,nested_budget_router,1.0965624383741355,1.0839819084888365,0.012580529885299008,332.15,9.799999999999955,4,190.0
10.1021/JE020219O,3,nested_budget_router,1.1176026916900843,1.1128670031232484,0.004735688566835927,332.15,9.799999999999955,4,190.0
10.1021/JE020219O,3,nested_budget_router,1.1231980750319988,1.1204596205447577,0.002738454487241082,332.15,9.799999999999955,4,190.0
10.1021/JE020219O,3,nested_budget_router,1.104145550554008,1.1016401379635912,0.002505412590416922,332.15,9.799999999999955,4,190.0
10.1021/JE020219O,3,nested_budget_router,1.0791812460476249,1.0755041172521018,0.003677128795523066,332.15,9.799999999999955,4,190.0
10.1021/JE020219O,3,nested_budget_router,1.00774777800074,1.010952502856859,0.00320472485611889,332.15,9.799999999999955,4,190.0
10.1021/JE020219O,3,nested_budget_router,0.9435439771534544,0.9376313134182718,0.005912663735182622,332.15,9.799999999999955,4,190.0
10.1021/JE020219O,3,nested_budget_router,0.8391007827071532,0.833212241771121,0.005888540936032194,332.15,9.799999999999955,4,190.0
10.1021/JE020219O,3,nested_budget_router,0.899984562549391,0.8956552268816026,0.00432933566778837,332.15,9.799999999999955,4,190.0
10.1021/JE020219O,3,nested_budget_router,1.0051805125037803,1.0054389851487306,0.00025847264495038047,332.15,9.799999999999955,4,190.0
10.1021/JE020219O,3,nested_budget_router,1.052693941924968,1.0560477345312675,0.0033537926062996437,332.15,9.799999999999955,4,190.0
10.1021/JE020219O,3,nested_budget_router,1.0906107078284066,1.0842292705358623,0.006381437292544367,332.15,9.799999999999955,4,190.0
10.1021/JE020219O,3,nested_budget_router,1.1122697684172707,1.1083009573063327,0.003968811110937942,332.15,9.799999999999955,4,190.0
10.1021/JE020219O,3,nested_budget_router,1.1126050015345745,1.1115086212468446,0.0010963802877299589,332.15,9.799999999999955,4,190.0
10.1021/JE020219O,3,nested_budget_router,1.0989896394011773,1.098149194870386,0.00084044453079124,332.15,9.799999999999955,4,190.0
10.1021/JE020219O,3,nested_budget_router,1.0773679052841565,1.0758981561002992,0.0014697491838573384,332.15,9.799999999999955,4,190.0
10.1021/JE020219O,3,nested_budget_router,1.0153597554092142,1.0133874664753753,0.0019722889338389393,332.15,9.799999999999955,4,190.0
10.1021/JE020219O,3,nested_budget_router,0.951823035315912,0.9508175409896042,0.0010054943263076987,332.15,9.799999999999955,4,190.0
10.1021/JE020219O,3,nested_budget_router,0.8620120512502166,0.8595633108269788,0.0024487404232378385,332.15,9.799999999999955,4,190.0
10.1021/JE020219O,3,nested_budget_router,1.0141003215196205,1.0152968013116177,0.001196479791997218,332.15,9.799999999999955,4,190.0
10.1021/JE020219O,3,nested_budget_router,1.0546130545568877,1.0514233655729035,0.0031896889839841958,332.15,9.799999999999955,4,190.0
10.1021/JE020219O,3,nested_budget_router,1.0863598306747482,1.0825434032824253,0.0038164273923229075,332.15,9.799999999999955,4,190.0
10.1021/JE020219O,3,nested_budget_router,1.1017470739463662,1.0992604756191633,0.0024865983272028824,332.15,9.799999999999955,4,190.0
10.1021/JE020219O,3,nested_budget_router,1.1010593549081156,1.1004722832972407,0.0005870716108749008,332.15,9.799999999999955,4,190.0
10.1021/JE020219O,3,nested_budget_router,1.0722498976135149,1.0723904558670625,0.00014055825354764018,332.15,9.799999999999955,4,190.0
10.1021/JE020219O,3,nested_budget_router,1.0461047872460387,1.0443151590101565,0.0017896282358822457,332.15,9.799999999999955,4,190.0
10.1021/JE020219O,3,nested_budget_router,0.9702073588068546,0.9702268041051446,1.9445298290010626e-05,332.15,9.799999999999955,4,190.0
10.1021/JE020219O,3,nested_budget_router,0.8629657589777625,0.8627930601052047,0.00017269887255777494,332.15,9.799999999999955,4,190.0
10.1021/JE020219O,3,nested_budget_router,0.9577987749299979,0.9592384700989856,0.0014396951689876758,332.15,9.799999999999955,4,190.0
10.1021/JE020219O,3,nested_budget_router,1.0056094453602804,1.003532499658223,0.002076945702057298,332.15,9.799999999999955,4,190.0
10.1021/JE020219O,3,nested_budget_router,1.0413926851582251,1.0397959533251255,0.0015967318330996072,332.15,9.799999999999955,4,190.0
10.1021/JE020219O,3,nested_budget_router,1.0666985504229953,1.0649451737373938,0.0017533766856014932,332.15,9.799999999999955,4,190.0
10.1021/JE020219O,3,nested_budget_router,1.0737183503461227,1.0728596429025754,0.0008587074435473241,332.15,9.799999999999955,4,190.0
10.1021/JE020219O,3,nested_budget_router,1.06781451116184,1.068139392718777,0.0003248815569369956,332.15,9.799999999999955,4,190.0
10.1021/JE020219O,3,nested_budget_router,1.0523090996473234,1.0522744940697968,3.460557752665849e-05,332.15,9.799999999999955,4,190.0
10.1021/JE020219O,3,nested_budget_router,1.0297894708318556,1.0298970767844349,0.00010760595257930383,332.15,9.799999999999955,4,190.0
10.1021/JE020219O,3,nested_budget_router,0.9100905455940682,0.9079834386550674,0.0021071069390008468,332.15,9.799999999999955,4,190.0
10.1021/JE020219O,3,nested_budget_router,0.8675853265470362,0.8661093586605696,0.0014759678864666448,332.15,9.799999999999955,4,190.0
10.1021/JE020219O,3,nested_budget_router,0.9105710484812585,0.9116867029009584,0.001115654419699963,332.15,9.799999999999955,4,190.0
10.1021/JE020219O,3,nested_budget_router,0.9462557071993973,0.9469110812006973,0.000655374001300002,332.15,9.799999999999955,4,190.0
10.1021/JE020219O,3,nested_budget_router,0.982361701633147,0.9797870516291001,0.0025746500040468856,332.15,9.799999999999955,4,190.0
10.1021/JE020219O,3,nested_budget_router,1.0098756337121602,1.0100152628949257,0.00013962918276555492,332.15,9.799999999999955,4,190.0
10.1021/JE020219O,3,nested_budget_router,1.0257153839013406,1.0248016653611223,0.0009137185402183778,332.15,9.799999999999955,4,190.0
10.1021/JE020219O,3,nested_budget_router,1.0265332645232967,1.0248483849539627,0.0016848795693340524,332.15,9.799999999999955,4,190.0
10.1021/JE020219O,3,nested_budget_router,0.9931274851057101,0.9948663337035538,0.0017388485978436785,332.15,9.799999999999955,4,190.0
10.1021/JE020219O,3,nested_budget_router,0.9653898702151223,0.9694883826073165,0.004098512392194165,332.15,9.799999999999955,4,190.0
10.1021/JE020219O,3,nested_budget_router,0.9320169064342013,0.9299634844060758,0.002053422028125529,332.15,9.799999999999955,4,190.0
10.1021/JE020219O,3,nested_budget_router,0.8918161195248605,0.890497211544961,0.0013189079798995307,332.15,9.799999999999955,4,190.0
10.1021/JE020219O,3,nested_budget_router,0.8402943316114362,0.8408999544572986,0.000605622845862408,332.15,9.799999999999955,4,190.0
10.1021/JE020219O,3,nested_budget_router,0.7329563695756246,0.7365580810015626,0.0036017114259380145,332.15,9.799999999999955,4,190.0
10.1021/JE020219O,3,VFT,0.8671727511786498,0.8732931695289243,0.006120418350274548,332.15,9.799999999999955,4,190.0
10.1021/JE020219O,3,VFT,0.9384696883676453,0.9385246752774055,5.4986909760135205e-05,332.15,9.799999999999955,4,190.0
10.1021/JE020219O,3,VFT,1.0021660617565078,1.0024352690257359,0.0002692072692280778,332.15,9.799999999999955,4,190.0
10.1021/JE020219O,3,VFT,1.0511525224473812,1.0482231881094288,0.002929334337952394,332.15,9.799999999999955,4,190.0
10.1021/JE020219O,3,VFT,1.089551882886454,1.0872898566624407,0.0022620262240133915,332.15,9.799999999999955,4,190.0
10.1021/JE020219O,3,VFT,1.0888445627270043,1.0863953056384015,0.0024492570886027742,332.15,9.799999999999955,4,190.0
10.1021/JE020219O,3,VFT,1.077731179652392,1.0751519124751732,0.0025792671772189024,332.15,9.799999999999955,4,190.0
10.1021/JE020219O,3,VFT,1.0572856444182146,1.0543367116641615,0.0029489327540530574,332.15,9.799999999999955,4,190.0
10.1021/JE020219O,3,VFT,1.02816441942447,1.0254148536687078,0.002749565755762129,332.15,9.799999999999955,4,190.0
10.1021/JE020219O,3,VFT,0.9025467793139914,0.8987681266650831,0.0037786526489083094,332.15,9.799999999999955,4,190.0
10.1021/JE020219O,3,VFT,0.8326366275967033,0.8345317663092191,0.001895138712515787,332.15,9.799999999999955,4,190.0
10.1021/JE020219O,3,VFT,0.8953120244757873,0.8972703134401976,0.001958288964410304,332.15,9.799999999999955,4,190.0
10.1021/JE020219O,3,VFT,0.9664702637292844,0.9662776854608928,0.00019257826839158554,332.15,9.799999999999955,4,190.0
10.1021/JE020219O,3,VFT,1.0261245167454502,1.0263350951252113,0.00021057837976101723,332.15,9.799999999999955,4,190.0
10.1021/JE020219O,3,VFT,1.0751818546186915,1.0719952986790382,0.003186555939653335,332.15,9.799999999999955,4,190.0
10.1021/JE020219O,3,VFT,1.0996806411092501,1.0969952814667847,0.0026853596424654125,332.15,9.799999999999955,4,190.0
10.1021/JE020219O,3,VFT,1.1092409685882032,1.1062506708533624,0.00299029773484083,332.15,9.799999999999955,4,190.0
10.1021/JE020219O,3,VFT,1.1058506743851435,1.1028258833823714,0.003024791002772087,332.15,9.799999999999955,4,190.0
10.1021/JE020219O,3,VFT,1.0374264979406236,1.0343176382047576,0.003108859735865943,332.15,9.799999999999955,4,190.0
10.1021/JE020219O,3,VFT,0.9976921179417265,0.9942712225385938,0.0034208954031327288,332.15,9.799999999999955,4,190.0
10.1021/JE020219O,3,VFT,0.9434450490250305,0.9395672590392168,0.0038777899858136733,332.15,9.799999999999955,4,190.0
10.1021/JE020219O,3,VFT,0.7781512503836436,0.7806648360181825,0.0025135856345388508,332.15,9.799999999999955,4,190.0
10.1021/JE020219O,3,VFT,0.8586574840908079,0.8595260346082461,0.0008685505174381714,332.15,9.799999999999955,4,190.0
10.1021/JE020219O,3,VFT,0.9159799141402244,0.9168343124196072,0.0008543982793828286,332.15,9.799999999999955,4,190.0
10.1021/JE020219O,3,VFT,0.9824521513849896,0.9816679916208222,0.000784159764167458,332.15,9.799999999999955,4,190.0
10.1021/JE020219O,3,VFT,1.044539760392411,1.0446290000210068,8.923962859586076e-05,332.15,9.799999999999955,4,190.0
10.1021/JE020219O,3,VFT,1.0923696996291206,1.088993414204433,0.0033762854246874863,332.15,9.799999999999955,4,190.0
10.1021/JE020219O,3,VFT,1.1182647260894794,1.1153735899107593,0.002891136178720055,332.15,9.799999999999955,4,190.0
10.1021/JE020219O,3,VFT,1.1024337056813363,1.0989834477089881,0.003450257972348103,332.15,9.799999999999955,4,190.0
10.1021/JE020219O,3,VFT,1.0766404436703418,1.0735078873216284,0.0031325563487134556,332.15,9.799999999999955,4,190.0
10.1021/JE020219O,3,VFT,1.0433622780211296,1.0404527791742024,0.00290949884692715,332.15,9.799999999999955,4,190.0
10.1021/JE020219O,3,VFT,0.9998262474544124,0.9962662499148943,0.0035599975395180783,332.15,9.799999999999955,4,190.0
10.1021/JE020219O,3,VFT,0.9318645134920318,0.9280405773778241,0.0038239361142077266,332.15,9.799999999999955,4,190.0
10.1021/JE020219O,3,VFT,0.8856438718357639,0.8851912812231322,0.0004525906126316981,332.15,9.799999999999955,4,190.0
10.1021/JE020219O,3,VFT,0.9436923271060167,0.9467109347864282,0.0030186076804115114,332.15,9.799999999999955,4,190.0
10.1021/JE020219O,3,VFT,1.0561422620590524,1.0561057831776013,3.647888145108524e-05,332.15,9.799999999999955,4,190.0
10.1021/JE020219O,3,VFT,1.0965624383741355,1.0865566408443148,0.01000579752982067,332.15,9.799999999999955,4,190.0
10.1021/JE020219O,3,VFT,1.1176026916900843,1.1148401760728444,0.0027625156172399468,332.15,9.799999999999955,4,190.0
10.1021/JE020219O,3,VFT,1.1231980750319988,1.1193239577085572,0.0038741173234415616,332.15,9.799999999999955,4,190.0
10.1021/JE020219O,3,VFT,1.104145550554008,1.1026325279243814,0.0015130226296267146,332.15,9.799999999999955,4,190.0
10.1021/JE020219O,3,VFT,1.0791812460476249,1.0759370885086414,0.0032441575389834387,332.15,9.799999999999955,4,190.0
10.1021/JE020219O,3,VFT,1.00774777800074,1.0095005395050376,0.0017527615042975953,332.15,9.799999999999955,4,190.0
10.1021/JE020219O,3,VFT,0.9435439771534544,0.9362653766847232,0.007278600468731189,332.15,9.799999999999955,4,190.0
10.1021/JE020219O,3,VFT,0.8391007827071532,0.8382624776242946,0.000838305082858537,332.15,9.799999999999955,4,190.0
10.1021/JE020219O,3,VFT,0.899984562549391,0.8985056440900847,0.0014789184593062554,332.15,9.799999999999955,4,190.0
10.1021/JE020219O,3,VFT,1.0051805125037803,1.0036136228654757,0.001566889638304536,332.15,9.799999999999955,4,190.0
10.1021/JE020219O,3,VFT,1.052693941924968,1.0523675415640923,0.00032640036087561164,332.15,9.799999999999955,4,190.0
10.1021/JE020219O,3,VFT,1.0906107078284066,1.0873867409102735,0.003223966918133092,332.15,9.799999999999955,4,190.0
10.1021/JE020219O,3,VFT,1.1122697684172707,1.1094685367119768,0.002801231705293894,332.15,9.799999999999955,4,190.0
10.1021/JE020219O,3,VFT,1.1126050015345745,1.1099355065539545,0.0026694949806200796,332.15,9.799999999999955,4,190.0
10.1021/JE020219O,3,VFT,1.0989896394011773,1.095883501664276,0.003106137736901271,332.15,9.799999999999955,4,190.0
10.1021/JE020219O,3,VFT,1.0773679052841565,1.0741716492110749,0.0031962560730816048,332.15,9.799999999999955,4,190.0
10.1021/JE020219O,3,VFT,1.0153597554092142,1.012002282978686,0.0033574724305280856,332.15,9.799999999999955,4,190.0
10.1021/JE020219O,3,VFT,0.951823035315912,0.9485651096562377,0.003257925659674199,332.15,9.799999999999955,4,190.0
10.1021/JE020219O,3,VFT,0.8620120512502166,0.86032257250231,0.001689478747906592,332.15,9.799999999999955,4,190.0
10.1021/JE020219O,3,VFT,1.0141003215196205,1.012272846729386,0.0018274747902344846,332.15,9.799999999999955,4,190.0
10.1021/JE020219O,3,VFT,1.0546130545568877,1.0542275468595856,0.0003855076973020566,332.15,9.799999999999955,4,190.0
10.1021/JE020219O,3,VFT,1.0863598306747482,1.0837221342533288,0.002637696421419422,332.15,9.799999999999955,4,190.0
10.1021/JE020219O,3,VFT,1.1017470739463662,1.0986811671964172,0.003065906749948999,332.15,9.799999999999955,4,190.0
10.1021/JE020219O,3,VFT,1.1010593549081156,1.0985101822779302,0.0025491726301853923,332.15,9.799999999999955,4,190.0
10.1021/JE020219O,3,VFT,1.0722498976135149,1.0696932548558107,0.002556642757704175,332.15,9.799999999999955,4,190.0
10.1021/JE020219O,3,VFT,1.0461047872460387,1.0434099399546362,0.002694847291402569,332.15,9.799999999999955,4,190.0
10.1021/JE020219O,3,VFT,0.9702073588068546,0.9671312231130751,0.0030761356937795137,332.15,9.799999999999955,4,190.0
10.1021/JE020219O,3,VFT,0.8629657589777625,0.8605742092874724,0.0023915496902900957,332.15,9.799999999999955,4,190.0
10.1021/JE020219O,3,VFT,0.9577987749299979,0.9565715031728421,0.0012272717571557568,332.15,9.799999999999955,4,190.0
10.1021/JE020219O,3,VFT,1.0056094453602804,1.0033818328134512,0.0022276125468292385,332.15,9.799999999999955,4,190.0
10.1021/JE020219O,3,VFT,1.0413926851582251,1.0407458428756127,0.0006468422826124698,332.15,9.799999999999955,4,190.0
10.1021/JE020219O,3,VFT,1.0666985504229953,1.0641628844635034,0.0025356659594919506,332.15,9.799999999999955,4,190.0
10.1021/JE020219O,3,VFT,1.0737183503461227,1.071146539801393,0.002571810544729658,332.15,9.799999999999955,4,190.0
10.1021/JE020219O,3,VFT,1.06781451116184,1.0658025010990033,0.002012010062836689,332.15,9.799999999999955,4,190.0
10.1021/JE020219O,3,VFT,1.0523090996473234,1.0501650056158411,0.002144094031482302,332.15,9.799999999999955,4,190.0
10.1021/JE020219O,3,VFT,1.0297894708318556,1.0275564918623616,0.002232978969493926,332.15,9.799999999999955,4,190.0
10.1021/JE020219O,3,VFT,0.9100905455940682,0.9074106759693789,0.002679869624689357,332.15,9.799999999999955,4,190.0
10.1021/JE020219O,3,VFT,0.8675853265470362,0.8651225181846021,0.0024628083624341768,332.15,9.799999999999955,4,190.0
10.1021/JE020219O,3,VFT,0.9105710484812585,0.9073126108044758,0.0032584376767826884,332.15,9.799999999999955,4,190.0
10.1021/JE020219O,3,VFT,0.9462557071993973,0.9444510366217427,0.0018046705776546546,332.15,9.799999999999955,4,190.0
10.1021/JE020219O,3,VFT,0.982361701633147,0.9796909871049329,0.002670714528214102,332.15,9.799999999999955,4,190.0
10.1021/JE020219O,3,VFT,1.0098756337121602,1.00843356160857,0.001442072103590153,332.15,9.799999999999955,4,190.0
10.1021/JE020219O,3,VFT,1.0257153839013406,1.02306660808964,0.0026487758117006432,332.15,9.799999999999955,4,190.0
10.1021/JE020219O,3,VFT,1.0265332645232967,1.0239635748417588,0.0025696896815379233,332.15,9.799999999999955,4,190.0
10.1021/JE020219O,3,VFT,0.9931274851057101,0.9914410945907296,0.0016863905149805403,332.15,9.799999999999955,4,190.0
10.1021/JE020219O,3,VFT,0.9653898702151223,0.9639206571275099,0.0014692130876124976,332.15,9.799999999999955,4,190.0
10.1021/JE020219O,3,VFT,0.9320169064342013,0.9303226302464673,0.0016942761877339896,332.15,9.799999999999955,4,190.0
10.1021/JE020219O,3,VFT,0.8918161195248605,0.8901479008124662,0.0016682187123943093,332.15,9.799999999999955,4,190.0
10.1021/JE020219O,3,VFT,0.8402943316114362,0.83879567306426,0.0014986585471762348,332.15,9.799999999999955,4,190.0
10.1021/JE020219O,3,VFT,0.7329563695756246,0.730862104039551,0.002094265536073614,332.15,9.799999999999955,4,190.0
10.1021/JE020219O,3,independent_per_curve_GPR,0.8671727511786498,0.6681626852554667,0.19901006592318304,332.15,9.799999999999955,4,190.0
10.1021/JE020219O,3,independent_per_curve_GPR,0.9384696883676453,0.7577302134171158,0.18073947495052956,332.15,9.799999999999955,4,190.0
10.1021/JE020219O,3,independent_per_curve_GPR,1.0021660617565078,0.8429684310464012,0.15919763071010662,332.15,9.799999999999955,4,190.0
10.1021/JE020219O,3,independent_per_curve_GPR,1.0511525224473812,0.9045369785763507,0.14661554387103048,332.15,9.799999999999955,4,190.0
10.1021/JE020219O,3,independent_per_curve_GPR,1.089551882886454,0.9637527273924699,0.12579915549398424,332.15,9.799999999999955,4,190.0
10.1021/JE020219O,3,independent_per_curve_GPR,1.0888445627270043,0.9693134257599443,0.11953113696705997,332.15,9.799999999999955,4,190.0
10.1021/JE020219O,3,independent_per_curve_GPR,1.077731179652392,0.9630257420985807,0.11470543755381135,332.15,9.799999999999955,4,190.0
10.1021/JE020219O,3,independent_per_curve_GPR,1.0572856444182146,0.946406820816248,0.11087882360196655,332.15,9.799999999999955,4,190.0
10.1021/JE020219O,3,independent_per_curve_GPR,1.02816441942447,0.9209106907679094,0.10725372865656047,332.15,9.799999999999955,4,190.0
10.1021/JE020219O,3,independent_per_curve_GPR,0.9025467793139914,0.8008142386777185,0.1017325406362729,332.15,9.799999999999955,4,190.0
10.1021/JE020219O,3,independent_per_curve_GPR,0.8326366275967033,0.62457236148049,0.20806426611621331,332.15,9.799999999999955,4,190.0
10.1021/JE020219O,3,independent_per_curve_GPR,0.8953120244757873,0.7067695912341493,0.188542433241638,332.15,9.799999999999955,4,190.0
10.1021/JE020219O,3,independent_per_curve_GPR,0.9664702637292844,0.7959179932598166,0.17055227046946775,332.15,9.799999999999955,4,190.0
10.1021/JE020219O,3,independent_per_curve_GPR,1.0261245167454502,0.8754198379686194,0.1507046787768308,332.15,9.799999999999955,4,190.0
10.1021/JE020219O,3,independent_per_curve_GPR,1.0751818546186915,0.9367401505508853,0.1384417040678062,332.15,9.799999999999955,4,190.0
10.1021/JE020219O,3,independent_per_curve_GPR,1.0996806411092501,0.97173516595558,0.12794547515367016,332.15,9.799999999999955,4,190.0
10.1021/JE020219O,3,independent_per_curve_GPR,1.1092409685882032,0.9894125441918225,0.11982842439638075,332.15,9.799999999999955,4,190.0
10.1021/JE020219O,3,independent_per_curve_GPR,1.1058506743851435,0.9917998920109391,0.1140507823742044,332.15,9.799999999999955,4,190.0
10.1021/JE020219O,3,independent_per_curve_GPR,1.0374264979406236,0.9345428159901255,0.10288368195049813,332.15,9.799999999999955,4,190.0
10.1021/JE020219O,3,independent_per_curve_GPR,0.9976921179417265,0.8970472566448184,0.10064486129690808,332.15,9.799999999999955,4,190.0
10.1021/JE020219O,3,independent_per_curve_GPR,0.9434450490250305,0.8445682344688328,0.09887681455619768,332.15,9.799999999999955,4,190.0
10.1021/JE020219O,3,independent_per_curve_GPR,0.7781512503836436,0.564662621673741,0.2134886287099026,332.15,9.799999999999955,4,190.0
10.1021/JE020219O,3,independent_per_curve_GPR,0.8586574840908079,0.6638010713907355,0.19485641270007237,332.15,9.799999999999955,4,190.0
10.1021/JE020219O,3,independent_per_curve_GPR,0.9159799141402244,0.7381248379742228,0.1778550761660016,332.15,9.799999999999955,4,190.0
10.1021/JE020219O,3,independent_per_curve_GPR,0.9824521513849896,0.8205692684284084,0.16188288295658126,332.15,9.799999999999955,4,190.0
10.1021/JE020219O,3,independent_per_curve_GPR,1.044539760392411,0.9024814289017828,0.14205833149062808,332.15,9.799999999999955,4,190.0
10.1021/JE020219O,3,independent_per_curve_GPR,1.0923696996291206,0.9612415728835784,0.1311281267455422,332.15,9.799999999999955,4,190.0
10.1021/JE020219O,3,independent_per_curve_GPR,1.1182647260894794,1.0109240133159814,0.10734071277349799,332.15,9.799999999999955,4,190.0
10.1021/JE020219O,3,independent_per_curve_GPR,1.1024337056813363,0.9987190759744675,0.10371462970686873,332.15,9.799999999999955,4,190.0
10.1021/JE020219O,3,independent_per_curve_GPR,1.0766404436703418,0.9765543249012457,0.10008611876909612,332.15,9.799999999999955,4,190.0
10.1021/JE020219O,3,independent_per_curve_GPR,1.0433622780211296,0.9460897276158046,0.09727255040532501,332.15,9.799999999999955,4,190.0
10.1021/JE020219O,3,independent_per_curve_GPR,0.9998262474544124,0.9042817519661691,0.09554449548824329,332.15,9.799999999999955,4,190.0
10.1021/JE020219O,3,independent_per_curve_GPR,0.9318645134920318,0.8383268449113896,0.09353766858064216,332.15,9.799999999999955,4,190.0
10.1021/JE020219O,3,independent_per_curve_GPR,0.8856438718357639,0.70619800876856,0.1794458630672039,332.15,9.799999999999955,4,190.0
10.1021/JE020219O,3,independent_per_curve_GPR,0.9436923271060167,0.7824603943128035,0.16123193279321324,332.15,9.799999999999955,4,190.0
10.1021/JE020219O,3,independent_per_curve_GPR,1.0561422620590524,0.9233814807712795,0.1327607812877729,332.15,9.799999999999955,4,190.0
10.1021/JE020219O,3,independent_per_curve_GPR,1.0965624383741355,0.9691089070315194,0.12745353134261606,332.15,9.799999999999955,4,190.0
10.1021/JE020219O,3,independent_per_curve_GPR,1.1176026916900843,1.0034238874747972,0.11417880421528714,332.15,9.799999999999955,4,190.0
10.1021/JE020219O,3,independent_per_curve_GPR,1.1231980750319988,1.0168942255575126,0.10630384947448612,332.15,9.799999999999955,4,190.0
10.1021/JE020219O,3,independent_per_curve_GPR,1.104145550554008,1.0012779211452498,0.10286762940875827,332.15,9.799999999999955,4,190.0
10.1021/JE020219O,3,independent_per_curve_GPR,1.0791812460476249,0.9785840146138144,0.1005972314338105,332.15,9.799999999999955,4,190.0
10.1021/JE020219O,3,independent_per_curve_GPR,1.00774777800074,0.9209833536375938,0.08676442436314624,332.15,9.799999999999955,4,190.0
10.1021/JE020219O,3,independent_per_curve_GPR,0.9435439771534544,0.8516447365384302,0.09189924061502419,332.15,9.799999999999955,4,190.0
10.1021/JE020219O,3,independent_per_curve_GPR,0.8391007827071532,0.6581185470959389,0.1809822356112143,332.15,9.799999999999955,4,190.0
10.1021/JE020219O,3,independent_per_curve_GPR,0.899984562549391,0.7329676577060537,0.1670169048433373,332.15,9.799999999999955,4,190.0
10.1021/JE020219O,3,independent_per_curve_GPR,1.0051805125037803,0.86460139714765,0.1405791153561302,332.15,9.799999999999955,4,190.0
10.1021/JE020219O,3,independent_per_curve_GPR,1.052693941924968,0.9268512420751249,0.12584269984984298,332.15,9.799999999999955,4,190.0
10.1021/JE020219O,3,independent_per_curve_GPR,1.0906107078284066,0.972488047139756,0.11812266068865063,332.15,9.799999999999955,4,190.0
10.1021/JE020219O,3,independent_per_curve_GPR,1.1122697684172707,1.0033458161225293,0.10892395229474139,332.15,9.799999999999955,4,190.0
10.1021/JE020219O,3,independent_per_curve_GPR,1.1126050015345745,1.0148999268719432,0.09770507466263134,332.15,9.799999999999955,4,190.0
10.1021/JE020219O,3,independent_per_curve_GPR,1.0989896394011773,1.0043065291236108,0.09468311027756648,332.15,9.799999999999955,4,190.0
10.1021/JE020219O,3,independent_per_curve_GPR,1.0773679052841565,0.9853329277268135,0.09203497755734302,332.15,9.799999999999955,4,190.0
10.1021/JE020219O,3,independent_per_curve_GPR,1.0153597554092142,0.9274014251605093,0.08795833024870492,332.15,9.799999999999955,4,190.0
10.1021/JE020219O,3,independent_per_curve_GPR,0.951823035315912,0.8660193659753447,0.08580366934056727,332.15,9.799999999999955,4,190.0
10.1021/JE020219O,3,independent_per_curve_GPR,0.8620120512502166,0.696403704482025,0.16560834676819158,332.15,9.799999999999955,4,190.0
10.1021/JE020219O,3,independent_per_curve_GPR,1.0141003215196205,0.8851992163167475,0.128901105202873,332.15,9.799999999999955,4,190.0
10.1021/JE020219O,3,independent_per_curve_GPR,1.0546130545568877,0.9392046245458066,0.11540843001108114,332.15,9.799999999999955,4,190.0
10.1021/JE020219O,3,independent_per_curve_GPR,1.0863598306747482,0.9779675079278026,0.10839232274694555,332.15,9.799999999999955,4,190.0
10.1021/JE020219O,3,independent_per_curve_GPR,1.1017470739463662,1.0011256994073483,0.10062137453901787,332.15,9.799999999999955,4,190.0
10.1021/JE020219O,3,independent_per_curve_GPR,1.1010593549081156,1.0064659649636238,0.09459338994449173,332.15,9.799999999999955,4,190.0
10.1021/JE020219O,3,independent_per_curve_GPR,1.0722498976135149,0.984296999025437,0.08795289858807787,332.15,9.799999999999955,4,190.0
10.1021/JE020219O,3,independent_per_curve_GPR,1.0461047872460387,0.9604334807456503,0.08567130650038846,332.15,9.799999999999955,4,190.0
10.1021/JE020219O,3,independent_per_curve_GPR,0.9702073588068546,0.8878540742278164,0.08235328457903823,332.15,9.799999999999955,4,190.0
10.1021/JE020219O,3,independent_per_curve_GPR,0.8629657589777625,0.7081277905259397,0.15483796845182285,332.15,9.799999999999955,4,190.0
10.1021/JE020219O,3,independent_per_curve_GPR,0.9577987749299979,0.827972919471884,0.12982585545811387,332.15,9.799999999999955,4,190.0
10.1021/JE020219O,3,independent_per_curve_GPR,1.0056094453602804,0.8862143195244877,0.1193951258357927,332.15,9.799999999999955,4,190.0
10.1021/JE020219O,3,independent_per_curve_GPR,1.0413926851582251,0.9349228838346685,0.10646980132355666,332.15,9.799999999999955,4,190.0
10.1021/JE020219O,3,independent_per_curve_GPR,1.0666985504229953,0.9667377987185616,0.09996075170443375,332.15,9.799999999999955,4,190.0
10.1021/JE020219O,3,independent_per_curve_GPR,1.0737183503461227,0.980581910814657,0.09313643953146578,332.15,9.799999999999955,4,190.0
10.1021/JE020219O,3,independent_per_curve_GPR,1.06781451116184,0.9799586318547733,0.08785587930706673,332.15,9.799999999999955,4,190.0
10.1021/JE020219O,3,independent_per_curve_GPR,1.0523090996473234,0.9679022340901021,0.08440686555722132,332.15,9.799999999999955,4,190.0
10.1021/JE020219O,3,independent_per_curve_GPR,1.0297894708318556,0.9477799119016473,0.08200955893020823,332.15,9.799999999999955,4,190.0
10.1021/JE020219O,3,independent_per_curve_GPR,0.9100905455940682,0.8333059275731024,0.07678461802096581,332.15,9.799999999999955,4,190.0
10.1021/JE020219O,3,independent_per_curve_GPR,0.8675853265470362,0.726215059221059,0.14137026732597724,332.15,9.799999999999955,4,190.0
10.1021/JE020219O,3,independent_per_curve_GPR,0.9105710484812585,0.7796148085509919,0.13095623993026662,332.15,9.799999999999955,4,190.0
10.1021/JE020219O,3,independent_per_curve_GPR,0.9462557071993973,0.8266063826193049,0.11964932458009248,332.15,9.799999999999955,4,190.0
10.1021/JE020219O,3,independent_per_curve_GPR,0.982361701633147,0.8716160610718714,0.11074564056127556,332.15,9.799999999999955,4,190.0
10.1021/JE020219O,3,independent_per_curve_GPR,1.0098756337121602,0.910459056830805,0.09941657688135519,332.15,9.799999999999955,4,190.0
10.1021/JE020219O,3,independent_per_curve_GPR,1.0257153839013406,0.9327653412713689,0.09295004262997175,332.15,9.799999999999955,4,190.0
10.1021/JE020219O,3,independent_per_curve_GPR,1.0265332645232967,0.939562397263934,0.08697086725936276,332.15,9.799999999999955,4,190.0
10.1021/JE020219O,3,independent_per_curve_GPR,0.9931274851057101,0.9145750703733081,0.07855241473240204,332.15,9.799999999999955,4,190.0
10.1021/JE020219O,3,independent_per_curve_GPR,0.9653898702151223,0.8893712167478087,0.07601865346731362,332.15,9.799999999999955,4,190.0
10.1021/JE020219O,3,independent_per_curve_GPR,0.9320169064342013,0.8578362081556603,0.07418069827854101,332.15,9.799999999999955,4,190.0
10.1021/JE020219O,3,independent_per_curve_GPR,0.8918161195248605,0.819360813282048,0.07245530624281249,332.15,9.799999999999955,4,190.0
10.1021/JE020219O,3,independent_per_curve_GPR,0.8402943316114362,0.7694754849101874,0.07081884670124883,332.15,9.799999999999955,4,190.0
10.1021/JE020219O,3,independent_per_curve_GPR,0.7329563695756246,0.6635567785697407,0.06939959100588389,332.15,9.799999999999955,4,190.0
10.1021/JE020219O,4,nested_budget_router,0.8671727511786498,0.8856780627505016,0.018505311571851868,332.15,9.799999999999955,4,160.0
10.1021/JE020219O,4,nested_budget_router,0.9384696883676453,0.9477187602796426,0.009249071911997309,332.15,9.799999999999955,4,160.0
10.1021/JE020219O,4,nested_budget_router,1.0021660617565078,1.0113445000700199,0.00917843831351206,332.15,9.799999999999955,4,160.0
10.1021/JE020219O,4,nested_budget_router,1.0511525224473812,1.0543285211212463,0.003175998673865088,332.15,9.799999999999955,4,160.0
10.1021/JE020219O,4,nested_budget_router,1.089551882886454,1.091463297266587,0.0019114143801328698,332.15,9.799999999999955,4,160.0
10.1021/JE020219O,4,nested_budget_router,1.0888445627270043,1.09012561177572,0.0012810490487158432,332.15,9.799999999999955,4,160.0
10.1021/JE020219O,4,nested_budget_router,1.077731179652392,1.0782147934682607,0.00048361381586858876,332.15,9.799999999999955,4,160.0
10.1021/JE020219O,4,nested_budget_router,1.0572856444182146,1.0571894193666225,9.62250515921248e-05,332.15,9.799999999999955,4,160.0
10.1021/JE020219O,4,nested_budget_router,1.02816441942447,1.0279424170026372,0.00022200242183267882,332.15,9.799999999999955,4,160.0
10.1021/JE020219O,4,nested_budget_router,0.9025467793139914,0.9008153806338739,0.001731398680117513,332.15,9.799999999999955,4,160.0
10.1021/JE020219O,4,nested_budget_router,0.8326366275967033,0.8458974769483318,0.013260849351628523,332.15,9.799999999999955,4,160.0
10.1021/JE020219O,4,nested_budget_router,0.8953120244757873,0.9066791791902582,0.011367154714470917,332.15,9.799999999999955,4,160.0
10.1021/JE020219O,4,nested_budget_router,0.9664702637292844,0.9745987342868236,0.008128470557539291,332.15,9.799999999999955,4,160.0
10.1021/JE020219O,4,nested_budget_router,1.0261245167454502,1.0347395911675281,0.008615074422077873,332.15,9.799999999999955,4,160.0
10.1021/JE020219O,4,nested_budget_router,1.0751818546186915,1.0777272033412153,0.002545348722523766,332.15,9.799999999999955,4,160.0
10.1021/JE020219O,4,nested_budget_router,1.0996806411092501,1.1013923682341888,0.0017117271249387223,332.15,9.799999999999955,4,160.0
10.1021/JE020219O,4,nested_budget_router,1.1092409685882032,1.110006324132433,0.00076535554422974,332.15,9.799999999999955,4,160.0
10.1021/JE020219O,4,nested_budget_router,1.1058506743851435,1.1063069361516817,0.00045626176653823514,332.15,9.799999999999955,4,160.0
10.1021/JE020219O,4,nested_budget_router,1.0374264979406236,1.0365820117890825,0.0008444861515410906,332.15,9.799999999999955,4,160.0
10.1021/JE020219O,4,nested_budget_router,0.9976921179417265,0.996408917125687,0.001283200816039498,332.15,9.799999999999955,4,160.0
10.1021/JE020219O,4,nested_budget_router,0.9434450490250305,0.9414949922684842,0.0019500567565462479,332.15,9.799999999999955,4,160.0
10.1021/JE020219O,4,nested_budget_router,0.7781512503836436,0.7924007490863656,0.014249498702721963,332.15,9.799999999999955,4,160.0
10.1021/JE020219O,4,nested_budget_router,0.8586574840908079,0.8698005721428865,0.011143088052078642,332.15,9.799999999999955,4,160.0
10.1021/JE020219O,4,nested_budget_router,0.9159799141402244,0.9254719881969937,0.009492074056769328,332.15,9.799999999999955,4,160.0
10.1021/JE020219O,4,nested_budget_router,0.9824521513849896,0.9892040932728257,0.0067519418878360105,332.15,9.799999999999955,4,160.0
10.1021/JE020219O,4,nested_budget_router,1.044539760392411,1.0526797944447672,0.008140034052356304,332.15,9.799999999999955,4,160.0
10.1021/JE020219O,4,nested_budget_router,1.0923696996291206,1.094230578662714,0.0018608790335934433,332.15,9.799999999999955,4,160.0
10.1021/JE020219O,4,nested_budget_router,1.1182647260894794,1.118540294418005,0.0002755683285255994,332.15,9.799999999999955,4,160.0
10.1021/JE020219O,4,nested_budget_router,1.1024337056813363,1.1016466242542033,0.0007870814271329074,332.15,9.799999999999955,4,160.0
10.1021/JE020219O,4,nested_budget_router,1.0766404436703418,1.0758858039180792,0.0007546397522626425,332.15,9.799999999999955,4,160.0
10.1021/JE020219O,4,nested_budget_router,1.0433622780211296,1.0425416795467723,0.0008205984743572259,332.15,9.799999999999955,4,160.0
10.1021/JE020219O,4,nested_budget_router,0.9998262474544124,0.9982813465723299,0.0015449008820824783,332.15,9.799999999999955,4,160.0
10.1021/JE020219O,4,nested_budget_router,0.9318645134920318,0.9298397287275451,0.0020247847644867534,332.15,9.799999999999955,4,160.0
10.1021/JE020219O,4,nested_budget_router,0.8856438718357639,0.8941621788660044,0.00851830703024048,332.15,9.799999999999955,4,160.0
10.1021/JE020219O,4,nested_budget_router,0.9436923271060167,0.9557833245255092,0.012090997419492489,332.15,9.799999999999955,4,160.0
10.1021/JE020219O,4,nested_budget_router,1.0561422620590524,1.0633893466551414,0.007247084596089026,332.15,9.799999999999955,4,160.0
10.1021/JE020219O,4,nested_budget_router,1.0965624383741355,1.0926450015900835,0.003917436784051986,332.15,9.799999999999955,4,160.0
10.1021/JE020219O,4,nested_budget_router,1.1176026916900843,1.1186259982355253,0.0010233065454410273,332.15,9.799999999999955,4,160.0
10.1021/JE020219O,4,nested_budget_router,1.1231980750319988,1.124404852200276,0.0012067771682773287,332.15,9.799999999999955,4,160.0
10.1021/JE020219O,4,nested_budget_router,1.104145550554008,1.1012404014673267,0.00290514908668138,332.15,9.799999999999955,4,160.0
10.1021/JE020219O,4,nested_budget_router,1.0791812460476249,1.0746733236058845,0.004507922441740364,332.15,9.799999999999955,4,160.0
10.1021/JE020219O,4,nested_budget_router,1.00774777800074,1.0115447471769616,0.0037969691762216318,332.15,9.799999999999955,4,160.0
10.1021/JE020219O,4,nested_budget_router,0.9435439771534544,0.9392449024858464,0.004299074667608038,332.15,9.799999999999955,4,160.0
10.1021/JE020219O,4,nested_budget_router,0.8391007827071532,0.846515161359537,0.007414378652383813,332.15,9.799999999999955,4,160.0
10.1021/JE020219O,4,nested_budget_router,0.899984562549391,0.9061263278769747,0.006141765327583704,332.15,9.799999999999955,4,160.0
10.1021/JE020219O,4,nested_budget_router,1.0051805125037803,1.0096143544945924,0.004433841990812093,332.15,9.799999999999955,4,160.0
10.1021/JE020219O,4,nested_budget_router,1.052693941924968,1.059219586788589,0.006525644863621061,332.15,9.799999999999955,4,160.0
10.1021/JE020219O,4,nested_budget_router,1.0906107078284066,1.0918604169677866,0.0012497091393799398,332.15,9.799999999999955,4,160.0
10.1021/JE020219O,4,nested_budget_router,1.1122697684172707,1.1129456128515998,0.0006758444343291092,332.15,9.799999999999955,4,160.0
10.1021/JE020219O,4,nested_budget_router,1.1126050015345745,1.1127343926027937,0.00012939106821918678,332.15,9.799999999999955,4,160.0
10.1021/JE020219O,4,nested_budget_router,1.0989896394011773,1.0982476348946402,0.0007420045065371639,332.15,9.799999999999955,4,160.0
10.1021/JE020219O,4,nested_budget_router,1.0773679052841565,1.076317839259894,0.001050066024262497,332.15,9.799999999999955,4,160.0
10.1021/JE020219O,4,nested_budget_router,1.0153597554092142,1.0138803338277453,0.0014794215814688538,332.15,9.799999999999955,4,160.0
10.1021/JE020219O,4,nested_budget_router,0.951823035315912,0.9501006926475872,0.0017223426683247167,332.15,9.799999999999955,4,160.0
10.1021/JE020219O,4,nested_budget_router,0.8620120512502166,0.867268977384118,0.005256926133901385,332.15,9.799999999999955,4,160.0
10.1021/JE020219O,4,nested_budget_router,1.0141003215196205,1.01750572025655,0.003405398736929577,332.15,9.799999999999955,4,160.0
10.1021/JE020219O,4,nested_budget_router,1.0546130545568877,1.0603165305030926,0.005703475946204906,332.15,9.799999999999955,4,160.0
10.1021/JE020219O,4,nested_budget_router,1.0863598306747482,1.087506039760472,0.001146209085723937,332.15,9.799999999999955,4,160.0
10.1021/JE020219O,4,nested_budget_router,1.1017470739463662,1.1019410241951149,0.0001939502487486866,332.15,9.799999999999955,4,160.0
10.1021/JE020219O,4,nested_budget_router,1.1010593549081156,1.1013768195076616,0.000317464599546069,332.15,9.799999999999955,4,160.0
10.1021/JE020219O,4,nested_budget_router,1.0722498976135149,1.071846188591503,0.00040370902201192216,332.15,9.799999999999955,4,160.0
10.1021/JE020219O,4,nested_budget_router,1.0461047872460387,1.0454788979129004,0.0006258893331383408,332.15,9.799999999999955,4,160.0
10.1021/JE020219O,4,nested_budget_router,0.9702073588068546,0.9688520958966194,0.0013552629102352443,332.15,9.799999999999955,4,160.0
10.1021/JE020219O,4,nested_budget_router,0.8629657589777625,0.8663049290897722,0.0033391701120096817,332.15,9.799999999999955,4,160.0
10.1021/JE020219O,4,nested_budget_router,0.9577987749299979,0.9615494564101008,0.0037506814801029353,332.15,9.799999999999955,4,160.0
10.1021/JE020219O,4,nested_budget_router,1.0056094453602804,1.0079739863454187,0.002364540985138275,332.15,9.799999999999955,4,160.0
10.1021/JE020219O,4,nested_budget_router,1.0413926851582251,1.0461659136974422,0.004773228539217023,332.15,9.799999999999955,4,160.0
10.1021/JE020219O,4,nested_budget_router,1.0666985504229953,1.0673938952118234,0.0006953447888280451,332.15,9.799999999999955,4,160.0
10.1021/JE020219O,4,nested_budget_router,1.0737183503461227,1.074131349537271,0.0004129991911483444,332.15,9.799999999999955,4,160.0
10.1021/JE020219O,4,nested_budget_router,1.06781451116184,1.0684186269890974,0.0006041158272573899,332.15,9.799999999999955,4,160.0
10.1021/JE020219O,4,nested_budget_router,1.0523090996473234,1.0526892812025312,0.0003801815552078036,332.15,9.799999999999955,4,160.0
10.1021/JE020219O,4,nested_budget_router,1.0297894708318556,1.0295861253391914,0.00020334549266420865,332.15,9.799999999999955,4,160.0
10.1021/JE020219O,4,nested_budget_router,0.9100905455940682,0.9090744456397413,0.0010160999543269433,332.15,9.799999999999955,4,160.0
10.1021/JE020219O,4,nested_budget_router,0.8675853265470362,0.8696674460523901,0.0020821195053538633,332.15,9.799999999999955,4,160.0
10.1021/JE020219O,4,nested_budget_router,0.9105710484812585,0.9120170252988529,0.0014459768175943966,332.15,9.799999999999955,4,160.0
10.1021/JE020219O,4,nested_budget_router,0.9462557071993973,0.9485814176559537,0.0023257104565563846,332.15,9.799999999999955,4,160.0
10.1021/JE020219O,4,nested_budget_router,0.982361701633147,0.9836457291406306,0.001284027507483687,332.15,9.799999999999955,4,160.0
10.1021/JE020219O,4,nested_budget_router,1.0098756337121602,1.012773849559448,0.0028982158472878883,332.15,9.799999999999955,4,160.0
10.1021/JE020219O,4,nested_budget_router,1.0257153839013406,1.0262574363835952,0.0005420524822545847,332.15,9.799999999999955,4,160.0
10.1021/JE020219O,4,nested_budget_router,1.0265332645232967,1.02679450586133,0.00026124133803318017,332.15,9.799999999999955,4,160.0
10.1021/JE020219O,4,nested_budget_router,0.9931274851057101,0.9938810373751972,0.0007535522694870345,332.15,9.799999999999955,4,160.0
10.1021/JE020219O,4,nested_budget_router,0.9653898702151223,0.9659661830651358,0.0005763128500134718,332.15,9.799999999999955,4,160.0
10.1021/JE020219O,4,nested_budget_router,0.9320169064342013,0.9322499579376352,0.0002330515034338898,332.15,9.799999999999955,4,160.0
10.1021/JE020219O,4,nested_budget_router,0.8918161195248605,0.8920006434918581,0.00018452396699764062,332.15,9.799999999999955,4,160.0
10.1021/JE020219O,4,nested_budget_router,0.8402943316114362,0.8405555316716112,0.0002612000601750486,332.15,9.799999999999955,4,160.0
10.1021/JE020219O,4,nested_budget_router,0.7329563695756246,0.7325346217516504,0.0004217478239741945,332.15,9.799999999999955,4,160.0
10.1021/JE020219O,4,VFT,0.8671727511786498,0.8856780627505016,0.018505311571851868,332.15,9.799999999999955,4,160.0
10.1021/JE020219O,4,VFT,0.9384696883676453,0.9477187602796426,0.009249071911997309,332.15,9.799999999999955,4,160.0
10.1021/JE020219O,4,VFT,1.0021660617565078,1.0113445000700199,0.00917843831351206,332.15,9.799999999999955,4,160.0
10.1021/JE020219O,4,VFT,1.0511525224473812,1.0543285211212463,0.003175998673865088,332.15,9.799999999999955,4,160.0
10.1021/JE020219O,4,VFT,1.089551882886454,1.091463297266587,0.0019114143801328698,332.15,9.799999999999955,4,160.0
10.1021/JE020219O,4,VFT,1.0888445627270043,1.09012561177572,0.0012810490487158432,332.15,9.799999999999955,4,160.0
10.1021/JE020219O,4,VFT,1.077731179652392,1.0782147934682607,0.00048361381586858876,332.15,9.799999999999955,4,160.0
10.1021/JE020219O,4,VFT,1.0572856444182146,1.0571894193666225,9.62250515921248e-05,332.15,9.799999999999955,4,160.0
10.1021/JE020219O,4,VFT,1.02816441942447,1.0279424170026372,0.00022200242183267882,332.15,9.799999999999955,4,160.0
10.1021/JE020219O,4,VFT,0.9025467793139914,0.9008153806338739,0.001731398680117513,332.15,9.799999999999955,4,160.0
10.1021/JE020219O,4,VFT,0.8326366275967033,0.8458974769483318,0.013260849351628523,332.15,9.799999999999955,4,160.0
10.1021/JE020219O,4,VFT,0.8953120244757873,0.9066791791902582,0.011367154714470917,332.15,9.799999999999955,4,160.0
10.1021/JE020219O,4,VFT,0.9664702637292844,0.9745987342868236,0.008128470557539291,332.15,9.799999999999955,4,160.0
10.1021/JE020219O,4,VFT,1.0261245167454502,1.0347395911675281,0.008615074422077873,332.15,9.799999999999955,4,160.0
10.1021/JE020219O,4,VFT,1.0751818546186915,1.0777272033412153,0.002545348722523766,332.15,9.799999999999955,4,160.0
10.1021/JE020219O,4,VFT,1.0996806411092501,1.1013923682341888,0.0017117271249387223,332.15,9.799999999999955,4,160.0
10.1021/JE020219O,4,VFT,1.1092409685882032,1.110006324132433,0.00076535554422974,332.15,9.799999999999955,4,160.0
10.1021/JE020219O,4,VFT,1.1058506743851435,1.1063069361516817,0.00045626176653823514,332.15,9.799999999999955,4,160.0
10.1021/JE020219O,4,VFT,1.0374264979406236,1.0365820117890825,0.0008444861515410906,332.15,9.799999999999955,4,160.0
10.1021/JE020219O,4,VFT,0.9976921179417265,0.996408917125687,0.001283200816039498,332.15,9.799999999999955,4,160.0
10.1021/JE020219O,4,VFT,0.9434450490250305,0.9414949922684842,0.0019500567565462479,332.15,9.799999999999955,4,160.0
10.1021/JE020219O,4,VFT,0.7781512503836436,0.7924007490863656,0.014249498702721963,332.15,9.799999999999955,4,160.0
10.1021/JE020219O,4,VFT,0.8586574840908079,0.8698005721428865,0.011143088052078642,332.15,9.799999999999955,4,160.0
10.1021/JE020219O,4,VFT,0.9159799141402244,0.9254719881969937,0.009492074056769328,332.15,9.799999999999955,4,160.0
10.1021/JE020219O,4,VFT,0.9824521513849896,0.9892040932728257,0.0067519418878360105,332.15,9.799999999999955,4,160.0
10.1021/JE020219O,4,VFT,1.044539760392411,1.0526797944447672,0.008140034052356304,332.15,9.799999999999955,4,160.0
10.1021/JE020219O,4,VFT,1.0923696996291206,1.094230578662714,0.0018608790335934433,332.15,9.799999999999955,4,160.0
10.1021/JE020219O,4,VFT,1.1182647260894794,1.118540294418005,0.0002755683285255994,332.15,9.799999999999955,4,160.0
10.1021/JE020219O,4,VFT,1.1024337056813363,1.1016466242542033,0.0007870814271329074,332.15,9.799999999999955,4,160.0
10.1021/JE020219O,4,VFT,1.0766404436703418,1.0758858039180792,0.0007546397522626425,332.15,9.799999999999955,4,160.0
10.1021/JE020219O,4,VFT,1.0433622780211296,1.0425416795467723,0.0008205984743572259,332.15,9.799999999999955,4,160.0
10.1021/JE020219O,4,VFT,0.9998262474544124,0.9982813465723299,0.0015449008820824783,332.15,9.799999999999955,4,160.0
10.1021/JE020219O,4,VFT,0.9318645134920318,0.9298397287275451,0.0020247847644867534,332.15,9.799999999999955,4,160.0
10.1021/JE020219O,4,VFT,0.8856438718357639,0.8941621788660044,0.00851830703024048,332.15,9.799999999999955,4,160.0
10.1021/JE020219O,4,VFT,0.9436923271060167,0.9557833245255092,0.012090997419492489,332.15,9.799999999999955,4,160.0
10.1021/JE020219O,4,VFT,1.0561422620590524,1.0633893466551414,0.007247084596089026,332.15,9.799999999999955,4,160.0
10.1021/JE020219O,4,VFT,1.0965624383741355,1.0926450015900835,0.003917436784051986,332.15,9.799999999999955,4,160.0
10.1021/JE020219O,4,VFT,1.1176026916900843,1.1186259982355253,0.0010233065454410273,332.15,9.799999999999955,4,160.0
10.1021/JE020219O,4,VFT,1.1231980750319988,1.124404852200276,0.0012067771682773287,332.15,9.799999999999955,4,160.0
10.1021/JE020219O,4,VFT,1.104145550554008,1.1012404014673267,0.00290514908668138,332.15,9.799999999999955,4,160.0
10.1021/JE020219O,4,VFT,1.0791812460476249,1.0746733236058845,0.004507922441740364,332.15,9.799999999999955,4,160.0
10.1021/JE020219O,4,VFT,1.00774777800074,1.0115447471769616,0.0037969691762216318,332.15,9.799999999999955,4,160.0
10.1021/JE020219O,4,VFT,0.9435439771534544,0.9392449024858464,0.004299074667608038,332.15,9.799999999999955,4,160.0
10.1021/JE020219O,4,VFT,0.8391007827071532,0.846515161359537,0.007414378652383813,332.15,9.799999999999955,4,160.0
10.1021/JE020219O,4,VFT,0.899984562549391,0.9061263278769747,0.006141765327583704,332.15,9.799999999999955,4,160.0
10.1021/JE020219O,4,VFT,1.0051805125037803,1.0096143544945924,0.004433841990812093,332.15,9.799999999999955,4,160.0
10.1021/JE020219O,4,VFT,1.052693941924968,1.059219586788589,0.006525644863621061,332.15,9.799999999999955,4,160.0
10.1021/JE020219O,4,VFT,1.0906107078284066,1.0918604169677866,0.0012497091393799398,332.15,9.799999999999955,4,160.0
10.1021/JE020219O,4,VFT,1.1122697684172707,1.1129456128515998,0.0006758444343291092,332.15,9.799999999999955,4,160.0
10.1021/JE020219O,4,VFT,1.1126050015345745,1.1127343926027937,0.00012939106821918678,332.15,9.799999999999955,4,160.0
10.1021/JE020219O,4,VFT,1.0989896394011773,1.0982476348946402,0.0007420045065371639,332.15,9.799999999999955,4,160.0
10.1021/JE020219O,4,VFT,1.0773679052841565,1.076317839259894,0.001050066024262497,332.15,9.799999999999955,4,160.0
10.1021/JE020219O,4,VFT,1.0153597554092142,1.0138803338277453,0.0014794215814688538,332.15,9.799999999999955,4,160.0
10.1021/JE020219O,4,VFT,0.951823035315912,0.9501006926475872,0.0017223426683247167,332.15,9.799999999999955,4,160.0
10.1021/JE020219O,4,VFT,0.8620120512502166,0.867268977384118,0.005256926133901385,332.15,9.799999999999955,4,160.0
10.1021/JE020219O,4,VFT,1.0141003215196205,1.01750572025655,0.003405398736929577,332.15,9.799999999999955,4,160.0
10.1021/JE020219O,4,VFT,1.0546130545568877,1.0603165305030926,0.005703475946204906,332.15,9.799999999999955,4,160.0
10.1021/JE020219O,4,VFT,1.0863598306747482,1.087506039760472,0.001146209085723937,332.15,9.799999999999955,4,160.0
10.1021/JE020219O,4,VFT,1.1017470739463662,1.1019410241951149,0.0001939502487486866,332.15,9.799999999999955,4,160.0
10.1021/JE020219O,4,VFT,1.1010593549081156,1.1013768195076616,0.000317464599546069,332.15,9.799999999999955,4,160.0
10.1021/JE020219O,4,VFT,1.0722498976135149,1.071846188591503,0.00040370902201192216,332.15,9.799999999999955,4,160.0
10.1021/JE020219O,4,VFT,1.0461047872460387,1.0454788979129004,0.0006258893331383408,332.15,9.799999999999955,4,160.0
10.1021/JE020219O,4,VFT,0.9702073588068546,0.9688520958966194,0.0013552629102352443,332.15,9.799999999999955,4,160.0
10.1021/JE020219O,4,VFT,0.8629657589777625,0.8663049290897722,0.0033391701120096817,332.15,9.799999999999955,4,160.0
10.1021/JE020219O,4,VFT,0.9577987749299979,0.9615494564101008,0.0037506814801029353,332.15,9.799999999999955,4,160.0
10.1021/JE020219O,4,VFT,1.0056094453602804,1.0079739863454187,0.002364540985138275,332.15,9.799999999999955,4,160.0
10.1021/JE020219O,4,VFT,1.0413926851582251,1.0461659136974422,0.004773228539217023,332.15,9.799999999999955,4,160.0
10.1021/JE020219O,4,VFT,1.0666985504229953,1.0673938952118234,0.0006953447888280451,332.15,9.799999999999955,4,160.0
10.1021/JE020219O,4,VFT,1.0737183503461227,1.074131349537271,0.0004129991911483444,332.15,9.799999999999955,4,160.0
10.1021/JE020219O,4,VFT,1.06781451116184,1.0684186269890974,0.0006041158272573899,332.15,9.799999999999955,4,160.0
10.1021/JE020219O,4,VFT,1.0523090996473234,1.0526892812025312,0.0003801815552078036,332.15,9.799999999999955,4,160.0
10.1021/JE020219O,4,VFT,1.0297894708318556,1.0295861253391914,0.00020334549266420865,332.15,9.799999999999955,4,160.0
10.1021/JE020219O,4,VFT,0.9100905455940682,0.9090744456397413,0.0010160999543269433,332.15,9.799999999999955,4,160.0
10.1021/JE020219O,4,VFT,0.8675853265470362,0.8696674460523901,0.0020821195053538633,332.15,9.799999999999955,4,160.0
10.1021/JE020219O,4,VFT,0.9105710484812585,0.9120170252988529,0.0014459768175943966,332.15,9.799999999999955,4,160.0
10.1021/JE020219O,4,VFT,0.9462557071993973,0.9485814176559537,0.0023257104565563846,332.15,9.799999999999955,4,160.0
10.1021/JE020219O,4,VFT,0.982361701633147,0.9836457291406306,0.001284027507483687,332.15,9.799999999999955,4,160.0
10.1021/JE020219O,4,VFT,1.0098756337121602,1.012773849559448,0.0028982158472878883,332.15,9.799999999999955,4,160.0
10.1021/JE020219O,4,VFT,1.0257153839013406,1.0262574363835952,0.0005420524822545847,332.15,9.799999999999955,4,160.0
10.1021/JE020219O,4,VFT,1.0265332645232967,1.02679450586133,0.00026124133803318017,332.15,9.799999999999955,4,160.0
10.1021/JE020219O,4,VFT,0.9931274851057101,0.9938810373751972,0.0007535522694870345,332.15,9.799999999999955,4,160.0
10.1021/JE020219O,4,VFT,0.9653898702151223,0.9659661830651358,0.0005763128500134718,332.15,9.799999999999955,4,160.0
10.1021/JE020219O,4,VFT,0.9320169064342013,0.9322499579376352,0.0002330515034338898,332.15,9.799999999999955,4,160.0
10.1021/JE020219O,4,VFT,0.8918161195248605,0.8920006434918581,0.00018452396699764062,332.15,9.799999999999955,4,160.0
10.1021/JE020219O,4,VFT,0.8402943316114362,0.8405555316716112,0.0002612000601750486,332.15,9.799999999999955,4,160.0
10.1021/JE020219O,4,VFT,0.7329563695756246,0.7325346217516504,0.0004217478239741945,332.15,9.799999999999955,4,160.0
10.1021/JE020219O,4,independent_per_curve_GPR,0.8671727511786498,0.663529600158651,0.20364315101999875,332.15,9.799999999999955,4,160.0
10.1021/JE020219O,4,independent_per_curve_GPR,0.9384696883676453,0.7543017032784445,0.18416798508920085,332.15,9.799999999999955,4,160.0
10.1021/JE020219O,4,independent_per_curve_GPR,1.0021660617565078,0.8399325181759583,0.16223354358054953,332.15,9.799999999999955,4,160.0
10.1021/JE020219O,4,independent_per_curve_GPR,1.0511525224473812,0.9023397966138023,0.14881272583357896,332.15,9.799999999999955,4,160.0
10.1021/JE020219O,4,independent_per_curve_GPR,1.089551882886454,0.9621840516725388,0.12736783121391526,332.15,9.799999999999955,4,160.0
10.1021/JE020219O,4,independent_per_curve_GPR,1.0888445627270043,0.9679626400609697,0.12088192266603459,332.15,9.799999999999955,4,160.0
10.1021/JE020219O,4,independent_per_curve_GPR,1.077731179652392,0.9618244548083311,0.11590672484406095,332.15,9.799999999999955,4,160.0
10.1021/JE020219O,4,independent_per_curve_GPR,1.0572856444182146,0.9452964454284208,0.11198919898979376,332.15,9.799999999999955,4,160.0
10.1021/JE020219O,4,independent_per_curve_GPR,1.02816441942447,0.9199604520693343,0.1082039673551356,332.15,9.799999999999955,4,160.0
10.1021/JE020219O,4,independent_per_curve_GPR,0.9025467793139914,0.8000372608140295,0.10250951849996193,332.15,9.799999999999955,4,160.0
10.1021/JE020219O,4,independent_per_curve_GPR,0.8326366275967033,0.620387003990161,0.21224962360654231,332.15,9.799999999999955,4,160.0
10.1021/JE020219O,4,independent_per_curve_GPR,0.8953120244757873,0.7031857809957712,0.19212624348001606,332.15,9.799999999999955,4,160.0
10.1021/JE020219O,4,independent_per_curve_GPR,0.9664702637292844,0.7927741637485868,0.17369609998069757,332.15,9.799999999999955,4,160.0
10.1021/JE020219O,4,independent_per_curve_GPR,1.0261245167454502,0.8725837672431811,0.15354074950226915,332.15,9.799999999999955,4,160.0
10.1021/JE020219O,4,independent_per_curve_GPR,1.0751818546186915,0.9347103180793287,0.14047153653936284,332.15,9.799999999999955,4,160.0
10.1021/JE020219O,4,independent_per_curve_GPR,1.0996806411092501,0.9701056724481769,0.1295749686610732,332.15,9.799999999999955,4,160.0
10.1021/JE020219O,4,independent_per_curve_GPR,1.1092409685882032,0.9879755579559129,0.12126541063229035,332.15,9.799999999999955,4,160.0
10.1021/JE020219O,4,independent_per_curve_GPR,1.1058506743851435,0.9905187092469957,0.11533196513814781,332.15,9.799999999999955,4,160.0
10.1021/JE020219O,4,independent_per_curve_GPR,1.0374264979406236,0.9336929646702118,0.10373353327041179,332.15,9.799999999999955,4,160.0
10.1021/JE020219O,4,independent_per_curve_GPR,0.9976921179417265,0.8962096774813452,0.10148244046038135,332.15,9.799999999999955,4,160.0
10.1021/JE020219O,4,independent_per_curve_GPR,0.9434450490250305,0.8438273775656671,0.0996176714593634,332.15,9.799999999999955,4,160.0
10.1021/JE020219O,4,independent_per_curve_GPR,0.7781512503836436,0.5602838915874392,0.21786735879620445,332.15,9.799999999999955,4,160.0
10.1021/JE020219O,4,independent_per_curve_GPR,0.8586574840908079,0.6600013462315983,0.19865613785920955,332.15,9.799999999999955,4,160.0
10.1021/JE020219O,4,independent_per_curve_GPR,0.9159799141402244,0.7349022357395467,0.18107767840067768,332.15,9.799999999999955,4,160.0
10.1021/JE020219O,4,independent_per_curve_GPR,0.9824521513849896,0.8177373195660859,0.16471483181890378,332.15,9.799999999999955,4,160.0
10.1021/JE020219O,4,independent_per_curve_GPR,1.044539760392411,0.8998104201947564,0.1447293401976545,332.15,9.799999999999955,4,160.0
10.1021/JE020219O,4,independent_per_curve_GPR,1.0923696996291206,0.9593006137467619,0.13306908588235866,332.15,9.799999999999955,4,160.0
10.1021/JE020219O,4,independent_per_curve_GPR,1.1182647260894794,1.0097698386575806,0.10849488743189872,332.15,9.799999999999955,4,160.0
10.1021/JE020219O,4,independent_per_curve_GPR,1.1024337056813363,0.9976680086488671,0.10476569703246918,332.15,9.799999999999955,4,160.0
10.1021/JE020219O,4,independent_per_curve_GPR,1.0766404436703418,0.9755976968315417,0.1010427468388001,332.15,9.799999999999955,4,160.0
10.1021/JE020219O,4,independent_per_curve_GPR,1.0433622780211296,0.9452862522432379,0.09807602577789165,332.15,9.799999999999955,4,160.0
10.1021/JE020219O,4,independent_per_curve_GPR,0.9998262474544124,0.9034992505655848,0.09632699688882762,332.15,9.799999999999955,4,160.0
10.1021/JE020219O,4,independent_per_curve_GPR,0.9318645134920318,0.837646032928442,0.09421848056358983,332.15,9.799999999999955,4,160.0
10.1021/JE020219O,4,independent_per_curve_GPR,0.8856438718357639,0.7029117551921176,0.1827321166436463,332.15,9.799999999999955,4,160.0
10.1021/JE020219O,4,independent_per_curve_GPR,0.9436923271060167,0.7791086551581858,0.16458367194783086,332.15,9.799999999999955,4,160.0
10.1021/JE020219O,4,independent_per_curve_GPR,1.0561422620590524,0.9209593191735705,0.13518294288548183,332.15,9.799999999999955,4,160.0
10.1021/JE020219O,4,independent_per_curve_GPR,1.0965624383741355,0.9663869574145237,0.13017548095961173,332.15,9.799999999999955,4,160.0
10.1021/JE020219O,4,independent_per_curve_GPR,1.1176026916900843,1.0020406734454723,0.11556201824461199,332.15,9.799999999999955,4,160.0
10.1021/JE020219O,4,independent_per_curve_GPR,1.1231980750319988,1.0155310853412207,0.10766698969077804,332.15,9.799999999999955,4,160.0
10.1021/JE020219O,4,independent_per_curve_GPR,1.104145550554008,1.000033695984952,0.10411185456905603,332.15,9.799999999999955,4,160.0
10.1021/JE020219O,4,independent_per_curve_GPR,1.0791812460476249,0.9774479847602552,0.1017332612873697,332.15,9.799999999999955,4,160.0
10.1021/JE020219O,4,independent_per_curve_GPR,1.00774777800074,0.920193686600817,0.08755409139992298,332.15,9.799999999999955,4,160.0
10.1021/JE020219O,4,independent_per_curve_GPR,0.9435439771534544,0.8503011461220777,0.09324283103137665,332.15,9.799999999999955,4,160.0
10.1021/JE020219O,4,independent_per_curve_GPR,0.8391007827071532,0.655097817323919,0.18400296538323413,332.15,9.799999999999955,4,160.0
10.1021/JE020219O,4,independent_per_curve_GPR,0.899984562549391,0.7301371868269395,0.16984737572245145,332.15,9.799999999999955,4,160.0
10.1021/JE020219O,4,independent_per_curve_GPR,1.0051805125037803,0.8623689341099745,0.14281157839380576,332.15,9.799999999999955,4,160.0
10.1021/JE020219O,4,independent_per_curve_GPR,1.052693941924968,0.9245859881757251,0.12810795374924278,332.15,9.799999999999955,4,160.0
10.1021/JE020219O,4,independent_per_curve_GPR,1.0906107078284066,0.9707870839380963,0.11982362389031032,332.15,9.799999999999955,4,160.0
10.1021/JE020219O,4,independent_per_curve_GPR,1.1122697684172707,1.0020390417762084,0.11023072664106226,332.15,9.799999999999955,4,160.0
10.1021/JE020219O,4,independent_per_curve_GPR,1.1126050015345745,1.0138645979716925,0.09874040356288205,332.15,9.799999999999955,4,160.0
10.1021/JE020219O,4,independent_per_curve_GPR,1.0989896394011773,1.0034122298268011,0.09557740957437622,332.15,9.799999999999955,4,160.0
10.1021/JE020219O,4,independent_per_curve_GPR,1.0773679052841565,0.984500215165286,0.09286769011887053,332.15,9.799999999999955,4,160.0
10.1021/JE020219O,4,independent_per_curve_GPR,1.0153597554092142,0.9267034584971869,0.08865629691202725,332.15,9.799999999999955,4,160.0
10.1021/JE020219O,4,independent_per_curve_GPR,0.951823035315912,0.8653958299655452,0.08642720535036674,332.15,9.799999999999955,4,160.0
10.1021/JE020219O,4,independent_per_curve_GPR,0.8620120512502166,0.6938521459987546,0.16815990525146207,332.15,9.799999999999955,4,160.0
10.1021/JE020219O,4,independent_per_curve_GPR,1.0141003215196205,0.883217321819544,0.13088299970007644,332.15,9.799999999999955,4,160.0
10.1021/JE020219O,4,independent_per_curve_GPR,1.0546130545568877,0.9372167393585622,0.1173963151983255,332.15,9.799999999999955,4,160.0
10.1021/JE020219O,4,independent_per_curve_GPR,1.0863598306747482,0.9764953656140344,0.10986446506071379,332.15,9.799999999999955,4,160.0
10.1021/JE020219O,4,independent_per_curve_GPR,1.1017470739463662,0.9998650314921309,0.10188204245423527,332.15,9.799999999999955,4,160.0
10.1021/JE020219O,4,independent_per_curve_GPR,1.1010593549081156,1.0054522895293256,0.09560706537878993,332.15,9.799999999999955,4,160.0
10.1021/JE020219O,4,independent_per_curve_GPR,1.0722498976135149,0.9834866894931806,0.08876320812033422,332.15,9.799999999999955,4,160.0
10.1021/JE020219O,4,independent_per_curve_GPR,1.0461047872460387,0.959634196399584,0.0864705908464547,332.15,9.799999999999955,4,160.0
10.1021/JE020219O,4,independent_per_curve_GPR,0.9702073588068546,0.8872078439743623,0.08299951483249235,332.15,9.799999999999955,4,160.0
10.1021/JE020219O,4,independent_per_curve_GPR,0.8629657589777625,0.705974315336708,0.15699144364105455,332.15,9.799999999999955,4,160.0
10.1021/JE020219O,4,independent_per_curve_GPR,0.9577987749299979,0.8261300568330078,0.1316687180969901,332.15,9.799999999999955,4,160.0
10.1021/JE020219O,4,independent_per_curve_GPR,1.0056094453602804,0.8844746216023465,0.12113482375793394,332.15,9.799999999999955,4,160.0
10.1021/JE020219O,4,independent_per_curve_GPR,1.0413926851582251,0.9331732935667623,0.10821939159146288,332.15,9.799999999999955,4,160.0
10.1021/JE020219O,4,independent_per_curve_GPR,1.0666985504229953,0.9654939192433845,0.10120463117961087,332.15,9.799999999999955,4,160.0
10.1021/JE020219O,4,independent_per_curve_GPR,1.0737183503461227,0.9794260979857268,0.09429225236039596,332.15,9.799999999999955,4,160.0
10.1021/JE020219O,4,independent_per_curve_GPR,1.06781451116184,0.9790255043030885,0.08878900685875146,332.15,9.799999999999955,4,160.0
10.1021/JE020219O,4,independent_per_curve_GPR,1.0523090996473234,0.9669708995593016,0.08533820008802184,332.15,9.799999999999955,4,160.0
10.1021/JE020219O,4,independent_per_curve_GPR,1.0297894708318556,0.9470030622379151,0.08278640859394049,332.15,9.799999999999955,4,160.0
10.1021/JE020219O,4,independent_per_curve_GPR,0.9100905455940682,0.8326792723244201,0.07741127326964814,332.15,9.799999999999955,4,160.0
10.1021/JE020219O,4,independent_per_curve_GPR,0.8675853265470362,0.7245335870863645,0.14305173946067173,332.15,9.799999999999955,4,160.0
10.1021/JE020219O,4,independent_per_curve_GPR,0.9105710484812585,0.7780493973542969,0.13252165112696157,332.15,9.799999999999955,4,160.0
10.1021/JE020219O,4,independent_per_curve_GPR,0.9462557071993973,0.8251189917998417,0.12113671539955562,332.15,9.799999999999955,4,160.0
10.1021/JE020219O,4,independent_per_curve_GPR,0.982361701633147,0.8701264340033179,0.11223526762982905,332.15,9.799999999999955,4,160.0
10.1021/JE020219O,4,independent_per_curve_GPR,1.0098756337121602,0.9089866371961053,0.10088899651605487,332.15,9.799999999999955,4,160.0
10.1021/JE020219O,4,independent_per_curve_GPR,1.0257153839013406,0.9316048855939943,0.0941104983073463,332.15,9.799999999999955,4,160.0
10.1021/JE020219O,4,independent_per_curve_GPR,1.0265332645232967,0.9384986693988738,0.08803459512442291,332.15,9.799999999999955,4,160.0
10.1021/JE020219O,4,independent_per_curve_GPR,0.9931274851057101,0.91368385205384,0.07944363305187019,332.15,9.799999999999955,4,160.0
10.1021/JE020219O,4,independent_per_curve_GPR,0.9653898702151223,0.8885692808638084,0.07682058935131397,332.15,9.799999999999955,4,160.0
10.1021/JE020219O,4,independent_per_curve_GPR,0.9320169064342013,0.8570785528809169,0.07493835355328438,332.15,9.799999999999955,4,160.0
10.1021/JE020219O,4,independent_per_curve_GPR,0.8918161195248605,0.8186520073384264,0.07316411218643415,332.15,9.799999999999955,4,160.0
10.1021/JE020219O,4,independent_per_curve_GPR,0.8402943316114362,0.7687820986330721,0.07151223297836407,332.15,9.799999999999955,4,160.0
10.1021/JE020219O,4,independent_per_curve_GPR,0.7329563695756246,0.6629068257892539,0.07004954378637074,332.15,9.799999999999955,4,160.0
10.1021/JE020219O,5,nested_budget_router,0.8671727511786498,0.8934591143195081,0.026286363140858304,332.15,9.799999999999955,4,160.0
10.1021/JE020219O,5,nested_budget_router,0.9384696883676453,0.9537701783700163,0.015300490002370992,332.15,9.799999999999955,4,160.0
10.1021/JE020219O,5,nested_budget_router,1.0021660617565078,1.017945962350211,0.015779900593703156,332.15,9.799999999999955,4,160.0
10.1021/JE020219O,5,nested_budget_router,1.0511525224473812,1.057795533967879,0.0066430115204978435,332.15,9.799999999999955,4,160.0
10.1021/JE020219O,5,nested_budget_router,1.089551882886454,1.0932761804220885,0.0037242975356344132,332.15,9.799999999999955,4,160.0
10.1021/JE020219O,5,nested_budget_router,1.0888445627270043,1.0914491354412512,0.0026045727142469666,332.15,9.799999999999955,4,160.0
10.1021/JE020219O,5,nested_budget_router,1.077731179652392,1.0791580226151718,0.0014268429627797286,332.15,9.799999999999955,4,160.0
10.1021/JE020219O,5,nested_budget_router,1.0572856444182146,1.0579081229242135,0.0006224785059989468,332.15,9.799999999999955,4,160.0
10.1021/JE020219O,5,nested_budget_router,1.02816441942447,1.0283380956584667,0.0001736762339967779,332.15,9.799999999999955,4,160.0
10.1021/JE020219O,5,nested_budget_router,0.9025467793139914,0.9006567603056509,0.0018900190083405155,332.15,9.799999999999955,4,160.0
10.1021/JE020219O,5,nested_budget_router,0.8326366275967033,0.8558306986687927,0.023194071072089373,332.15,9.799999999999955,4,160.0
10.1021/JE020219O,5,nested_budget_router,0.8953120244757873,0.9151531243611766,0.01984109988538929,332.15,9.799999999999955,4,160.0
10.1021/JE020219O,5,nested_budget_router,0.9664702637292844,0.9799484828296536,0.013478219100369282,332.15,9.799999999999955,4,160.0
10.1021/JE020219O,5,nested_budget_router,1.0261245167454502,1.0404314967823212,0.01430698003687092,332.15,9.799999999999955,4,160.0
10.1021/JE020219O,5,nested_budget_router,1.0751818546186915,1.080588062172309,0.005406207553617426,332.15,9.799999999999955,4,160.0
10.1021/JE020219O,5,nested_budget_router,1.0996806411092501,1.1034743328758512,0.0037936917666010483,332.15,9.799999999999955,4,160.0
10.1021/JE020219O,5,nested_budget_router,1.1092409685882032,1.111499422434248,0.002258453846044839,332.15,9.799999999999955,4,160.0
10.1021/JE020219O,5,nested_budget_router,1.1058506743851435,1.1072612082856246,0.0014105339004810702,332.15,9.799999999999955,4,160.0
10.1021/JE020219O,5,nested_budget_router,1.0374264979406236,1.036628775508723,0.0007977224319006826,332.15,9.799999999999955,4,160.0
10.1021/JE020219O,5,nested_budget_router,0.9976921179417265,0.9963766500663982,0.0013154678753283244,332.15,9.799999999999955,4,160.0
10.1021/JE020219O,5,nested_budget_router,0.9434450490250305,0.9411709725369141,0.0022740764881163944,332.15,9.799999999999955,4,160.0
10.1021/JE020219O,5,nested_budget_router,0.7781512503836436,0.8022121164022442,0.02406086601860058,332.15,9.799999999999955,4,160.0
10.1021/JE020219O,5,nested_budget_router,0.8586574840908079,0.8784851273518552,0.019827643261047356,332.15,9.799999999999955,4,160.0
10.1021/JE020219O,5,nested_budget_router,0.9159799141402244,0.9329275999542312,0.016947685814006852,332.15,9.799999999999955,4,160.0
10.1021/JE020219O,5,nested_budget_router,0.9824521513849896,0.9940459342116166,0.01159378282662693,332.15,9.799999999999955,4,160.0
10.1021/JE020219O,5,nested_budget_router,1.044539760392411,1.0575602128694772,0.013020452477066291,332.15,9.799999999999955,4,160.0
10.1021/JE020219O,5,nested_budget_router,1.0923696996291206,1.0967627093514483,0.004393009722327701,332.15,9.799999999999955,4,160.0
10.1021/JE020219O,5,nested_budget_router,1.1182647260894794,1.1192258668090005,0.0009611407195211363,332.15,9.799999999999955,4,160.0
10.1021/JE020219O,5,nested_budget_router,1.1024337056813363,1.1021015737174185,0.0003321319639177922,332.15,9.799999999999955,4,160.0
10.1021/JE020219O,5,nested_budget_router,1.0766404436703418,1.0761592567588316,0.00048118691151022297,332.15,9.799999999999955,4,160.0
10.1021/JE020219O,5,nested_budget_router,1.0433622780211296,1.0424618732400603,0.0009004047810692306,332.15,9.799999999999955,4,160.0
10.1021/JE020219O,5,nested_budget_router,0.9998262474544124,0.998093781184901,0.0017324662695114013,332.15,9.799999999999955,4,160.0
10.1021/JE020219O,5,nested_budget_router,0.9318645134920318,0.9294395075597655,0.0024250059322663553,332.15,9.799999999999955,4,160.0
10.1021/JE020219O,5,nested_budget_router,0.8856438718357639,0.9009742501038651,0.015330378268101241,332.15,9.799999999999955,4,160.0
10.1021/JE020219O,5,nested_budget_router,0.9436923271060167,0.9605276635682731,0.016835336462256434,332.15,9.799999999999955,4,160.0
10.1021/JE020219O,5,nested_budget_router,1.0561422620590524,1.0673631031003075,0.011220841041255092,332.15,9.799999999999955,4,160.0
10.1021/JE020219O,5,nested_budget_router,1.0965624383741355,1.0981466662894197,0.001584227915284231,332.15,9.799999999999955,4,160.0
10.1021/JE020219O,5,nested_budget_router,1.1176026916900843,1.1194503378792922,0.0018476461892078522,332.15,9.799999999999955,4,160.0
10.1021/JE020219O,5,nested_budget_router,1.1231980750319988,1.1262960636998784,0.003097988667879692,332.15,9.799999999999955,4,160.0
10.1021/JE020219O,5,nested_budget_router,1.104145550554008,1.100341217365694,0.0038043331883141907,332.15,9.799999999999955,4,160.0
10.1021/JE020219O,5,nested_budget_router,1.0791812460476249,1.0732302580126365,0.0059509880349883915,332.15,9.799999999999955,4,160.0
10.1021/JE020219O,5,nested_budget_router,1.00774777800074,1.0132311502676332,0.005483372266893216,332.15,9.799999999999955,4,160.0
10.1021/JE020219O,5,nested_budget_router,0.9435439771534544,0.9410922191746852,0.0024517579787691757,332.15,9.799999999999955,4,160.0
10.1021/JE020219O,5,nested_budget_router,0.8391007827071532,0.8529401666628105,0.013839383955657314,332.15,9.799999999999955,4,160.0
10.1021/JE020219O,5,nested_budget_router,0.899984562549391,0.9117443075082352,0.011759744958844243,332.15,9.799999999999955,4,160.0
10.1021/JE020219O,5,nested_budget_router,1.0051805125037803,1.0127879665070445,0.007607454003264236,332.15,9.799999999999955,4,160.0
10.1021/JE020219O,5,nested_budget_router,1.052693941924968,1.062709577765054,0.010015635840086023,332.15,9.799999999999955,4,160.0
10.1021/JE020219O,5,nested_budget_router,1.0906107078284066,1.0939250191867878,0.003314311358381117,332.15,9.799999999999955,4,160.0
10.1021/JE020219O,5,nested_budget_router,1.1122697684172707,1.1144659742804977,0.0021962058632269965,332.15,9.799999999999955,4,160.0
10.1021/JE020219O,5,nested_budget_router,1.1126050015345745,1.113285901694438,0.0006809001598635511,332.15,9.799999999999955,4,160.0
10.1021/JE020219O,5,nested_budget_router,1.0989896394011773,1.0985487049503488,0.0004409344508284896,332.15,9.799999999999955,4,160.0
10.1021/JE020219O,5,nested_budget_router,1.0773679052841565,1.076266391051234,0.0011015142329224847,332.15,9.799999999999955,4,160.0
10.1021/JE020219O,5,nested_budget_router,1.0153597554092142,1.0134860747171204,0.0018736806920938154,332.15,9.799999999999955,4,160.0
10.1021/JE020219O,5,nested_budget_router,0.951823035315912,0.9496352251666095,0.0021878101493024715,332.15,9.799999999999955,4,160.0
10.1021/JE020219O,5,nested_budget_router,0.8620120512502166,0.8722065839583677,0.010194532708151072,332.15,9.799999999999955,4,160.0
10.1021/JE020219O,5,nested_budget_router,1.0141003215196205,1.0198478239543711,0.00574750243475064,332.15,9.799999999999955,4,160.0
10.1021/JE020219O,5,nested_budget_router,1.0546130545568877,1.0631293838493976,0.008516329292509894,332.15,9.799999999999955,4,160.0
10.1021/JE020219O,5,nested_budget_router,1.0863598306747482,1.0892384204565735,0.0028785897818253137,332.15,9.799999999999955,4,160.0
10.1021/JE020219O,5,nested_budget_router,1.1017470739463662,1.1031981477780217,0.0014510738316555472,332.15,9.799999999999955,4,160.0
10.1021/JE020219O,5,nested_budget_router,1.1010593549081156,1.1020911274133178,0.0010317725052022553,332.15,9.799999999999955,4,160.0
10.1021/JE020219O,5,nested_budget_router,1.0722498976135149,1.0720987427096393,0.00015115490387551667,332.15,9.799999999999955,4,160.0
10.1021/JE020219O,5,nested_budget_router,1.0461047872460387,1.0454535795983606,0.0006512076476781203,332.15,9.799999999999955,4,160.0
10.1021/JE020219O,5,nested_budget_router,0.9702073588068546,0.9684571944211761,0.0017501643856785432,332.15,9.799999999999955,4,160.0
10.1021/JE020219O,5,nested_budget_router,0.8629657589777625,0.8701524052005216,0.007186646222759108,332.15,9.799999999999955,4,160.0
10.1021/JE020219O,5,nested_budget_router,0.9577987749299979,0.9644412685159409,0.006642493585943043,332.15,9.799999999999955,4,160.0
10.1021/JE020219O,5,nested_budget_router,1.0056094453602804,1.009788179795647,0.004178734435366538,332.15,9.799999999999955,4,160.0
10.1021/JE020219O,5,nested_budget_router,1.0413926851582251,1.0483589402490079,0.006966255090782747,332.15,9.799999999999955,4,160.0
10.1021/JE020219O,5,nested_budget_router,1.0666985504229953,1.0687867395818418,0.002088189158846454,332.15,9.799999999999955,4,160.0
10.1021/JE020219O,5,nested_budget_router,1.0737183503461227,1.0751924096510965,0.001474059304973796,332.15,9.799999999999955,4,160.0
10.1021/JE020219O,5,nested_budget_router,1.06781451116184,1.0691345653242317,0.0013200541623916706,332.15,9.799999999999955,4,160.0
10.1021/JE020219O,5,nested_budget_router,1.0523090996473234,1.053175365935004,0.000866266287680606,332.15,9.799999999999955,4,160.0
10.1021/JE020219O,5,nested_budget_router,1.0297894708318556,1.0298481306144116,5.865978255603643e-05,332.15,9.799999999999955,4,160.0
10.1021/JE020219O,5,nested_budget_router,0.9100905455940682,0.9087759139635355,0.0013146316305326922,332.15,9.799999999999955,4,160.0
10.1021/JE020219O,5,nested_budget_router,0.8675853265470362,0.8723138641082127,0.004728537561176416,332.15,9.799999999999955,4,160.0
10.1021/JE020219O,5,nested_budget_router,0.9105710484812585,0.9142888981828377,0.003717849701579179,332.15,9.799999999999955,4,160.0
10.1021/JE020219O,5,nested_budget_router,0.9462557071993973,0.9508585191821028,0.0046028119827055125,332.15,9.799999999999955,4,160.0
10.1021/JE020219O,5,nested_budget_router,0.982361701633147,0.9850579068836243,0.0026962052504773126,332.15,9.799999999999955,4,160.0
10.1021/JE020219O,5,nested_budget_router,1.0098756337121602,1.015272711846614,0.005397078134453892,332.15,9.799999999999955,4,160.0
10.1021/JE020219O,5,nested_budget_router,1.0257153839013406,1.0274119131054618,0.001696529204121111,332.15,9.799999999999955,4,160.0
10.1021/JE020219O,5,nested_budget_router,1.0265332645232967,1.0277495844832247,0.0012163199599279917,332.15,9.799999999999955,4,160.0
10.1021/JE020219O,5,nested_budget_router,0.9931274851057101,0.9944302059914674,0.0013027208857572248,332.15,9.799999999999955,4,160.0
10.1021/JE020219O,5,nested_budget_router,0.9653898702151223,0.9663640401227633,0.0009741699076409871,332.15,9.799999999999955,4,160.0
10.1021/JE020219O,5,nested_budget_router,0.9320169064342013,0.9326047904575296,0.0005878840233283222,332.15,9.799999999999955,4,160.0
10.1021/JE020219O,5,nested_budget_router,0.8918161195248605,0.8921891317497455,0.0003730122248849499,332.15,9.799999999999955,4,160.0
10.1021/JE020219O,5,nested_budget_router,0.8402943316114362,0.8406259369809214,0.00033160536948517727,332.15,9.799999999999955,4,160.0
10.1021/JE020219O,5,nested_budget_router,0.7329563695756246,0.7324068276934482,0.0005495418821763742,332.15,9.799999999999955,4,160.0
10.1021/JE020219O,5,VFT,0.8671727511786498,0.8934591143195081,0.026286363140858304,332.15,9.799999999999955,4,160.0
10.1021/JE020219O,5,VFT,0.9384696883676453,0.9537701783700163,0.015300490002370992,332.15,9.799999999999955,4,160.0
10.1021/JE020219O,5,VFT,1.0021660617565078,1.017945962350211,0.015779900593703156,332.15,9.799999999999955,4,160.0
10.1021/JE020219O,5,VFT,1.0511525224473812,1.057795533967879,0.0066430115204978435,332.15,9.799999999999955,4,160.0
10.1021/JE020219O,5,VFT,1.089551882886454,1.0932761804220885,0.0037242975356344132,332.15,9.799999999999955,4,160.0
10.1021/JE020219O,5,VFT,1.0888445627270043,1.0914491354412512,0.0026045727142469666,332.15,9.799999999999955,4,160.0
10.1021/JE020219O,5,VFT,1.077731179652392,1.0791580226151718,0.0014268429627797286,332.15,9.799999999999955,4,160.0
10.1021/JE020219O,5,VFT,1.0572856444182146,1.0579081229242135,0.0006224785059989468,332.15,9.799999999999955,4,160.0
10.1021/JE020219O,5,VFT,1.02816441942447,1.0283380956584667,0.0001736762339967779,332.15,9.799999999999955,4,160.0
10.1021/JE020219O,5,VFT,0.9025467793139914,0.9006567603056509,0.0018900190083405155,332.15,9.799999999999955,4,160.0
10.1021/JE020219O,5,VFT,0.8326366275967033,0.8558306986687927,0.023194071072089373,332.15,9.799999999999955,4,160.0
10.1021/JE020219O,5,VFT,0.8953120244757873,0.9151531243611766,0.01984109988538929,332.15,9.799999999999955,4,160.0
10.1021/JE020219O,5,VFT,0.9664702637292844,0.9799484828296536,0.013478219100369282,332.15,9.799999999999955,4,160.0
10.1021/JE020219O,5,VFT,1.0261245167454502,1.0404314967823212,0.01430698003687092,332.15,9.799999999999955,4,160.0
10.1021/JE020219O,5,VFT,1.0751818546186915,1.080588062172309,0.005406207553617426,332.15,9.799999999999955,4,160.0
10.1021/JE020219O,5,VFT,1.0996806411092501,1.1034743328758512,0.0037936917666010483,332.15,9.799999999999955,4,160.0
10.1021/JE020219O,5,VFT,1.1092409685882032,1.111499422434248,0.002258453846044839,332.15,9.799999999999955,4,160.0
10.1021/JE020219O,5,VFT,1.1058506743851435,1.1072612082856246,0.0014105339004810702,332.15,9.799999999999955,4,160.0
10.1021/JE020219O,5,VFT,1.0374264979406236,1.036628775508723,0.0007977224319006826,332.15,9.799999999999955,4,160.0
10.1021/JE020219O,5,VFT,0.9976921179417265,0.9963766500663982,0.0013154678753283244,332.15,9.799999999999955,4,160.0
10.1021/JE020219O,5,VFT,0.9434450490250305,0.9411709725369141,0.0022740764881163944,332.15,9.799999999999955,4,160.0
10.1021/JE020219O,5,VFT,0.7781512503836436,0.8022121164022442,0.02406086601860058,332.15,9.799999999999955,4,160.0
10.1021/JE020219O,5,VFT,0.8586574840908079,0.8784851273518552,0.019827643261047356,332.15,9.799999999999955,4,160.0
10.1021/JE020219O,5,VFT,0.9159799141402244,0.9329275999542312,0.016947685814006852,332.15,9.799999999999955,4,160.0
10.1021/JE020219O,5,VFT,0.9824521513849896,0.9940459342116166,0.01159378282662693,332.15,9.799999999999955,4,160.0
10.1021/JE020219O,5,VFT,1.044539760392411,1.0575602128694772,0.013020452477066291,332.15,9.799999999999955,4,160.0
10.1021/JE020219O,5,VFT,1.0923696996291206,1.0967627093514483,0.004393009722327701,332.15,9.799999999999955,4,160.0
10.1021/JE020219O,5,VFT,1.1182647260894794,1.1192258668090005,0.0009611407195211363,332.15,9.799999999999955,4,160.0
10.1021/JE020219O,5,VFT,1.1024337056813363,1.1021015737174185,0.0003321319639177922,332.15,9.799999999999955,4,160.0
10.1021/JE020219O,5,VFT,1.0766404436703418,1.0761592567588316,0.00048118691151022297,332.15,9.799999999999955,4,160.0
10.1021/JE020219O,5,VFT,1.0433622780211296,1.0424618732400603,0.0009004047810692306,332.15,9.799999999999955,4,160.0
10.1021/JE020219O,5,VFT,0.9998262474544124,0.998093781184901,0.0017324662695114013,332.15,9.799999999999955,4,160.0
10.1021/JE020219O,5,VFT,0.9318645134920318,0.9294395075597655,0.0024250059322663553,332.15,9.799999999999955,4,160.0
10.1021/JE020219O,5,VFT,0.8856438718357639,0.9009742501038651,0.015330378268101241,332.15,9.799999999999955,4,160.0
10.1021/JE020219O,5,VFT,0.9436923271060167,0.9605276635682731,0.016835336462256434,332.15,9.799999999999955,4,160.0
10.1021/JE020219O,5,VFT,1.0561422620590524,1.0673631031003075,0.011220841041255092,332.15,9.799999999999955,4,160.0
10.1021/JE020219O,5,VFT,1.0965624383741355,1.0981466662894197,0.001584227915284231,332.15,9.799999999999955,4,160.0
10.1021/JE020219O,5,VFT,1.1176026916900843,1.1194503378792922,0.0018476461892078522,332.15,9.799999999999955,4,160.0
10.1021/JE020219O,5,VFT,1.1231980750319988,1.1262960636998784,0.003097988667879692,332.15,9.799999999999955,4,160.0
10.1021/JE020219O,5,VFT,1.104145550554008,1.100341217365694,0.0038043331883141907,332.15,9.799999999999955,4,160.0
10.1021/JE020219O,5,VFT,1.0791812460476249,1.0732302580126365,0.0059509880349883915,332.15,9.799999999999955,4,160.0
10.1021/JE020219O,5,VFT,1.00774777800074,1.0132311502676332,0.005483372266893216,332.15,9.799999999999955,4,160.0
10.1021/JE020219O,5,VFT,0.9435439771534544,0.9410922191746852,0.0024517579787691757,332.15,9.799999999999955,4,160.0
10.1021/JE020219O,5,VFT,0.8391007827071532,0.8529401666628105,0.013839383955657314,332.15,9.799999999999955,4,160.0
10.1021/JE020219O,5,VFT,0.899984562549391,0.9117443075082352,0.011759744958844243,332.15,9.799999999999955,4,160.0
10.1021/JE020219O,5,VFT,1.0051805125037803,1.0127879665070445,0.007607454003264236,332.15,9.799999999999955,4,160.0
10.1021/JE020219O,5,VFT,1.052693941924968,1.062709577765054,0.010015635840086023,332.15,9.799999999999955,4,160.0
10.1021/JE020219O,5,VFT,1.0906107078284066,1.0939250191867878,0.003314311358381117,332.15,9.799999999999955,4,160.0
10.1021/JE020219O,5,VFT,1.1122697684172707,1.1144659742804977,0.0021962058632269965,332.15,9.799999999999955,4,160.0
10.1021/JE020219O,5,VFT,1.1126050015345745,1.113285901694438,0.0006809001598635511,332.15,9.799999999999955,4,160.0
10.1021/JE020219O,5,VFT,1.0989896394011773,1.0985487049503488,0.0004409344508284896,332.15,9.799999999999955,4,160.0
10.1021/JE020219O,5,VFT,1.0773679052841565,1.076266391051234,0.0011015142329224847,332.15,9.799999999999955,4,160.0
10.1021/JE020219O,5,VFT,1.0153597554092142,1.0134860747171204,0.0018736806920938154,332.15,9.799999999999955,4,160.0
10.1021/JE020219O,5,VFT,0.951823035315912,0.9496352251666095,0.0021878101493024715,332.15,9.799999999999955,4,160.0
10.1021/JE020219O,5,VFT,0.8620120512502166,0.8722065839583677,0.010194532708151072,332.15,9.799999999999955,4,160.0
10.1021/JE020219O,5,VFT,1.0141003215196205,1.0198478239543711,0.00574750243475064,332.15,9.799999999999955,4,160.0
10.1021/JE020219O,5,VFT,1.0546130545568877,1.0631293838493976,0.008516329292509894,332.15,9.799999999999955,4,160.0
10.1021/JE020219O,5,VFT,1.0863598306747482,1.0892384204565735,0.0028785897818253137,332.15,9.799999999999955,4,160.0
10.1021/JE020219O,5,VFT,1.1017470739463662,1.1031981477780217,0.0014510738316555472,332.15,9.799999999999955,4,160.0
10.1021/JE020219O,5,VFT,1.1010593549081156,1.1020911274133178,0.0010317725052022553,332.15,9.799999999999955,4,160.0
10.1021/JE020219O,5,VFT,1.0722498976135149,1.0720987427096393,0.00015115490387551667,332.15,9.799999999999955,4,160.0
10.1021/JE020219O,5,VFT,1.0461047872460387,1.0454535795983606,0.0006512076476781203,332.15,9.799999999999955,4,160.0
10.1021/JE020219O,5,VFT,0.9702073588068546,0.9684571944211761,0.0017501643856785432,332.15,9.799999999999955,4,160.0
10.1021/JE020219O,5,VFT,0.8629657589777625,0.8701524052005216,0.007186646222759108,332.15,9.799999999999955,4,160.0
10.1021/JE020219O,5,VFT,0.9577987749299979,0.9644412685159409,0.006642493585943043,332.15,9.799999999999955,4,160.0
10.1021/JE020219O,5,VFT,1.0056094453602804,1.009788179795647,0.004178734435366538,332.15,9.799999999999955,4,160.0
10.1021/JE020219O,5,VFT,1.0413926851582251,1.0483589402490079,0.006966255090782747,332.15,9.799999999999955,4,160.0
10.1021/JE020219O,5,VFT,1.0666985504229953,1.0687867395818418,0.002088189158846454,332.15,9.799999999999955,4,160.0
10.1021/JE020219O,5,VFT,1.0737183503461227,1.0751924096510965,0.001474059304973796,332.15,9.799999999999955,4,160.0
10.1021/JE020219O,5,VFT,1.06781451116184,1.0691345653242317,0.0013200541623916706,332.15,9.799999999999955,4,160.0
10.1021/JE020219O,5,VFT,1.0523090996473234,1.053175365935004,0.000866266287680606,332.15,9.799999999999955,4,160.0
10.1021/JE020219O,5,VFT,1.0297894708318556,1.0298481306144116,5.865978255603643e-05,332.15,9.799999999999955,4,160.0
10.1021/JE020219O,5,VFT,0.9100905455940682,0.9087759139635355,0.0013146316305326922,332.15,9.799999999999955,4,160.0
10.1021/JE020219O,5,VFT,0.8675853265470362,0.8723138641082127,0.004728537561176416,332.15,9.799999999999955,4,160.0
10.1021/JE020219O,5,VFT,0.9105710484812585,0.9142888981828377,0.003717849701579179,332.15,9.799999999999955,4,160.0
10.1021/JE020219O,5,VFT,0.9462557071993973,0.9508585191821028,0.0046028119827055125,332.15,9.799999999999955,4,160.0
10.1021/JE020219O,5,VFT,0.982361701633147,0.9850579068836243,0.0026962052504773126,332.15,9.799999999999955,4,160.0
10.1021/JE020219O,5,VFT,1.0098756337121602,1.015272711846614,0.005397078134453892,332.15,9.799999999999955,4,160.0
10.1021/JE020219O,5,VFT,1.0257153839013406,1.0274119131054618,0.001696529204121111,332.15,9.799999999999955,4,160.0
10.1021/JE020219O,5,VFT,1.0265332645232967,1.0277495844832247,0.0012163199599279917,332.15,9.799999999999955,4,160.0
10.1021/JE020219O,5,VFT,0.9931274851057101,0.9944302059914674,0.0013027208857572248,332.15,9.799999999999955,4,160.0
10.1021/JE020219O,5,VFT,0.9653898702151223,0.9663640401227633,0.0009741699076409871,332.15,9.799999999999955,4,160.0
10.1021/JE020219O,5,VFT,0.9320169064342013,0.9326047904575296,0.0005878840233283222,332.15,9.799999999999955,4,160.0
10.1021/JE020219O,5,VFT,0.8918161195248605,0.8921891317497455,0.0003730122248849499,332.15,9.799999999999955,4,160.0
10.1021/JE020219O,5,VFT,0.8402943316114362,0.8406259369809214,0.00033160536948517727,332.15,9.799999999999955,4,160.0
10.1021/JE020219O,5,VFT,0.7329563695756246,0.7324068276934482,0.0005495418821763742,332.15,9.799999999999955,4,160.0
10.1021/JE020219O,5,independent_per_curve_GPR,0.8671727511786498,0.6621064153412134,0.2050663358374364,332.15,9.799999999999955,4,160.0
10.1021/JE020219O,5,independent_per_curve_GPR,0.9384696883676453,0.7535833693947277,0.18488631897291763,332.15,9.799999999999955,4,160.0
10.1021/JE020219O,5,independent_per_curve_GPR,1.0021660617565078,0.8391149107832842,0.16305115097322365,332.15,9.799999999999955,4,160.0
10.1021/JE020219O,5,independent_per_curve_GPR,1.0511525224473812,0.9023973890325379,0.14875513341484337,332.15,9.799999999999955,4,160.0
10.1021/JE020219O,5,independent_per_curve_GPR,1.089551882886454,0.9626433361184445,0.12690854676800956,332.15,9.799999999999955,4,160.0
10.1021/JE020219O,5,independent_per_curve_GPR,1.0888445627270043,0.9685853847042718,0.12025917802273245,332.15,9.799999999999955,4,160.0
10.1021/JE020219O,5,independent_per_curve_GPR,1.077731179652392,0.9625033172044055,0.11522786244798655,332.15,9.799999999999955,4,160.0
10.1021/JE020219O,5,independent_per_curve_GPR,1.0572856444182146,0.9460235006721318,0.11126214374608279,332.15,9.799999999999955,4,160.0
10.1021/JE020219O,5,independent_per_curve_GPR,1.02816441942447,0.920817143621691,0.10734727580277892,332.15,9.799999999999955,4,160.0
10.1021/JE020219O,5,independent_per_curve_GPR,0.9025467793139914,0.8010230949595691,0.10152368435442227,332.15,9.799999999999955,4,160.0
10.1021/JE020219O,5,independent_per_curve_GPR,0.8326366275967033,0.6187733971098637,0.21386323048683964,332.15,9.799999999999955,4,160.0
10.1021/JE020219O,5,independent_per_curve_GPR,0.8953120244757873,0.7019068328561303,0.19340519161965697,332.15,9.799999999999955,4,160.0
10.1021/JE020219O,5,independent_per_curve_GPR,0.9664702637292844,0.7922086087030636,0.1742616550262207,332.15,9.799999999999955,4,160.0
10.1021/JE020219O,5,independent_per_curve_GPR,1.0261245167454502,0.871974316738462,0.1541502000069882,332.15,9.799999999999955,4,160.0
10.1021/JE020219O,5,independent_per_curve_GPR,1.0751818546186915,0.9348953855400053,0.14028646907868625,332.15,9.799999999999955,4,160.0
10.1021/JE020219O,5,independent_per_curve_GPR,1.0996806411092501,0.970502775543102,0.12917786556614808,332.15,9.799999999999955,4,160.0
10.1021/JE020219O,5,independent_per_curve_GPR,1.1092409685882032,0.9884762259632893,0.12076474262491388,332.15,9.799999999999955,4,160.0
10.1021/JE020219O,5,independent_per_curve_GPR,1.1058506743851435,0.9911720256800847,0.11467864870505884,332.15,9.799999999999955,4,160.0
10.1021/JE020219O,5,independent_per_curve_GPR,1.0374264979406236,0.93462071603309,0.10280578190753353,332.15,9.799999999999955,4,160.0
10.1021/JE020219O,5,independent_per_curve_GPR,0.9976921179417265,0.8971121413314457,0.10057997661028084,332.15,9.799999999999955,4,160.0
10.1021/JE020219O,5,independent_per_curve_GPR,0.9434450490250305,0.8448269816674305,0.09861806735759993,332.15,9.799999999999955,4,160.0
10.1021/JE020219O,5,independent_per_curve_GPR,0.7781512503836436,0.5586593604469394,0.2194918899367042,332.15,9.799999999999955,4,160.0
10.1021/JE020219O,5,independent_per_curve_GPR,0.8586574840908079,0.6586799060164061,0.19997757807440175,332.15,9.799999999999955,4,160.0
10.1021/JE020219O,5,independent_per_curve_GPR,0.9159799141402244,0.7339229646121047,0.18205694952811968,332.15,9.799999999999955,4,160.0
10.1021/JE020219O,5,independent_per_curve_GPR,0.9824521513849896,0.8173345452245594,0.16511760616043025,332.15,9.799999999999955,4,160.0
10.1021/JE020219O,5,independent_per_curve_GPR,1.044539760392411,0.8993741623801844,0.1451655980122265,332.15,9.799999999999955,4,160.0
10.1021/JE020219O,5,independent_per_curve_GPR,1.0923696996291206,0.9594647190531138,0.13290498057600675,332.15,9.799999999999955,4,160.0
10.1021/JE020219O,5,independent_per_curve_GPR,1.1182647260894794,1.0104664267402854,0.10779829934919394,332.15,9.799999999999955,4,160.0
10.1021/JE020219O,5,independent_per_curve_GPR,1.1024337056813363,0.9983780263722124,0.10405567930912385,332.15,9.799999999999955,4,160.0
10.1021/JE020219O,5,independent_per_curve_GPR,1.0766404436703418,0.9763488777799209,0.10029156589042099,332.15,9.799999999999955,4,160.0
10.1021/JE020219O,5,independent_per_curve_GPR,1.0433622780211296,0.9461851256128537,0.09717715240827585,332.15,9.799999999999955,4,160.0
10.1021/JE020219O,5,independent_per_curve_GPR,0.9998262474544124,0.9043990589066305,0.09542718854778187,332.15,9.799999999999955,4,160.0
10.1021/JE020219O,5,independent_per_curve_GPR,0.9318645134920318,0.8386271035857222,0.09323740990630958,332.15,9.799999999999955,4,160.0
10.1021/JE020219O,5,independent_per_curve_GPR,0.8856438718357639,0.7020848557739978,0.18355901606176606,332.15,9.799999999999955,4,160.0
10.1021/JE020219O,5,independent_per_curve_GPR,0.9436923271060167,0.7785289817964305,0.1651633453095862,332.15,9.799999999999955,4,160.0
10.1021/JE020219O,5,independent_per_curve_GPR,1.0561422620590524,0.9207222210948881,0.13542004096416427,332.15,9.799999999999955,4,160.0
10.1021/JE020219O,5,independent_per_curve_GPR,1.0965624383741355,0.9650906743645801,0.1314717640095554,332.15,9.799999999999955,4,160.0
10.1021/JE020219O,5,independent_per_curve_GPR,1.1176026916900843,1.0026832473904275,0.11491944429965684,332.15,9.799999999999955,4,160.0
10.1021/JE020219O,5,independent_per_curve_GPR,1.1231980750319988,1.0160243077986888,0.10717376723330996,332.15,9.799999999999955,4,160.0
10.1021/JE020219O,5,independent_per_curve_GPR,1.104145550554008,1.0002364482607986,0.10390910229320949,332.15,9.799999999999955,4,160.0
10.1021/JE020219O,5,independent_per_curve_GPR,1.0791812460476249,0.9778501849972335,0.10133106105039136,332.15,9.799999999999955,4,160.0
10.1021/JE020219O,5,independent_per_curve_GPR,1.00774777800074,0.9205934293905096,0.08715434861023041,332.15,9.799999999999955,4,160.0
10.1021/JE020219O,5,independent_per_curve_GPR,0.9435439771534544,0.8502337104652449,0.09331026668820952,332.15,9.799999999999955,4,160.0
10.1021/JE020219O,5,independent_per_curve_GPR,0.8391007827071532,0.6545152401962724,0.18458554251088077,332.15,9.799999999999955,4,160.0
10.1021/JE020219O,5,independent_per_curve_GPR,0.899984562549391,0.7296245580859034,0.17036000446348754,332.15,9.799999999999955,4,160.0
10.1021/JE020219O,5,independent_per_curve_GPR,1.0051805125037803,0.8623817086638613,0.14279880383991894,332.15,9.799999999999955,4,160.0
10.1021/JE020219O,5,independent_per_curve_GPR,1.052693941924968,0.9244444092340132,0.12824953269095474,332.15,9.799999999999955,4,160.0
10.1021/JE020219O,5,independent_per_curve_GPR,1.0906107078284066,0.9709896767788743,0.11962103104953237,332.15,9.799999999999955,4,160.0
10.1021/JE020219O,5,independent_per_curve_GPR,1.1122697684172707,1.002463628493542,0.10980613992372867,332.15,9.799999999999955,4,160.0
10.1021/JE020219O,5,independent_per_curve_GPR,1.1126050015345745,1.0145163988386317,0.09808860269594288,332.15,9.799999999999955,4,160.0
10.1021/JE020219O,5,independent_per_curve_GPR,1.0989896394011773,1.0041396397454931,0.09484999965568419,332.15,9.799999999999955,4,160.0
10.1021/JE020219O,5,independent_per_curve_GPR,1.0773679052841565,0.9852974892362378,0.09207041604791866,332.15,9.799999999999955,4,160.0
10.1021/JE020219O,5,independent_per_curve_GPR,1.0153597554092142,0.9276090399182302,0.08775071549098401,332.15,9.799999999999955,4,160.0
10.1021/JE020219O,5,independent_per_curve_GPR,0.951823035315912,0.8663050054816744,0.08551802983423751,332.15,9.799999999999955,4,160.0
10.1021/JE020219O,5,independent_per_curve_GPR,0.8620120512502166,0.693635975372538,0.16837607587767867,332.15,9.799999999999955,4,160.0
10.1021/JE020219O,5,independent_per_curve_GPR,1.0141003215196205,0.8833779987455406,0.1307223227740799,332.15,9.799999999999955,4,160.0
10.1021/JE020219O,5,independent_per_curve_GPR,1.0546130545568877,0.9372322654855152,0.1173807890713725,332.15,9.799999999999955,4,160.0
10.1021/JE020219O,5,independent_per_curve_GPR,1.0863598306747482,0.9767565943821941,0.10960323629255408,332.15,9.799999999999955,4,160.0
10.1021/JE020219O,5,independent_per_curve_GPR,1.1017470739463662,1.0002428930582339,0.10150418088813229,332.15,9.799999999999955,4,160.0
10.1021/JE020219O,5,independent_per_curve_GPR,1.1010593549081156,1.0060553845982525,0.09500397030986307,332.15,9.799999999999955,4,160.0
10.1021/JE020219O,5,independent_per_curve_GPR,1.0722498976135149,0.9841858429580392,0.08806405465547562,332.15,9.799999999999955,4,160.0
10.1021/JE020219O,5,independent_per_curve_GPR,1.0461047872460387,0.960363431656757,0.08574135558928175,332.15,9.799999999999955,4,160.0
10.1021/JE020219O,5,independent_per_curve_GPR,0.9702073588068546,0.8880636178763514,0.08214374093050325,332.15,9.799999999999955,4,160.0
10.1021/JE020219O,5,independent_per_curve_GPR,0.8629657589777625,0.7060418728498911,0.15692388612787145,332.15,9.799999999999955,4,160.0
10.1021/JE020219O,5,independent_per_curve_GPR,0.9577987749299979,0.8262705137664181,0.13152826116357974,332.15,9.799999999999955,4,160.0
10.1021/JE020219O,5,independent_per_curve_GPR,1.0056094453602804,0.8847511803444114,0.12085826501586905,332.15,9.799999999999955,4,160.0
10.1021/JE020219O,5,independent_per_curve_GPR,1.0413926851582251,0.9333282026058027,0.1080644825524224,332.15,9.799999999999955,4,160.0
10.1021/JE020219O,5,independent_per_curve_GPR,1.0666985504229953,0.9658486562291629,0.10084989419383239,332.15,9.799999999999955,4,160.0
10.1021/JE020219O,5,independent_per_curve_GPR,1.0737183503461227,0.9798093847813953,0.09390896556472739,332.15,9.799999999999955,4,160.0
10.1021/JE020219O,5,independent_per_curve_GPR,1.06781451116184,0.9795783155122069,0.08823619564963314,332.15,9.799999999999955,4,160.0
10.1021/JE020219O,5,independent_per_curve_GPR,1.0523090996473234,0.9675161337695378,0.08479296587778562,332.15,9.799999999999955,4,160.0
10.1021/JE020219O,5,independent_per_curve_GPR,1.0297894708318556,0.947634026056881,0.0821554447749746,332.15,9.799999999999955,4,160.0
10.1021/JE020219O,5,independent_per_curve_GPR,0.9100905455940682,0.8334497604270009,0.0766407851670673,332.15,9.799999999999955,4,160.0
10.1021/JE020219O,5,independent_per_curve_GPR,0.8675853265470362,0.7249582899611058,0.14262703658593046,332.15,9.799999999999955,4,160.0
10.1021/JE020219O,5,independent_per_curve_GPR,0.9105710484812585,0.7785458977556522,0.13202515072560628,332.15,9.799999999999955,4,160.0
10.1021/JE020219O,5,independent_per_curve_GPR,0.9462557071993973,0.8254585447505722,0.1207971624488251,332.15,9.799999999999955,4,160.0
10.1021/JE020219O,5,independent_per_curve_GPR,0.982361701633147,0.8705079165759051,0.11185378505724186,332.15,9.799999999999955,4,160.0
10.1021/JE020219O,5,independent_per_curve_GPR,1.0098756337121602,0.9090470727807494,0.1008285609314108,332.15,9.799999999999955,4,160.0
10.1021/JE020219O,5,independent_per_curve_GPR,1.0257153839013406,0.9319913829877899,0.09372400091355071,332.15,9.799999999999955,4,160.0
10.1021/JE020219O,5,independent_per_curve_GPR,1.0265332645232967,0.9388848325679264,0.08764843195537031,332.15,9.799999999999955,4,160.0
10.1021/JE020219O,5,independent_per_curve_GPR,0.9931274851057101,0.9141638116263064,0.0789636734794037,332.15,9.799999999999955,4,160.0
10.1021/JE020219O,5,independent_per_curve_GPR,0.9653898702151223,0.8890741127375538,0.07631575747756858,332.15,9.799999999999955,4,160.0
10.1021/JE020219O,5,independent_per_curve_GPR,0.9320169064342013,0.8575880707950512,0.07442883563915015,332.15,9.799999999999955,4,160.0
10.1021/JE020219O,5,independent_per_curve_GPR,0.8918161195248605,0.8192123439307167,0.07260377559414377,332.15,9.799999999999955,4,160.0
10.1021/JE020219O,5,independent_per_curve_GPR,0.8402943316114362,0.7693500285432469,0.07094430306818933,332.15,9.799999999999955,4,160.0
10.1021/JE020219O,5,independent_per_curve_GPR,0.7329563695756246,0.6635216202676579,0.06943474930796667,332.15,9.799999999999955,4,160.0
10.1021/je0498863,3,nested_budget_router,0.36978274935163635,0.3771131169400193,0.007330367588382958,332.15,9.799999999999955,4,190.0
10.1021/je0498863,3,nested_budget_router,0.4219918070755344,0.42437870188294385,0.0023868948074094454,332.15,9.799999999999955,4,190.0
10.1021/je0498863,3,nested_budget_router,0.4559594940628608,0.4571911972588418,0.001231703195980982,332.15,9.799999999999955,4,190.0
10.1021/je0498863,3,nested_budget_router,0.48572562634437977,0.4848198386539316,0.0009057876904481899,332.15,9.799999999999955,4,190.0
10.1021/je0498863,3,nested_budget_router,0.5055026820908757,0.5071247336146827,0.001622051523807011,332.15,9.799999999999955,4,190.0
10.1021/je0498863,3,nested_budget_router,0.41867882877436113,0.4186416520561722,3.717671818892487e-05,312.45,9.899999999999977,4,190.0
10.1021/je0498863,3,nested_budget_router,0.3693123519344106,0.41746683837470777,0.048154486440297184,302.55,29.600000000000023,4,190.0
10.1021/je0498863,3,nested_budget_router,0.5391885760365963,0.5382693997803256,0.0009191762562706929,332.15,9.799999999999955,4,190.0
10.1021/je0498863,3,nested_budget_router,0.5418856553828848,0.5431911537523494,0.001305498369464586,332.15,9.799999999999955,4,190.0
10.1021/je0498863,3,nested_budget_router,0.5415428399322757,0.5463494173976895,0.004806577465413797,332.15,9.799999999999955,4,190.0
10.1021/je0498863,3,nested_budget_router,0.5396127565192049,0.539261532961696,0.0003512235575089395,332.15,9.799999999999955,4,190.0
10.1021/je0498863,3,nested_budget_router,0.5331120000655063,0.5341773242166573,0.0010653241511510148,332.15,9.799999999999955,4,190.0
10.1021/je0498863,3,nested_budget_router,0.5280527266669645,0.5248067610536543,0.0032459656133101422,332.15,9.799999999999955,4,190.0
10.1021/je0498863,3,nested_budget_router,0.5165679279717331,0.5134408772736803,0.003127050698052858,332.15,9.799999999999955,4,190.0
10.1021/je0498863,3,nested_budget_router,0.47869426152881356,0.47789403369977024,0.0008002278290433207,332.15,9.799999999999955,4,190.0
10.1021/je0498863,3,nested_budget_router,0.7310696902682318,0.7307442597431848,0.0003254305250469658,332.15,9.799999999999955,4,190.0
10.1021/je0498863,3,nested_budget_router,0.7820994092610607,0.7873991125324451,0.005299703271384404,332.15,9.799999999999955,4,190.0
10.1021/je0498863,3,nested_budget_router,0.8022581308684192,0.8012423562624535,0.0010157746059656914,332.15,9.799999999999955,4,190.0
10.1021/je0498863,3,nested_budget_router,0.8041300927900453,0.8045389724434603,0.0004088796534149619,332.15,9.799999999999955,4,190.0
10.1021/je0498863,3,nested_budget_router,0.8022581308684192,0.7926809795601643,0.009577151308254983,332.15,19.69999999999999,4,190.0
10.1021/je0498863,3,nested_budget_router,0.7956419825115975,0.7981938809741034,0.0025518984625059193,332.15,9.799999999999955,4,190.0
10.1021/je0498863,3,nested_budget_router,0.7013432041079661,0.6974140258284992,0.003929178279466927,322.35,19.80000000000001,4,190.0
10.1021/je0498863,3,nested_budget_router,0.7473373029779397,0.7446093031413864,0.002727999836553252,332.15,9.799999999999955,4,190.0
10.1021/je0498863,3,nested_budget_router,0.7198759138096132,0.7200268864233131,0.00015097261369989567,332.15,9.799999999999955,4,190.0
10.1021/je0498863,3,nested_budget_router,0.695385710448701,0.7415220919662601,0.046136381517559055,332.15,59.19999999999999,4,190.0
10.1021/je0498863,3,nested_budget_router,0.6166840827978671,0.6115210742024909,0.005163008595376217,322.35,9.900000000000034,4,190.0
10.1021/je0498863,3,nested_budget_router,0.663016417266803,0.6623869011359711,0.000629516130831953,332.15,9.799999999999955,4,190.0
10.1021/je0498863,3,nested_budget_router,0.613798394589073,0.6108012337820683,0.0029971608070047395,332.15,9.799999999999955,4,190.0
10.1021/je0498863,3,nested_budget_router,0.571246043883406,0.5642368543414175,0.007009189541988592,332.15,9.799999999999955,4,190.0
10.1021/je0498863,3,nested_budget_router,0.6304876992919097,0.6336440082362838,0.00315630894437402,332.15,9.799999999999955,4,190.0
10.1021/je0498863,3,nested_budget_router,0.6571683789968412,0.6585085256614462,0.0013401466646050242,332.15,9.799999999999955,4,190.0
10.1021/je0498863,3,nested_budget_router,0.6854782903610064,0.6849345238392697,0.0005437665217367105,332.15,9.799999999999955,4,190.0
10.1021/je0498863,3,nested_budget_router,0.5770861066635204,0.582428561359833,0.00534245469631256,312.45,29.599999999999966,4,190.0
10.1021/je0498863,3,nested_budget_router,0.639954983865635,0.6398149053203889,0.00014007854524611396,322.35,9.900000000000034,4,190.0
10.1021/je0498863,3,nested_budget_router,0.6948631700801124,0.6999983697794012,0.005135199699288773,332.15,39.5,4,190.0
10.1021/je0498863,3,nested_budget_router,0.6411240141442556,0.6500181180456635,0.00889410390140788,322.35,9.900000000000034,4,190.0
10.1021/je0498863,3,nested_budget_router,0.6387827983057515,0.6617061616379847,0.022923363332233215,322.35,29.700000000000045,4,190.0
10.1021/je0498863,3,nested_budget_router,0.693830364719799,0.6920929660242765,0.001737398695522474,332.15,19.69999999999999,4,190.0
10.1021/je0498863,3,nested_budget_router,0.6833649310266279,0.6804037739227256,0.0029611571039023232,332.15,9.799999999999955,4,190.0
10.1021/je0498863,3,nested_budget_router,0.6704641463430273,0.6685599196856282,0.0019042266573990885,332.15,9.799999999999955,4,190.0
10.1021/je0498863,3,nested_budget_router,0.3258535794252045,0.32647368418486733,0.0006201047596628428,292.65,9.799999999999955,4,190.0
10.1021/je0498863,3,nested_budget_router,0.618355779624318,0.6155990129467717,0.0027567666775463184,332.15,9.799999999999955,4,190.0
10.1021/je0498863,3,nested_budget_router,0.5904090680548656,0.5916092612388311,0.00120019318396547,332.15,9.799999999999955,4,190.0
10.1021/je0498863,3,nested_budget_router,0.5647356682693508,0.5531526183773505,0.011583049892000319,332.15,9.799999999999955,4,190.0
10.1021/je0498863,3,VFT,0.36978274935163635,0.36993124187915694,0.00014849252752058284,332.15,9.799999999999955,4,190.0
10.1021/je0498863,3,VFT,0.4219918070755344,0.4183596221067759,0.0036321849687585006,332.15,9.799999999999955,4,190.0
10.1021/je0498863,3,VFT,0.4559594940628608,0.4502639828674393,0.005695511195421499,332.15,9.799999999999955,4,190.0
10.1021/je0498863,3,VFT,0.48572562634437977,0.48138180511256334,0.004343821231816425,332.15,9.799999999999955,4,190.0
10.1021/je0498863,3,VFT,0.5055026820908757,0.5022523578999651,0.0032503241909105363,332.15,9.799999999999955,4,190.0
10.1021/je0498863,3,VFT,0.41867882877436113,0.415146064268321,0.0035327645060401203,312.45,9.899999999999977,4,190.0
10.1021/je0498863,3,VFT,0.3693123519344106,0.2861938222599913,0.0831185296744193,302.55,29.600000000000023,4,190.0
10.1021/je0498863,3,VFT,0.5391885760365963,0.5310931252498747,0.00809545078672158,332.15,9.799999999999955,4,190.0
10.1021/je0498863,3,VFT,0.5418856553828848,0.5394355908812093,0.0024500645016755085,332.15,9.799999999999955,4,190.0
10.1021/je0498863,3,VFT,0.5415428399322757,0.5359767370217696,0.005566102910506077,332.15,9.799999999999955,4,190.0
10.1021/je0498863,3,VFT,0.5396127565192049,0.5335250826327128,0.006087673886492118,332.15,9.799999999999955,4,190.0
10.1021/je0498863,3,VFT,0.5331120000655063,0.5304019278864841,0.0027100721790221938,332.15,9.799999999999955,4,190.0
10.1021/je0498863,3,VFT,0.5280527266669645,0.5188873743113069,0.009165352355657519,332.15,9.799999999999955,4,190.0
10.1021/je0498863,3,VFT,0.5165679279717331,0.5090629091409723,0.0075050188307608234,332.15,9.799999999999955,4,190.0
10.1021/je0498863,3,VFT,0.47869426152881356,0.4721208841578268,0.006573377370986733,332.15,9.799999999999955,4,190.0
10.1021/je0498863,3,VFT,0.7310696902682318,0.7263355464559882,0.004734143812243574,332.15,9.799999999999955,4,190.0
10.1021/je0498863,3,VFT,0.7820994092610607,0.7705113825051906,0.011588026755870118,332.15,9.799999999999955,4,190.0
10.1021/je0498863,3,VFT,0.8022581308684192,0.7972831705539214,0.004974960314497845,332.15,9.799999999999955,4,190.0
10.1021/je0498863,3,VFT,0.8041300927900453,0.7979780572761526,0.006152035513892762,332.15,9.799999999999955,4,190.0
10.1021/je0498863,3,VFT,0.8022581308684192,0.7889459399605803,0.013312190907838972,332.15,19.69999999999999,4,190.0
10.1021/je0498863,3,VFT,0.7956419825115975,0.7873286221882134,0.008313360323384034,332.15,9.799999999999955,4,190.0
10.1021/je0498863,3,VFT,0.7013432041079661,0.6894142647736401,0.011928939334326039,322.35,19.80000000000001,4,190.0
10.1021/je0498863,3,VFT,0.7473373029779397,0.7437621813128554,0.0035751216650842244,332.15,9.799999999999955,4,190.0
10.1021/je0498863,3,VFT,0.7198759138096132,0.7198921243259936,1.6210516380343876e-05,332.15,9.799999999999955,4,190.0
10.1021/je0498863,3,VFT,0.695385710448701,0.5304743990678258,0.16491131138087523,332.15,59.19999999999999,4,190.0
10.1021/je0498863,3,VFT,0.6166840827978671,0.611653884616024,0.005030198181843137,322.35,9.900000000000034,4,190.0
10.1021/je0498863,3,VFT,0.663016417266803,0.6546506315179916,0.008365785748811416,332.15,9.799999999999955,4,190.0
10.1021/je0498863,3,VFT,0.613798394589073,0.611828533667454,0.0019698609216189933,332.15,9.799999999999955,4,190.0
10.1021/je0498863,3,VFT,0.571246043883406,0.5648569915996089,0.006389052283797159,332.15,9.799999999999955,4,190.0
10.1021/je0498863,3,VFT,0.6304876992919097,0.6292474091946137,0.0012402900972959818,332.15,9.799999999999955,4,190.0
10.1021/je0498863,3,VFT,0.6571683789968412,0.6503877122601079,0.006780666736733276,332.15,9.799999999999955,4,190.0
10.1021/je0498863,3,VFT,0.6854782903610064,0.6783236213604212,0.007154669000585145,332.15,9.799999999999955,4,190.0
10.1021/je0498863,3,VFT,0.5770861066635204,0.5476999104845844,0.029386196178936008,312.45,29.599999999999966,4,190.0
10.1021/je0498863,3,VFT,0.639954983865635,0.6341017790295012,0.00585320483613383,322.35,9.900000000000034,4,190.0
10.1021/je0498863,3,VFT,0.6948631700801124,0.6561250361068736,0.038738133973238886,332.15,39.5,4,190.0
10.1021/je0498863,3,VFT,0.6411240141442556,0.6258779835841585,0.015246030560097101,322.35,9.900000000000034,4,190.0
10.1021/je0498863,3,VFT,0.6387827983057515,0.5930321689226634,0.04575062938308805,322.35,29.700000000000045,4,190.0
10.1021/je0498863,3,VFT,0.693830364719799,0.6772680150177806,0.01656234970201842,332.15,19.69999999999999,4,190.0
10.1021/je0498863,3,VFT,0.6833649310266279,0.6752614437424608,0.008103487284167099,332.15,9.799999999999955,4,190.0
10.1021/je0498863,3,VFT,0.6704641463430273,0.6663278228614109,0.004136323481616411,332.15,9.799999999999955,4,190.0
10.1021/je0498863,3,VFT,0.3258535794252045,0.31439967697288995,0.011453902452314535,292.65,9.799999999999955,4,190.0
10.1021/je0498863,3,VFT,0.618355779624318,0.6131298191425923,0.005225960481725633,332.15,9.799999999999955,4,190.0
10.1021/je0498863,3,VFT,0.5904090680548656,0.5775305185595074,0.01287854949535816,332.15,9.799999999999955,4,190.0
10.1021/je0498863,3,VFT,0.5647356682693508,0.5558510453332849,0.008884622936065956,332.15,9.799999999999955,4,190.0
10.1021/je0498863,3,independent_per_curve_GPR,0.36978274935163635,0.30130693767338085,0.0684758116782555,332.15,9.799999999999955,4,190.0
10.1021/je0498863,3,independent_per_curve_GPR,0.4219918070755344,0.34889249306700615,0.07309931400852826,332.15,9.799999999999955,4,190.0
10.1021/je0498863,3,independent_per_curve_GPR,0.4559594940628608,0.37989574104187085,0.07606375302098994,332.15,9.799999999999955,4,190.0
10.1021/je0498863,3,independent_per_curve_GPR,0.48572562634437977,0.40846084250044307,0.0772647838439367,332.15,9.799999999999955,4,190.0
10.1021/je0498863,3,independent_per_curve_GPR,0.5055026820908757,0.4273557690408591,0.07814691305001659,332.15,9.799999999999955,4,190.0
10.1021/je0498863,3,independent_per_curve_GPR,0.41867882877436113,0.3172061443311881,0.10147268444317303,312.45,9.899999999999977,4,190.0
10.1021/je0498863,3,independent_per_curve_GPR,0.3693123519344106,-0.11109017483901146,0.48040252677342205,302.55,29.600000000000023,4,190.0
10.1021/je0498863,3,independent_per_curve_GPR,0.5391885760365963,0.4629607860066574,0.0762277900299389,332.15,9.799999999999955,4,190.0
10.1021/je0498863,3,independent_per_curve_GPR,0.5418856553828848,0.45564152236160943,0.08624413302127537,332.15,9.799999999999955,4,190.0
10.1021/je0498863,3,independent_per_curve_GPR,0.5415428399322757,0.4535969484727048,0.08794589145957088,332.15,9.799999999999955,4,190.0
10.1021/je0498863,3,independent_per_curve_GPR,0.5396127565192049,0.4489300602279643,0.09068269629124065,332.15,9.799999999999955,4,190.0
10.1021/je0498863,3,independent_per_curve_GPR,0.5331120000655063,0.4389465637945219,0.09416543627098439,332.15,9.799999999999955,4,190.0
10.1021/je0498863,3,independent_per_curve_GPR,0.5280527266669645,0.43893849215423164,0.08911423451273282,332.15,9.799999999999955,4,190.0
10.1021/je0498863,3,independent_per_curve_GPR,0.5165679279717331,0.4106315027580874,0.10593642521364571,332.15,9.799999999999955,4,190.0
10.1021/je0498863,3,independent_per_curve_GPR,0.47869426152881356,0.361681164268614,0.11701309726019954,332.15,9.799999999999955,4,190.0
10.1021/je0498863,3,independent_per_curve_GPR,0.7310696902682318,0.6390182628475783,0.09205142742065342,332.15,9.799999999999955,4,190.0
10.1021/je0498863,3,independent_per_curve_GPR,0.7820994092610607,0.7136846803839667,0.06841472887709399,332.15,9.799999999999955,4,190.0
10.1021/je0498863,3,independent_per_curve_GPR,0.8022581308684192,0.70254634878099,0.09971178208742926,332.15,9.799999999999955,4,190.0
10.1021/je0498863,3,independent_per_curve_GPR,0.8041300927900453,0.7149084965373242,0.08922159625272108,332.15,9.799999999999955,4,190.0
10.1021/je0498863,3,independent_per_curve_GPR,0.8022581308684192,0.5972632170404281,0.20499491382799118,332.15,19.69999999999999,4,190.0
10.1021/je0498863,3,independent_per_curve_GPR,0.7956419825115975,0.6873337813776426,0.1083082011339549,332.15,9.799999999999955,4,190.0
10.1021/je0498863,3,independent_per_curve_GPR,0.7013432041079661,0.4434229086610981,0.257920295446868,322.35,19.80000000000001,4,190.0
10.1021/je0498863,3,independent_per_curve_GPR,0.7473373029779397,0.6284510663465703,0.11888623663136932,332.15,9.799999999999955,4,190.0
10.1021/je0498863,3,independent_per_curve_GPR,0.7198759138096132,0.6004930893900168,0.11938282441959647,332.15,9.799999999999955,4,190.0
10.1021/je0498863,3,independent_per_curve_GPR,0.695385710448701,-0.24833307394638177,0.9437187843950827,332.15,59.19999999999999,4,190.0
10.1021/je0498863,3,independent_per_curve_GPR,0.6166840827978671,0.4709287493262288,0.14575533347163833,322.35,9.900000000000034,4,190.0
10.1021/je0498863,3,independent_per_curve_GPR,0.663016417266803,0.5405839906617999,0.1224324266050032,332.15,9.799999999999955,4,190.0
10.1021/je0498863,3,independent_per_curve_GPR,0.613798394589073,0.46674530994148034,0.1470530846475927,332.15,9.799999999999955,4,190.0
10.1021/je0498863,3,independent_per_curve_GPR,0.571246043883406,0.41265581336833324,0.15859023051507282,332.15,9.799999999999955,4,190.0
10.1021/je0498863,3,independent_per_curve_GPR,0.6304876992919097,0.5523622052973669,0.07812549399454283,332.15,9.799999999999955,4,190.0
10.1021/je0498863,3,independent_per_curve_GPR,0.6571683789968412,0.5741197856099288,0.0830485933869124,332.15,9.799999999999955,4,190.0
10.1021/je0498863,3,independent_per_curve_GPR,0.6854782903610064,0.5975750994069149,0.08790319095409149,332.15,9.799999999999955,4,190.0
10.1021/je0498863,3,independent_per_curve_GPR,0.5770861066635204,0.2540569467595447,0.32302915990397574,312.45,29.599999999999966,4,190.0
10.1021/je0498863,3,independent_per_curve_GPR,0.639954983865635,0.5409550091433275,0.09899997472230748,322.35,9.900000000000034,4,190.0
10.1021/je0498863,3,independent_per_curve_GPR,0.6948631700801124,0.345694785335088,0.34916838474502443,332.15,39.5,4,190.0
10.1021/je0498863,3,independent_per_curve_GPR,0.6411240141442556,0.5685597318987677,0.07256428224548783,322.35,9.900000000000034,4,190.0
10.1021/je0498863,3,independent_per_curve_GPR,0.6387827983057515,0.24487988380765793,0.39390291449809356,322.35,29.700000000000045,4,190.0
10.1021/je0498863,3,independent_per_curve_GPR,0.693830364719799,0.5022198671278881,0.19161049759191084,332.15,19.69999999999999,4,190.0
10.1021/je0498863,3,independent_per_curve_GPR,0.6833649310266279,0.5807267368673311,0.10263819415929676,332.15,9.799999999999955,4,190.0
10.1021/je0498863,3,independent_per_curve_GPR,0.6704641463430273,0.5698141793441361,0.10064996699889117,332.15,9.799999999999955,4,190.0
10.1021/je0498863,3,independent_per_curve_GPR,0.3258535794252045,0.1414165608745131,0.1844370185506914,292.65,9.799999999999955,4,190.0
10.1021/je0498863,3,independent_per_curve_GPR,0.618355779624318,0.5023461507441794,0.11600962888013855,332.15,9.799999999999955,4,190.0
10.1021/je0498863,3,independent_per_curve_GPR,0.5904090680548656,0.4738505475081807,0.11655852054668492,332.15,9.799999999999955,4,190.0
10.1021/je0498863,3,independent_per_curve_GPR,0.5647356682693508,0.43470563708624876,0.13003003118310208,332.15,9.799999999999955,4,190.0
10.1021/je0498863,4,nested_budget_router,0.36978274935163635,0.37105238059566625,0.0012696312440299007,332.15,9.799999999999955,4,160.0
10.1021/je0498863,4,nested_budget_router,0.4219918070755344,0.4188389691572615,0.0031528379182729216,332.15,9.799999999999955,4,160.0
10.1021/je0498863,4,nested_budget_router,0.4559594940628608,0.4550719323976552,0.000887561665205594,332.15,9.799999999999955,4,160.0
10.1021/je0498863,4,nested_budget_router,0.48572562634437977,0.48260206469859135,0.0031235616457884197,332.15,9.799999999999955,4,160.0
10.1021/je0498863,4,nested_budget_router,0.5055026820908757,0.5035863363858669,0.0019163457050087596,332.15,9.799999999999955,4,160.0
10.1021/je0498863,4,nested_budget_router,0.41867882877436113,0.41629276533287896,0.002386063441482178,312.45,9.899999999999977,4,160.0
10.1021/je0498863,4,nested_budget_router,0.5391885760365963,0.5355566154288018,0.003631960607794471,332.15,9.799999999999955,4,160.0
10.1021/je0498863,4,nested_budget_router,0.5418856553828848,0.5397319910663962,0.002153664316488557,332.15,9.799999999999955,4,160.0
10.1021/je0498863,4,nested_budget_router,0.5415428399322757,0.5375710484754213,0.0039717914568544455,332.15,9.799999999999955,4,160.0
10.1021/je0498863,4,nested_budget_router,0.5396127565192049,0.5373120903909722,0.0023006661282327645,332.15,9.799999999999955,4,160.0
10.1021/je0498863,4,nested_budget_router,0.5331120000655063,0.531014536350709,0.002097463714797243,332.15,9.799999999999955,4,160.0
10.1021/je0498863,4,nested_budget_router,0.5280527266669645,0.5244172302935941,0.0036354963733703505,332.15,9.799999999999955,4,160.0
10.1021/je0498863,4,nested_budget_router,0.5165679279717331,0.5131657018551757,0.003402226116557383,332.15,9.799999999999955,4,160.0
10.1021/je0498863,4,nested_budget_router,0.47869426152881356,0.47705811954065447,0.00163614198815909,332.15,9.799999999999955,4,160.0
10.1021/je0498863,4,nested_budget_router,0.7310696902682318,0.7296657244390607,0.0014039658291710166,332.15,9.799999999999955,4,160.0
10.1021/je0498863,4,nested_budget_router,0.7820994092610607,0.7796015391036019,0.002497870157458837,332.15,9.799999999999955,4,160.0
10.1021/je0498863,4,nested_budget_router,0.8022581308684192,0.8013802231806108,0.0008779076878084879,332.15,9.799999999999955,4,160.0
10.1021/je0498863,4,nested_budget_router,0.8041300927900453,0.8027517481654687,0.001378344624576644,332.15,9.799999999999955,4,160.0
10.1021/je0498863,4,nested_budget_router,0.8022581308684192,0.799252462902064,0.0030056679663552632,332.15,19.69999999999999,4,160.0
10.1021/je0498863,4,nested_budget_router,0.7956419825115975,0.7939755987826851,0.0016663837289123684,332.15,9.799999999999955,4,160.0
10.1021/je0498863,4,nested_budget_router,0.7013432041079661,0.7038180577193083,0.0024748536113421427,322.35,19.80000000000001,4,160.0
10.1021/je0498863,4,nested_budget_router,0.7473373029779397,0.7462535746267971,0.0010837283511425655,332.15,9.799999999999955,4,160.0
10.1021/je0498863,4,nested_budget_router,0.7198759138096132,0.7221541709554615,0.0022782571458482836,332.15,9.799999999999955,4,160.0
10.1021/je0498863,4,nested_budget_router,0.695385710448701,0.6396924492597036,0.05569326118899742,332.15,59.19999999999999,4,160.0
10.1021/je0498863,4,nested_budget_router,0.6166840827978671,0.6179374079687894,0.0012533251709222482,322.35,9.900000000000034,4,160.0
10.1021/je0498863,4,nested_budget_router,0.663016417266803,0.6618682024710143,0.001148214795788749,332.15,9.799999999999955,4,160.0
10.1021/je0498863,4,nested_budget_router,0.613798394589073,0.6111741977543959,0.002624196834677184,332.15,9.799999999999955,4,160.0
10.1021/je0498863,4,nested_budget_router,0.571246043883406,0.5706327189755227,0.0006133249078833503,332.15,9.799999999999955,4,160.0
10.1021/je0498863,4,nested_budget_router,0.6304876992919097,0.6310371916877918,0.0005494923958820896,332.15,9.799999999999955,4,160.0
10.1021/je0498863,4,nested_budget_router,0.6571683789968412,0.6538320009174201,0.0033363780794211095,332.15,9.799999999999955,4,160.0
10.1021/je0498863,4,nested_budget_router,0.6854782903610064,0.6801580197795635,0.00532027058144291,332.15,9.799999999999955,4,160.0
10.1021/je0498863,4,nested_budget_router,0.639954983865635,0.6382229278591673,0.0017320560064676416,322.35,9.900000000000034,4,160.0
10.1021/je0498863,4,nested_budget_router,0.6948631700801124,0.6789070713500132,0.01595609873009929,332.15,39.5,4,160.0
10.1021/je0498863,4,nested_budget_router,0.6411240141442556,0.6372265407510407,0.0038974733932148897,322.35,9.900000000000034,4,160.0
10.1021/je0498863,4,nested_budget_router,0.6387827983057515,0.6169992343468551,0.021783563958896357,322.35,29.700000000000045,4,160.0
10.1021/je0498863,4,nested_budget_router,0.693830364719799,0.6897131545336781,0.004117210186120879,332.15,19.69999999999999,4,160.0
10.1021/je0498863,4,nested_budget_router,0.6833649310266279,0.67725481032856,0.006110120698067822,332.15,9.799999999999955,4,160.0
10.1021/je0498863,4,nested_budget_router,0.6704641463430273,0.669380841647578,0.0010833046954492609,332.15,9.799999999999955,4,160.0
10.1021/je0498863,4,nested_budget_router,0.3258535794252045,0.3270202059965617,0.0011666265713571877,292.65,9.799999999999955,4,160.0
10.1021/je0498863,4,nested_budget_router,0.618355779624318,0.6146431540779684,0.003712625546349546,332.15,9.799999999999955,4,160.0
10.1021/je0498863,4,nested_budget_router,0.5904090680548656,0.5854657510676426,0.0049433169872229454,332.15,9.799999999999955,4,160.0
10.1021/je0498863,4,nested_budget_router,0.5647356682693508,0.5591689943679599,0.005566673901390984,332.15,9.799999999999955,4,160.0
10.1021/je0498863,4,VFT,0.36978274935163635,0.37105238059566625,0.0012696312440299007,332.15,9.799999999999955,4,160.0
10.1021/je0498863,4,VFT,0.4219918070755344,0.4188389691572615,0.0031528379182729216,332.15,9.799999999999955,4,160.0
10.1021/je0498863,4,VFT,0.4559594940628608,0.4550719323976552,0.000887561665205594,332.15,9.799999999999955,4,160.0
10.1021/je0498863,4,VFT,0.48572562634437977,0.48260206469859135,0.0031235616457884197,332.15,9.799999999999955,4,160.0
10.1021/je0498863,4,VFT,0.5055026820908757,0.5035863363858669,0.0019163457050087596,332.15,9.799999999999955,4,160.0
10.1021/je0498863,4,VFT,0.41867882877436113,0.41629276533287896,0.002386063441482178,312.45,9.899999999999977,4,160.0
10.1021/je0498863,4,VFT,0.5391885760365963,0.5355566154288018,0.003631960607794471,332.15,9.799999999999955,4,160.0
10.1021/je0498863,4,VFT,0.5418856553828848,0.5397319910663962,0.002153664316488557,332.15,9.799999999999955,4,160.0
10.1021/je0498863,4,VFT,0.5415428399322757,0.5375710484754213,0.0039717914568544455,332.15,9.799999999999955,4,160.0
10.1021/je0498863,4,VFT,0.5396127565192049,0.5373120903909722,0.0023006661282327645,332.15,9.799999999999955,4,160.0
10.1021/je0498863,4,VFT,0.5331120000655063,0.531014536350709,0.002097463714797243,332.15,9.799999999999955,4,160.0
10.1021/je0498863,4,VFT,0.5280527266669645,0.5244172302935941,0.0036354963733703505,332.15,9.799999999999955,4,160.0
10.1021/je0498863,4,VFT,0.5165679279717331,0.5131657018551757,0.003402226116557383,332.15,9.799999999999955,4,160.0
10.1021/je0498863,4,VFT,0.47869426152881356,0.47705811954065447,0.00163614198815909,332.15,9.799999999999955,4,160.0
10.1021/je0498863,4,VFT,0.7310696902682318,0.7296657244390607,0.0014039658291710166,332.15,9.799999999999955,4,160.0
10.1021/je0498863,4,VFT,0.7820994092610607,0.7796015391036019,0.002497870157458837,332.15,9.799999999999955,4,160.0
10.1021/je0498863,4,VFT,0.8022581308684192,0.8013802231806108,0.0008779076878084879,332.15,9.799999999999955,4,160.0
10.1021/je0498863,4,VFT,0.8041300927900453,0.8027517481654687,0.001378344624576644,332.15,9.799999999999955,4,160.0
10.1021/je0498863,4,VFT,0.8022581308684192,0.799252462902064,0.0030056679663552632,332.15,19.69999999999999,4,160.0
10.1021/je0498863,4,VFT,0.7956419825115975,0.7939755987826851,0.0016663837289123684,332.15,9.799999999999955,4,160.0
10.1021/je0498863,4,VFT,0.7013432041079661,0.7038180577193083,0.0024748536113421427,322.35,19.80000000000001,4,160.0
10.1021/je0498863,4,VFT,0.7473373029779397,0.7462535746267971,0.0010837283511425655,332.15,9.799999999999955,4,160.0
10.1021/je0498863,4,VFT,0.7198759138096132,0.7221541709554615,0.0022782571458482836,332.15,9.799999999999955,4,160.0
10.1021/je0498863,4,VFT,0.695385710448701,0.6396924492597036,0.05569326118899742,332.15,59.19999999999999,4,160.0
10.1021/je0498863,4,VFT,0.6166840827978671,0.6179374079687894,0.0012533251709222482,322.35,9.900000000000034,4,160.0
10.1021/je0498863,4,VFT,0.663016417266803,0.6618682024710143,0.001148214795788749,332.15,9.799999999999955,4,160.0
10.1021/je0498863,4,VFT,0.613798394589073,0.6111741977543959,0.002624196834677184,332.15,9.799999999999955,4,160.0
10.1021/je0498863,4,VFT,0.571246043883406,0.5706327189755227,0.0006133249078833503,332.15,9.799999999999955,4,160.0
10.1021/je0498863,4,VFT,0.6304876992919097,0.6310371916877918,0.0005494923958820896,332.15,9.799999999999955,4,160.0
10.1021/je0498863,4,VFT,0.6571683789968412,0.6538320009174201,0.0033363780794211095,332.15,9.799999999999955,4,160.0
10.1021/je0498863,4,VFT,0.6854782903610064,0.6801580197795635,0.00532027058144291,332.15,9.799999999999955,4,160.0
10.1021/je0498863,4,VFT,0.639954983865635,0.6382229278591673,0.0017320560064676416,322.35,9.900000000000034,4,160.0
10.1021/je0498863,4,VFT,0.6948631700801124,0.6789070713500132,0.01595609873009929,332.15,39.5,4,160.0
10.1021/je0498863,4,VFT,0.6411240141442556,0.6372265407510407,0.0038974733932148897,322.35,9.900000000000034,4,160.0
10.1021/je0498863,4,VFT,0.6387827983057515,0.6169992343468551,0.021783563958896357,322.35,29.700000000000045,4,160.0
10.1021/je0498863,4,VFT,0.693830364719799,0.6897131545336781,0.004117210186120879,332.15,19.69999999999999,4,160.0
10.1021/je0498863,4,VFT,0.6833649310266279,0.67725481032856,0.006110120698067822,332.15,9.799999999999955,4,160.0
10.1021/je0498863,4,VFT,0.6704641463430273,0.669380841647578,0.0010833046954492609,332.15,9.799999999999955,4,160.0
10.1021/je0498863,4,VFT,0.3258535794252045,0.3270202059965617,0.0011666265713571877,292.65,9.799999999999955,4,160.0
10.1021/je0498863,4,VFT,0.618355779624318,0.6146431540779684,0.003712625546349546,332.15,9.799999999999955,4,160.0
10.1021/je0498863,4,VFT,0.5904090680548656,0.5854657510676426,0.0049433169872229454,332.15,9.799999999999955,4,160.0
10.1021/je0498863,4,VFT,0.5647356682693508,0.5591689943679599,0.005566673901390984,332.15,9.799999999999955,4,160.0
10.1021/je0498863,4,independent_per_curve_GPR,0.36978274935163635,0.30054774826113273,0.06923500109050362,332.15,9.799999999999955,4,160.0
10.1021/je0498863,4,independent_per_curve_GPR,0.4219918070755344,0.3485760882513965,0.07341571882413789,332.15,9.799999999999955,4,160.0
10.1021/je0498863,4,independent_per_curve_GPR,0.4559594940628608,0.37704812584718006,0.07891136821568073,332.15,9.799999999999955,4,160.0
10.1021/je0498863,4,independent_per_curve_GPR,0.48572562634437977,0.4074493326612588,0.07827629368312095,332.15,9.799999999999955,4,160.0
10.1021/je0498863,4,independent_per_curve_GPR,0.5055026820908757,0.4267705028713442,0.07873217921953146,332.15,9.799999999999955,4,160.0
10.1021/je0498863,4,independent_per_curve_GPR,0.41867882877436113,0.31527456725171904,0.1034042615226421,312.45,9.899999999999977,4,160.0
10.1021/je0498863,4,independent_per_curve_GPR,0.5391885760365963,0.46279902868765976,0.07638954734893655,332.15,9.799999999999955,4,160.0
10.1021/je0498863,4,independent_per_curve_GPR,0.5418856553828848,0.45515424390775383,0.08673141147513097,332.15,9.799999999999955,4,160.0
10.1021/je0498863,4,independent_per_curve_GPR,0.5415428399322757,0.4579166950792275,0.0836261448530482,332.15,9.799999999999955,4,160.0
10.1021/je0498863,4,independent_per_curve_GPR,0.5396127565192049,0.44807325747762183,0.0915394990415831,332.15,9.799999999999955,4,160.0
10.1021/je0498863,4,independent_per_curve_GPR,0.5331120000655063,0.4384757952117977,0.0946362048537086,332.15,9.799999999999955,4,160.0
10.1021/je0498863,4,independent_per_curve_GPR,0.5280527266669645,0.4388548304685518,0.08919789619841267,332.15,9.799999999999955,4,160.0
10.1021/je0498863,4,independent_per_curve_GPR,0.5165679279717331,0.40708942266967096,0.10947850530206216,332.15,9.799999999999955,4,160.0
10.1021/je0498863,4,independent_per_curve_GPR,0.47869426152881356,0.3573148677451099,0.12137939378370366,332.15,9.799999999999955,4,160.0
10.1021/je0498863,4,independent_per_curve_GPR,0.7310696902682318,0.6357710722264266,0.09529861804180517,332.15,9.799999999999955,4,160.0
10.1021/je0498863,4,independent_per_curve_GPR,0.7820994092610607,0.7109106001985027,0.07118880906255798,332.15,9.799999999999955,4,160.0
10.1021/je0498863,4,independent_per_curve_GPR,0.8022581308684192,0.6990146511721789,0.10324347969624037,332.15,9.799999999999955,4,160.0
10.1021/je0498863,4,independent_per_curve_GPR,0.8041300927900453,0.7146283644194988,0.08950172837054649,332.15,9.799999999999955,4,160.0
10.1021/je0498863,4,independent_per_curve_GPR,0.8022581308684192,0.5704391426964345,0.23181898817198476,332.15,19.69999999999999,4,160.0
10.1021/je0498863,4,independent_per_curve_GPR,0.7956419825115975,0.6807284097336189,0.11491357277797853,332.15,9.799999999999955,4,160.0
10.1021/je0498863,4,independent_per_curve_GPR,0.7013432041079661,0.4073750799530389,0.29396812415492724,322.35,19.80000000000001,4,160.0
10.1021/je0498863,4,independent_per_curve_GPR,0.7473373029779397,0.6273004588252213,0.12003684415271831,332.15,9.799999999999955,4,160.0
10.1021/je0498863,4,independent_per_curve_GPR,0.7198759138096132,0.5998576785913537,0.1200182352182595,332.15,9.799999999999955,4,160.0
10.1021/je0498863,4,independent_per_curve_GPR,0.695385710448701,-0.4105018200400859,1.105887530488787,332.15,59.19999999999999,4,160.0
10.1021/je0498863,4,independent_per_curve_GPR,0.6166840827978671,0.4683879116519527,0.14829617114591442,322.35,9.900000000000034,4,160.0
10.1021/je0498863,4,independent_per_curve_GPR,0.663016417266803,0.5402682706761222,0.1227481465906809,332.15,9.799999999999955,4,160.0
10.1021/je0498863,4,independent_per_curve_GPR,0.613798394589073,0.4659223677150414,0.14787602687403162,332.15,9.799999999999955,4,160.0
10.1021/je0498863,4,independent_per_curve_GPR,0.571246043883406,0.4070156449153831,0.16423039896802294,332.15,9.799999999999955,4,160.0
10.1021/je0498863,4,independent_per_curve_GPR,0.6304876992919097,0.5519819191746775,0.0785057801172322,332.15,9.799999999999955,4,160.0
10.1021/je0498863,4,independent_per_curve_GPR,0.6571683789968412,0.5693185052032346,0.08784987379360665,332.15,9.799999999999955,4,160.0
10.1021/je0498863,4,independent_per_curve_GPR,0.6854782903610064,0.6154243102474942,0.07005398011351216,332.15,9.799999999999955,4,160.0
10.1021/je0498863,4,independent_per_curve_GPR,0.639954983865635,0.5396151764601613,0.10033980740547366,322.35,9.900000000000034,4,160.0
10.1021/je0498863,4,independent_per_curve_GPR,0.6948631700801124,0.2228100693148601,0.4720531007652523,332.15,39.5,4,160.0
10.1021/je0498863,4,independent_per_curve_GPR,0.6411240141442556,0.5655735127943728,0.07555050134988273,322.35,9.900000000000034,4,160.0
10.1021/je0498863,4,independent_per_curve_GPR,0.6387827983057515,0.18203888430261067,0.4567439140031408,322.35,29.700000000000045,4,160.0
10.1021/je0498863,4,independent_per_curve_GPR,0.693830364719799,0.49186198014813104,0.20196838457166794,332.15,19.69999999999999,4,160.0
10.1021/je0498863,4,independent_per_curve_GPR,0.6833649310266279,0.5860533721528269,0.09731155887380094,332.15,9.799999999999955,4,160.0
10.1021/je0498863,4,independent_per_curve_GPR,0.6704641463430273,0.5691152824247437,0.10134886391828357,332.15,9.799999999999955,4,160.0
10.1021/je0498863,4,independent_per_curve_GPR,0.3258535794252045,0.13702587807837863,0.18882770134682586,292.65,9.799999999999955,4,160.0
10.1021/je0498863,4,independent_per_curve_GPR,0.618355779624318,0.5016033442496253,0.11675243537469271,332.15,9.799999999999955,4,160.0
10.1021/je0498863,4,independent_per_curve_GPR,0.5904090680548656,0.4702461049055734,0.1201629631492922,332.15,9.799999999999955,4,160.0
10.1021/je0498863,4,independent_per_curve_GPR,0.5647356682693508,0.433163289210156,0.13157237905919483,332.15,9.799999999999955,4,160.0
10.1021/je0498863,5,nested_budget_router,0.36978274935163635,0.3703470484971937,0.0005642991455573343,332.15,9.799999999999955,4,160.0
10.1021/je0498863,5,nested_budget_router,0.4219918070755344,0.41644577877666944,0.005546028298864969,332.15,9.799999999999955,4,160.0
10.1021/je0498863,5,nested_budget_router,0.4559594940628608,0.45376083161879843,0.0021986624440623603,332.15,9.799999999999955,4,160.0
10.1021/je0498863,5,nested_budget_router,0.48572562634437977,0.4820087373253722,0.0037168890190075743,332.15,9.799999999999955,4,160.0
10.1021/je0498863,5,nested_budget_router,0.5055026820908757,0.5012343604601456,0.004268321630730099,332.15,9.799999999999955,4,160.0
10.1021/je0498863,5,nested_budget_router,0.41867882877436113,0.41538764898535263,0.0032911797890085026,312.45,9.899999999999977,4,160.0
10.1021/je0498863,5,nested_budget_router,0.5391885760365963,0.5329704077632296,0.006218168273366742,332.15,9.799999999999955,4,160.0
10.1021/je0498863,5,nested_budget_router,0.5418856553828848,0.5389854475869987,0.0029002077958860673,332.15,9.799999999999955,4,160.0
10.1021/je0498863,5,nested_budget_router,0.5415428399322757,0.538956124393525,0.0025867155387506724,332.15,9.799999999999955,4,160.0
10.1021/je0498863,5,nested_budget_router,0.5396127565192049,0.5370991597047916,0.0025135968144133214,332.15,9.799999999999955,4,160.0
10.1021/je0498863,5,nested_budget_router,0.5331120000655063,0.5299578355294632,0.0031541645360431136,332.15,9.799999999999955,4,160.0
10.1021/je0498863,5,nested_budget_router,0.5280527266669645,0.5231263826731851,0.004926343993779336,332.15,9.799999999999955,4,160.0
10.1021/je0498863,5,nested_budget_router,0.5165679279717331,0.5122114643945465,0.0043564635771866644,332.15,9.799999999999955,4,160.0
10.1021/je0498863,5,nested_budget_router,0.47869426152881356,0.47469009275650764,0.004004168772305916,332.15,9.799999999999955,4,160.0
10.1021/je0498863,5,nested_budget_router,0.7310696902682318,0.7302809232312693,0.0007887670369625122,332.15,9.799999999999955,4,160.0
10.1021/je0498863,5,nested_budget_router,0.7820994092610607,0.7791529349991109,0.0029464742619498274,332.15,9.799999999999955,4,160.0
10.1021/je0498863,5,nested_budget_router,0.8022581308684192,0.8010896834501631,0.0011684474182561688,332.15,9.799999999999955,4,160.0
10.1021/je0498863,5,nested_budget_router,0.8041300927900453,0.8031943192540237,0.0009357735360215891,332.15,9.799999999999955,4,160.0
10.1021/je0498863,5,nested_budget_router,0.8022581308684192,0.79970934966229,0.0025487812061292248,332.15,19.69999999999999,4,160.0
10.1021/je0498863,5,nested_budget_router,0.7956419825115975,0.7953918714343868,0.0002501110772106241,332.15,9.799999999999955,4,160.0
10.1021/je0498863,5,nested_budget_router,0.7013432041079661,0.7040413635187344,0.0026981594107682305,322.35,19.80000000000001,4,160.0
10.1021/je0498863,5,nested_budget_router,0.7473373029779397,0.7455685491329751,0.0017687538449645546,332.15,9.799999999999955,4,160.0
10.1021/je0498863,5,nested_budget_router,0.7198759138096132,0.7228585444503872,0.0029826306407739755,332.15,9.799999999999955,4,160.0
10.1021/je0498863,5,nested_budget_router,0.6166840827978671,0.6236988050980952,0.007014722300228038,322.35,9.900000000000034,4,160.0
10.1021/je0498863,5,nested_budget_router,0.663016417266803,0.6624940971037421,0.0005223201630609742,332.15,9.799999999999955,4,160.0
10.1021/je0498863,5,nested_budget_router,0.613798394589073,0.6127447767123788,0.001053617876694224,332.15,9.799999999999955,4,160.0
10.1021/je0498863,5,nested_budget_router,0.571246043883406,0.5752213455000637,0.0039753016166576005,332.15,9.799999999999955,4,160.0
10.1021/je0498863,5,nested_budget_router,0.6304876992919097,0.6300186424006728,0.0004690568912368853,332.15,9.799999999999955,4,160.0
10.1021/je0498863,5,nested_budget_router,0.6571683789968412,0.6528957797898162,0.004272599207025052,332.15,9.799999999999955,4,160.0
10.1021/je0498863,5,nested_budget_router,0.6854782903610064,0.6798762341720204,0.005602056188986015,332.15,9.799999999999955,4,160.0
10.1021/je0498863,5,nested_budget_router,0.639954983865635,0.6370952554715411,0.0028597283940938745,322.35,9.900000000000034,4,160.0
10.1021/je0498863,5,nested_budget_router,0.6411240141442556,0.6352376472304581,0.005886366913797514,322.35,9.900000000000034,4,160.0
10.1021/je0498863,5,nested_budget_router,0.693830364719799,0.6857130985113955,0.008117266208403473,332.15,19.69999999999999,4,160.0
10.1021/je0498863,5,nested_budget_router,0.6833649310266279,0.6766503415639563,0.006714589462671561,332.15,9.799999999999955,4,160.0
10.1021/je0498863,5,nested_budget_router,0.6704641463430273,0.669173738330478,0.0012904080125493156,332.15,9.799999999999955,4,160.0
10.1021/je0498863,5,nested_budget_router,0.618355779624318,0.614149532279441,0.004206247344876957,332.15,9.799999999999955,4,160.0
10.1021/je0498863,5,nested_budget_router,0.5904090680548656,0.5849466807951058,0.005462387259759782,332.15,9.799999999999955,4,160.0
10.1021/je0498863,5,nested_budget_router,0.5647356682693508,0.5610655138377849,0.0036701544315659307,332.15,9.799999999999955,4,160.0
10.1021/je0498863,5,VFT,0.36978274935163635,0.3703470484971937,0.0005642991455573343,332.15,9.799999999999955,4,160.0
10.1021/je0498863,5,VFT,0.4219918070755344,0.41644577877666944,0.005546028298864969,332.15,9.799999999999955,4,160.0
10.1021/je0498863,5,VFT,0.4559594940628608,0.45376083161879843,0.0021986624440623603,332.15,9.799999999999955,4,160.0
10.1021/je0498863,5,VFT,0.48572562634437977,0.4820087373253722,0.0037168890190075743,332.15,9.799999999999955,4,160.0
10.1021/je0498863,5,VFT,0.5055026820908757,0.5012343604601456,0.004268321630730099,332.15,9.799999999999955,4,160.0
10.1021/je0498863,5,VFT,0.41867882877436113,0.41538764898535263,0.0032911797890085026,312.45,9.899999999999977,4,160.0
10.1021/je0498863,5,VFT,0.5391885760365963,0.5329704077632296,0.006218168273366742,332.15,9.799999999999955,4,160.0
10.1021/je0498863,5,VFT,0.5418856553828848,0.5389854475869987,0.0029002077958860673,332.15,9.799999999999955,4,160.0
10.1021/je0498863,5,VFT,0.5415428399322757,0.538956124393525,0.0025867155387506724,332.15,9.799999999999955,4,160.0
10.1021/je0498863,5,VFT,0.5396127565192049,0.5370991597047916,0.0025135968144133214,332.15,9.799999999999955,4,160.0
10.1021/je0498863,5,VFT,0.5331120000655063,0.5299578355294632,0.0031541645360431136,332.15,9.799999999999955,4,160.0
10.1021/je0498863,5,VFT,0.5280527266669645,0.5231263826731851,0.004926343993779336,332.15,9.799999999999955,4,160.0
10.1021/je0498863,5,VFT,0.5165679279717331,0.5122114643945465,0.0043564635771866644,332.15,9.799999999999955,4,160.0
10.1021/je0498863,5,VFT,0.47869426152881356,0.47469009275650764,0.004004168772305916,332.15,9.799999999999955,4,160.0
10.1021/je0498863,5,VFT,0.7310696902682318,0.7302809232312693,0.0007887670369625122,332.15,9.799999999999955,4,160.0
10.1021/je0498863,5,VFT,0.7820994092610607,0.7791529349991109,0.0029464742619498274,332.15,9.799999999999955,4,160.0
10.1021/je0498863,5,VFT,0.8022581308684192,0.8010896834501631,0.0011684474182561688,332.15,9.799999999999955,4,160.0
10.1021/je0498863,5,VFT,0.8041300927900453,0.8031943192540237,0.0009357735360215891,332.15,9.799999999999955,4,160.0
10.1021/je0498863,5,VFT,0.8022581308684192,0.79970934966229,0.0025487812061292248,332.15,19.69999999999999,4,160.0
10.1021/je0498863,5,VFT,0.7956419825115975,0.7953918714343868,0.0002501110772106241,332.15,9.799999999999955,4,160.0
10.1021/je0498863,5,VFT,0.7013432041079661,0.7040413635187344,0.0026981594107682305,322.35,19.80000000000001,4,160.0
10.1021/je0498863,5,VFT,0.7473373029779397,0.7455685491329751,0.0017687538449645546,332.15,9.799999999999955,4,160.0
10.1021/je0498863,5,VFT,0.7198759138096132,0.7228585444503872,0.0029826306407739755,332.15,9.799999999999955,4,160.0
10.1021/je0498863,5,VFT,0.6166840827978671,0.6236988050980952,0.007014722300228038,322.35,9.900000000000034,4,160.0
10.1021/je0498863,5,VFT,0.663016417266803,0.6624940971037421,0.0005223201630609742,332.15,9.799999999999955,4,160.0
10.1021/je0498863,5,VFT,0.613798394589073,0.6127447767123788,0.001053617876694224,332.15,9.799999999999955,4,160.0
10.1021/je0498863,5,VFT,0.571246043883406,0.5752213455000637,0.0039753016166576005,332.15,9.799999999999955,4,160.0
10.1021/je0498863,5,VFT,0.6304876992919097,0.6300186424006728,0.0004690568912368853,332.15,9.799999999999955,4,160.0
10.1021/je0498863,5,VFT,0.6571683789968412,0.6528957797898162,0.004272599207025052,332.15,9.799999999999955,4,160.0
10.1021/je0498863,5,VFT,0.6854782903610064,0.6798762341720204,0.005602056188986015,332.15,9.799999999999955,4,160.0
10.1021/je0498863,5,VFT,0.639954983865635,0.6370952554715411,0.0028597283940938745,322.35,9.900000000000034,4,160.0
10.1021/je0498863,5,VFT,0.6411240141442556,0.6352376472304581,0.005886366913797514,322.35,9.900000000000034,4,160.0
10.1021/je0498863,5,VFT,0.693830364719799,0.6857130985113955,0.008117266208403473,332.15,19.69999999999999,4,160.0
10.1021/je0498863,5,VFT,0.6833649310266279,0.6766503415639563,0.006714589462671561,332.15,9.799999999999955,4,160.0
10.1021/je0498863,5,VFT,0.6704641463430273,0.669173738330478,0.0012904080125493156,332.15,9.799999999999955,4,160.0
10.1021/je0498863,5,VFT,0.618355779624318,0.614149532279441,0.004206247344876957,332.15,9.799999999999955,4,160.0
10.1021/je0498863,5,VFT,0.5904090680548656,0.5849466807951058,0.005462387259759782,332.15,9.799999999999955,4,160.0
10.1021/je0498863,5,VFT,0.5647356682693508,0.5610655138377849,0.0036701544315659307,332.15,9.799999999999955,4,160.0
10.1021/je0498863,5,independent_per_curve_GPR,0.36978274935163635,0.30112518718457226,0.06865756216706409,332.15,9.799999999999955,4,160.0
10.1021/je0498863,5,independent_per_curve_GPR,0.4219918070755344,0.3498874233219945,0.07210438375353989,332.15,9.799999999999955,4,160.0
10.1021/je0498863,5,independent_per_curve_GPR,0.4559594940628608,0.37434059722433694,0.08161889683852386,332.15,9.799999999999955,4,160.0
10.1021/je0498863,5,independent_per_curve_GPR,0.48572562634437977,0.4078350399285155,0.07789058641586427,332.15,9.799999999999955,4,160.0
10.1021/je0498863,5,independent_per_curve_GPR,0.5055026820908757,0.42803061681790155,0.07747206527297412,332.15,9.799999999999955,4,160.0
10.1021/je0498863,5,independent_per_curve_GPR,0.41867882877436113,0.31496174742125954,0.10371708135310159,312.45,9.899999999999977,4,160.0
10.1021/je0498863,5,independent_per_curve_GPR,0.5391885760365963,0.4674202480833556,0.07176832795324073,332.15,9.799999999999955,4,160.0
10.1021/je0498863,5,independent_per_curve_GPR,0.5418856553828848,0.4560752325628411,0.0858104228200437,332.15,9.799999999999955,4,160.0
10.1021/je0498863,5,independent_per_curve_GPR,0.5415428399322757,0.44958588709650027,0.09195695283577543,332.15,9.799999999999955,4,160.0
10.1021/je0498863,5,independent_per_curve_GPR,0.5396127565192049,0.4592441858719079,0.08036857064729702,332.15,9.799999999999955,4,160.0
10.1021/je0498863,5,independent_per_curve_GPR,0.5331120000655063,0.43964457327961626,0.09346742678589004,332.15,9.799999999999955,4,160.0
10.1021/je0498863,5,independent_per_curve_GPR,0.5280527266669645,0.4366732141781128,0.09137951248885168,332.15,9.799999999999955,4,160.0
10.1021/je0498863,5,independent_per_curve_GPR,0.5165679279717331,0.4032336215835818,0.11333430638815134,332.15,9.799999999999955,4,160.0
10.1021/je0498863,5,independent_per_curve_GPR,0.47869426152881356,0.3529312852465616,0.12576297628225197,332.15,9.799999999999955,4,160.0
10.1021/je0498863,5,independent_per_curve_GPR,0.7310696902682318,0.6319136187184982,0.0991560715497336,332.15,9.799999999999955,4,160.0
10.1021/je0498863,5,independent_per_curve_GPR,0.7820994092610607,0.7035122960228236,0.07858711323823708,332.15,9.799999999999955,4,160.0
10.1021/je0498863,5,independent_per_curve_GPR,0.8022581308684192,0.6950754898312124,0.10718264103720687,332.15,9.799999999999955,4,160.0
10.1021/je0498863,5,independent_per_curve_GPR,0.8041300927900453,0.711753174955177,0.09237691783486834,332.15,9.799999999999955,4,160.0
10.1021/je0498863,5,independent_per_curve_GPR,0.8022581308684192,0.5529019792731444,0.2493561515952748,332.15,19.69999999999999,4,160.0
10.1021/je0498863,5,independent_per_curve_GPR,0.7956419825115975,0.6720496714728972,0.12359231103870028,332.15,9.799999999999955,4,160.0
10.1021/je0498863,5,independent_per_curve_GPR,0.7013432041079661,0.3941279291146272,0.30721527499333895,322.35,19.80000000000001,4,160.0
10.1021/je0498863,5,independent_per_curve_GPR,0.7473373029779397,0.6283691805288097,0.11896812244912991,332.15,9.799999999999955,4,160.0
10.1021/je0498863,5,independent_per_curve_GPR,0.7198759138096132,0.6011024697020748,0.11877344410753843,332.15,9.799999999999955,4,160.0
10.1021/je0498863,5,independent_per_curve_GPR,0.6166840827978671,0.49802999748102594,0.11865408531684118,322.35,9.900000000000034,4,160.0
10.1021/je0498863,5,independent_per_curve_GPR,0.663016417266803,0.5364007833918578,0.12661563387494523,332.15,9.799999999999955,4,160.0
10.1021/je0498863,5,independent_per_curve_GPR,0.613798394589073,0.4666580161176469,0.14714037847142614,332.15,9.799999999999955,4,160.0
10.1021/je0498863,5,independent_per_curve_GPR,0.571246043883406,0.399575194681289,0.17167084920211706,332.15,9.799999999999955,4,160.0
10.1021/je0498863,5,independent_per_curve_GPR,0.6304876992919097,0.5532190994009819,0.07726859989092782,332.15,9.799999999999955,4,160.0
10.1021/je0498863,5,independent_per_curve_GPR,0.6571683789968412,0.563143316402355,0.09402506259448618,332.15,9.799999999999955,4,160.0
10.1021/je0498863,5,independent_per_curve_GPR,0.6854782903610064,0.6109625159416183,0.07451577441938806,332.15,9.799999999999955,4,160.0
10.1021/je0498863,5,independent_per_curve_GPR,0.639954983865635,0.5407004488409359,0.09925453502469905,322.35,9.900000000000034,4,160.0
10.1021/je0498863,5,independent_per_curve_GPR,0.6411240141442556,0.557285900538562,0.0838381136056936,322.35,9.900000000000034,4,160.0
10.1021/je0498863,5,independent_per_curve_GPR,0.693830364719799,0.48669639233233697,0.207133972387462,332.15,19.69999999999999,4,160.0
10.1021/je0498863,5,independent_per_curve_GPR,0.6833649310266279,0.5824871187615164,0.1008778122651115,332.15,9.799999999999955,4,160.0
10.1021/je0498863,5,independent_per_curve_GPR,0.6704641463430273,0.5703318260955375,0.10013232024748986,332.15,9.799999999999955,4,160.0
10.1021/je0498863,5,independent_per_curve_GPR,0.618355779624318,0.5027920520834235,0.1155637275408945,332.15,9.799999999999955,4,160.0
10.1021/je0498863,5,independent_per_curve_GPR,0.5904090680548656,0.4616624403447444,0.1287466277101212,332.15,9.799999999999955,4,160.0
10.1021/je0498863,5,independent_per_curve_GPR,0.5647356682693508,0.43345455359066953,0.1312811146786813,332.15,9.799999999999955,4,160.0
10.1149/1.1344281,3,nested_budget_router,1.2275862068934567,1.2127744133090546,0.0148117935844021,375.3490984,5.10260310000001,4,180.0
10.1149/1.1344281,3,nested_budget_router,0.8137931034237572,0.8351535362493546,0.02136043282559741,393.0469442,4.732218799999998,4,180.0
10.1149/1.1344281,3,nested_budget_router,1.324137930981698,1.3403453534495817,0.016207422467883648,346.4463589,4.998314100000016,4,180.0
10.1149/1.1344281,3,nested_budget_router,1.1793103447969282,1.1934889234650061,0.014178578668077924,393.6420782,5.174966799999993,4,180.0
10.1149/1.1344281,3,nested_budget_router,1.5724137930816233,1.590183608164949,0.017769815083325646,344.5125624,4.620192199999963,4,180.0
10.1149/1.1344281,3,nested_budget_router,0.4116022099397765,0.4189907097771408,0.007388499837364337,342.1636336,4.10845740000002,4,180.0
10.1149/1.1344281,3,nested_budget_router,1.3034685284488898,1.3140666648905506,0.010598136441660744,392.4775143,5.380740099999969,4,180.0
10.1149/1.1344281,3,nested_budget_router,1.337455673703904,1.3478710364865023,0.010415362782598248,390.8794788,4.561571399999991,4,180.0
10.1149/1.1344281,3,nested_budget_router,1.3247506649574456,1.3374337402682497,0.012683075310804037,392.6380368,5.385112200000037,4,180.0
10.1149/1.1344281,3,nested_budget_router,1.0992187498623367,1.107517720903867,0.008298971041530212,392.6380368,5.385112200000037,4,180.0
10.1149/1.1344281,3,nested_budget_router,1.2176473847940585,1.2135860891246804,0.004061295669378184,372.815534,4.999441999999988,4,180.0
10.1149/1.1344281,3,nested_budget_router,1.2704898049566584,1.2876802298711643,0.017190424914505842,392.4775143,5.224589700000024,4,180.0
10.1149/1.1344281,3,VFT,1.2275862068934567,1.2144069705985925,0.013179236294864172,375.3490984,5.10260310000001,4,180.0
10.1149/1.1344281,3,VFT,0.8137931034237572,0.8260151500960445,0.012222046672287323,393.0469442,4.732218799999998,4,180.0
10.1149/1.1344281,3,VFT,1.324137930981698,1.3367416329931394,0.012603702011441342,346.4463589,4.998314100000016,4,180.0
10.1149/1.1344281,3,VFT,1.1793103447969282,1.1795239212489024,0.0002135764519741734,393.6420782,5.174966799999993,4,180.0
10.1149/1.1344281,3,VFT,1.5724137930816233,1.594301201259937,0.021887408178313583,344.5125624,4.620192199999963,4,180.0
10.1149/1.1344281,3,VFT,0.4116022099397765,0.41514356811135783,0.0035413581715813547,342.1636336,4.10845740000002,4,180.0
10.1149/1.1344281,3,VFT,1.3034685284488898,1.3003761076526943,0.0030924207961955386,392.4775143,5.380740099999969,4,180.0
10.1149/1.1344281,3,VFT,1.337455673703904,1.3432032226739556,0.005747548970051586,390.8794788,4.561571399999991,4,180.0
10.1149/1.1344281,3,VFT,1.3247506649574456,1.3235855554550475,0.0011651095023981206,392.6380368,5.385112200000037,4,180.0
10.1149/1.1344281,3,VFT,1.0992187498623367,1.1019101775268276,0.0026914276644909307,392.6380368,5.385112200000037,4,180.0
10.1149/1.1344281,3,VFT,1.2176473847940585,1.2183808990854486,0.0007335142913900139,372.815534,4.999441999999988,4,180.0
10.1149/1.1344281,3,VFT,1.2704898049566584,1.2731846433329097,0.002694838376251285,392.4775143,5.224589700000024,4,180.0
10.1149/1.1344281,3,independent_per_curve_GPR,1.2275862068934567,1.181756223608139,0.04582998328531773,375.3490984,5.10260310000001,4,180.0
10.1149/1.1344281,3,independent_per_curve_GPR,0.8137931034237572,0.7928167721457987,0.020976331277958504,393.0469442,4.732218799999998,4,180.0
10.1149/1.1344281,3,independent_per_curve_GPR,1.324137930981698,1.3128154019845863,0.011322528997111725,346.4463589,4.998314100000016,4,180.0
10.1149/1.1344281,3,independent_per_curve_GPR,1.1793103447969282,1.1566225586032475,0.022687786193680726,393.6420782,5.174966799999993,4,180.0
10.1149/1.1344281,3,independent_per_curve_GPR,1.5724137930816233,1.5501425324119247,0.022271260669698645,344.5125624,4.620192199999963,4,180.0
10.1149/1.1344281,3,independent_per_curve_GPR,0.4116022099397765,0.42320751191944667,0.01160530197967019,342.1636336,4.10845740000002,4,180.0
10.1149/1.1344281,3,independent_per_curve_GPR,1.3034685284488898,1.2653495751733355,0.03811895327555437,392.4775143,5.380740099999969,4,180.0
10.1149/1.1344281,3,independent_per_curve_GPR,1.337455673703904,1.3188380350438125,0.018617638660091584,390.8794788,4.561571399999991,4,180.0
10.1149/1.1344281,3,independent_per_curve_GPR,1.3247506649574456,1.2929322341038112,0.03181843085363445,392.6380368,5.385112200000037,4,180.0
10.1149/1.1344281,3,independent_per_curve_GPR,1.0992187498623367,1.0612992353336157,0.037919514528721,392.6380368,5.385112200000037,4,180.0
10.1149/1.1344281,3,independent_per_curve_GPR,1.2176473847940585,1.1780986501813475,0.03954873461271102,372.815534,4.999441999999988,4,180.0
10.1149/1.1344281,3,independent_per_curve_GPR,1.2704898049566584,1.2417780361041888,0.02871176885246962,392.4775143,5.224589700000024,4,180.0
10.1149/1.1344281,4,nested_budget_router,1.2275862068934567,1.212956964296309,0.014629242597147707,375.3490984,5.10260310000001,4,160.0
10.1149/1.1344281,4,nested_budget_router,0.8137931034237572,0.8246638804274552,0.010870777003697984,393.0469442,4.732218799999998,4,160.0
10.1149/1.1344281,4,nested_budget_router,1.324137930981698,1.3318953387971377,0.007757407815439654,346.4463589,4.998314100000016,4,160.0
10.1149/1.1344281,4,nested_budget_router,1.1793103447969282,1.179259663798441,5.0680998487262485e-05,393.6420782,5.174966799999993,4,160.0
10.1149/1.1344281,4,nested_budget_router,1.5724137930816233,1.584316728248428,0.01190293516680474,344.5125624,4.620192199999963,4,160.0
10.1149/1.1344281,4,nested_budget_router,0.4116022099397765,0.4160018724014818,0.0043996624617053115,342.1636336,4.10845740000002,4,160.0
10.1149/1.1344281,4,nested_budget_router,1.3034685284488898,1.3022140132969358,0.001254515151954072,392.4775143,5.380740099999969,4,160.0
10.1149/1.1344281,4,nested_budget_router,1.337455673703904,1.3431607269187629,0.005705053214858813,390.8794788,4.561571399999991,4,160.0
10.1149/1.1344281,4,nested_budget_router,1.3247506649574456,1.3233257085006778,0.0014249564567678785,392.6380368,5.385112200000037,4,160.0
10.1149/1.1344281,4,nested_budget_router,1.0992187498623367,1.1008012761703039,0.0015825263079671803,392.6380368,5.385112200000037,4,160.0
10.1149/1.1344281,4,nested_budget_router,1.2176473847940585,1.2154229565097603,0.002224428284298252,372.815534,4.999441999999988,4,160.0
10.1149/1.1344281,4,nested_budget_router,1.2704898049566584,1.274902546337406,0.004412741380747542,392.4775143,5.224589700000024,4,160.0
10.1149/1.1344281,4,VFT,1.2275862068934567,1.212956964296309,0.014629242597147707,375.3490984,5.10260310000001,4,160.0
10.1149/1.1344281,4,VFT,0.8137931034237572,0.8246638804274552,0.010870777003697984,393.0469442,4.732218799999998,4,160.0
10.1149/1.1344281,4,VFT,1.324137930981698,1.3318953387971377,0.007757407815439654,346.4463589,4.998314100000016,4,160.0
10.1149/1.1344281,4,VFT,1.1793103447969282,1.179259663798441,5.0680998487262485e-05,393.6420782,5.174966799999993,4,160.0
10.1149/1.1344281,4,VFT,1.5724137930816233,1.584316728248428,0.01190293516680474,344.5125624,4.620192199999963,4,160.0
10.1149/1.1344281,4,VFT,0.4116022099397765,0.4160018724014818,0.0043996624617053115,342.1636336,4.10845740000002,4,160.0
10.1149/1.1344281,4,VFT,1.3034685284488898,1.3022140132969358,0.001254515151954072,392.4775143,5.380740099999969,4,160.0
10.1149/1.1344281,4,VFT,1.337455673703904,1.3431607269187629,0.005705053214858813,390.8794788,4.561571399999991,4,160.0
10.1149/1.1344281,4,VFT,1.3247506649574456,1.3233257085006778,0.0014249564567678785,392.6380368,5.385112200000037,4,160.0
10.1149/1.1344281,4,VFT,1.0992187498623367,1.1008012761703039,0.0015825263079671803,392.6380368,5.385112200000037,4,160.0
10.1149/1.1344281,4,VFT,1.2176473847940585,1.2154229565097603,0.002224428284298252,372.815534,4.999441999999988,4,160.0
10.1149/1.1344281,4,VFT,1.2704898049566584,1.274902546337406,0.004412741380747542,392.4775143,5.224589700000024,4,160.0
10.1149/1.1344281,4,independent_per_curve_GPR,1.2275862068934567,1.180542749016569,0.047043457876887684,375.3490984,5.10260310000001,4,160.0
10.1149/1.1344281,4,independent_per_curve_GPR,0.8137931034237572,0.7957245347351047,0.018068568688652475,393.0469442,4.732218799999998,4,160.0
10.1149/1.1344281,4,independent_per_curve_GPR,1.324137930981698,1.3166189298868214,0.007519001094876687,346.4463589,4.998314100000016,4,160.0
10.1149/1.1344281,4,independent_per_curve_GPR,1.1793103447969282,1.1566967534960264,0.022613591300901792,393.6420782,5.174966799999993,4,160.0
10.1149/1.1344281,4,independent_per_curve_GPR,1.5724137930816233,1.5510130160913107,0.02140077699031262,344.5125624,4.620192199999963,4,160.0
10.1149/1.1344281,4,independent_per_curve_GPR,0.4116022099397765,0.42254023105370647,0.010938021113929997,342.1636336,4.10845740000002,4,160.0
10.1149/1.1344281,4,independent_per_curve_GPR,1.3034685284488898,1.2645063555384304,0.03896217291045945,392.4775143,5.380740099999969,4,160.0
10.1149/1.1344281,4,independent_per_curve_GPR,1.337455673703904,1.3193449678842912,0.018110705819612827,390.8794788,4.561571399999991,4,160.0
10.1149/1.1344281,4,independent_per_curve_GPR,1.3247506649574456,1.2925929408739583,0.03215772408348738,392.6380368,5.385112200000037,4,160.0
10.1149/1.1344281,4,independent_per_curve_GPR,1.0992187498623367,1.0615578524591738,0.03766089740316292,392.6380368,5.385112200000037,4,160.0
10.1149/1.1344281,4,independent_per_curve_GPR,1.2176473847940585,1.1785753716982406,0.03907201309581798,372.815534,4.999441999999988,4,160.0
10.1149/1.1344281,4,independent_per_curve_GPR,1.2704898049566584,1.2400292586921435,0.030460546264514887,392.4775143,5.224589700000024,4,160.0
10.1149/1.1344281,5,nested_budget_router,1.2275862068934567,1.2130465167993818,0.014539690094074853,375.3490984,5.10260310000001,4,160.0
10.1149/1.1344281,5,nested_budget_router,0.8137931034237572,0.8291171598567484,0.015324056432991173,393.0469442,4.732218799999998,4,160.0
10.1149/1.1344281,5,nested_budget_router,1.324137930981698,1.3381327329806858,0.013994801998987727,346.4463589,4.998314100000016,4,160.0
10.1149/1.1344281,5,nested_budget_router,1.1793103447969282,1.1835846644264905,0.004274319629562262,393.6420782,5.174966799999993,4,160.0
10.1149/1.1344281,5,nested_budget_router,1.5724137930816233,1.5768595601168172,0.004445767035193837,344.5125624,4.620192199999963,4,160.0
10.1149/1.1344281,5,nested_budget_router,0.4116022099397765,0.4170111001805483,0.0054088902407718464,342.1636336,4.10845740000002,4,160.0
10.1149/1.1344281,5,nested_budget_router,1.3034685284488898,1.3011081765789472,0.0023603518699426562,392.4775143,5.380740099999969,4,160.0
10.1149/1.1344281,5,nested_budget_router,1.337455673703904,1.3430588056377266,0.005603131933822558,390.8794788,4.561571399999991,4,160.0
10.1149/1.1344281,5,nested_budget_router,1.3247506649574456,1.3244548646938483,0.00029580026359732337,392.6380368,5.385112200000037,4,160.0
10.1149/1.1344281,5,nested_budget_router,1.0992187498623367,1.099710340156582,0.000491590294245281,392.6380368,5.385112200000037,4,160.0
10.1149/1.1344281,5,nested_budget_router,1.2176473847940585,1.2159809401582216,0.0016664446358369833,372.815534,4.999441999999988,4,160.0
10.1149/1.1344281,5,nested_budget_router,1.2704898049566584,1.2732101092450536,0.0027203042883952033,392.4775143,5.224589700000024,4,160.0
10.1149/1.1344281,5,VFT,1.2275862068934567,1.2130465167993818,0.014539690094074853,375.3490984,5.10260310000001,4,160.0
10.1149/1.1344281,5,VFT,0.8137931034237572,0.8291171598567484,0.015324056432991173,393.0469442,4.732218799999998,4,160.0
10.1149/1.1344281,5,VFT,1.324137930981698,1.3381327329806858,0.013994801998987727,346.4463589,4.998314100000016,4,160.0
10.1149/1.1344281,5,VFT,1.1793103447969282,1.1835846644264905,0.004274319629562262,393.6420782,5.174966799999993,4,160.0
10.1149/1.1344281,5,VFT,1.5724137930816233,1.5768595601168172,0.004445767035193837,344.5125624,4.620192199999963,4,160.0
10.1149/1.1344281,5,VFT,0.4116022099397765,0.4170111001805483,0.0054088902407718464,342.1636336,4.10845740000002,4,160.0
10.1149/1.1344281,5,VFT,1.3034685284488898,1.3011081765789472,0.0023603518699426562,392.4775143,5.380740099999969,4,160.0
10.1149/1.1344281,5,VFT,1.337455673703904,1.3430588056377266,0.005603131933822558,390.8794788,4.561571399999991,4,160.0
10.1149/1.1344281,5,VFT,1.3247506649574456,1.3244548646938483,0.00029580026359732337,392.6380368,5.385112200000037,4,160.0
10.1149/1.1344281,5,VFT,1.0992187498623367,1.099710340156582,0.000491590294245281,392.6380368,5.385112200000037,4,160.0
10.1149/1.1344281,5,VFT,1.2176473847940585,1.2159809401582216,0.0016664446358369833,372.815534,4.999441999999988,4,160.0
10.1149/1.1344281,5,VFT,1.2704898049566584,1.2732101092450536,0.0027203042883952033,392.4775143,5.224589700000024,4,160.0
10.1149/1.1344281,5,independent_per_curve_GPR,1.2275862068934567,1.180616320482897,0.04696988641055966,375.3490984,5.10260310000001,4,160.0
10.1149/1.1344281,5,independent_per_curve_GPR,0.8137931034237572,0.7971234396419944,0.016669663781762822,393.0469442,4.732218799999998,4,160.0
10.1149/1.1344281,5,independent_per_curve_GPR,1.324137930981698,1.3177959354540514,0.006341995527646693,346.4463589,4.998314100000016,4,160.0
10.1149/1.1344281,5,independent_per_curve_GPR,1.1793103447969282,1.1569231309344759,0.02238721386245235,393.6420782,5.174966799999993,4,160.0
10.1149/1.1344281,5,independent_per_curve_GPR,1.5724137930816233,1.5526678861466614,0.01974590693496192,344.5125624,4.620192199999963,4,160.0
10.1149/1.1344281,5,independent_per_curve_GPR,0.4116022099397765,0.4216223228562857,0.010020112916509227,342.1636336,4.10845740000002,4,160.0
10.1149/1.1344281,5,independent_per_curve_GPR,1.3034685284488898,1.2659224248765493,0.03754610357234056,392.4775143,5.380740099999969,4,160.0
10.1149/1.1344281,5,independent_per_curve_GPR,1.337455673703904,1.3200186130574998,0.017437060646404268,390.8794788,4.561571399999991,4,160.0
10.1149/1.1344281,5,independent_per_curve_GPR,1.3247506649574456,1.2924967255017026,0.032253939455743064,392.6380368,5.385112200000037,4,160.0
10.1149/1.1344281,5,independent_per_curve_GPR,1.0992187498623367,1.0627618204239693,0.036456929438367425,392.6380368,5.385112200000037,4,160.0
10.1149/1.1344281,5,independent_per_curve_GPR,1.2176473847940585,1.1790683891441576,0.03857899564990097,372.815534,4.999441999999988,4,160.0
10.1149/1.1344281,5,independent_per_curve_GPR,1.2704898049566584,1.2408572397324291,0.0296325652242293,392.4775143,5.224589700000024,4,160.0
10.1149/1.1390879,3,nested_budget_router,0.4046840787884873,0.419648173842216,0.014964095053728699,343.2733917,20.001922199999967,4,180.0
10.1149/1.1390879,3,nested_budget_router,0.7534348692635082,0.7518374053166534,0.0015974639468547824,343.3911846,9.965841099999977,4,180.0
10.1149/1.1390879,3,VFT,0.4046840787884873,0.4121825656807869,0.0074984868922996495,343.2733917,20.001922199999967,4,180.0
10.1149/1.1390879,3,VFT,0.7534348692635082,0.756765130259567,0.0033302609960588203,343.3911846,9.965841099999977,4,180.0
10.1149/1.1390879,3,independent_per_curve_GPR,0.4046840787884873,0.26015653309778647,0.1445275456907008,343.2733917,20.001922199999967,4,180.0
10.1149/1.1390879,3,independent_per_curve_GPR,0.7534348692635082,0.6771418330108685,0.07629303625263972,343.3911846,9.965841099999977,4,180.0
10.1149/1.1390879,4,nested_budget_router,0.4046840787884873,0.43471829029911324,0.030034211510625963,343.2733917,20.001922199999967,4,160.0
10.1149/1.1390879,4,nested_budget_router,0.7534348692635082,0.7612850900292895,0.007850220765781235,343.3911846,9.965841099999977,4,160.0
10.1149/1.1390879,4,VFT,0.4046840787884873,0.43471829029911324,0.030034211510625963,343.2733917,20.001922199999967,4,160.0
10.1149/1.1390879,4,VFT,0.7534348692635082,0.7612850900292895,0.007850220765781235,343.3911846,9.965841099999977,4,160.0
10.1149/1.1390879,4,independent_per_curve_GPR,0.4046840787884873,0.24604860245975538,0.1586354763287319,343.2733917,20.001922199999967,4,160.0
10.1149/1.1390879,4,independent_per_curve_GPR,0.7534348692635082,0.6747985273293571,0.07863634193415114,343.3911846,9.965841099999977,4,160.0
10.1149/1.1390879,5,nested_budget_router,0.4046840787884873,0.4524901297525572,0.047806050964069924,343.2733917,20.001922199999967,4,160.0
10.1149/1.1390879,5,nested_budget_router,0.7534348692635082,0.7666183728051614,0.013183503541653208,343.3911846,9.965841099999977,4,160.0
10.1149/1.1390879,5,VFT,0.4046840787884873,0.4524901297525572,0.047806050964069924,343.2733917,20.001922199999967,4,160.0
10.1149/1.1390879,5,VFT,0.7534348692635082,0.7666183728051614,0.013183503541653208,343.3911846,9.965841099999977,4,160.0
10.1149/1.1390879,5,independent_per_curve_GPR,0.4046840787884873,0.22795631842160882,0.17672776036687846,343.2733917,20.001922199999967,4,160.0
10.1149/1.1390879,5,independent_per_curve_GPR,0.7534348692635082,0.6733592758412885,0.0800755934222197,343.3911846,9.965841099999977,4,160.0
10.1149/1.1403730,3,nested_budget_router,0.9153244434315747,0.9114482324080954,0.003876211023479348,323.15,10.0,4,190.0
10.1149/1.1403730,3,nested_budget_router,0.9088423158988924,0.942881064683746,0.03403874878485358,313.15,40.0,4,190.0
10.1149/1.1403730,3,nested_budget_router,1.0438673041739177,1.0645108123922835,0.020643508218365803,333.15,20.0,4,190.0
10.1149/1.1403730,3,nested_budget_router,1.0682919035114697,1.1078378858417954,0.03954598233032569,323.15,20.0,4,190.0
10.1149/1.1403730,3,nested_budget_router,1.117429134671744,1.1704274013839946,0.05299826671225061,333.15,20.0,4,190.0
10.1149/1.1403730,3,nested_budget_router,1.001156577344322,1.003380241813942,0.002223664469619857,323.15,20.0,4,190.0
10.1149/1.1403730,3,nested_budget_router,1.0750252864330636,1.073566538775491,0.001458747657572701,333.15,20.0,4,190.0
10.1149/1.1403730,3,nested_budget_router,1.0637442758310631,1.0500560691845313,0.013688206646531809,323.15,30.0,4,190.0
10.1149/1.1403730,3,nested_budget_router,0.9795050167942484,1.0023616812226275,0.02285666442837908,323.15,20.0,4,190.0
10.1149/1.1403730,3,nested_budget_router,0.9357471147862473,0.9337991221818542,0.0019479926043930451,303.15,10.0,4,190.0
10.1149/1.1403730,3,nested_budget_router,1.1133702782571115,1.1093779112352422,0.003992367021869336,333.15,10.0,4,190.0
10.1149/1.1403730,3,nested_budget_router,1.1495416702532648,1.151506533009166,0.001964862755901242,333.15,10.0,4,190.0
10.1149/1.1403730,3,nested_budget_router,1.0881867322837973,1.1019496864382397,0.013762954154442397,333.15,10.0,4,190.0
10.1149/1.1403730,3,nested_budget_router,0.8102965401819202,0.8214302836322201,0.011133743450299938,283.15,10.0,4,190.0
10.1149/1.1403730,3,nested_budget_router,1.1103010465768837,1.1390847423712294,0.0287836957943457,323.15,20.0,4,190.0
10.1149/1.1403730,3,nested_budget_router,1.161567632070253,1.163672944048102,0.0021053119778489116,333.15,20.0,4,190.0
10.1149/1.1403730,3,nested_budget_router,1.1103010465768837,1.1083082957497699,0.0019927508271138095,323.15,10.0,4,190.0
10.1149/1.1403730,3,nested_budget_router,1.1362197471349145,1.1607942268692826,0.024574479734368104,333.15,40.0,4,190.0
10.1149/1.1403730,3,nested_budget_router,1.0308765666646702,1.1497220470715226,0.11884548040685239,313.15,40.0,4,190.0
10.1149/1.1403730,3,nested_budget_router,1.0867343840878274,1.0873601010262686,0.0006257169384411565,323.15,10.0,4,190.0
10.1149/1.1403730,3,nested_budget_router,1.0649831338524929,1.0780499645124042,0.013066830659911322,313.15,20.0,4,190.0
10.1149/1.1403730,3,nested_budget_router,1.1373318975261975,1.1289149766068631,0.008416920919334325,323.15,20.0,4,190.0
10.1149/1.1403730,3,nested_budget_router,0.8855992548137605,0.8945290554256055,0.008929800611845007,293.15,10.0,4,190.0
10.1149/1.1403730,3,nested_budget_router,1.1373318975261975,1.1404949026647258,0.0031630051385282965,323.15,10.0,4,190.0
10.1149/1.1403730,3,nested_budget_router,1.1735440699907078,1.1798561396794986,0.006312069688790833,333.15,10.0,4,190.0
10.1149/1.1403730,3,nested_budget_router,1.0689620807711522,1.144333745270211,0.07537166449905874,323.15,40.0,4,190.0
10.1149/1.1403730,3,nested_budget_router,1.0779169235526296,1.1053891768788962,0.02747225332626657,313.15,30.0,4,190.0
10.1149/1.1403730,3,nested_budget_router,1.2165648021347188,1.2243923558818823,0.007827553747163485,333.15,10.0,4,190.0
10.1149/1.1403730,3,nested_budget_router,1.211939683924411,1.2275089502832344,0.015569266358823386,333.15,50.0,4,190.0
10.1149/1.1403730,3,nested_budget_router,1.1977612382746659,1.2098457172036443,0.01208447892897846,333.15,10.0,4,190.0
10.1149/1.1403730,3,nested_budget_router,1.0240654319019562,1.049624916288192,0.025559484386235898,313.15,10.0,4,190.0
10.1149/1.1403730,3,nested_budget_router,1.1543461114692786,1.158340715415861,0.0039946039465823535,323.15,10.0,4,190.0
10.1149/1.1403730,3,nested_budget_router,1.1511488371246015,1.1697610583140632,0.01861222118946171,323.15,10.0,4,190.0
10.1149/1.1403730,3,nested_budget_router,1.0571705559770066,1.0677071954069322,0.010536639429925554,313.15,10.0,4,190.0
10.1149/1.1403730,3,nested_budget_router,1.022629746394897,1.0307464512704312,0.008116704875534175,313.15,20.0,4,190.0
10.1149/1.1403730,3,nested_budget_router,1.1359088703488327,1.1322672511367728,0.0036416192120598545,323.15,20.0,4,190.0
10.1149/1.1403730,3,nested_budget_router,1.0624507973305375,1.0536918371385535,0.008758960191983967,323.15,20.0,4,190.0
10.1149/1.1403730,3,VFT,0.9153244434315747,0.9124371924844175,0.0028872509471572494,323.15,10.0,4,190.0
10.1149/1.1403730,3,VFT,0.9088423158988924,0.8445394184711437,0.06430289742774875,313.15,40.0,4,190.0
10.1149/1.1403730,3,VFT,1.0438673041739177,1.02013907873034,0.023728225443577777,333.15,20.0,4,190.0
10.1149/1.1403730,3,VFT,1.0682919035114697,1.0208724902337145,0.04741941327775523,323.15,20.0,4,190.0
10.1149/1.1403730,3,VFT,1.117429134671744,1.0876844400437182,0.02974469462802576,333.15,20.0,4,190.0
10.1149/1.1403730,3,VFT,1.001156577344322,0.9905893145505551,0.010567262793766963,323.15,20.0,4,190.0
10.1149/1.1403730,3,VFT,1.0750252864330636,1.06914256891179,0.005882717521273673,333.15,20.0,4,190.0
10.1149/1.1403730,3,VFT,1.0637442758310631,1.044879585031473,0.01886469079959019,323.15,30.0,4,190.0
10.1149/1.1403730,3,VFT,0.9795050167942484,0.9471615569209046,0.03234345987334375,323.15,20.0,4,190.0
10.1149/1.1403730,3,VFT,0.9357471147862473,0.9286610404634765,0.007086074322770752,303.15,10.0,4,190.0
10.1149/1.1403730,3,VFT,1.1133702782571115,1.1098711313631022,0.0034991468940093196,333.15,10.0,4,190.0
10.1149/1.1403730,3,VFT,1.1495416702532648,1.1505413939438915,0.0009997236906267304,333.15,10.0,4,190.0
10.1149/1.1403730,3,VFT,1.0881867322837973,1.0707943390273544,0.017392393256442817,333.15,10.0,4,190.0
10.1149/1.1403730,3,VFT,0.8102965401819202,0.7937297389656129,0.01656680121630727,283.15,10.0,4,190.0
10.1149/1.1403730,3,VFT,1.1103010465768837,1.0901534924541254,0.02014755412275826,323.15,20.0,4,190.0
10.1149/1.1403730,3,VFT,1.161567632070253,1.1555259164124783,0.006041715657774782,333.15,20.0,4,190.0
10.1149/1.1403730,3,VFT,1.1103010465768837,1.1083653888617002,0.0019356577151834475,323.15,10.0,4,190.0
10.1149/1.1403730,3,VFT,1.1362197471349145,1.0733023015236076,0.06291744561130685,333.15,40.0,4,190.0
10.1149/1.1403730,3,VFT,1.0308765666646702,0.9891486021694359,0.041727964495234304,313.15,40.0,4,190.0
10.1149/1.1403730,3,VFT,1.0867343840878274,1.080698941327642,0.006035442760185417,323.15,10.0,4,190.0
10.1149/1.1403730,3,VFT,1.0649831338524929,1.038271750274581,0.026711383577911807,313.15,20.0,4,190.0
10.1149/1.1403730,3,VFT,1.1373318975261975,1.1226124452721757,0.014719452254021714,323.15,20.0,4,190.0
10.1149/1.1403730,3,VFT,0.8855992548137605,0.8694401331819284,0.016159121631832085,293.15,10.0,4,190.0
10.1149/1.1403730,3,VFT,1.1373318975261975,1.1265890468632804,0.010742850662917025,323.15,10.0,4,190.0
10.1149/1.1403730,3,VFT,1.1735440699907078,1.1692993216275918,0.004244748363116058,333.15,10.0,4,190.0
10.1149/1.1403730,3,VFT,1.0689620807711522,1.0177629578695355,0.051199122901616656,323.15,40.0,4,190.0
10.1149/1.1403730,3,VFT,1.0779169235526296,1.0113468926401592,0.06657003091247038,313.15,30.0,4,190.0
10.1149/1.1403730,3,VFT,1.2165648021347188,1.211269610495435,0.005295191639283825,333.15,10.0,4,190.0
10.1149/1.1403730,3,VFT,1.211939683924411,1.1806271206300827,0.0313125632943283,333.15,50.0,4,190.0
10.1149/1.1403730,3,VFT,1.1977612382746659,1.1933257709794347,0.004435467295231144,333.15,10.0,4,190.0
10.1149/1.1403730,3,VFT,1.0240654319019562,1.0015524788586316,0.02251295304332457,313.15,10.0,4,190.0
10.1149/1.1403730,3,VFT,1.1543461114692786,1.1520911566492227,0.0022549548200558878,323.15,10.0,4,190.0
10.1149/1.1403730,3,VFT,1.1511488371246015,1.132469946742833,0.01867889038176851,323.15,10.0,4,190.0
10.1149/1.1403730,3,VFT,1.0571705559770066,1.0444729957926597,0.012697560184346868,313.15,10.0,4,190.0
10.1149/1.1403730,3,VFT,1.022629746394897,1.014768040450755,0.007861705944141928,313.15,20.0,4,190.0
10.1149/1.1403730,3,VFT,1.1359088703488327,1.12118767116122,0.01472119918761261,323.15,20.0,4,190.0
10.1149/1.1403730,3,VFT,1.0624507973305375,1.0575589008672561,0.004891896463281364,323.15,20.0,4,190.0
10.1149/1.1403730,3,independent_per_curve_GPR,0.9153244434315747,0.8450028599821265,0.07032158344944817,323.15,10.0,4,190.0
10.1149/1.1403730,3,independent_per_curve_GPR,0.9088423158988924,0.4365150505340569,0.4723272653648355,313.15,40.0,4,190.0
10.1149/1.1403730,3,independent_per_curve_GPR,1.0438673041739177,0.8781909133125961,0.16567639086132158,333.15,20.0,4,190.0
10.1149/1.1403730,3,independent_per_curve_GPR,1.0682919035114697,0.7675499770993701,0.3007419264120996,323.15,20.0,4,190.0
10.1149/1.1403730,3,independent_per_curve_GPR,1.117429134671744,0.9342093927641504,0.1832197419075936,333.15,20.0,4,190.0
10.1149/1.1403730,3,independent_per_curve_GPR,1.001156577344322,0.8024622070553692,0.19869437028895287,323.15,20.0,4,190.0
10.1149/1.1403730,3,independent_per_curve_GPR,1.0750252864330636,0.8976710324333491,0.1773542539997145,333.15,20.0,4,190.0
10.1149/1.1403730,3,independent_per_curve_GPR,1.0637442758310631,0.736724804864762,0.32701947096630113,323.15,30.0,4,190.0
10.1149/1.1403730,3,independent_per_curve_GPR,0.9795050167942484,0.8216299629150995,0.1578750538791489,323.15,20.0,4,190.0
10.1149/1.1403730,3,independent_per_curve_GPR,0.9357471147862473,0.819311632469455,0.11643548231679224,303.15,10.0,4,190.0
10.1149/1.1403730,3,independent_per_curve_GPR,1.1133702782571115,1.0326058561159492,0.0807644221411623,333.15,10.0,4,190.0
10.1149/1.1403730,3,independent_per_curve_GPR,1.1495416702532648,1.0464394930092207,0.10310217724404414,333.15,10.0,4,190.0
10.1149/1.1403730,3,independent_per_curve_GPR,1.0881867322837973,1.008910837491303,0.0792758947924943,333.15,10.0,4,190.0
10.1149/1.1403730,3,independent_per_curve_GPR,0.8102965401819202,0.5991470920423119,0.21114944813960834,283.15,10.0,4,190.0
10.1149/1.1403730,3,independent_per_curve_GPR,1.1103010465768837,0.8547812036367901,0.25551984294009356,323.15,20.0,4,190.0
10.1149/1.1403730,3,independent_per_curve_GPR,1.161567632070253,0.9115282317802811,0.25003940028997196,333.15,20.0,4,190.0
10.1149/1.1403730,3,independent_per_curve_GPR,1.1103010465768837,1.0090275526664543,0.10127349391042939,323.15,10.0,4,190.0
10.1149/1.1403730,3,independent_per_curve_GPR,1.1362197471349145,0.6417014723464498,0.49451827478846466,333.15,40.0,4,190.0
10.1149/1.1403730,3,independent_per_curve_GPR,1.0308765666646702,0.16491704777676067,0.8659595188879096,313.15,40.0,4,190.0
10.1149/1.1403730,3,independent_per_curve_GPR,1.0867343840878274,1.006691216454767,0.08004316763306041,323.15,10.0,4,190.0
10.1149/1.1403730,3,independent_per_curve_GPR,1.0649831338524929,0.8240840672065689,0.24089906664592398,313.15,20.0,4,190.0
10.1149/1.1403730,3,independent_per_curve_GPR,1.1373318975261975,0.8560936749613833,0.2812382225648141,323.15,20.0,4,190.0
10.1149/1.1403730,3,independent_per_curve_GPR,0.8855992548137605,0.7047231872492381,0.18087606756452235,293.15,10.0,4,190.0
10.1149/1.1403730,3,independent_per_curve_GPR,1.1373318975261975,1.0300930921173097,0.10723880540888775,323.15,10.0,4,190.0
10.1149/1.1403730,3,independent_per_curve_GPR,1.1735440699907078,1.0629774813724637,0.11056658861824409,333.15,10.0,4,190.0
10.1149/1.1403730,3,independent_per_curve_GPR,1.0689620807711522,0.5322631694190896,0.5366989113520626,323.15,40.0,4,190.0
10.1149/1.1403730,3,independent_per_curve_GPR,1.0779169235526296,0.6171236100236166,0.460793313529013,313.15,30.0,4,190.0
10.1149/1.1403730,3,independent_per_curve_GPR,1.2165648021347188,1.1437192964738425,0.07284550566087633,333.15,10.0,4,190.0
10.1149/1.1403730,3,independent_per_curve_GPR,1.211939683924411,0.6397351390609701,0.5722045448634409,333.15,50.0,4,190.0
10.1149/1.1403730,3,independent_per_curve_GPR,1.1977612382746659,1.0827753800133617,0.11498585826130414,333.15,10.0,4,190.0
10.1149/1.1403730,3,independent_per_curve_GPR,1.0240654319019562,0.8572197143086145,0.16684571759334166,313.15,10.0,4,190.0
10.1149/1.1403730,3,independent_per_curve_GPR,1.1543461114692786,1.0428427667842572,0.11150334468502132,323.15,10.0,4,190.0
10.1149/1.1403730,3,independent_per_curve_GPR,1.1511488371246015,1.04421892927637,0.10692990784823153,323.15,10.0,4,190.0
10.1149/1.1403730,3,independent_per_curve_GPR,1.0571705559770066,0.9381786563765155,0.11899189960049106,313.15,10.0,4,190.0
10.1149/1.1403730,3,independent_per_curve_GPR,1.022629746394897,0.7687078098663972,0.2539219365284998,313.15,20.0,4,190.0
10.1149/1.1403730,3,independent_per_curve_GPR,1.1359088703488327,0.9217352844720269,0.2141735858768058,323.15,20.0,4,190.0
10.1149/1.1403730,3,independent_per_curve_GPR,1.0624507973305375,0.6816732683231894,0.38077752900734807,323.15,20.0,4,190.0
10.1149/1.1403730,4,nested_budget_router,0.9153244434315747,0.9109477697022952,0.004376673729279523,323.15,10.0,4,160.0
10.1149/1.1403730,4,nested_budget_router,0.9088423158988924,0.8959799796345619,0.012862336264330532,313.15,40.0,4,160.0
10.1149/1.1403730,4,nested_budget_router,1.0438673041739177,1.0439469493856048,7.964521168712935e-05,333.15,20.0,4,160.0
10.1149/1.1403730,4,nested_budget_router,1.001156577344322,1.0004336753040661,0.000722902040255935,323.15,20.0,4,160.0
10.1149/1.1403730,4,nested_budget_router,1.0750252864330636,1.0829824631755838,0.007957176742520167,333.15,20.0,4,160.0
10.1149/1.1403730,4,nested_budget_router,1.0637442758310631,1.078542664477711,0.014798388646647842,323.15,30.0,4,160.0
10.1149/1.1403730,4,nested_budget_router,0.9795050167942484,0.9724132945131007,0.007091722281147739,323.15,20.0,4,160.0
10.1149/1.1403730,4,nested_budget_router,0.9357471147862473,0.9349827313178712,0.0007643834683760398,303.15,10.0,4,160.0
10.1149/1.1403730,4,nested_budget_router,1.1133702782571115,1.114155347848599,0.0007850695914874972,333.15,10.0,4,160.0
10.1149/1.1403730,4,nested_budget_router,1.1495416702532648,1.1553800390944862,0.005838368841221353,333.15,10.0,4,160.0
10.1149/1.1403730,4,nested_budget_router,1.1103010465768837,1.1218692489714301,0.011568202394546478,323.15,20.0,4,160.0
10.1149/1.1403730,4,nested_budget_router,1.161567632070253,1.1773145559676896,0.015746923897436593,333.15,20.0,4,160.0
10.1149/1.1403730,4,nested_budget_router,1.1103010465768837,1.1157598113107459,0.005458764733862198,323.15,10.0,4,160.0
10.1149/1.1403730,4,nested_budget_router,1.0867343840878274,1.0861681807698431,0.0005662033179842929,323.15,10.0,4,160.0
10.1149/1.1403730,4,nested_budget_router,1.1373318975261975,1.1443509467933164,0.0070190492671189375,323.15,20.0,4,160.0
10.1149/1.1403730,4,nested_budget_router,1.2165648021347188,1.2256514716601852,0.009086669525466329,333.15,10.0,4,160.0
10.1149/1.1403730,4,nested_budget_router,1.211939683924411,1.240707040238241,0.028767356313829984,333.15,50.0,4,160.0
10.1149/1.1403730,4,nested_budget_router,1.1977612382746659,1.2177528419837425,0.0199916037090766,333.15,10.0,4,160.0
10.1149/1.1403730,4,nested_budget_router,1.1543461114692786,1.1588900364400854,0.004543924970806801,323.15,10.0,4,160.0
10.1149/1.1403730,4,VFT,0.9153244434315747,0.9109477697022952,0.004376673729279523,323.15,10.0,4,160.0
10.1149/1.1403730,4,VFT,0.9088423158988924,0.8959799796345619,0.012862336264330532,313.15,40.0,4,160.0
10.1149/1.1403730,4,VFT,1.0438673041739177,1.0439469493856048,7.964521168712935e-05,333.15,20.0,4,160.0
10.1149/1.1403730,4,VFT,1.001156577344322,1.0004336753040661,0.000722902040255935,323.15,20.0,4,160.0
10.1149/1.1403730,4,VFT,1.0750252864330636,1.0829824631755838,0.007957176742520167,333.15,20.0,4,160.0
10.1149/1.1403730,4,VFT,1.0637442758310631,1.078542664477711,0.014798388646647842,323.15,30.0,4,160.0
10.1149/1.1403730,4,VFT,0.9795050167942484,0.9724132945131007,0.007091722281147739,323.15,20.0,4,160.0
10.1149/1.1403730,4,VFT,0.9357471147862473,0.9349827313178712,0.0007643834683760398,303.15,10.0,4,160.0
10.1149/1.1403730,4,VFT,1.1133702782571115,1.114155347848599,0.0007850695914874972,333.15,10.0,4,160.0
10.1149/1.1403730,4,VFT,1.1495416702532648,1.1553800390944862,0.005838368841221353,333.15,10.0,4,160.0
10.1149/1.1403730,4,VFT,1.1103010465768837,1.1218692489714301,0.011568202394546478,323.15,20.0,4,160.0
10.1149/1.1403730,4,VFT,1.161567632070253,1.1773145559676896,0.015746923897436593,333.15,20.0,4,160.0
10.1149/1.1403730,4,VFT,1.1103010465768837,1.1157598113107459,0.005458764733862198,323.15,10.0,4,160.0
10.1149/1.1403730,4,VFT,1.0867343840878274,1.0861681807698431,0.0005662033179842929,323.15,10.0,4,160.0
10.1149/1.1403730,4,VFT,1.1373318975261975,1.1443509467933164,0.0070190492671189375,323.15,20.0,4,160.0
10.1149/1.1403730,4,VFT,1.2165648021347188,1.2256514716601852,0.009086669525466329,333.15,10.0,4,160.0
10.1149/1.1403730,4,VFT,1.211939683924411,1.240707040238241,0.028767356313829984,333.15,50.0,4,160.0
10.1149/1.1403730,4,VFT,1.1977612382746659,1.2177528419837425,0.0199916037090766,333.15,10.0,4,160.0
10.1149/1.1403730,4,VFT,1.1543461114692786,1.1588900364400854,0.004543924970806801,323.15,10.0,4,160.0
10.1149/1.1403730,4,independent_per_curve_GPR,0.9153244434315747,0.851841541224834,0.06348290220674069,323.15,10.0,4,160.0
10.1149/1.1403730,4,independent_per_curve_GPR,0.9088423158988924,0.35624070428127036,0.552601611617622,313.15,40.0,4,160.0
10.1149/1.1403730,4,independent_per_curve_GPR,1.0438673041739177,0.8646799021461467,0.17918740202777106,333.15,20.0,4,160.0
10.1149/1.1403730,4,independent_per_curve_GPR,1.001156577344322,0.7805994517391744,0.22055712560514762,323.15,20.0,4,160.0
10.1149/1.1403730,4,independent_per_curve_GPR,1.0750252864330636,0.8820611104954303,0.19296417593763326,333.15,20.0,4,160.0
10.1149/1.1403730,4,independent_per_curve_GPR,1.0637442758310631,0.6781880879495978,0.3855561878814653,323.15,30.0,4,160.0
10.1149/1.1403730,4,independent_per_curve_GPR,0.9795050167942484,0.8044672637502758,0.17503775304397262,323.15,20.0,4,160.0
10.1149/1.1403730,4,independent_per_curve_GPR,0.9357471147862473,0.8169367865218393,0.11881032826440796,303.15,10.0,4,160.0
10.1149/1.1403730,4,independent_per_curve_GPR,1.1133702782571115,1.0292674823348877,0.0841027959222238,333.15,10.0,4,160.0
10.1149/1.1403730,4,independent_per_curve_GPR,1.1495416702532648,1.0446235426945178,0.10491812755874697,333.15,10.0,4,160.0
10.1149/1.1403730,4,independent_per_curve_GPR,1.1103010465768837,0.8259217244956705,0.2843793220812132,323.15,20.0,4,160.0
10.1149/1.1403730,4,independent_per_curve_GPR,1.161567632070253,0.8872435334815221,0.27432409858873097,333.15,20.0,4,160.0
10.1149/1.1403730,4,independent_per_curve_GPR,1.1103010465768837,1.0291405121097863,0.08116053446709737,323.15,10.0,4,160.0
10.1149/1.1403730,4,independent_per_curve_GPR,1.0867343840878274,1.0072271654132465,0.07950721867458088,323.15,10.0,4,160.0
10.1149/1.1403730,4,independent_per_curve_GPR,1.1373318975261975,0.8229395745549939,0.31439232297120356,323.15,20.0,4,160.0
10.1149/1.1403730,4,independent_per_curve_GPR,1.2165648021347188,1.1458342088098559,0.07073059332486298,333.15,10.0,4,160.0
10.1149/1.1403730,4,independent_per_curve_GPR,1.211939683924411,0.49326540978999267,0.7186742741344183,333.15,50.0,4,160.0
10.1149/1.1403730,4,independent_per_curve_GPR,1.1977612382746659,1.0781313118189513,0.11962992645571457,333.15,10.0,4,160.0
10.1149/1.1403730,4,independent_per_curve_GPR,1.1543461114692786,1.0475515739083527,0.10679453756092583,323.15,10.0,4,160.0
10.1149/1.1403730,5,nested_budget_router,0.9153244434315747,0.9384977163647814,0.0231732729332067,323.15,10.0,4,160.0
10.1149/1.1403730,5,nested_budget_router,1.001156577344322,1.0028938915232253,0.0017373141789032154,323.15,20.0,4,160.0
10.1149/1.1403730,5,nested_budget_router,1.0750252864330636,1.076632553371853,0.0016072669387894312,333.15,20.0,4,160.0
10.1149/1.1403730,5,nested_budget_router,1.0637442758310631,1.0864898322834289,0.022745556452365756,323.15,30.0,4,160.0
10.1149/1.1403730,5,nested_budget_router,0.9357471147862473,0.9306614118738061,0.005085702912441148,303.15,10.0,4,160.0
10.1149/1.1403730,5,nested_budget_router,1.1133702782571115,1.1154571672148874,0.0020868889577758676,333.15,10.0,4,160.0
10.1149/1.1403730,5,nested_budget_router,1.1495416702532648,1.1606263169363058,0.011084646683040988,333.15,10.0,4,160.0
10.1149/1.1403730,5,nested_budget_router,1.0867343840878274,1.0880307304616674,0.0012963463738400183,323.15,10.0,4,160.0
10.1149/1.1403730,5,nested_budget_router,1.1543461114692786,1.1590889582624837,0.0047428467932051355,323.15,10.0,4,160.0
10.1149/1.1403730,5,VFT,0.9153244434315747,0.9384977163647814,0.0231732729332067,323.15,10.0,4,160.0
10.1149/1.1403730,5,VFT,1.001156577344322,1.0028938915232253,0.0017373141789032154,323.15,20.0,4,160.0
10.1149/1.1403730,5,VFT,1.0750252864330636,1.076632553371853,0.0016072669387894312,333.15,20.0,4,160.0
10.1149/1.1403730,5,VFT,1.0637442758310631,1.0864898322834289,0.022745556452365756,323.15,30.0,4,160.0
10.1149/1.1403730,5,VFT,0.9357471147862473,0.9306614118738061,0.005085702912441148,303.15,10.0,4,160.0
10.1149/1.1403730,5,VFT,1.1133702782571115,1.1154571672148874,0.0020868889577758676,333.15,10.0,4,160.0
10.1149/1.1403730,5,VFT,1.1495416702532648,1.1606263169363058,0.011084646683040988,333.15,10.0,4,160.0
10.1149/1.1403730,5,VFT,1.0867343840878274,1.0880307304616674,0.0012963463738400183,323.15,10.0,4,160.0
10.1149/1.1403730,5,VFT,1.1543461114692786,1.1590889582624837,0.0047428467932051355,323.15,10.0,4,160.0
10.1149/1.1403730,5,independent_per_curve_GPR,0.9153244434315747,0.8563015456239366,0.05902289780763814,323.15,10.0,4,160.0
10.1149/1.1403730,5,independent_per_curve_GPR,1.001156577344322,0.7678241628471278,0.23333241449719422,323.15,20.0,4,160.0
10.1149/1.1403730,5,independent_per_curve_GPR,1.0750252864330636,0.8742569010392673,0.20076838539379627,333.15,20.0,4,160.0
10.1149/1.1403730,5,independent_per_curve_GPR,1.0637442758310631,0.6225919678607025,0.44115230797036065,323.15,30.0,4,160.0
10.1149/1.1403730,5,independent_per_curve_GPR,0.9357471147862473,0.8399762897620997,0.09577082502414758,303.15,10.0,4,160.0
10.1149/1.1403730,5,independent_per_curve_GPR,1.1133702782571115,1.0253842240705124,0.0879860541865991,333.15,10.0,4,160.0
10.1149/1.1403730,5,independent_per_curve_GPR,1.1495416702532648,1.0563231620845526,0.09321850816871224,333.15,10.0,4,160.0
10.1149/1.1403730,5,independent_per_curve_GPR,1.0867343840878274,1.0121169718655103,0.0746174122223171,323.15,10.0,4,160.0
10.1149/1.1403730,5,independent_per_curve_GPR,1.1543461114692786,1.0420384271256407,0.11230768434363791,323.15,10.0,4,160.0
10.1149/1.1466857,3,nested_budget_router,0.6253926358291094,0.6380143287358749,0.012621692906765514,333.15,9.859154899999965,4,180.0
10.1149/1.1466857,3,VFT,0.6253926358291094,0.6354802823425834,0.010087646513473936,333.15,9.859154899999965,4,180.0
10.1149/1.1466857,3,independent_per_curve_GPR,0.6253926358291094,0.5647316668213954,0.060660969007714005,333.15,9.859154899999965,4,180.0
10.1149/1.1466857,4,nested_budget_router,0.6253926358291094,0.6445846038247269,0.01919196799561751,333.15,9.859154899999965,4,160.0
10.1149/1.1466857,4,VFT,0.6253926358291094,0.6445846038247269,0.01919196799561751,333.15,9.859154899999965,4,160.0
10.1149/1.1466857,4,independent_per_curve_GPR,0.6253926358291094,0.561801420369462,0.06359121545964741,333.15,9.859154899999965,4,160.0
10.1149/1.1466857,5,nested_budget_router,0.6253926358291094,0.6526817725683542,0.027289136739244824,333.15,9.859154899999965,4,160.0
10.1149/1.1466857,5,VFT,0.6253926358291094,0.6526817725683542,0.027289136739244824,333.15,9.859154899999965,4,160.0
10.1149/1.1466857,5,independent_per_curve_GPR,0.6253926358291094,0.5596358836269907,0.06575675220211874,333.15,9.859154899999965,4,160.0
10.1149/1.1513556,3,nested_budget_router,0.8858175206616673,0.8868158511248927,0.0009983304632253942,333.15,10.0,4,190.0
10.1149/1.1513556,3,nested_budget_router,0.760533145803488,0.7642265300696869,0.003693384266198918,313.15,20.0,4,190.0
10.1149/1.1513556,3,nested_budget_router,0.795082414759226,0.8005237486773316,0.005441333918105529,313.15,10.0,4,190.0
10.1149/1.1513556,3,nested_budget_router,0.9502397670021827,0.9453290264008444,0.004910740601338337,333.15,10.0,4,190.0
10.1149/1.1513556,3,nested_budget_router,0.9694672099871865,0.9623624968661739,0.007104713121012574,333.15,20.0,4,190.0
10.1149/1.1513556,3,nested_budget_router,0.9060680179892218,0.9397243688597052,0.033656350870483465,323.15,30.0,4,190.0
10.1149/1.1513556,3,nested_budget_router,0.9804412210445551,1.0089136909411864,0.028472469896631325,333.15,30.0,4,190.0
10.1149/1.1513556,3,nested_budget_router,0.9821051865802519,0.9853975766543289,0.0032923900740770007,333.15,20.0,4,190.0
10.1149/1.1513556,3,nested_budget_router,0.7899427751358211,0.7905371622312967,0.0005943870954755459,313.15,20.0,4,190.0
10.1149/1.1513556,3,nested_budget_router,0.9555686005013104,0.9773180602435512,0.02174945974224074,333.15,30.0,4,190.0
10.1149/1.1513556,3,nested_budget_router,0.6769032618062861,0.6267385055803737,0.05016475622591243,313.15,30.0,4,190.0
10.1149/1.1513556,3,VFT,0.8858175206616673,0.8780550113531829,0.007762509308484433,333.15,10.0,4,190.0
10.1149/1.1513556,3,VFT,0.760533145803488,0.7365589232431788,0.023974222560309122,313.15,20.0,4,190.0
10.1149/1.1513556,3,VFT,0.795082414759226,0.7835211615596512,0.011561253199574795,313.15,10.0,4,190.0
10.1149/1.1513556,3,VFT,0.9502397670021827,0.9450041998559373,0.005235567146245401,333.15,10.0,4,190.0
10.1149/1.1513556,3,VFT,0.9694672099871865,0.9569716692265151,0.012495540760671386,333.15,20.0,4,190.0
10.1149/1.1513556,3,VFT,0.9060680179892218,0.8698713520645404,0.036196665924681404,323.15,30.0,4,190.0
10.1149/1.1513556,3,VFT,0.9804412210445551,0.9556447289069507,0.024796492137604376,333.15,30.0,4,190.0
10.1149/1.1513556,3,VFT,0.9821051865802519,0.9735470759830533,0.008558110597198576,333.15,20.0,4,190.0
10.1149/1.1513556,3,VFT,0.7899427751358211,0.7686731723565616,0.02126960277925949,313.15,20.0,4,190.0
10.1149/1.1513556,3,VFT,0.9555686005013104,0.9161184225015314,0.03945017799977901,333.15,30.0,4,190.0
10.1149/1.1513556,3,VFT,0.6769032618062861,0.6376514855727551,0.039251776233531044,313.15,30.0,4,190.0
10.1149/1.1513556,3,independent_per_curve_GPR,0.8858175206616673,0.7912576818505758,0.09455983881109153,333.15,10.0,4,190.0
10.1149/1.1513556,3,independent_per_curve_GPR,0.760533145803488,0.45044569171994353,0.31008745408354443,313.15,20.0,4,190.0
10.1149/1.1513556,3,independent_per_curve_GPR,0.795082414759226,0.6879727697341802,0.10710964502504583,313.15,10.0,4,190.0
10.1149/1.1513556,3,independent_per_curve_GPR,0.9502397670021827,0.8537932962223566,0.09644647077982615,333.15,10.0,4,190.0
10.1149/1.1513556,3,independent_per_curve_GPR,0.9694672099871865,0.7401003160169701,0.22936689397021637,333.15,20.0,4,190.0
10.1149/1.1513556,3,independent_per_curve_GPR,0.9060680179892218,0.37831727365136164,0.5277507443378602,323.15,30.0,4,190.0
10.1149/1.1513556,3,independent_per_curve_GPR,0.9804412210445551,0.5081901950903557,0.47225102595419943,333.15,30.0,4,190.0
10.1149/1.1513556,3,independent_per_curve_GPR,0.9821051865802519,0.731966817914338,0.2501383686659139,333.15,20.0,4,190.0
10.1149/1.1513556,3,independent_per_curve_GPR,0.7899427751358211,0.3934307057332364,0.3965120694025847,313.15,20.0,4,190.0
10.1149/1.1513556,3,independent_per_curve_GPR,0.9555686005013104,0.3626298991689124,0.592938701332398,333.15,30.0,4,190.0
10.1149/1.1513556,3,independent_per_curve_GPR,0.6769032618062861,-0.013087776904821108,0.6899910387111072,313.15,30.0,4,190.0
10.1149/1.1513556,4,nested_budget_router,0.8858175206616673,0.88465798337924,0.0011595372824273475,333.15,10.0,4,160.0
10.1149/1.1513556,4,nested_budget_router,0.795082414759226,0.7953775250101387,0.00029511025091266685,313.15,10.0,4,160.0
10.1149/1.1513556,4,nested_budget_router,0.9502397670021827,0.9506699460247017,0.0004301790225189617,333.15,10.0,4,160.0
10.1149/1.1513556,4,nested_budget_router,0.9694672099871865,0.9702939683136116,0.0008267583264250922,333.15,20.0,4,160.0
10.1149/1.1513556,4,nested_budget_router,0.9804412210445551,0.9838805925948257,0.0034393715502706312,333.15,30.0,4,160.0
10.1149/1.1513556,4,nested_budget_router,0.9821051865802519,0.9928408749220174,0.010735688341765526,333.15,20.0,4,160.0
10.1149/1.1513556,4,nested_budget_router,0.7899427751358211,0.8087794300349722,0.018836654899151095,313.15,20.0,4,160.0
10.1149/1.1513556,4,nested_budget_router,0.6769032618062861,0.624552277992436,0.05235098381385017,313.15,30.0,4,160.0
10.1149/1.1513556,4,VFT,0.8858175206616673,0.88465798337924,0.0011595372824273475,333.15,10.0,4,160.0
10.1149/1.1513556,4,VFT,0.795082414759226,0.7953775250101387,0.00029511025091266685,313.15,10.0,4,160.0
10.1149/1.1513556,4,VFT,0.9502397670021827,0.9506699460247017,0.0004301790225189617,333.15,10.0,4,160.0
10.1149/1.1513556,4,VFT,0.9694672099871865,0.9702939683136116,0.0008267583264250922,333.15,20.0,4,160.0
10.1149/1.1513556,4,VFT,0.9804412210445551,0.9838805925948257,0.0034393715502706312,333.15,30.0,4,160.0
10.1149/1.1513556,4,VFT,0.9821051865802519,0.9928408749220174,0.010735688341765526,333.15,20.0,4,160.0
10.1149/1.1513556,4,VFT,0.7899427751358211,0.8087794300349722,0.018836654899151095,313.15,20.0,4,160.0
10.1149/1.1513556,4,VFT,0.6769032618062861,0.624552277992436,0.05235098381385017,313.15,30.0,4,160.0
10.1149/1.1513556,4,independent_per_curve_GPR,0.8858175206616673,0.8014629338380382,0.08435458682362906,333.15,10.0,4,160.0
10.1149/1.1513556,4,independent_per_curve_GPR,0.795082414759226,0.69316823446954,0.10191418028968602,313.15,10.0,4,160.0
10.1149/1.1513556,4,independent_per_curve_GPR,0.9502397670021827,0.8526621827780376,0.09757758422414509,333.15,10.0,4,160.0
10.1149/1.1513556,4,independent_per_curve_GPR,0.9694672099871865,0.7159557136336299,0.25351149635355663,333.15,20.0,4,160.0
10.1149/1.1513556,4,independent_per_curve_GPR,0.9804412210445551,0.4336925684356049,0.5467486526089502,333.15,30.0,4,160.0
10.1149/1.1513556,4,independent_per_curve_GPR,0.9821051865802519,0.7149213746142791,0.26718381196597285,333.15,20.0,4,160.0
10.1149/1.1513556,4,independent_per_curve_GPR,0.7899427751358211,0.3572033142618474,0.4327394608739737,313.15,20.0,4,160.0
10.1149/1.1513556,4,independent_per_curve_GPR,0.6769032618062861,-0.11397464081033427,0.7908779026166204,313.15,30.0,4,160.0
10.1149/1.1513556,5,nested_budget_router,0.8858175206616673,0.885123382373231,0.0006941382884363412,333.15,10.0,4,160.0
10.1149/1.1513556,5,nested_budget_router,0.9502397670021827,0.9512437873727391,0.0010040203705563577,333.15,10.0,4,160.0
10.1149/1.1513556,5,nested_budget_router,0.9694672099871865,0.975752080150085,0.0062848701628984704,333.15,20.0,4,160.0
10.1149/1.1513556,5,nested_budget_router,0.9821051865802519,0.9929588613067735,0.010853674726521545,333.15,20.0,4,160.0
10.1149/1.1513556,5,VFT,0.8858175206616673,0.885123382373231,0.0006941382884363412,333.15,10.0,4,160.0
10.1149/1.1513556,5,VFT,0.9502397670021827,0.9512437873727391,0.0010040203705563577,333.15,10.0,4,160.0
10.1149/1.1513556,5,VFT,0.9694672099871865,0.975752080150085,0.0062848701628984704,333.15,20.0,4,160.0
10.1149/1.1513556,5,VFT,0.9821051865802519,0.9929588613067735,0.010853674726521545,333.15,20.0,4,160.0
10.1149/1.1513556,5,independent_per_curve_GPR,0.8858175206616673,0.7930269991699102,0.09279052149175715,333.15,10.0,4,160.0
10.1149/1.1513556,5,independent_per_curve_GPR,0.9502397670021827,0.8568594602980771,0.09338030670410558,333.15,10.0,4,160.0
10.1149/1.1513556,5,independent_per_curve_GPR,0.9694672099871865,0.7172712591369352,0.25219595085025126,333.15,20.0,4,160.0
10.1149/1.1513556,5,independent_per_curve_GPR,0.9821051865802519,0.693928176406091,0.288177010174161,333.15,20.0,4,160.0
10.1149/1.1527939,3,nested_budget_router,0.4733333332990731,0.47224225057441077,0.0010910827246623511,387.5192442,4.8263357000000155,4,180.0
10.1149/1.1527939,3,nested_budget_router,1.2533333332423695,1.2469228910638668,0.006410442178502729,386.9724539,5.186005000000023,4,180.0
10.1149/1.1527939,3,nested_budget_router,1.1200000001461399,1.1193514230965664,0.00064857704957344,386.7281222,4.011301399999979,4,180.0
10.1149/1.1527939,3,nested_budget_router,0.8399999999881127,0.8493534151859569,0.009353415197844162,334.2610784,4.4812905,4,180.0
10.1149/1.1527939,3,nested_budget_router,-0.06086527366936826,-0.16331514115996848,0.10244986749060023,436.6553973,4.490806500000019,4,180.0
10.1149/1.1527939,3,nested_budget_router,0.606678730063689,0.595035311125046,0.011643418938642958,477.4233746,3.7842721999999753,4,180.0
10.1149/1.1527939,3,nested_budget_router,0.5836486264695625,0.5739427795780397,0.009705846891522762,411.8638096,5.049440300000015,4,180.0
10.1149/1.1527939,3,nested_budget_router,0.8381312715847568,0.8264033095945861,0.011727961990170677,404.7809296,3.8091165999999816,4,180.0
10.1149/1.1527939,3,nested_budget_router,1.0126665568733408,0.9779790423207402,0.03468751455260066,394.7539309,3.6269396000000143,4,180.0
10.1149/1.1527939,3,nested_budget_router,0.40368481654417127,0.41731950497520803,0.013634688431036768,383.3493088,4.8406789,4,180.0
10.1149/1.1527939,3,nested_budget_router,0.9670998519604727,0.9785259295312188,0.011426077570746096,376.4055612,5.5901210000000106,4,180.0
10.1149/1.1527939,3,nested_budget_router,0.8503639733481451,0.8440156109623402,0.006348362385804829,331.2374819,3.960438399999987,4,180.0
10.1149/1.1527939,3,nested_budget_router,1.0692398497847229,1.059846003803824,0.009393845980898874,326.200598,6.103308900000002,4,180.0
10.1149/1.1527939,3,nested_budget_router,1.160220247809335,1.1640297902369008,0.003809542427565704,330.9207373,6.281017700000007,4,180.0
10.1149/1.1527939,3,nested_budget_router,0.8002209579141093,0.8058508464455936,0.005629888531484273,333.7273727,6.0254395000000045,4,180.0
10.1149/1.1527939,3,nested_budget_router,1.069123347667127,1.0629965042992149,0.006126843367912027,333.758078,5.613188400000013,4,180.0
10.1149/1.1527939,3,nested_budget_router,1.2386113279047528,1.2429143449311206,0.004303017026367817,333.6369667,5.270762100000013,4,180.0
10.1149/1.1527939,3,nested_budget_router,1.2933376093576872,1.2884821718857329,0.0048554374719542714,332.5300914,4.1963590000000295,4,180.0
10.1149/1.1527939,3,nested_budget_router,1.1828147358033385,1.180980857352666,0.0018338784506726213,333.3333333,5.46448079999999,4,180.0
10.1149/1.1527939,3,nested_budget_router,1.3611537174400128,1.3645545196743645,0.0034008022343516853,333.1928691,4.90061959999997,4,180.0
10.1149/1.1527939,3,VFT,0.4733333332990731,0.4728449726175733,0.000488360681499822,387.5192442,4.8263357000000155,4,180.0
10.1149/1.1527939,3,VFT,1.2533333332423695,1.2527633191643381,0.0005700140780313667,386.9724539,5.186005000000023,4,180.0
10.1149/1.1527939,3,VFT,1.1200000001461399,1.1191060656137624,0.0008939345323775161,386.7281222,4.011301399999979,4,180.0
10.1149/1.1527939,3,VFT,0.8399999999881127,0.851393177215884,0.011393177227771334,334.2610784,4.4812905,4,180.0
10.1149/1.1527939,3,VFT,-0.06086527366936826,-0.05402538055178141,0.00683989311758685,436.6553973,4.490806500000019,4,180.0
10.1149/1.1527939,3,VFT,0.606678730063689,0.5940454241518894,0.012633305911799564,477.4233746,3.7842721999999753,4,180.0
10.1149/1.1527939,3,VFT,0.5836486264695625,0.5778399784241408,0.005808648045421694,411.8638096,5.049440300000015,4,180.0
10.1149/1.1527939,3,VFT,0.8381312715847568,0.8340283807573963,0.004102890827360484,404.7809296,3.8091165999999816,4,180.0
10.1149/1.1527939,3,VFT,1.0126665568733408,0.9869002835479987,0.025766273325342093,394.7539309,3.6269396000000143,4,180.0
10.1149/1.1527939,3,VFT,0.40368481654417127,0.4219519205474038,0.01826710400323256,383.3493088,4.8406789,4,180.0
10.1149/1.1527939,3,VFT,0.9670998519604727,0.986156232979986,0.019056381019513347,376.4055612,5.5901210000000106,4,180.0
10.1149/1.1527939,3,VFT,0.8503639733481451,0.8427409758440625,0.007622997504082574,331.2374819,3.960438399999987,4,180.0
10.1149/1.1527939,3,VFT,1.0692398497847229,1.064459141820367,0.004780707964355813,326.200598,6.103308900000002,4,180.0
10.1149/1.1527939,3,VFT,1.160220247809335,1.1664789399535047,0.006258692144169631,330.9207373,6.281017700000007,4,180.0
10.1149/1.1527939,3,VFT,0.8002209579141093,0.8022991760184205,0.0020782181043111914,333.7273727,6.0254395000000045,4,180.0
10.1149/1.1527939,3,VFT,1.069123347667127,1.0647667011080002,0.004356646559126709,333.758078,5.613188400000013,4,180.0
10.1149/1.1527939,3,VFT,1.2386113279047528,1.2450201177624174,0.006408789857664576,333.6369667,5.270762100000013,4,180.0
10.1149/1.1527939,3,VFT,1.2933376093576872,1.2910899806975797,0.0022476286601074147,332.5300914,4.1963590000000295,4,180.0
10.1149/1.1527939,3,VFT,1.1828147358033385,1.1827542024113136,6.053339202494179e-05,333.3333333,5.46448079999999,4,180.0
10.1149/1.1527939,3,VFT,1.3611537174400128,1.366152501651842,0.00499878421182931,333.1928691,4.90061959999997,4,180.0
10.1149/1.1527939,3,independent_per_curve_GPR,0.4733333332990731,0.4519285688146689,0.021404764484404204,387.5192442,4.8263357000000155,4,180.0
10.1149/1.1527939,3,independent_per_curve_GPR,1.2533333332423695,1.2013313845876838,0.05200194865468566,386.9724539,5.186005000000023,4,180.0
10.1149/1.1527939,3,independent_per_curve_GPR,1.1200000001461399,1.099998003639538,0.020001996506601838,386.7281222,4.011301399999979,4,180.0
10.1149/1.1527939,3,independent_per_curve_GPR,0.8399999999881127,0.7983556234105729,0.04164437657753983,334.2610784,4.4812905,4,180.0
10.1149/1.1527939,3,independent_per_curve_GPR,-0.06086527366936826,-0.28302574623984367,0.22216047257047541,436.6553973,4.490806500000019,4,180.0
10.1149/1.1527939,3,independent_per_curve_GPR,0.606678730063689,0.5820313446285328,0.02464738543515621,477.4233746,3.7842721999999753,4,180.0
10.1149/1.1527939,3,independent_per_curve_GPR,0.5836486264695625,0.5186035363861456,0.06504509008341686,411.8638096,5.049440300000015,4,180.0
10.1149/1.1527939,3,independent_per_curve_GPR,0.8381312715847568,0.7766894737120411,0.06144179787271564,404.7809296,3.8091165999999816,4,180.0
10.1149/1.1527939,3,independent_per_curve_GPR,1.0126665568733408,0.9577340458075464,0.05493251106579444,394.7539309,3.6269396000000143,4,180.0
10.1149/1.1527939,3,independent_per_curve_GPR,0.40368481654417127,0.37717792901991415,0.026506887524257117,383.3493088,4.8406789,4,180.0
10.1149/1.1527939,3,independent_per_curve_GPR,0.9670998519604727,0.9372046820205576,0.029895169939915034,376.4055612,5.5901210000000106,4,180.0
10.1149/1.1527939,3,independent_per_curve_GPR,0.8503639733481451,0.8376646184000343,0.012699354948110808,331.2374819,3.960438399999987,4,180.0
10.1149/1.1527939,3,independent_per_curve_GPR,1.0692398497847229,1.043169803507525,0.02607004627719789,326.200598,6.103308900000002,4,180.0
10.1149/1.1527939,3,independent_per_curve_GPR,1.160220247809335,1.141931548626294,0.0182886991830411,330.9207373,6.281017700000007,4,180.0
10.1149/1.1527939,3,independent_per_curve_GPR,0.8002209579141093,0.796763990792428,0.003456967121681309,333.7273727,6.0254395000000045,4,180.0
10.1149/1.1527939,3,independent_per_curve_GPR,1.069123347667127,1.0497727499143028,0.019350597752824106,333.758078,5.613188400000013,4,180.0
10.1149/1.1527939,3,independent_per_curve_GPR,1.2386113279047528,1.2297474411749303,0.008863886729822523,333.6369667,5.270762100000013,4,180.0
10.1149/1.1527939,3,independent_per_curve_GPR,1.2933376093576872,1.2782268522039502,0.015110757153736998,332.5300914,4.1963590000000295,4,180.0
10.1149/1.1527939,3,independent_per_curve_GPR,1.1828147358033385,1.1629033595695653,0.01991137623377326,333.3333333,5.46448079999999,4,180.0
10.1149/1.1527939,3,independent_per_curve_GPR,1.3611537174400128,1.329282647115093,0.03187107032491987,333.1928691,4.90061959999997,4,180.0
10.1149/1.1527939,4,nested_budget_router,0.4733333332990731,0.475450762208963,0.0021174289098898624,387.5192442,4.8263357000000155,4,160.0
10.1149/1.1527939,4,nested_budget_router,1.2533333332423695,1.2602582535660327,0.006924920323663208,386.9724539,5.186005000000023,4,160.0
10.1149/1.1527939,4,nested_budget_router,1.1200000001461399,1.1180360368529085,0.001963963293231341,386.7281222,4.011301399999979,4,160.0
10.1149/1.1527939,4,nested_budget_router,0.8399999999881127,0.8520016781135946,0.012001678125481918,334.2610784,4.4812905,4,160.0
10.1149/1.1527939,4,nested_budget_router,-0.06086527366936826,-0.008574649870894291,0.05229062379847397,436.6553973,4.490806500000019,4,160.0
10.1149/1.1527939,4,nested_budget_router,0.606678730063689,0.5992473365265013,0.007431393537187692,477.4233746,3.7842721999999753,4,160.0
10.1149/1.1527939,4,nested_budget_router,0.5836486264695625,0.5799457720553902,0.0037028544141722852,411.8638096,5.049440300000015,4,160.0
10.1149/1.1527939,4,nested_budget_router,0.8381312715847568,0.8301233624422322,0.008007909142524583,404.7809296,3.8091165999999816,4,160.0
10.1149/1.1527939,4,nested_budget_router,1.0126665568733408,0.9909296830298954,0.02173687384344547,394.7539309,3.6269396000000143,4,160.0
10.1149/1.1527939,4,nested_budget_router,0.40368481654417127,0.42187347956234134,0.01818866301817007,383.3493088,4.8406789,4,160.0
10.1149/1.1527939,4,nested_budget_router,0.9670998519604727,0.987028018689214,0.019928166728741314,376.4055612,5.5901210000000106,4,160.0
10.1149/1.1527939,4,nested_budget_router,0.8503639733481451,0.8433656396510929,0.0069983336970521615,331.2374819,3.960438399999987,4,160.0
10.1149/1.1527939,4,nested_budget_router,1.0692398497847229,1.0651740940332886,0.004065755751434308,326.200598,6.103308900000002,4,160.0
10.1149/1.1527939,4,nested_budget_router,1.160220247809335,1.1658861555380522,0.005665907728717112,330.9207373,6.281017700000007,4,160.0
10.1149/1.1527939,4,nested_budget_router,0.8002209579141093,0.8050209241381026,0.004799966223993257,333.7273727,6.0254395000000045,4,160.0
10.1149/1.1527939,4,nested_budget_router,1.069123347667127,1.0709564931670459,0.0018331454999189756,333.758078,5.613188400000013,4,160.0
10.1149/1.1527939,4,nested_budget_router,1.2386113279047528,1.2477144095050559,0.009103081600303042,333.6369667,5.270762100000013,4,160.0
10.1149/1.1527939,4,nested_budget_router,1.2933376093576872,1.2980029246679385,0.004665315310251383,332.5300914,4.1963590000000295,4,160.0
10.1149/1.1527939,4,nested_budget_router,1.1828147358033385,1.1829920445355626,0.00017730873222410182,333.3333333,5.46448079999999,4,160.0
10.1149/1.1527939,4,nested_budget_router,1.3611537174400128,1.36062125156215,0.0005324658778627089,333.1928691,4.90061959999997,4,160.0
10.1149/1.1527939,4,VFT,0.4733333332990731,0.475450762208963,0.0021174289098898624,387.5192442,4.8263357000000155,4,160.0
10.1149/1.1527939,4,VFT,1.2533333332423695,1.2602582535660327,0.006924920323663208,386.9724539,5.186005000000023,4,160.0
10.1149/1.1527939,4,VFT,1.1200000001461399,1.1180360368529085,0.001963963293231341,386.7281222,4.011301399999979,4,160.0
10.1149/1.1527939,4,VFT,0.8399999999881127,0.8520016781135946,0.012001678125481918,334.2610784,4.4812905,4,160.0
10.1149/1.1527939,4,VFT,-0.06086527366936826,-0.008574649870894291,0.05229062379847397,436.6553973,4.490806500000019,4,160.0
10.1149/1.1527939,4,VFT,0.606678730063689,0.5992473365265013,0.007431393537187692,477.4233746,3.7842721999999753,4,160.0
10.1149/1.1527939,4,VFT,0.5836486264695625,0.5799457720553902,0.0037028544141722852,411.8638096,5.049440300000015,4,160.0
10.1149/1.1527939,4,VFT,0.8381312715847568,0.8301233624422322,0.008007909142524583,404.7809296,3.8091165999999816,4,160.0
10.1149/1.1527939,4,VFT,1.0126665568733408,0.9909296830298954,0.02173687384344547,394.7539309,3.6269396000000143,4,160.0
10.1149/1.1527939,4,VFT,0.40368481654417127,0.42187347956234134,0.01818866301817007,383.3493088,4.8406789,4,160.0
10.1149/1.1527939,4,VFT,0.9670998519604727,0.987028018689214,0.019928166728741314,376.4055612,5.5901210000000106,4,160.0
10.1149/1.1527939,4,VFT,0.8503639733481451,0.8433656396510929,0.0069983336970521615,331.2374819,3.960438399999987,4,160.0
10.1149/1.1527939,4,VFT,1.0692398497847229,1.0651740940332886,0.004065755751434308,326.200598,6.103308900000002,4,160.0
10.1149/1.1527939,4,VFT,1.160220247809335,1.1658861555380522,0.005665907728717112,330.9207373,6.281017700000007,4,160.0
10.1149/1.1527939,4,VFT,0.8002209579141093,0.8050209241381026,0.004799966223993257,333.7273727,6.0254395000000045,4,160.0
10.1149/1.1527939,4,VFT,1.069123347667127,1.0709564931670459,0.0018331454999189756,333.758078,5.613188400000013,4,160.0
10.1149/1.1527939,4,VFT,1.2386113279047528,1.2477144095050559,0.009103081600303042,333.6369667,5.270762100000013,4,160.0
10.1149/1.1527939,4,VFT,1.2933376093576872,1.2980029246679385,0.004665315310251383,332.5300914,4.1963590000000295,4,160.0
10.1149/1.1527939,4,VFT,1.1828147358033385,1.1829920445355626,0.00017730873222410182,333.3333333,5.46448079999999,4,160.0
10.1149/1.1527939,4,VFT,1.3611537174400128,1.36062125156215,0.0005324658778627089,333.1928691,4.90061959999997,4,160.0
10.1149/1.1527939,4,independent_per_curve_GPR,0.4733333332990731,0.4515295195617148,0.021803813737358346,387.5192442,4.8263357000000155,4,160.0
10.1149/1.1527939,4,independent_per_curve_GPR,1.2533333332423695,1.1984645571909898,0.05486877605137974,386.9724539,5.186005000000023,4,160.0
10.1149/1.1527939,4,independent_per_curve_GPR,1.1200000001461399,1.100596352034613,0.01940364811152695,386.7281222,4.011301399999979,4,160.0
10.1149/1.1527939,4,independent_per_curve_GPR,0.8399999999881127,0.7988266608663878,0.04117333912172494,334.2610784,4.4812905,4,160.0
10.1149/1.1527939,4,independent_per_curve_GPR,-0.06086527366936826,-0.29787702608124805,0.2370117524118798,436.6553973,4.490806500000019,4,160.0
10.1149/1.1527939,4,independent_per_curve_GPR,0.606678730063689,0.5819589345357322,0.024719795527956778,477.4233746,3.7842721999999753,4,160.0
10.1149/1.1527939,4,independent_per_curve_GPR,0.5836486264695625,0.5183518601828647,0.06529676628669778,411.8638096,5.049440300000015,4,160.0
10.1149/1.1527939,4,independent_per_curve_GPR,0.8381312715847568,0.7827352597734327,0.05539601181132403,404.7809296,3.8091165999999816,4,160.0
10.1149/1.1527939,4,independent_per_curve_GPR,1.0126665568733408,0.9534696714397425,0.059196885433598356,394.7539309,3.6269396000000143,4,160.0
10.1149/1.1527939,4,independent_per_curve_GPR,0.40368481654417127,0.3759940477279489,0.027690768816222344,383.3493088,4.8406789,4,160.0
10.1149/1.1527939,4,independent_per_curve_GPR,0.9670998519604727,0.9325849425680512,0.03451490939242141,376.4055612,5.5901210000000106,4,160.0
10.1149/1.1527939,4,independent_per_curve_GPR,0.8503639733481451,0.8370826339803247,0.013281339367820388,331.2374819,3.960438399999987,4,160.0
10.1149/1.1527939,4,independent_per_curve_GPR,1.0692398497847229,1.0410123700701832,0.02822747971453965,326.200598,6.103308900000002,4,160.0
10.1149/1.1527939,4,independent_per_curve_GPR,1.160220247809335,1.140607538789419,0.019612709019916075,330.9207373,6.281017700000007,4,160.0
10.1149/1.1527939,4,independent_per_curve_GPR,0.8002209579141093,0.7960971990675213,0.004123758846587999,333.7273727,6.0254395000000045,4,160.0
10.1149/1.1527939,4,independent_per_curve_GPR,1.069123347667127,1.048512916174066,0.020610431493060855,333.758078,5.613188400000013,4,160.0
10.1149/1.1527939,4,independent_per_curve_GPR,1.2386113279047528,1.229194356610652,0.009416971294100795,333.6369667,5.270762100000013,4,160.0
10.1149/1.1527939,4,independent_per_curve_GPR,1.2933376093576872,1.2768744746095428,0.016463134748144315,332.5300914,4.1963590000000295,4,160.0
10.1149/1.1527939,4,independent_per_curve_GPR,1.1828147358033385,1.162650756683842,0.020163979119496522,333.3333333,5.46448079999999,4,160.0
10.1149/1.1527939,4,independent_per_curve_GPR,1.3611537174400128,1.3294614682420252,0.03169224919798763,333.1928691,4.90061959999997,4,160.0
10.1149/1.1527939,5,nested_budget_router,0.4733333332990731,0.48144585054539923,0.008112517246326112,387.5192442,4.8263357000000155,4,160.0
10.1149/1.1527939,5,nested_budget_router,1.2533333332423695,1.2652104304807326,0.011877097238363055,386.9724539,5.186005000000023,4,160.0
10.1149/1.1527939,5,nested_budget_router,1.1200000001461399,1.1205023458590784,0.0005023457129385012,386.7281222,4.011301399999979,4,160.0
10.1149/1.1527939,5,nested_budget_router,0.8399999999881127,0.8567366719921947,0.01673667200408202,334.2610784,4.4812905,4,160.0
10.1149/1.1527939,5,nested_budget_router,-0.06086527366936826,0.0006784454386448147,0.061543719108013074,436.6553973,4.490806500000019,4,160.0
10.1149/1.1527939,5,nested_budget_router,0.606678730063689,0.6077870135023054,0.0011082834386163531,477.4233746,3.7842721999999753,4,160.0
10.1149/1.1527939,5,nested_budget_router,0.5836486264695625,0.5893556830799485,0.005707056610385952,411.8638096,5.049440300000015,4,160.0
10.1149/1.1527939,5,nested_budget_router,0.8381312715847568,0.8308866338808016,0.007244637703955115,404.7809296,3.8091165999999816,4,160.0
10.1149/1.1527939,5,nested_budget_router,1.0126665568733408,0.9885844774824255,0.024082079390915334,394.7539309,3.6269396000000143,4,160.0
10.1149/1.1527939,5,nested_budget_router,0.40368481654417127,0.41046675885325423,0.006781942309082967,383.3493088,4.8406789,4,160.0
10.1149/1.1527939,5,nested_budget_router,0.9670998519604727,0.9983909907141768,0.03129113875370415,376.4055612,5.5901210000000106,4,160.0
10.1149/1.1527939,5,nested_budget_router,0.8503639733481451,0.845988743358535,0.004375229989610041,331.2374819,3.960438399999987,4,160.0
10.1149/1.1527939,5,nested_budget_router,1.0692398497847229,1.0667573674770816,0.002482482307641254,326.200598,6.103308900000002,4,160.0
10.1149/1.1527939,5,nested_budget_router,1.160220247809335,1.1692818385189363,0.00906159070960122,330.9207373,6.281017700000007,4,160.0
10.1149/1.1527939,5,nested_budget_router,0.8002209579141093,0.8061377120412451,0.00591675412713577,333.7273727,6.0254395000000045,4,160.0
10.1149/1.1527939,5,nested_budget_router,1.069123347667127,1.0710246675535575,0.001901319886430608,333.758078,5.613188400000013,4,160.0
10.1149/1.1527939,5,nested_budget_router,1.2386113279047528,1.2451879198370364,0.006576591932283549,333.6369667,5.270762100000013,4,160.0
10.1149/1.1527939,5,nested_budget_router,1.2933376093576872,1.2980509661213022,0.004713356763615062,332.5300914,4.1963590000000295,4,160.0
10.1149/1.1527939,5,nested_budget_router,1.1828147358033385,1.186977995336259,0.004163259532920405,333.3333333,5.46448079999999,4,160.0
10.1149/1.1527939,5,nested_budget_router,1.3611537174400128,1.3590918776826677,0.0020618397573450853,333.1928691,4.90061959999997,4,160.0
10.1149/1.1527939,5,VFT,0.4733333332990731,0.48144585054539923,0.008112517246326112,387.5192442,4.8263357000000155,4,160.0
10.1149/1.1527939,5,VFT,1.2533333332423695,1.2652104304807326,0.011877097238363055,386.9724539,5.186005000000023,4,160.0
10.1149/1.1527939,5,VFT,1.1200000001461399,1.1205023458590784,0.0005023457129385012,386.7281222,4.011301399999979,4,160.0
10.1149/1.1527939,5,VFT,0.8399999999881127,0.8567366719921947,0.01673667200408202,334.2610784,4.4812905,4,160.0
10.1149/1.1527939,5,VFT,-0.06086527366936826,0.0006784454386448147,0.061543719108013074,436.6553973,4.490806500000019,4,160.0
10.1149/1.1527939,5,VFT,0.606678730063689,0.6077870135023054,0.0011082834386163531,477.4233746,3.7842721999999753,4,160.0
10.1149/1.1527939,5,VFT,0.5836486264695625,0.5893556830799485,0.005707056610385952,411.8638096,5.049440300000015,4,160.0
10.1149/1.1527939,5,VFT,0.8381312715847568,0.8308866338808016,0.007244637703955115,404.7809296,3.8091165999999816,4,160.0
10.1149/1.1527939,5,VFT,1.0126665568733408,0.9885844774824255,0.024082079390915334,394.7539309,3.6269396000000143,4,160.0
10.1149/1.1527939,5,VFT,0.40368481654417127,0.41046675885325423,0.006781942309082967,383.3493088,4.8406789,4,160.0
10.1149/1.1527939,5,VFT,0.9670998519604727,0.9983909907141768,0.03129113875370415,376.4055612,5.5901210000000106,4,160.0
10.1149/1.1527939,5,VFT,0.8503639733481451,0.845988743358535,0.004375229989610041,331.2374819,3.960438399999987,4,160.0
10.1149/1.1527939,5,VFT,1.0692398497847229,1.0667573674770816,0.002482482307641254,326.200598,6.103308900000002,4,160.0
10.1149/1.1527939,5,VFT,1.160220247809335,1.1692818385189363,0.00906159070960122,330.9207373,6.281017700000007,4,160.0
10.1149/1.1527939,5,VFT,0.8002209579141093,0.8061377120412451,0.00591675412713577,333.7273727,6.0254395000000045,4,160.0
10.1149/1.1527939,5,VFT,1.069123347667127,1.0710246675535575,0.001901319886430608,333.758078,5.613188400000013,4,160.0
10.1149/1.1527939,5,VFT,1.2386113279047528,1.2451879198370364,0.006576591932283549,333.6369667,5.270762100000013,4,160.0
10.1149/1.1527939,5,VFT,1.2933376093576872,1.2980509661213022,0.004713356763615062,332.5300914,4.1963590000000295,4,160.0
10.1149/1.1527939,5,VFT,1.1828147358033385,1.186977995336259,0.004163259532920405,333.3333333,5.46448079999999,4,160.0
10.1149/1.1527939,5,VFT,1.3611537174400128,1.3590918776826677,0.0020618397573450853,333.1928691,4.90061959999997,4,160.0
10.1149/1.1527939,5,independent_per_curve_GPR,0.4733333332990731,0.4512745317991844,0.022058801499888703,387.5192442,4.8263357000000155,4,160.0
10.1149/1.1527939,5,independent_per_curve_GPR,1.2533333332423695,1.1969385458813773,0.05639478736099224,386.9724539,5.186005000000023,4,160.0
10.1149/1.1527939,5,independent_per_curve_GPR,1.1200000001461399,1.1008733082625033,0.019126691883636582,386.7281222,4.011301399999979,4,160.0
10.1149/1.1527939,5,independent_per_curve_GPR,0.8399999999881127,0.795810103319289,0.04418989666882367,334.2610784,4.4812905,4,160.0
10.1149/1.1527939,5,independent_per_curve_GPR,-0.06086527366936826,-0.28668143314298256,0.2258161594736143,436.6553973,4.490806500000019,4,160.0
10.1149/1.1527939,5,independent_per_curve_GPR,0.606678730063689,0.5819196967407682,0.024759033322920843,477.4233746,3.7842721999999753,4,160.0
10.1149/1.1527939,5,independent_per_curve_GPR,0.5836486264695625,0.5172899230901459,0.06635870337941663,411.8638096,5.049440300000015,4,160.0
10.1149/1.1527939,5,independent_per_curve_GPR,0.8381312715847568,0.7841043083796234,0.05402696320513334,404.7809296,3.8091165999999816,4,160.0
10.1149/1.1527939,5,independent_per_curve_GPR,1.0126665568733408,0.950715112639748,0.06195144423359289,394.7539309,3.6269396000000143,4,160.0
10.1149/1.1527939,5,independent_per_curve_GPR,0.40368481654417127,0.380959727732605,0.022725088811566263,383.3493088,4.8406789,4,160.0
10.1149/1.1527939,5,independent_per_curve_GPR,0.9670998519604727,0.9281298372491843,0.03897001471128836,376.4055612,5.5901210000000106,4,160.0
10.1149/1.1527939,5,independent_per_curve_GPR,0.8503639733481451,0.8360726983375796,0.014291275010565485,331.2374819,3.960438399999987,4,160.0
10.1149/1.1527939,5,independent_per_curve_GPR,1.0692398497847229,1.0387419119125911,0.03049793787213173,326.200598,6.103308900000002,4,160.0
10.1149/1.1527939,5,independent_per_curve_GPR,1.160220247809335,1.1395868216578104,0.020633426151524636,330.9207373,6.281017700000007,4,160.0
10.1149/1.1527939,5,independent_per_curve_GPR,0.8002209579141093,0.7958750289402494,0.0043459289738598805,333.7273727,6.0254395000000045,4,160.0
10.1149/1.1527939,5,independent_per_curve_GPR,1.069123347667127,1.0487854339462577,0.02033791372086924,333.758078,5.613188400000013,4,160.0
10.1149/1.1527939,5,independent_per_curve_GPR,1.2386113279047528,1.230624531247674,0.007986796657078798,333.6369667,5.270762100000013,4,160.0
10.1149/1.1527939,5,independent_per_curve_GPR,1.2933376093576872,1.277217012032779,0.016120597324908115,332.5300914,4.1963590000000295,4,160.0
10.1149/1.1527939,5,independent_per_curve_GPR,1.1828147358033385,1.1619612234061025,0.020853512397235985,333.3333333,5.46448079999999,4,160.0
10.1149/1.1527939,5,independent_per_curve_GPR,1.3611537174400128,1.330211487327689,0.030942230112323887,333.1928691,4.90061959999997,4,160.0
10.1149/1.1566019,3,nested_budget_router,0.8766308551270877,0.9942200723832847,0.11758921725619698,322.35,69.00000000000003,4,190.0
10.1149/1.1566019,3,nested_budget_router,0.9315237612327648,0.9421858942761481,0.01066213304338326,332.15,19.69999999999999,4,190.0
10.1149/1.1566019,3,nested_budget_router,1.0001565622976885,1.0075820225532262,0.007425460255537697,332.15,9.799999999999955,4,190.0
10.1149/1.1566019,3,nested_budget_router,0.8460581930290023,0.8591998529105256,0.013141659881523271,302.55,29.600000000000023,4,190.0
10.1149/1.1566019,3,nested_budget_router,0.5635880330229893,0.5781813654153772,0.014593332392387914,272.95,9.800000000000011,4,190.0
10.1149/1.1566019,3,nested_budget_router,1.0167509327007602,1.0167223198598423,2.8612840917929816e-05,322.35,9.900000000000034,4,190.0
10.1149/1.1566019,3,nested_budget_router,0.8026561893018359,0.8022140962815026,0.00044209302033326736,292.65,9.799999999999955,4,190.0
10.1149/1.1566019,3,nested_budget_router,1.0542612216350766,1.052774682538542,0.0014865390965346226,322.35,19.80000000000001,4,190.0
10.1149/1.1566019,3,nested_budget_router,1.0573403224956561,1.0928564172161879,0.03551609472053174,322.35,19.80000000000001,4,190.0
10.1149/1.1566019,3,nested_budget_router,0.6740715730519393,0.6546264863104934,0.01944508674144596,282.85,19.700000000000045,4,190.0
10.1149/1.1566019,3,nested_budget_router,1.0452061370724923,1.0417578086403807,0.0034483284321116248,322.35,19.80000000000001,4,190.0
10.1149/1.1566019,3,nested_budget_router,0.9796714631290205,0.982944844240875,0.0032733811118544898,332.15,19.69999999999999,4,190.0
10.1149/1.1566019,3,nested_budget_router,0.9517092910710163,0.9526248768005698,0.0009155857295535252,332.15,9.799999999999955,4,190.0
10.1149/1.1566019,3,nested_budget_router,1.0152352866340875,1.014709745808778,0.0005255408253095339,332.15,9.799999999999955,4,190.0
10.1149/1.1566019,3,nested_budget_router,1.0238805955899999,1.0305506264439128,0.006670030853912934,322.35,9.900000000000034,4,190.0
10.1149/1.1566019,3,nested_budget_router,0.9794216145549447,0.9812924737075941,0.0018708591526493956,312.45,9.899999999999977,4,190.0
10.1149/1.1566019,3,nested_budget_router,1.053926528764991,1.0586917284588742,0.004765199693883115,322.35,19.80000000000001,4,190.0
10.1149/1.1566019,3,nested_budget_router,0.5950246827848547,0.5810307640949781,0.013993918689876539,272.95,19.599999999999994,4,190.0
10.1149/1.1566019,3,nested_budget_router,0.9432506402116124,0.9568592788761868,0.013608638664574402,312.45,9.899999999999977,4,190.0
10.1149/1.1566019,3,nested_budget_router,1.0529747054304779,1.0656305636574317,0.012655858226953809,332.15,9.799999999999955,4,190.0
10.1149/1.1566019,3,nested_budget_router,1.1294641134746513,1.198030415983428,0.06856630250877682,332.15,49.299999999999955,4,190.0
10.1149/1.1566019,3,nested_budget_router,1.027447763546169,1.0414343748877248,0.013986611341555877,332.15,9.799999999999955,4,190.0
10.1149/1.1566019,3,nested_budget_router,0.8993244043204862,0.9153591675940804,0.01603476327359421,332.15,19.69999999999999,4,190.0
10.1149/1.1566019,3,VFT,0.8766308551270877,0.6558971477056008,0.2207337074214869,322.35,69.00000000000003,4,190.0
10.1149/1.1566019,3,VFT,0.9315237612327648,0.9050707498328234,0.026453011399941384,332.15,19.69999999999999,4,190.0
10.1149/1.1566019,3,VFT,1.0001565622976885,0.9838472225238174,0.016309339773871057,332.15,9.799999999999955,4,190.0
10.1149/1.1566019,3,VFT,0.8460581930290023,0.7871908067190133,0.058867386309989,302.55,29.600000000000023,4,190.0
10.1149/1.1566019,3,VFT,0.5635880330229893,0.5198871954143884,0.043700837608600884,272.95,9.800000000000011,4,190.0
10.1149/1.1566019,3,VFT,1.0167509327007602,1.013874040544547,0.002876892156213229,322.35,9.900000000000034,4,190.0
10.1149/1.1566019,3,VFT,0.8026561893018359,0.7827746530580691,0.019881536243766762,292.65,9.799999999999955,4,190.0
10.1149/1.1566019,3,VFT,1.0542612216350766,1.0383671240868486,0.015894097548228014,322.35,19.80000000000001,4,190.0
10.1149/1.1566019,3,VFT,1.0573403224956561,1.0093149814313818,0.04802534106427436,322.35,19.80000000000001,4,190.0
10.1149/1.1566019,3,VFT,0.6740715730519393,0.6142720409508924,0.05979953210104694,282.85,19.700000000000045,4,190.0
10.1149/1.1566019,3,VFT,1.0452061370724923,1.0319826128418432,0.013223524230649097,322.35,19.80000000000001,4,190.0
10.1149/1.1566019,3,VFT,0.9796714631290205,0.9772503019254104,0.0024211612036101338,332.15,19.69999999999999,4,190.0
10.1149/1.1566019,3,VFT,0.9517092910710163,0.9499279302958334,0.001781360775182872,332.15,9.799999999999955,4,190.0
10.1149/1.1566019,3,VFT,1.0152352866340875,1.0093560275354858,0.005879259098601652,332.15,9.799999999999955,4,190.0
10.1149/1.1566019,3,VFT,1.0238805955899999,1.0084658626429612,0.015414732947038656,322.35,9.900000000000034,4,190.0
10.1149/1.1566019,3,VFT,0.9794216145549447,0.9768283952738581,0.0025932192810865784,312.45,9.899999999999977,4,190.0
10.1149/1.1566019,3,VFT,1.053926528764991,0.9816028641126237,0.07232366465236739,322.35,19.80000000000001,4,190.0
10.1149/1.1566019,3,VFT,0.5950246827848547,0.5172910422758846,0.07773364050897003,272.95,19.599999999999994,4,190.0
10.1149/1.1566019,3,VFT,0.9432506402116124,0.9225582140900984,0.020692426121514007,312.45,9.899999999999977,4,190.0
10.1149/1.1566019,3,VFT,1.0529747054304779,1.0509380076589019,0.0020366977715760015,332.15,9.799999999999955,4,190.0
10.1149/1.1566019,3,VFT,1.1294641134746513,1.0366253639416323,0.09283874953301896,332.15,49.299999999999955,4,190.0
10.1149/1.1566019,3,VFT,1.027447763546169,1.025663656924929,0.001784106621240067,332.15,9.799999999999955,4,190.0
10.1149/1.1566019,3,VFT,0.8993244043204862,0.9044115834516602,0.005087179131173958,332.15,19.69999999999999,4,190.0
10.1149/1.1566019,3,independent_per_curve_GPR,0.8766308551270877,-0.017164911371542208,0.8937957664986299,322.35,69.00000000000003,4,190.0
10.1149/1.1566019,3,independent_per_curve_GPR,0.9315237612327648,0.7177115246015073,0.21381223663125748,332.15,19.69999999999999,4,190.0
10.1149/1.1566019,3,independent_per_curve_GPR,1.0001565622976885,0.9048080018460224,0.09534856045166606,332.15,9.799999999999955,4,190.0
10.1149/1.1566019,3,independent_per_curve_GPR,0.8460581930290023,0.29902672701783184,0.5470314660111705,302.55,29.600000000000023,4,190.0
10.1149/1.1566019,3,independent_per_curve_GPR,0.5635880330229893,0.3320553162845351,0.23153271673845421,272.95,9.800000000000011,4,190.0
10.1149/1.1566019,3,independent_per_curve_GPR,1.0167509327007602,0.9035046983665752,0.11324623433418501,322.35,9.900000000000034,4,190.0
10.1149/1.1566019,3,independent_per_curve_GPR,0.8026561893018359,0.6064353554909255,0.19622083381091038,292.65,9.799999999999955,4,190.0
10.1149/1.1566019,3,independent_per_curve_GPR,1.0542612216350766,0.7933893749300942,0.2608718467049824,322.35,19.80000000000001,4,190.0
10.1149/1.1566019,3,independent_per_curve_GPR,1.0573403224956561,0.7937354914389281,0.26360483105672805,322.35,19.80000000000001,4,190.0
10.1149/1.1566019,3,independent_per_curve_GPR,0.6740715730519393,0.14717488695700062,0.5268966860949387,282.85,19.700000000000045,4,190.0
10.1149/1.1566019,3,independent_per_curve_GPR,1.0452061370724923,0.7122524778550833,0.33295365921740905,322.35,19.80000000000001,4,190.0
10.1149/1.1566019,3,independent_per_curve_GPR,0.9796714631290205,0.6238621789069381,0.35580928422208247,332.15,19.69999999999999,4,190.0
10.1149/1.1566019,3,independent_per_curve_GPR,0.9517092910710163,0.8670186385315126,0.0846906525395037,332.15,9.799999999999955,4,190.0
10.1149/1.1566019,3,independent_per_curve_GPR,1.0152352866340875,0.925010491814309,0.09022479481977841,332.15,9.799999999999955,4,190.0
10.1149/1.1566019,3,independent_per_curve_GPR,1.0238805955899999,0.9276566999265412,0.09622389566345868,322.35,9.900000000000034,4,190.0
10.1149/1.1566019,3,independent_per_curve_GPR,0.9794216145549447,0.857052824257755,0.12236879029718972,312.45,9.899999999999977,4,190.0
10.1149/1.1566019,3,independent_per_curve_GPR,1.053926528764991,0.772704997535254,0.28122153122973703,322.35,19.80000000000001,4,190.0
10.1149/1.1566019,3,independent_per_curve_GPR,0.5950246827848547,0.052610665854853106,0.5424140169300016,272.95,19.599999999999994,4,190.0
10.1149/1.1566019,3,independent_per_curve_GPR,0.9432506402116124,0.785164222266189,0.15808641794542344,312.45,9.899999999999977,4,190.0
10.1149/1.1566019,3,independent_per_curve_GPR,1.0529747054304779,0.9248499041811764,0.12812480124930148,332.15,9.799999999999955,4,190.0
10.1149/1.1566019,3,independent_per_curve_GPR,1.1294641134746513,0.38628426797306475,0.7431798455015866,332.15,49.299999999999955,4,190.0
10.1149/1.1566019,3,independent_per_curve_GPR,1.027447763546169,0.8383772962912086,0.18907046725496035,332.15,9.799999999999955,4,190.0
10.1149/1.1566019,3,independent_per_curve_GPR,0.8993244043204862,0.4032849254873289,0.4960394788331573,332.15,19.69999999999999,4,190.0
10.1149/1.1566019,4,nested_budget_router,1.0001565622976885,0.9965145101701676,0.0036420521275208895,332.15,9.799999999999955,4,160.0
10.1149/1.1566019,4,nested_budget_router,0.8460581930290023,0.842154347497486,0.003903845531516348,302.55,29.600000000000023,4,160.0
10.1149/1.1566019,4,nested_budget_router,0.8026561893018359,0.8007150964521512,0.001941092849684689,292.65,9.799999999999955,4,160.0
10.1149/1.1566019,4,nested_budget_router,1.0542612216350766,1.0624031280524062,0.008141906417329592,322.35,19.80000000000001,4,160.0
10.1149/1.1566019,4,nested_budget_router,0.9796714631290205,0.9834837368033693,0.003812273674348776,332.15,19.69999999999999,4,160.0
10.1149/1.1566019,4,nested_budget_router,0.9517092910710163,0.9493434884231984,0.0023658026478179384,332.15,9.799999999999955,4,160.0
10.1149/1.1566019,4,nested_budget_router,1.0152352866340875,1.0130330555430875,0.0022022310909999288,332.15,9.799999999999955,4,160.0
10.1149/1.1566019,4,nested_budget_router,0.9794216145549447,0.9800461242814564,0.000624509726511735,312.45,9.899999999999977,4,160.0
10.1149/1.1566019,4,nested_budget_router,0.9432506402116124,0.944967457675878,0.001716817464265552,312.45,9.899999999999977,4,160.0
10.1149/1.1566019,4,nested_budget_router,1.0529747054304779,1.062940735841635,0.009966030411157067,332.15,9.799999999999955,4,160.0
10.1149/1.1566019,4,nested_budget_router,1.027447763546169,1.0314373715356913,0.0039896079895223036,332.15,9.799999999999955,4,160.0
10.1149/1.1566019,4,VFT,1.0001565622976885,0.9965145101701676,0.0036420521275208895,332.15,9.799999999999955,4,160.0
10.1149/1.1566019,4,VFT,0.8460581930290023,0.842154347497486,0.003903845531516348,302.55,29.600000000000023,4,160.0
10.1149/1.1566019,4,VFT,0.8026561893018359,0.8007150964521512,0.001941092849684689,292.65,9.799999999999955,4,160.0
10.1149/1.1566019,4,VFT,1.0542612216350766,1.0624031280524062,0.008141906417329592,322.35,19.80000000000001,4,160.0
10.1149/1.1566019,4,VFT,0.9796714631290205,0.9834837368033693,0.003812273674348776,332.15,19.69999999999999,4,160.0
10.1149/1.1566019,4,VFT,0.9517092910710163,0.9493434884231984,0.0023658026478179384,332.15,9.799999999999955,4,160.0
10.1149/1.1566019,4,VFT,1.0152352866340875,1.0130330555430875,0.0022022310909999288,332.15,9.799999999999955,4,160.0
10.1149/1.1566019,4,VFT,0.9794216145549447,0.9800461242814564,0.000624509726511735,312.45,9.899999999999977,4,160.0
10.1149/1.1566019,4,VFT,0.9432506402116124,0.944967457675878,0.001716817464265552,312.45,9.899999999999977,4,160.0
10.1149/1.1566019,4,VFT,1.0529747054304779,1.062940735841635,0.009966030411157067,332.15,9.799999999999955,4,160.0
10.1149/1.1566019,4,VFT,1.027447763546169,1.0314373715356913,0.0039896079895223036,332.15,9.799999999999955,4,160.0
10.1149/1.1566019,4,independent_per_curve_GPR,1.0001565622976885,0.8980713130213301,0.10208524927635831,332.15,9.799999999999955,4,160.0
10.1149/1.1566019,4,independent_per_curve_GPR,0.8460581930290023,0.20941288960427232,0.63664530342473,302.55,29.600000000000023,4,160.0
10.1149/1.1566019,4,independent_per_curve_GPR,0.8026561893018359,0.596280364000481,0.2063758253013549,292.65,9.799999999999955,4,160.0
10.1149/1.1566019,4,independent_per_curve_GPR,1.0542612216350766,0.7732603771437585,0.2810008444913181,322.35,19.80000000000001,4,160.0
10.1149/1.1566019,4,independent_per_curve_GPR,0.9796714631290205,0.6215758735804389,0.35809558954858167,332.15,19.69999999999999,4,160.0
10.1149/1.1566019,4,independent_per_curve_GPR,0.9517092910710163,0.8867925117090705,0.06491677936194584,332.15,9.799999999999955,4,160.0
10.1149/1.1566019,4,independent_per_curve_GPR,1.0152352866340875,0.9219427984254197,0.09329248820866776,332.15,9.799999999999955,4,160.0
10.1149/1.1566019,4,independent_per_curve_GPR,0.9794216145549447,0.8547359955432386,0.12468561901170605,312.45,9.899999999999977,4,160.0
10.1149/1.1566019,4,independent_per_curve_GPR,0.9432506402116124,0.7744384502698949,0.16881218994171754,312.45,9.899999999999977,4,160.0
10.1149/1.1566019,4,independent_per_curve_GPR,1.0529747054304779,0.9160652318364613,0.13690947359401662,332.15,9.799999999999955,4,160.0
10.1149/1.1566019,4,independent_per_curve_GPR,1.027447763546169,0.8220099462762166,0.20543781726995236,332.15,9.799999999999955,4,160.0
10.1149/1.1566019,5,nested_budget_router,1.0001565622976885,0.9953066485870069,0.004849913710681553,332.15,9.799999999999955,4,160.0
10.1149/1.1566019,5,nested_budget_router,0.9517092910710163,0.9473491841041615,0.004360106966854849,332.15,9.799999999999955,4,160.0
10.1149/1.1566019,5,nested_budget_router,1.0152352866340875,1.0124823165395807,0.0027529700945068125,332.15,9.799999999999955,4,160.0
10.1149/1.1566019,5,nested_budget_router,0.9794216145549447,0.9788804451962767,0.0005411693586679922,312.45,9.899999999999977,4,160.0
10.1149/1.1566019,5,nested_budget_router,0.9432506402116124,0.9403231939398309,0.002927446271781542,312.45,9.899999999999977,4,160.0
10.1149/1.1566019,5,nested_budget_router,1.0529747054304779,1.0715050570742175,0.018530351643739618,332.15,9.799999999999955,4,160.0
10.1149/1.1566019,5,VFT,1.0001565622976885,0.9953066485870069,0.004849913710681553,332.15,9.799999999999955,4,160.0
10.1149/1.1566019,5,VFT,0.9517092910710163,0.9473491841041615,0.004360106966854849,332.15,9.799999999999955,4,160.0
10.1149/1.1566019,5,VFT,1.0152352866340875,1.0124823165395807,0.0027529700945068125,332.15,9.799999999999955,4,160.0
10.1149/1.1566019,5,VFT,0.9794216145549447,0.9788804451962767,0.0005411693586679922,312.45,9.899999999999977,4,160.0
10.1149/1.1566019,5,VFT,0.9432506402116124,0.9403231939398309,0.002927446271781542,312.45,9.899999999999977,4,160.0
10.1149/1.1566019,5,VFT,1.0529747054304779,1.0715050570742175,0.018530351643739618,332.15,9.799999999999955,4,160.0
10.1149/1.1566019,5,independent_per_curve_GPR,1.0001565622976885,0.8856083094328617,0.11454825286482673,332.15,9.799999999999955,4,160.0
10.1149/1.1566019,5,independent_per_curve_GPR,0.9517092910710163,0.8905699152433657,0.06113937582765061,332.15,9.799999999999955,4,160.0
10.1149/1.1566019,5,independent_per_curve_GPR,1.0152352866340875,0.9255566849118144,0.08967860172227304,332.15,9.799999999999955,4,160.0
10.1149/1.1566019,5,independent_per_curve_GPR,0.9794216145549447,0.8675424618780747,0.11187915267686999,312.45,9.899999999999977,4,160.0
10.1149/1.1566019,5,independent_per_curve_GPR,0.9432506402116124,0.7539295706824188,0.1893210695291936,312.45,9.899999999999977,4,160.0
10.1149/1.1566019,5,independent_per_curve_GPR,1.0529747054304779,0.9102810723330264,0.14269363309745153,332.15,9.799999999999955,4,160.0
10.1149/1.1630593,3,nested_budget_router,0.6389262762982185,0.6384209025440948,0.0005053737541237391,322.35,9.900000000000034,4,190.0
10.1149/1.1630593,3,nested_budget_router,0.4716394169153869,0.4701920726031021,0.0014473443122848262,292.65,9.799999999999955,4,190.0
10.1149/1.1630593,3,nested_budget_router,0.7167367831995873,0.7144166674987391,0.0023201157008482243,332.15,9.799999999999955,4,190.0
10.1149/1.1630593,3,nested_budget_router,0.6853055121990717,0.6983153555478617,0.013009843348790073,322.35,29.700000000000045,4,190.0
10.1149/1.1630593,3,nested_budget_router,0.4908719363838234,0.5195640057802402,0.028692069396416775,292.65,29.5,4,190.0
10.1149/1.1630593,3,nested_budget_router,0.6337986226134048,0.6350846738570113,0.0012860512436064786,312.45,9.899999999999977,4,190.0
10.1149/1.1630593,3,nested_budget_router,0.4714621412788813,0.4775062676567745,0.0060441263778932,292.65,19.69999999999999,4,190.0
10.1149/1.1630593,3,nested_budget_router,0.7441811000878007,0.7475036945559684,0.003322594468167739,332.15,19.69999999999999,4,190.0
10.1149/1.1630593,3,nested_budget_router,0.6727280182060406,0.6715489728572681,0.001179045348772445,322.35,9.900000000000034,4,190.0
10.1149/1.1630593,3,nested_budget_router,0.2684250695682498,0.294903313740666,0.026478244172416177,282.85,29.50000000000003,4,190.0
10.1149/1.1630593,3,nested_budget_router,0.6354912821609252,0.6381915063777043,0.002700224216779068,322.35,19.80000000000001,4,190.0
10.1149/1.1630593,3,nested_budget_router,0.4465678878171793,0.4798447410246907,0.03327685320751139,302.55,19.69999999999999,4,190.0
10.1149/1.1630593,3,nested_budget_router,0.6821596487407385,0.7038712839381629,0.02171163519742436,332.15,9.799999999999955,4,190.0
10.1149/1.1630593,3,nested_budget_router,0.4621018778060848,0.45837899276317573,0.0037228850429090743,312.45,9.899999999999977,4,190.0
10.1149/1.1630593,3,nested_budget_router,0.20421349708958283,0.204309008494739,9.55114051561512e-05,292.65,9.799999999999955,4,190.0
10.1149/1.1630593,3,nested_budget_router,0.5937475169219935,0.5902511174918869,0.0034963994301066004,332.15,9.799999999999955,4,190.0
10.1149/1.1630593,3,nested_budget_router,0.7059726278886455,0.7029627500637269,0.003009877824918572,312.45,9.899999999999977,4,190.0
10.1149/1.1630593,3,nested_budget_router,0.4521864047003496,0.44452182613468827,0.0076645785656613286,282.85,9.900000000000034,4,190.0
10.1149/1.1630593,3,nested_budget_router,0.8509268955832219,0.8470098910983397,0.003917004484882192,332.15,9.799999999999955,4,190.0
10.1149/1.1630593,3,nested_budget_router,0.7172830192203542,0.7174852436715667,0.0002022244512125404,312.45,9.899999999999977,4,190.0
10.1149/1.1630593,3,nested_budget_router,0.6160179138577417,0.6181969908535154,0.0021790769957736877,302.55,9.900000000000034,4,190.0
10.1149/1.1630593,3,nested_budget_router,0.4466902706712078,0.46562819327766924,0.018937922606461433,312.45,19.80000000000001,4,190.0
10.1149/1.1630593,3,nested_budget_router,0.039983359061869055,0.061813289988649864,0.02182993092678081,312.45,9.899999999999977,4,190.0
10.1149/1.1630593,3,nested_budget_router,0.03995990951884958,0.038094343980188156,0.0018655655386614275,282.85,29.50000000000003,4,190.0
10.1149/1.1630593,3,nested_budget_router,0.21457914170290623,0.2263829156606994,0.011803773957793168,312.45,9.899999999999977,4,190.0
10.1149/1.1630593,3,nested_budget_router,0.19191123558717216,0.20605256472252284,0.014141329135350683,302.55,9.900000000000034,4,190.0
10.1149/1.1630593,3,nested_budget_router,0.3367482542910056,0.3412706971959533,0.004522442904947743,332.15,9.799999999999955,4,190.0
10.1149/1.1630593,3,nested_budget_router,0.3172175406210149,0.313760335837708,0.003457204783306911,322.35,19.80000000000001,4,190.0
10.1149/1.1630593,3,nested_budget_router,0.3848272903724122,0.3872957972486785,0.0024685068762663187,332.15,39.5,4,190.0
10.1149/1.1630593,3,nested_budget_router,0.40345817743428325,0.40339848788325994,5.968955102331197e-05,332.15,9.799999999999955,4,190.0
10.1149/1.1630593,3,nested_budget_router,0.372529233600064,0.36730976759581735,0.0052194660042466645,322.35,9.900000000000034,4,190.0
10.1149/1.1630593,3,nested_budget_router,0.12303201198324593,0.11819325781586976,0.004838754167376169,282.85,9.900000000000034,4,190.0
10.1149/1.1630593,3,nested_budget_router,0.2683209060354062,0.26978099654483323,0.0014600905094270256,302.55,9.900000000000034,4,190.0
10.1149/1.1630593,3,nested_budget_router,0.4410867805655398,0.44628195592955683,0.005195175364017035,332.15,29.599999999999966,4,190.0
10.1149/1.1630593,3,nested_budget_router,0.38812173553750395,0.3870646193119349,0.0010571162255690325,322.35,9.900000000000034,4,190.0
10.1149/1.1630593,3,nested_budget_router,0.1848466715775009,0.1876906959095877,0.002844024332086803,292.65,9.799999999999955,4,190.0
10.1149/1.1630593,3,nested_budget_router,0.43104560462975644,0.41979479565814515,0.011250808971611292,332.15,19.69999999999999,4,190.0
10.1149/1.1630593,3,nested_budget_router,0.3559597081494827,0.3197159533787573,0.03624375477072539,322.35,39.5,4,190.0
10.1149/1.1630593,3,nested_budget_router,0.3903241730711754,0.39515779169631554,0.004833618625140146,282.85,9.900000000000034,4,190.0
10.1149/1.1630593,3,nested_budget_router,0.4203183384965388,0.423601376929963,0.0032830384334242013,282.85,9.900000000000034,4,190.0
10.1149/1.1630593,3,nested_budget_router,0.6974192533527594,0.7084191770618428,0.010999923709083315,312.45,9.899999999999977,4,190.0
10.1149/1.1630593,3,nested_budget_router,0.2698996170381667,0.28208496826992313,0.012185351231756458,272.95,19.599999999999994,4,190.0
10.1149/1.1630593,3,nested_budget_router,0.37597978883895256,0.3703495413885513,0.005630247450401249,282.85,9.900000000000034,4,190.0
10.1149/1.1630593,3,nested_budget_router,0.6481483483991495,0.6736397943014495,0.025491445902300014,312.45,29.599999999999966,4,190.0
10.1149/1.1630593,3,nested_budget_router,0.3040044209712606,0.2841620988920525,0.019842322079208108,282.85,19.700000000000045,4,190.0
10.1149/1.1630593,3,nested_budget_router,0.10904757905185021,0.08738218865352625,0.021665390398323964,272.95,9.800000000000011,4,190.0
10.1149/1.1630593,3,nested_budget_router,0.9300802544336318,0.9310792528625591,0.0009989984289272558,332.15,9.799999999999955,4,190.0
10.1149/1.1630593,3,nested_budget_router,0.8814425869916873,0.8782743593396338,0.0031682276520534902,322.35,9.900000000000034,4,190.0
10.1149/1.1630593,3,nested_budget_router,0.7889340609307316,0.7862200822166494,0.002713978714082188,332.15,19.69999999999999,4,190.0
10.1149/1.1630593,3,VFT,0.6389262762982185,0.6329448076348168,0.005981468663401768,322.35,9.900000000000034,4,190.0
10.1149/1.1630593,3,VFT,0.4716394169153869,0.46142346104880017,0.010215955866586746,292.65,9.799999999999955,4,190.0
10.1149/1.1630593,3,VFT,0.7167367831995873,0.7121051874059748,0.004631595793612497,332.15,9.799999999999955,4,190.0
10.1149/1.1630593,3,VFT,0.6853055121990717,0.6554821260660629,0.029823386133008722,322.35,29.700000000000045,4,190.0
10.1149/1.1630593,3,VFT,0.4908719363838234,0.3929736239475231,0.09789831243630032,292.65,29.5,4,190.0
10.1149/1.1630593,3,VFT,0.6337986226134048,0.6254732325721574,0.008325390041247438,312.45,9.899999999999977,4,190.0
10.1149/1.1630593,3,VFT,0.4714621412788813,0.44350940510716685,0.027952736171714454,292.65,19.69999999999999,4,190.0
10.1149/1.1630593,3,VFT,0.7441811000878007,0.7259934404702638,0.018187659617536878,332.15,19.69999999999999,4,190.0
10.1149/1.1630593,3,VFT,0.6727280182060406,0.6645445871574956,0.008183431048544909,322.35,9.900000000000034,4,190.0
10.1149/1.1630593,3,VFT,0.2684250695682498,0.14419638269394586,0.12422868687430394,282.85,29.50000000000003,4,190.0
10.1149/1.1630593,3,VFT,0.6354912821609252,0.6121172717286573,0.023374010432267944,322.35,19.80000000000001,4,190.0
10.1149/1.1630593,3,VFT,0.4465678878171793,0.3729928943046108,0.07357499351256852,302.55,19.69999999999999,4,190.0
10.1149/1.1630593,3,VFT,0.6821596487407385,0.6576993930417404,0.024460255698998123,332.15,9.799999999999955,4,190.0
10.1149/1.1630593,3,VFT,0.4621018778060848,0.4541377538088398,0.007964123997244998,312.45,9.899999999999977,4,190.0
10.1149/1.1630593,3,VFT,0.20421349708958283,0.11931847691350517,0.08489502017607767,292.65,9.799999999999955,4,190.0
10.1149/1.1630593,3,VFT,0.5937475169219935,0.588788412093374,0.004959104828619498,332.15,9.799999999999955,4,190.0
10.1149/1.1630593,3,VFT,0.7059726278886455,0.7009020814030992,0.005070546485546279,312.45,9.899999999999977,4,190.0
10.1149/1.1630593,3,VFT,0.4521864047003496,0.4309030795956562,0.021283325104693385,282.85,9.900000000000034,4,190.0
10.1149/1.1630593,3,VFT,0.8509268955832219,0.8455529570991359,0.0053739384840859605,332.15,9.799999999999955,4,190.0
10.1149/1.1630593,3,VFT,0.7172830192203542,0.7066666665519736,0.010616352668380569,312.45,9.899999999999977,4,190.0
10.1149/1.1630593,3,VFT,0.6160179138577417,0.6028969882854661,0.013120925572275621,302.55,9.900000000000034,4,190.0
10.1149/1.1630593,3,VFT,0.4466902706712078,0.45562349119068024,0.008933220519472429,312.45,19.80000000000001,4,190.0
10.1149/1.1630593,3,VFT,0.039983359061869055,0.02529382337291719,0.014689535688951864,312.45,9.899999999999977,4,190.0
10.1149/1.1630593,3,VFT,0.03995990951884958,-0.06449692462787437,0.10445683414672396,282.85,29.50000000000003,4,190.0
10.1149/1.1630593,3,VFT,0.21457914170290623,0.20522543584431346,0.00935370585859277,312.45,9.899999999999977,4,190.0
10.1149/1.1630593,3,VFT,0.19191123558717216,0.18381592501478095,0.008095310572391212,302.55,9.900000000000034,4,190.0
10.1149/1.1630593,3,VFT,0.3367482542910056,0.328813890936192,0.007934363354813567,332.15,9.799999999999955,4,190.0
10.1149/1.1630593,3,VFT,0.3172175406210149,0.3043622033720549,0.012855337248960041,322.35,19.80000000000001,4,190.0
10.1149/1.1630593,3,VFT,0.3848272903724122,0.3492767810190191,0.0355505093533931,332.15,39.5,4,190.0
10.1149/1.1630593,3,VFT,0.40345817743428325,0.3980518390972485,0.005406338337034744,332.15,9.799999999999955,4,190.0
10.1149/1.1630593,3,VFT,0.372529233600064,0.3643961131434842,0.008133120456579823,322.35,9.900000000000034,4,190.0
10.1149/1.1630593,3,VFT,0.12303201198324593,0.10727122029978908,0.015760791683456843,282.85,9.900000000000034,4,190.0
10.1149/1.1630593,3,VFT,0.2683209060354062,0.255187431972414,0.013133474062992201,302.55,9.900000000000034,4,190.0
10.1149/1.1630593,3,VFT,0.4410867805655398,0.39334340467548534,0.04774337589005445,332.15,29.599999999999966,4,190.0
10.1149/1.1630593,3,VFT,0.38812173553750395,0.3783922521082931,0.009729483429210872,322.35,9.900000000000034,4,190.0
10.1149/1.1630593,3,VFT,0.1848466715775009,0.16883713480788953,0.016009536769611366,292.65,9.799999999999955,4,190.0
10.1149/1.1630593,3,VFT,0.43104560462975644,0.42035905615900726,0.01068654847074918,332.15,19.69999999999999,4,190.0
10.1149/1.1630593,3,VFT,0.3559597081494827,0.2786775963717767,0.077282111777706,322.35,39.5,4,190.0
10.1149/1.1630593,3,VFT,0.3903241730711754,0.35271163716479104,0.03761253590638436,282.85,9.900000000000034,4,190.0
10.1149/1.1630593,3,VFT,0.4203183384965388,0.398949874758324,0.021368463738214827,282.85,9.900000000000034,4,190.0
10.1149/1.1630593,3,VFT,0.6974192533527594,0.6827778664572174,0.014641386895542063,312.45,9.899999999999977,4,190.0
10.1149/1.1630593,3,VFT,0.2698996170381667,0.2002926600224103,0.06960695701575637,272.95,19.599999999999994,4,190.0
10.1149/1.1630593,3,VFT,0.37597978883895256,0.3559596486494896,0.020020140189462965,282.85,9.900000000000034,4,190.0
10.1149/1.1630593,3,VFT,0.6481483483991495,0.5926250615585922,0.055523286840557295,312.45,29.599999999999966,4,190.0
10.1149/1.1630593,3,VFT,0.3040044209712606,0.1742572057575944,0.12974721521366622,282.85,19.700000000000045,4,190.0
10.1149/1.1630593,3,VFT,0.10904757905185021,0.06448059130823025,0.04456698774361996,272.95,9.800000000000011,4,190.0
10.1149/1.1630593,3,VFT,0.9300802544336318,0.9242313081420314,0.0058489462916004875,332.15,9.799999999999955,4,190.0
10.1149/1.1630593,3,VFT,0.8814425869916873,0.8753508195225792,0.006091767469108111,322.35,9.900000000000034,4,190.0
10.1149/1.1630593,3,VFT,0.7889340609307316,0.7796390684622394,0.009294992468492191,332.15,19.69999999999999,4,190.0
10.1149/1.1630593,3,independent_per_curve_GPR,0.6389262762982185,0.5433865369161265,0.09553973938209204,322.35,9.900000000000034,4,190.0
10.1149/1.1630593,3,independent_per_curve_GPR,0.4716394169153869,0.3250720651692396,0.14656735174614732,292.65,9.799999999999955,4,190.0
10.1149/1.1630593,3,independent_per_curve_GPR,0.7167367831995873,0.6308973649022511,0.08583941829733621,332.15,9.799999999999955,4,190.0
10.1149/1.1630593,3,independent_per_curve_GPR,0.6853055121990717,0.36311382643542334,0.3221916857636483,322.35,29.700000000000045,4,190.0
10.1149/1.1630593,3,independent_per_curve_GPR,0.4908719363838234,-0.11093529717028199,0.6018072335541054,292.65,29.5,4,190.0
10.1149/1.1630593,3,independent_per_curve_GPR,0.6337986226134048,0.5080163642863621,0.1257822583270427,312.45,9.899999999999977,4,190.0
10.1149/1.1630593,3,independent_per_curve_GPR,0.4714621412788813,0.12852290152877266,0.34293923975010865,292.65,19.69999999999999,4,190.0
10.1149/1.1630593,3,independent_per_curve_GPR,0.7441811000878007,0.5102433350427614,0.23393776504503927,332.15,19.69999999999999,4,190.0
10.1149/1.1630593,3,independent_per_curve_GPR,0.6727280182060406,0.5663989445612427,0.10632907364479782,322.35,9.900000000000034,4,190.0
10.1149/1.1630593,3,independent_per_curve_GPR,0.2684250695682498,-0.4484377334313604,0.7168628029996102,282.85,29.50000000000003,4,190.0
10.1149/1.1630593,3,independent_per_curve_GPR,0.6354912821609252,0.31830209510469887,0.31718918705622634,322.35,19.80000000000001,4,190.0
10.1149/1.1630593,3,independent_per_curve_GPR,0.4465678878171793,0.0872131375044343,0.359354750312745,302.55,19.69999999999999,4,190.0
10.1149/1.1630593,3,independent_per_curve_GPR,0.6821596487407385,0.6079386569661502,0.0742209917745883,332.15,9.799999999999955,4,190.0
10.1149/1.1630593,3,independent_per_curve_GPR,0.4621018778060848,0.2929819889000878,0.169119888905997,312.45,9.899999999999977,4,190.0
10.1149/1.1630593,3,independent_per_curve_GPR,0.20421349708958283,-0.022845466543224724,0.22705896363280756,292.65,9.799999999999955,4,190.0
10.1149/1.1630593,3,independent_per_curve_GPR,0.5937475169219935,0.45885258966448605,0.1348949272575074,332.15,9.799999999999955,4,190.0
10.1149/1.1630593,3,independent_per_curve_GPR,0.7059726278886455,0.5785783356721542,0.12739429221649123,312.45,9.899999999999977,4,190.0
10.1149/1.1630593,3,independent_per_curve_GPR,0.4521864047003496,0.23423637696190777,0.21795002773844183,282.85,9.900000000000034,4,190.0
10.1149/1.1630593,3,independent_per_curve_GPR,0.8509268955832219,0.7471135693220406,0.10381332626118123,332.15,9.799999999999955,4,190.0
10.1149/1.1630593,3,independent_per_curve_GPR,0.7172830192203542,0.5904202276443072,0.12686279157604696,312.45,9.899999999999977,4,190.0
10.1149/1.1630593,3,independent_per_curve_GPR,0.6160179138577417,0.43711615214316646,0.17890176171457528,302.55,9.900000000000034,4,190.0
10.1149/1.1630593,3,independent_per_curve_GPR,0.4466902706712078,-0.01983885501388509,0.4665291256850929,312.45,19.80000000000001,4,190.0
10.1149/1.1630593,3,independent_per_curve_GPR,0.039983359061869055,-0.03228802766221325,0.07227138672408231,312.45,9.899999999999977,4,190.0
10.1149/1.1630593,3,independent_per_curve_GPR,0.03995990951884958,-0.35563828106336914,0.39559819058221873,282.85,29.50000000000003,4,190.0
10.1149/1.1630593,3,independent_per_curve_GPR,0.21457914170290623,0.1433122215374861,0.07126692016542013,312.45,9.899999999999977,4,190.0
10.1149/1.1630593,3,independent_per_curve_GPR,0.19191123558717216,0.08721121943991379,0.10470001614725837,302.55,9.900000000000034,4,190.0
10.1149/1.1630593,3,independent_per_curve_GPR,0.3367482542910056,0.28103154333824004,0.055716710952765536,332.15,9.799999999999955,4,190.0
10.1149/1.1630593,3,independent_per_curve_GPR,0.3172175406210149,0.13011747454000622,0.1871000660810087,322.35,19.80000000000001,4,190.0
10.1149/1.1630593,3,independent_per_curve_GPR,0.3848272903724122,0.0970289330788282,0.287798357293584,332.15,39.5,4,190.0
10.1149/1.1630593,3,independent_per_curve_GPR,0.40345817743428325,0.3243131154595428,0.07914506197474047,332.15,9.799999999999955,4,190.0
10.1149/1.1630593,3,independent_per_curve_GPR,0.372529233600064,0.2839180268594511,0.0886112067406129,322.35,9.900000000000034,4,190.0
10.1149/1.1630593,3,independent_per_curve_GPR,0.12303201198324593,-0.026622186140487288,0.1496541981237332,282.85,9.900000000000034,4,190.0
10.1149/1.1630593,3,independent_per_curve_GPR,0.2683209060354062,0.14839683158606298,0.11992407444934322,302.55,9.900000000000034,4,190.0
10.1149/1.1630593,3,independent_per_curve_GPR,0.4410867805655398,0.0857973891413117,0.3552893914242281,332.15,29.599999999999966,4,190.0
10.1149/1.1630593,3,independent_per_curve_GPR,0.38812173553750395,0.2895042656068566,0.09861746993064735,322.35,9.900000000000034,4,190.0
10.1149/1.1630593,3,independent_per_curve_GPR,0.1848466715775009,0.05339660731807095,0.13145006425942996,292.65,9.799999999999955,4,190.0
10.1149/1.1630593,3,independent_per_curve_GPR,0.43104560462975644,0.23551996860189772,0.19552563602785872,332.15,19.69999999999999,4,190.0
10.1149/1.1630593,3,independent_per_curve_GPR,0.3559597081494827,-0.08847948498582868,0.4444391931353114,322.35,39.5,4,190.0
10.1149/1.1630593,3,independent_per_curve_GPR,0.3903241730711754,0.18293405127233198,0.20739012179884342,282.85,9.900000000000034,4,190.0
10.1149/1.1630593,3,independent_per_curve_GPR,0.4203183384965388,0.20878368700828337,0.21153465148825545,282.85,9.900000000000034,4,190.0
10.1149/1.1630593,3,independent_per_curve_GPR,0.6974192533527594,0.5615663794006988,0.1358528739520607,312.45,9.899999999999977,4,190.0
10.1149/1.1630593,3,independent_per_curve_GPR,0.2698996170381667,-0.28031530942016764,0.5502149264583343,272.95,19.599999999999994,4,190.0
10.1149/1.1630593,3,independent_per_curve_GPR,0.37597978883895256,0.13802666336416447,0.23795312547478809,282.85,9.900000000000034,4,190.0
10.1149/1.1630593,3,independent_per_curve_GPR,0.6481483483991495,0.14966464462731832,0.49848370377183115,312.45,29.599999999999966,4,190.0
10.1149/1.1630593,3,independent_per_curve_GPR,0.3040044209712606,-0.2666975081221732,0.5707019290934339,282.85,19.700000000000045,4,190.0
10.1149/1.1630593,3,independent_per_curve_GPR,0.10904757905185021,-0.18579443942918633,0.2948420184810365,272.95,9.800000000000011,4,190.0
10.1149/1.1630593,3,independent_per_curve_GPR,0.9300802544336318,0.843003865246402,0.08707638918722982,332.15,9.799999999999955,4,190.0
10.1149/1.1630593,3,independent_per_curve_GPR,0.8814425869916873,0.7683879969590186,0.11305459003266871,322.35,9.900000000000034,4,190.0
10.1149/1.1630593,3,independent_per_curve_GPR,0.7889340609307316,0.5049453506334395,0.2839887102972921,332.15,19.69999999999999,4,190.0
10.1149/1.1630593,4,nested_budget_router,0.6389262762982185,0.6366088853807307,0.002317390917487838,322.35,9.900000000000034,4,160.0
10.1149/1.1630593,4,nested_budget_router,0.4716394169153869,0.46817914050903964,0.0034602764063472735,292.65,9.799999999999955,4,160.0
10.1149/1.1630593,4,nested_budget_router,0.6853055121990717,0.6757594814760652,0.009546030723006416,322.35,29.700000000000045,4,160.0
10.1149/1.1630593,4,nested_budget_router,0.6337986226134048,0.632728210712695,0.0010704119007097779,312.45,9.899999999999977,4,160.0
10.1149/1.1630593,4,nested_budget_router,0.7441811000878007,0.7394703765479997,0.004710723539800954,332.15,19.69999999999999,4,160.0
10.1149/1.1630593,4,nested_budget_router,0.6727280182060406,0.6696208423390244,0.003107175867016143,322.35,9.900000000000034,4,160.0
10.1149/1.1630593,4,nested_budget_router,0.4621018778060848,0.4582757298415929,0.0038261479644918772,312.45,9.899999999999977,4,160.0
10.1149/1.1630593,4,nested_budget_router,0.5937475169219935,0.5887940882120746,0.004953428709918883,332.15,9.799999999999955,4,160.0
10.1149/1.1630593,4,nested_budget_router,0.7059726278886455,0.7048061060351634,0.0011665218534820943,312.45,9.899999999999977,4,160.0
10.1149/1.1630593,4,nested_budget_router,0.4521864047003496,0.45647449700937814,0.004288092309028546,282.85,9.900000000000034,4,160.0
10.1149/1.1630593,4,nested_budget_router,0.7172830192203542,0.7314918214212129,0.014208802200858739,312.45,9.899999999999977,4,160.0
10.1149/1.1630593,4,nested_budget_router,0.6160179138577417,0.6194053066007601,0.003387392743018358,302.55,9.900000000000034,4,160.0
10.1149/1.1630593,4,nested_budget_router,0.4466902706712078,0.4720752951809781,0.025385024509770315,312.45,19.80000000000001,4,160.0
10.1149/1.1630593,4,nested_budget_router,0.039983359061869055,0.03071592375080734,0.009267435311061716,312.45,9.899999999999977,4,160.0
10.1149/1.1630593,4,nested_budget_router,0.19191123558717216,0.18590503077716258,0.006006204810009574,302.55,9.900000000000034,4,160.0
10.1149/1.1630593,4,nested_budget_router,0.3367482542910056,0.3297218271382768,0.007026427152728776,332.15,9.799999999999955,4,160.0
10.1149/1.1630593,4,nested_budget_router,0.3172175406210149,0.3138295900343373,0.003387950586677624,322.35,19.80000000000001,4,160.0
10.1149/1.1630593,4,nested_budget_router,0.3848272903724122,0.3656504098040738,0.019176880568338384,332.15,39.5,4,160.0
10.1149/1.1630593,4,nested_budget_router,0.40345817743428325,0.40020269642914574,0.003255481005137506,332.15,9.799999999999955,4,160.0
10.1149/1.1630593,4,nested_budget_router,0.372529233600064,0.36258664022246445,0.009942593377599562,322.35,9.900000000000034,4,160.0
10.1149/1.1630593,4,nested_budget_router,0.38812173553750395,0.38339063436944043,0.004731101168063523,322.35,9.900000000000034,4,160.0
10.1149/1.1630593,4,nested_budget_router,0.1848466715775009,0.1722590898699201,0.012587581707580786,292.65,9.799999999999955,4,160.0
10.1149/1.1630593,4,nested_budget_router,0.43104560462975644,0.42032620805974474,0.010719396570011697,332.15,19.69999999999999,4,160.0
10.1149/1.1630593,4,nested_budget_router,0.3559597081494827,0.29321788856450104,0.06274181958498165,322.35,39.5,4,160.0
10.1149/1.1630593,4,nested_budget_router,0.4203183384965388,0.418445558160373,0.0018727803361658357,282.85,9.900000000000034,4,160.0
10.1149/1.1630593,4,nested_budget_router,0.37597978883895256,0.362640324317411,0.013339464521541555,282.85,9.900000000000034,4,160.0
10.1149/1.1630593,4,nested_budget_router,0.10904757905185021,0.04091498731845755,0.06813259173339266,272.95,9.800000000000011,4,160.0
10.1149/1.1630593,4,nested_budget_router,0.9300802544336318,0.9298576344573724,0.00022261997625949714,332.15,9.799999999999955,4,160.0
10.1149/1.1630593,4,nested_budget_router,0.7889340609307316,0.7901958476922379,0.001261786761506345,332.15,19.69999999999999,4,160.0
10.1149/1.1630593,4,VFT,0.6389262762982185,0.6366088853807307,0.002317390917487838,322.35,9.900000000000034,4,160.0
10.1149/1.1630593,4,VFT,0.4716394169153869,0.46817914050903964,0.0034602764063472735,292.65,9.799999999999955,4,160.0
10.1149/1.1630593,4,VFT,0.6853055121990717,0.6757594814760652,0.009546030723006416,322.35,29.700000000000045,4,160.0
10.1149/1.1630593,4,VFT,0.6337986226134048,0.632728210712695,0.0010704119007097779,312.45,9.899999999999977,4,160.0
10.1149/1.1630593,4,VFT,0.7441811000878007,0.7394703765479997,0.004710723539800954,332.15,19.69999999999999,4,160.0
10.1149/1.1630593,4,VFT,0.6727280182060406,0.6696208423390244,0.003107175867016143,322.35,9.900000000000034,4,160.0
10.1149/1.1630593,4,VFT,0.4621018778060848,0.4582757298415929,0.0038261479644918772,312.45,9.899999999999977,4,160.0
10.1149/1.1630593,4,VFT,0.5937475169219935,0.5887940882120746,0.004953428709918883,332.15,9.799999999999955,4,160.0
10.1149/1.1630593,4,VFT,0.7059726278886455,0.7048061060351634,0.0011665218534820943,312.45,9.899999999999977,4,160.0
10.1149/1.1630593,4,VFT,0.4521864047003496,0.45647449700937814,0.004288092309028546,282.85,9.900000000000034,4,160.0
10.1149/1.1630593,4,VFT,0.7172830192203542,0.7314918214212129,0.014208802200858739,312.45,9.899999999999977,4,160.0
10.1149/1.1630593,4,VFT,0.6160179138577417,0.6194053066007601,0.003387392743018358,302.55,9.900000000000034,4,160.0
10.1149/1.1630593,4,VFT,0.4466902706712078,0.4720752951809781,0.025385024509770315,312.45,19.80000000000001,4,160.0
10.1149/1.1630593,4,VFT,0.039983359061869055,0.03071592375080734,0.009267435311061716,312.45,9.899999999999977,4,160.0
10.1149/1.1630593,4,VFT,0.19191123558717216,0.18590503077716258,0.006006204810009574,302.55,9.900000000000034,4,160.0
10.1149/1.1630593,4,VFT,0.3367482542910056,0.3297218271382768,0.007026427152728776,332.15,9.799999999999955,4,160.0
10.1149/1.1630593,4,VFT,0.3172175406210149,0.3138295900343373,0.003387950586677624,322.35,19.80000000000001,4,160.0
10.1149/1.1630593,4,VFT,0.3848272903724122,0.3656504098040738,0.019176880568338384,332.15,39.5,4,160.0
10.1149/1.1630593,4,VFT,0.40345817743428325,0.40020269642914574,0.003255481005137506,332.15,9.799999999999955,4,160.0
10.1149/1.1630593,4,VFT,0.372529233600064,0.36258664022246445,0.009942593377599562,322.35,9.900000000000034,4,160.0
10.1149/1.1630593,4,VFT,0.38812173553750395,0.38339063436944043,0.004731101168063523,322.35,9.900000000000034,4,160.0
10.1149/1.1630593,4,VFT,0.1848466715775009,0.1722590898699201,0.012587581707580786,292.65,9.799999999999955,4,160.0
10.1149/1.1630593,4,VFT,0.43104560462975644,0.42032620805974474,0.010719396570011697,332.15,19.69999999999999,4,160.0
10.1149/1.1630593,4,VFT,0.3559597081494827,0.29321788856450104,0.06274181958498165,322.35,39.5,4,160.0
10.1149/1.1630593,4,VFT,0.4203183384965388,0.418445558160373,0.0018727803361658357,282.85,9.900000000000034,4,160.0
10.1149/1.1630593,4,VFT,0.37597978883895256,0.362640324317411,0.013339464521541555,282.85,9.900000000000034,4,160.0
10.1149/1.1630593,4,VFT,0.10904757905185021,0.04091498731845755,0.06813259173339266,272.95,9.800000000000011,4,160.0
10.1149/1.1630593,4,VFT,0.9300802544336318,0.9298576344573724,0.00022261997625949714,332.15,9.799999999999955,4,160.0
10.1149/1.1630593,4,VFT,0.7889340609307316,0.7901958476922379,0.001261786761506345,332.15,19.69999999999999,4,160.0
10.1149/1.1630593,4,independent_per_curve_GPR,0.6389262762982185,0.5540917095683675,0.08483456672985101,322.35,9.900000000000034,4,160.0
10.1149/1.1630593,4,independent_per_curve_GPR,0.4716394169153869,0.3218838745732348,0.1497555423421521,292.65,9.799999999999955,4,160.0
10.1149/1.1630593,4,independent_per_curve_GPR,0.6853055121990717,0.3015609860191134,0.38374452617995825,322.35,29.700000000000045,4,160.0
10.1149/1.1630593,4,independent_per_curve_GPR,0.6337986226134048,0.5026234038704159,0.13117521874298887,312.45,9.899999999999977,4,160.0
10.1149/1.1630593,4,independent_per_curve_GPR,0.7441811000878007,0.5119626544124708,0.2322184456753299,332.15,19.69999999999999,4,160.0
10.1149/1.1630593,4,independent_per_curve_GPR,0.6727280182060406,0.5848846612345598,0.08784335697148071,322.35,9.900000000000034,4,160.0
10.1149/1.1630593,4,independent_per_curve_GPR,0.4621018778060848,0.2907144876886332,0.17138739011745158,312.45,9.899999999999977,4,160.0
10.1149/1.1630593,4,independent_per_curve_GPR,0.5937475169219935,0.49991011246846184,0.09383740445353161,332.15,9.799999999999955,4,160.0
10.1149/1.1630593,4,independent_per_curve_GPR,0.7059726278886455,0.5759094958347163,0.13006313205392916,312.45,9.899999999999977,4,160.0
10.1149/1.1630593,4,independent_per_curve_GPR,0.4521864047003496,0.2524285604309875,0.1997578442693621,282.85,9.900000000000034,4,160.0
10.1149/1.1630593,4,independent_per_curve_GPR,0.7172830192203542,0.6140448394901845,0.10323817973016969,312.45,9.899999999999977,4,160.0
10.1149/1.1630593,4,independent_per_curve_GPR,0.6160179138577417,0.4276846848428676,0.18833322901487415,302.55,9.900000000000034,4,160.0
10.1149/1.1630593,4,independent_per_curve_GPR,0.4466902706712078,-0.07508840362135272,0.5217786742925605,312.45,19.80000000000001,4,160.0
10.1149/1.1630593,4,independent_per_curve_GPR,0.039983359061869055,-0.035098084474096986,0.07508144353596605,312.45,9.899999999999977,4,160.0
10.1149/1.1630593,4,independent_per_curve_GPR,0.19191123558717216,0.09133544508132665,0.1005757905058455,302.55,9.900000000000034,4,160.0
10.1149/1.1630593,4,independent_per_curve_GPR,0.3367482542910056,0.2886749487264922,0.04807330556451339,332.15,9.799999999999955,4,160.0
10.1149/1.1630593,4,independent_per_curve_GPR,0.3172175406210149,0.10958212922937688,0.20763541139163805,322.35,19.80000000000001,4,160.0
10.1149/1.1630593,4,independent_per_curve_GPR,0.3848272903724122,0.05583334452549609,0.3289939458469161,332.15,39.5,4,160.0
10.1149/1.1630593,4,independent_per_curve_GPR,0.40345817743428325,0.32142799121283727,0.08203018622144598,332.15,9.799999999999955,4,160.0
10.1149/1.1630593,4,independent_per_curve_GPR,0.372529233600064,0.31509676544096765,0.05743246815909636,322.35,9.900000000000034,4,160.0
10.1149/1.1630593,4,independent_per_curve_GPR,0.38812173553750395,0.2857558846280589,0.10236585090944506,322.35,9.900000000000034,4,160.0
10.1149/1.1630593,4,independent_per_curve_GPR,0.1848466715775009,0.06434637944814861,0.12050029212935229,292.65,9.799999999999955,4,160.0
10.1149/1.1630593,4,independent_per_curve_GPR,0.43104560462975644,0.22983812382787758,0.20120748080187886,332.15,19.69999999999999,4,160.0
10.1149/1.1630593,4,independent_per_curve_GPR,0.3559597081494827,-0.21621206985944347,0.5721717780089262,322.35,39.5,4,160.0
10.1149/1.1630593,4,independent_per_curve_GPR,0.4203183384965388,0.19615568036172248,0.22416265813481634,282.85,9.900000000000034,4,160.0
10.1149/1.1630593,4,independent_per_curve_GPR,0.37597978883895256,0.13225137836618397,0.24372841047276858,282.85,9.900000000000034,4,160.0
10.1149/1.1630593,4,independent_per_curve_GPR,0.10904757905185021,-0.1809871180983609,0.29003469715021113,272.95,9.800000000000011,4,160.0
10.1149/1.1630593,4,independent_per_curve_GPR,0.9300802544336318,0.8585139251502263,0.07156632928340556,332.15,9.799999999999955,4,160.0
10.1149/1.1630593,4,independent_per_curve_GPR,0.7889340609307316,0.467652735099473,0.32128132583125857,332.15,19.69999999999999,4,160.0
10.1149/1.1630593,5,nested_budget_router,0.6389262762982185,0.6364984728447495,0.0024278034534690462,322.35,9.900000000000034,4,160.0
10.1149/1.1630593,5,nested_budget_router,0.4716394169153869,0.4657044571648399,0.005934959750547031,292.65,9.799999999999955,4,160.0
10.1149/1.1630593,5,nested_budget_router,0.6337986226134048,0.632968639457574,0.0008299831558308268,312.45,9.899999999999977,4,160.0
10.1149/1.1630593,5,nested_budget_router,0.6727280182060406,0.6688348391354155,0.00389317907062503,322.35,9.900000000000034,4,160.0
10.1149/1.1630593,5,nested_budget_router,0.4621018778060848,0.4560943909331854,0.006007486872899426,312.45,9.899999999999977,4,160.0
10.1149/1.1630593,5,nested_budget_router,0.5937475169219935,0.5931572536512302,0.0005902632707632804,332.15,9.799999999999955,4,160.0
10.1149/1.1630593,5,nested_budget_router,0.7059726278886455,0.7043928840257667,0.0015797438628787352,312.45,9.899999999999977,4,160.0
10.1149/1.1630593,5,nested_budget_router,0.039983359061869055,0.022238178220941207,0.017745180840927847,312.45,9.899999999999977,4,160.0
10.1149/1.1630593,5,nested_budget_router,0.3172175406210149,0.31114483560873707,0.006072705012277857,322.35,19.80000000000001,4,160.0
10.1149/1.1630593,5,nested_budget_router,0.3848272903724122,0.36083619386343824,0.023991096508973964,332.15,39.5,4,160.0
10.1149/1.1630593,5,nested_budget_router,0.40345817743428325,0.394614188366719,0.008843989067564229,332.15,9.799999999999955,4,160.0
10.1149/1.1630593,5,nested_budget_router,0.43104560462975644,0.41558679879453975,0.015458805835216693,332.15,19.69999999999999,4,160.0
10.1149/1.1630593,5,nested_budget_router,0.7889340609307316,0.7867292960120935,0.0022047649186380802,332.15,19.69999999999999,4,160.0
10.1149/1.1630593,5,VFT,0.6389262762982185,0.6364984728447495,0.0024278034534690462,322.35,9.900000000000034,4,160.0
10.1149/1.1630593,5,VFT,0.4716394169153869,0.4657044571648399,0.005934959750547031,292.65,9.799999999999955,4,160.0
10.1149/1.1630593,5,VFT,0.6337986226134048,0.632968639457574,0.0008299831558308268,312.45,9.899999999999977,4,160.0
10.1149/1.1630593,5,VFT,0.6727280182060406,0.6688348391354155,0.00389317907062503,322.35,9.900000000000034,4,160.0
10.1149/1.1630593,5,VFT,0.4621018778060848,0.4560943909331854,0.006007486872899426,312.45,9.899999999999977,4,160.0
10.1149/1.1630593,5,VFT,0.5937475169219935,0.5931572536512302,0.0005902632707632804,332.15,9.799999999999955,4,160.0
10.1149/1.1630593,5,VFT,0.7059726278886455,0.7043928840257667,0.0015797438628787352,312.45,9.899999999999977,4,160.0
10.1149/1.1630593,5,VFT,0.039983359061869055,0.022238178220941207,0.017745180840927847,312.45,9.899999999999977,4,160.0
10.1149/1.1630593,5,VFT,0.3172175406210149,0.31114483560873707,0.006072705012277857,322.35,19.80000000000001,4,160.0
10.1149/1.1630593,5,VFT,0.3848272903724122,0.36083619386343824,0.023991096508973964,332.15,39.5,4,160.0
10.1149/1.1630593,5,VFT,0.40345817743428325,0.394614188366719,0.008843989067564229,332.15,9.799999999999955,4,160.0
10.1149/1.1630593,5,VFT,0.43104560462975644,0.41558679879453975,0.015458805835216693,332.15,19.69999999999999,4,160.0
10.1149/1.1630593,5,VFT,0.7889340609307316,0.7867292960120935,0.0022047649186380802,332.15,19.69999999999999,4,160.0
10.1149/1.1630593,5,independent_per_curve_GPR,0.6389262762982185,0.554817183068698,0.08410909322952054,322.35,9.900000000000034,4,160.0
10.1149/1.1630593,5,independent_per_curve_GPR,0.4716394169153869,0.33581581197831445,0.13582360493707246,292.65,9.799999999999955,4,160.0
10.1149/1.1630593,5,independent_per_curve_GPR,0.6337986226134048,0.49608715729540487,0.13771146531799994,312.45,9.899999999999977,4,160.0
10.1149/1.1630593,5,independent_per_curve_GPR,0.6727280182060406,0.5821581254310262,0.09056989277501437,322.35,9.900000000000034,4,160.0
10.1149/1.1630593,5,independent_per_curve_GPR,0.4621018778060848,0.29160956694033646,0.17049231086574834,312.45,9.899999999999977,4,160.0
10.1149/1.1630593,5,independent_per_curve_GPR,0.5937475169219935,0.49557897076412716,0.0981685461578663,332.15,9.799999999999955,4,160.0
10.1149/1.1630593,5,independent_per_curve_GPR,0.7059726278886455,0.5885218075263965,0.11745082036224896,312.45,9.899999999999977,4,160.0
10.1149/1.1630593,5,independent_per_curve_GPR,0.039983359061869055,-0.042588277050429835,0.0825716361122989,312.45,9.899999999999977,4,160.0
10.1149/1.1630593,5,independent_per_curve_GPR,0.3172175406210149,0.0930155101235713,0.22420203049744364,322.35,19.80000000000001,4,160.0
10.1149/1.1630593,5,independent_per_curve_GPR,0.3848272903724122,0.013459386513830388,0.3713679038585818,332.15,39.5,4,160.0
10.1149/1.1630593,5,independent_per_curve_GPR,0.40345817743428325,0.32459751950510485,0.0788606579291784,332.15,9.799999999999955,4,160.0
10.1149/1.1630593,5,independent_per_curve_GPR,0.43104560462975644,0.2219592777550874,0.20908632687466905,332.15,19.69999999999999,4,160.0
10.1149/1.1630593,5,independent_per_curve_GPR,0.7889340609307316,0.4441451952837744,0.3447888656469572,332.15,19.69999999999999,4,160.0
10.1149/1.1833611,3,nested_budget_router,0.5994124669909516,0.5958139886653736,0.003598478325578025,332.15,9.799999999999955,4,160.0
10.1149/1.1833611,3,nested_budget_router,0.7385685784219824,0.7364928137164866,0.002075764705495864,332.15,9.799999999999955,4,160.0
10.1149/1.1833611,3,nested_budget_router,0.7907577804783202,0.7909959534669023,0.00023817298858208602,332.15,9.799999999999955,4,160.0
10.1149/1.1833611,3,nested_budget_router,0.8270948457750013,0.8260004240914591,0.0010944216835421239,332.15,9.799999999999955,4,160.0
10.1149/1.1833611,3,nested_budget_router,0.8733388121512187,0.873579587688966,0.00024077553774737304,332.15,9.799999999999955,4,160.0
10.1149/1.1833611,3,nested_budget_router,0.8874573667002804,0.8861478079694948,0.0013095587307856427,332.15,9.799999999999955,4,160.0
10.1149/1.1833611,3,nested_budget_router,0.8956926603779694,0.8968078910927382,0.0011152307147688223,332.15,9.799999999999955,4,160.0
10.1149/1.1833611,3,nested_budget_router,0.8983948658042163,0.8962345138267594,0.002160351977456898,332.15,9.799999999999955,4,160.0
10.1149/1.1833611,3,nested_budget_router,0.8920633652148822,0.8883897900812865,0.0036735751335956746,332.15,9.799999999999955,4,160.0
10.1149/1.1833611,3,nested_budget_router,0.8782574456656309,0.8743874965121536,0.00386994915347727,332.15,9.799999999999955,4,160.0
10.1149/1.1833611,3,nested_budget_router,0.8582114300486811,0.8614151097043531,0.0032036796556720315,332.15,9.799999999999955,4,160.0
10.1149/1.1833611,3,nested_budget_router,0.16489335930822416,0.1590850898646224,0.005808269443601771,332.15,9.799999999999955,4,160.0
10.1149/1.1833611,3,nested_budget_router,0.4380386520683107,0.4355867927831434,0.002451859285167335,332.15,9.799999999999955,4,160.0
10.1149/1.1833611,3,nested_budget_router,0.5408979976175841,0.5262457703121212,0.014652227305462895,332.15,19.69999999999999,4,160.0
10.1149/1.1833611,3,nested_budget_router,0.503584357517213,0.49811049616033143,0.005473861356881549,312.45,9.899999999999977,4,160.0
10.1149/1.1833611,3,nested_budget_router,0.6705831692272491,0.6702989832104238,0.0002841860168253385,332.15,9.799999999999955,4,160.0
10.1149/1.1833611,3,nested_budget_router,0.7127007081178658,0.714028872482182,0.0013281643643162644,332.15,9.799999999999955,4,160.0
10.1149/1.1833611,3,nested_budget_router,0.7540238375158995,0.7482990305632555,0.00572480695264399,332.15,39.5,4,160.0
10.1149/1.1833611,3,nested_budget_router,0.8240666374978196,0.8213141745776366,0.002752462920183052,332.15,9.799999999999955,4,160.0
10.1149/1.1833611,3,nested_budget_router,0.8520361566379724,0.8513480055735437,0.0006881510644286548,332.15,9.799999999999955,4,160.0
10.1149/1.1833611,3,nested_budget_router,0.8740775039293075,0.87468344240093,0.0006059384716224914,332.15,9.799999999999955,4,160.0
10.1149/1.1833611,3,nested_budget_router,0.8950875456544244,0.8958295935750477,0.0007420479206232677,332.15,9.799999999999955,4,160.0
10.1149/1.1833611,3,nested_budget_router,0.9113029144432199,0.9113600350251411,5.712058192119951e-05,332.15,9.799999999999955,4,160.0
10.1149/1.1833611,3,nested_budget_router,0.9231811957738244,0.9230839173573046,9.727841651985258e-05,332.15,9.799999999999955,4,160.0
10.1149/1.1833611,3,nested_budget_router,0.9329347502607845,0.9327601678593144,0.00017458240147016912,332.15,9.799999999999955,4,160.0
10.1149/1.1833611,3,nested_budget_router,0.9406975541556711,0.9383243232575271,0.0023732308981440076,332.15,9.799999999999955,4,160.0
10.1149/1.1833611,3,nested_budget_router,0.9447816700811263,0.9480459974002077,0.0032643273190813282,332.15,9.799999999999955,4,160.0
10.1149/1.1833611,3,nested_budget_router,0.9451700599086559,0.9436155418631992,0.0015545180454566987,332.15,9.799999999999955,4,160.0
10.1149/1.1833611,3,nested_budget_router,0.522089789644058,0.5259474008662528,0.0038576112221947456,322.35,9.900000000000034,4,160.0
10.1149/1.1833611,3,nested_budget_router,0.6496950212585995,0.6443321639990659,0.00536285725953356,332.15,9.799999999999955,4,160.0
10.1149/1.1833611,3,nested_budget_router,0.698257461985226,0.6938090964503689,0.004448365534857057,332.15,9.799999999999955,4,160.0
10.1149/1.1833611,3,nested_budget_router,0.7363685082661853,0.7325527533732724,0.0038157548929128593,332.15,9.799999999999955,4,160.0
10.1149/1.1833611,3,nested_budget_router,0.7660330165130792,0.7685567709824943,0.002523754469415107,332.15,9.799999999999955,4,160.0
10.1149/1.1833611,3,nested_budget_router,0.5534111620097821,0.5484897411129148,0.004921420896867312,302.55,9.900000000000034,4,160.0
10.1149/1.1833611,3,nested_budget_router,0.8173888535359182,0.8146051833050764,0.002783670230841806,332.15,9.799999999999955,4,160.0
10.1149/1.1833611,3,nested_budget_router,0.8352523365799425,0.8314761313608806,0.0037762052190618567,332.15,9.799999999999955,4,160.0
10.1149/1.1833611,3,nested_budget_router,0.8480303941995317,0.8440035157114577,0.004026878488074037,332.15,9.799999999999955,4,160.0
10.1149/1.1833611,3,nested_budget_router,0.8618085310562983,0.8564454852734266,0.005363045782871723,332.15,9.799999999999955,4,160.0
10.1149/1.1833611,3,nested_budget_router,0.8610738912142633,0.8622036908146942,0.001129799600430914,332.15,9.799999999999955,4,160.0
10.1149/1.1833611,3,nested_budget_router,0.8484631380442306,0.8455146438368738,0.0029484942073567666,332.15,9.799999999999955,4,160.0
10.1149/1.1833611,3,nested_budget_router,0.8362914966871192,1.0826842877649159,0.24639279107779666,332.15,78.79999999999998,4,160.0
10.1149/1.1833611,3,nested_budget_router,0.7433114433267886,0.7481229467123652,0.0048115033855766765,322.35,9.900000000000034,4,160.0
10.1149/1.1833611,3,nested_budget_router,0.6532125137753437,0.6472747744905937,0.005937739284750054,332.15,9.799999999999955,4,160.0
10.1149/1.1833611,3,nested_budget_router,0.7495544502191152,0.7442482490243205,0.005306201194794635,322.35,9.900000000000034,4,160.0
10.1149/1.1833611,3,nested_budget_router,0.8541273565846526,0.8535478589249667,0.0005794976596859014,332.15,9.799999999999955,4,160.0
10.1149/1.1833611,3,nested_budget_router,0.8801407889142419,0.8829848683986177,0.0028440794843758166,332.15,9.799999999999955,4,160.0
10.1149/1.1833611,3,nested_budget_router,0.8998848471392512,0.89767333072639,0.002211516412861214,332.15,9.799999999999955,4,160.0
10.1149/1.1833611,3,nested_budget_router,0.9141252862344557,0.9126191894356448,0.0015060967988108631,332.15,9.799999999999955,4,160.0
10.1149/1.1833611,3,nested_budget_router,0.9215334741036846,0.9171529736274437,0.004380500476240834,332.15,9.799999999999955,4,160.0
10.1149/1.1833611,3,nested_budget_router,0.923365942957112,0.9222457808185991,0.001120162138512959,332.15,9.799999999999955,4,160.0
10.1149/1.1833611,3,nested_budget_router,0.9159892139291999,0.9149544956785245,0.0010347182506753594,332.15,9.799999999999955,4,160.0
10.1149/1.1833611,3,nested_budget_router,0.9027705353510247,0.906692095233522,0.003921559882497316,332.15,9.799999999999955,4,160.0
10.1149/1.1833611,3,nested_budget_router,0.6126997807162147,0.6076084685824669,0.005091312133747805,332.15,9.799999999999955,4,160.0
10.1149/1.1833611,3,nested_budget_router,0.7410336219056128,0.7347036372582102,0.006329984647402642,332.15,9.799999999999955,4,160.0
10.1149/1.1833611,3,nested_budget_router,0.7947361503963257,0.7965036787001063,0.0017675283037805745,332.15,9.799999999999955,4,160.0
10.1149/1.1833611,3,nested_budget_router,0.8311962850875894,0.8261709673651051,0.005025317722484268,332.15,9.799999999999955,4,160.0
10.1149/1.1833611,3,nested_budget_router,0.8562780341154737,0.8528197131787638,0.0034583209367098355,332.15,9.799999999999955,4,160.0
10.1149/1.1833611,3,nested_budget_router,0.8018655244924775,0.797214898446014,0.004650626046463491,322.35,9.900000000000034,4,160.0
10.1149/1.1833611,3,nested_budget_router,0.8908555305873403,0.8903241517168813,0.000531378870459065,332.15,9.799999999999955,4,160.0
10.1149/1.1833611,3,nested_budget_router,0.8995363817937931,0.8963197514901263,0.003216630303666812,332.15,9.799999999999955,4,160.0
10.1149/1.1833611,3,nested_budget_router,0.9024124123314328,0.8971789028882372,0.005233509443195561,332.15,19.69999999999999,4,160.0
10.1149/1.1833611,3,nested_budget_router,0.8868167361072647,0.8820450735563802,0.00477166255088457,332.15,9.799999999999955,4,160.0
10.1149/1.1833611,3,nested_budget_router,0.8715345480544757,0.8646182157166827,0.006916332337792985,332.15,9.799999999999955,4,160.0
10.1149/1.1833611,3,nested_budget_router,0.6146491186545956,0.6143991963477388,0.00024992230685683126,332.15,9.799999999999955,4,160.0
10.1149/1.1833611,3,nested_budget_router,0.6532125137753437,0.6474725995933185,0.005739914182025241,312.45,19.80000000000001,4,160.0
10.1149/1.1833611,3,nested_budget_router,0.8395889452368733,0.8384349183357229,0.0011540269011504067,332.15,9.799999999999955,4,160.0
10.1149/1.1833611,3,nested_budget_router,0.8681948044284015,0.8639365718901597,0.004258232538241757,332.15,9.799999999999955,4,160.0
10.1149/1.1833611,3,nested_budget_router,0.8884768314673185,0.8865895055698132,0.0018873258975052876,332.15,9.799999999999955,4,160.0
10.1149/1.1833611,3,nested_budget_router,0.9046837300144092,0.9024131353101573,0.002270594704251838,332.15,9.799999999999955,4,160.0
10.1149/1.1833611,3,nested_budget_router,0.9125658788633235,0.9080033186613348,0.004562560201988752,332.15,9.799999999999955,4,160.0
10.1149/1.1833611,3,nested_budget_router,0.9062716457559425,0.9035379267466761,0.0027337190092664443,332.15,9.799999999999955,4,160.0
10.1149/1.1833611,3,nested_budget_router,0.8934027196018733,0.8851937068783391,0.008209012723534248,332.15,9.799999999999955,4,160.0
10.1149/1.1833611,3,nested_budget_router,0.871641604157595,0.8701217330822191,0.0015198710753758782,332.15,9.799999999999955,4,160.0
10.1149/1.1833611,3,nested_budget_router,0.04050121485602134,0.04795245365038868,0.007451238794367342,332.15,9.799999999999955,4,160.0
10.1149/1.1833611,3,nested_budget_router,0.27437780090353575,0.27664791748472495,0.0022701165811891966,332.15,9.799999999999955,4,160.0
10.1149/1.1833611,3,nested_budget_router,0.3806192215096623,0.37994284282389723,0.0006763786857650889,332.15,9.799999999999955,4,160.0
10.1149/1.1833611,3,nested_budget_router,0.4734778232155228,0.47239802461875297,0.001079798596769821,332.15,9.799999999999955,4,160.0
10.1149/1.1833611,3,nested_budget_router,0.6038251425238906,0.602481162364415,0.0013439801594756773,332.15,9.799999999999955,4,160.0
10.1149/1.1833611,3,nested_budget_router,0.7036253306758419,0.7071280477318345,0.003502717055992588,332.15,9.799999999999955,4,160.0
10.1149/1.1833611,3,nested_budget_router,0.5205869485421141,0.5263741359238916,0.0057871873817775255,302.55,9.900000000000034,4,160.0
10.1149/1.1833611,3,nested_budget_router,0.7458688739869638,0.746962811113493,0.0010939371265292763,332.15,9.799999999999955,4,160.0
10.1149/1.1833611,3,nested_budget_router,0.7843652120927994,0.7859652914689548,0.0016000793761553611,332.15,9.799999999999955,4,160.0
10.1149/1.1833611,3,nested_budget_router,0.8162496087282435,0.8200725041560409,0.003822895427797457,332.15,9.799999999999955,4,160.0
10.1149/1.1833611,3,nested_budget_router,0.8675221288028961,0.8668220316906315,0.0007000971122645971,332.15,9.799999999999955,4,160.0
10.1149/1.1833611,3,nested_budget_router,0.8880006290618762,0.8870801001647951,0.0009205288970810521,332.15,9.799999999999955,4,160.0
10.1149/1.1833611,3,nested_budget_router,0.9227735711094729,0.9218970511183259,0.0008765199911470178,332.15,9.799999999999955,4,160.0
10.1149/1.1833611,3,nested_budget_router,0.17363066058698706,0.178428821833626,0.004798161246638927,332.15,9.799999999999955,4,160.0
10.1149/1.1833611,3,nested_budget_router,0.43326797104906706,0.43607438834262024,0.0028064172935531873,332.15,9.799999999999955,4,160.0
10.1149/1.1833611,3,nested_budget_router,0.5387781558284613,0.5327127246678375,0.0060654311606238576,332.15,9.799999999999955,4,160.0
10.1149/1.1833611,3,nested_budget_router,0.6129633543113681,0.6089030937759766,0.004060260535391436,332.15,9.799999999999955,4,160.0
10.1149/1.1833611,3,nested_budget_router,0.6731927842962409,0.6720498568607003,0.0011429274355405639,332.15,9.799999999999955,4,160.0
10.1149/1.1833611,3,nested_budget_router,0.71769870485407,0.7126361565978823,0.005062548256187682,332.15,9.799999999999955,4,160.0
10.1149/1.1833611,3,nested_budget_router,0.7580646886110975,0.7573069051646238,0.0007577834464737032,332.15,9.799999999999955,4,160.0
10.1149/1.1833611,3,nested_budget_router,0.7973497124471525,0.7964036214233922,0.0009460910237603093,332.15,9.799999999999955,4,160.0
10.1149/1.1833611,3,nested_budget_router,0.8290310604402732,0.8251204973780808,0.003910563062192396,332.15,9.799999999999955,4,160.0
10.1149/1.1833611,3,nested_budget_router,0.856513844952637,0.8584702453637284,0.0019564004110913524,332.15,9.799999999999955,4,160.0
10.1149/1.1833611,3,nested_budget_router,0.8784828470758402,0.876731774564891,0.001751072510949192,332.15,9.799999999999955,4,160.0
10.1149/1.1833611,3,nested_budget_router,0.8956659689314563,0.8929600201366727,0.002705948794783586,332.15,9.799999999999955,4,160.0
10.1149/1.1833611,3,nested_budget_router,0.5870828353964056,0.5890905751684838,0.002007739772078243,292.65,9.799999999999955,4,160.0
10.1149/1.1833611,3,nested_budget_router,0.9085758849563462,0.9094717345964235,0.0008958496400772731,332.15,9.799999999999955,4,160.0
10.1149/1.1833611,3,nested_budget_router,0.9189893975086663,0.9185457984311163,0.0004435990775499832,332.15,9.799999999999955,4,160.0
10.1149/1.1833611,3,nested_budget_router,0.9232264504412505,0.9214079658277727,0.0018184846134777777,332.15,9.799999999999955,4,160.0
10.1149/1.1833611,3,nested_budget_router,0.9274225650243936,0.9256622560489534,0.0017603089754402168,332.15,9.799999999999955,4,160.0
10.1149/1.1833611,3,nested_budget_router,0.925329575523757,0.9219139683692597,0.003415607154497402,332.15,9.799999999999955,4,160.0
10.1149/1.1833611,3,nested_budget_router,0.9189893975086663,0.9184080688690108,0.0005813286396554318,332.15,9.799999999999955,4,160.0
10.1149/1.1833611,3,nested_budget_router,0.7072953931586318,0.7025054186063417,0.004789974552290022,332.15,9.799999999999955,4,160.0
10.1149/1.1833611,3,nested_budget_router,0.7964400360869989,0.7779503640697354,0.01848967201726348,332.15,19.69999999999999,4,160.0
10.1149/1.1833611,3,nested_budget_router,0.3411472188528036,0.35076472200243736,0.009617503149633777,282.85,9.900000000000034,4,160.0
10.1149/1.1833611,3,nested_budget_router,0.8246086516331352,0.8233368319291612,0.001271819703974053,332.15,9.799999999999955,4,160.0
10.1149/1.1833611,3,nested_budget_router,0.8470947998002147,0.8451505471004838,0.001944252699730975,332.15,9.799999999999955,4,160.0
10.1149/1.1833611,3,nested_budget_router,0.8627467453342664,0.8615768085489601,0.0011699367853063025,332.15,9.799999999999955,4,160.0
10.1149/1.1833611,3,nested_budget_router,0.8741262910716027,0.8731825749398485,0.0009437161317541465,332.15,9.799999999999955,4,160.0
10.1149/1.1833611,3,nested_budget_router,0.8665731531852291,0.8641672332792456,0.002405919905983489,332.15,9.799999999999955,4,160.0
10.1149/1.1833611,3,nested_budget_router,0.8510609870155704,0.8466292378982994,0.004431749117271067,332.15,9.799999999999955,4,160.0
10.1149/1.1833611,3,nested_budget_router,0.2208106884744153,0.20935576695040495,0.011454921524010342,322.35,9.900000000000034,4,160.0
10.1149/1.1833611,3,nested_budget_router,0.3485065413259138,0.35519810139094693,0.006691560065033131,332.15,9.799999999999955,4,160.0
10.1149/1.1833611,3,nested_budget_router,0.4208380512374121,0.4307205217773573,0.009882470539945232,332.15,9.799999999999955,4,160.0
10.1149/1.1833611,3,nested_budget_router,0.32335655616648623,0.3115641349711745,0.011792421195311709,312.45,9.899999999999977,4,160.0
10.1149/1.1833611,3,nested_budget_router,0.4943346498405031,0.49336719015885067,0.0009674596816524605,332.15,9.799999999999955,4,160.0
10.1149/1.1833611,3,nested_budget_router,0.5570822038534365,0.5579470115680845,0.0008648077146479194,332.15,9.799999999999955,4,160.0
10.1149/1.1833611,3,nested_budget_router,0.6161277723351913,0.6132374164084393,0.0028903559267520196,332.15,9.799999999999955,4,160.0
10.1149/1.1833611,3,nested_budget_router,0.6680261888798529,0.6701651623889019,0.0021389735090490136,332.15,9.799999999999955,4,160.0
10.1149/1.1833611,3,nested_budget_router,0.7143149090514236,0.7117916691371917,0.0025232399142318673,332.15,9.799999999999955,4,160.0
10.1149/1.1833611,3,nested_budget_router,0.8415237770901847,0.84357825298276,0.002054475892575347,332.15,9.799999999999955,4,160.0
10.1149/1.1833611,3,nested_budget_router,0.8633205693002606,0.862607147038893,0.0007134222613676133,332.15,9.799999999999955,4,160.0
10.1149/1.1833611,3,nested_budget_router,0.8817104229194349,0.8783968265022922,0.0033135964171426835,332.15,19.69999999999999,4,160.0
10.1149/1.1833611,3,nested_budget_router,0.8926816522271562,0.8908053150062274,0.0018763372209288365,332.15,9.799999999999955,4,160.0
10.1149/1.1833611,3,nested_budget_router,0.3010299956639812,0.3018334788256351,0.0008034831616539062,332.15,9.799999999999955,4,160.0
10.1149/1.1833611,3,nested_budget_router,0.3667087712622437,0.36264793941004336,0.004060831852200353,332.15,9.799999999999955,4,160.0
10.1149/1.1833611,3,nested_budget_router,0.4237472721981457,0.4166290448480488,0.007118227350096873,332.15,9.799999999999955,4,160.0
10.1149/1.1833611,3,nested_budget_router,0.4858951790561205,0.47922246556555964,0.0066727134905608665,332.15,9.799999999999955,4,160.0
10.1149/1.1833611,3,nested_budget_router,0.5839617692490267,0.5859066871712357,0.0019449179222090773,332.15,9.799999999999955,4,160.0
10.1149/1.1833611,3,nested_budget_router,0.6320232147343586,0.6309474071942629,0.00107580754009573,332.15,9.799999999999955,4,160.0
10.1149/1.1833611,3,nested_budget_router,0.6677387669262249,0.6670054344534865,0.0007333324727384349,332.15,9.799999999999955,4,160.0
10.1149/1.1833611,3,nested_budget_router,0.7007390270519149,0.7034102248291928,0.0026711977772778672,332.15,9.799999999999955,4,160.0
10.1149/1.1833611,3,nested_budget_router,0.7077439286157291,0.7088455705155962,0.0011016418998670563,322.35,29.700000000000045,4,160.0
10.1149/1.1833611,3,nested_budget_router,0.7569619512919908,0.7724630836476655,0.01550113235567463,332.15,19.69999999999999,4,160.0
10.1149/1.1833611,3,nested_budget_router,0.675291904903569,0.6748668735923342,0.00042503131123483584,312.45,19.80000000000001,4,160.0
10.1149/1.1833611,3,nested_budget_router,0.7840201840433695,0.7895501174444995,0.0055299334011300605,332.15,9.799999999999955,4,160.0
10.1149/1.1833611,3,nested_budget_router,0.8067335680239547,0.8041056159911663,0.0026279520327884276,332.15,9.799999999999955,4,160.0
10.1149/1.1833611,3,VFT,0.5994124669909516,0.5976396211254034,0.001772845865548267,332.15,9.799999999999955,4,160.0
10.1149/1.1833611,3,VFT,0.7385685784219824,0.7370348826748441,0.0015336957471383528,332.15,9.799999999999955,4,160.0
10.1149/1.1833611,3,VFT,0.7907577804783202,0.7896899942218278,0.0010677862564923979,332.15,9.799999999999955,4,160.0
10.1149/1.1833611,3,VFT,0.8270948457750013,0.828664651124192,0.0015698053491907116,332.15,9.799999999999955,4,160.0
10.1149/1.1833611,3,VFT,0.8733388121512187,0.8747084486976899,0.0013696365464712645,332.15,9.799999999999955,4,160.0
10.1149/1.1833611,3,VFT,0.8874573667002804,0.8901457471523138,0.0026883804520333454,332.15,9.799999999999955,4,160.0
10.1149/1.1833611,3,VFT,0.8956926603779694,0.8992894646602203,0.003596804282250954,332.15,9.799999999999955,4,160.0
10.1149/1.1833611,3,VFT,0.8983948658042163,0.9010176981418645,0.002622832337648151,332.15,9.799999999999955,4,160.0
10.1149/1.1833611,3,VFT,0.8920633652148822,0.8923970323555326,0.0003336671406504177,332.15,9.799999999999955,4,160.0
10.1149/1.1833611,3,VFT,0.8782574456656309,0.882820772631032,0.004563326965401071,332.15,9.799999999999955,4,160.0
10.1149/1.1833611,3,VFT,0.8582114300486811,0.8651507615010974,0.00693933145241632,332.15,9.799999999999955,4,160.0
10.1149/1.1833611,3,VFT,0.16489335930822416,0.15308825819602867,0.011805101112195487,332.15,9.799999999999955,4,160.0
10.1149/1.1833611,3,VFT,0.4380386520683107,0.4342832189475627,0.0037554331207479974,332.15,9.799999999999955,4,160.0
10.1149/1.1833611,3,VFT,0.5408979976175841,0.5331708932369913,0.007727104380592764,332.15,19.69999999999999,4,160.0
10.1149/1.1833611,3,VFT,0.503584357517213,0.49801049020059407,0.005573867316618908,312.45,9.899999999999977,4,160.0
10.1149/1.1833611,3,VFT,0.6705831692272491,0.671556074266072,0.0009729050388228577,332.15,9.799999999999955,4,160.0
10.1149/1.1833611,3,VFT,0.7127007081178658,0.7143696623662547,0.0016689542483888653,332.15,9.799999999999955,4,160.0
10.1149/1.1833611,3,VFT,0.7540238375158995,0.7357508729639681,0.018272964551931392,332.15,39.5,4,160.0
10.1149/1.1833611,3,VFT,0.8240666374978196,0.8223235709650777,0.0017430665327419215,332.15,9.799999999999955,4,160.0
10.1149/1.1833611,3,VFT,0.8520361566379724,0.8519874557549418,4.87008830305502e-05,332.15,9.799999999999955,4,160.0
10.1149/1.1833611,3,VFT,0.8740775039293075,0.871613994096206,0.002463509833101507,332.15,9.799999999999955,4,160.0
10.1149/1.1833611,3,VFT,0.8950875456544244,0.895626681171341,0.0005391355169166445,332.15,9.799999999999955,4,160.0
10.1149/1.1833611,3,VFT,0.9113029144432199,0.9108839071130395,0.0004190073301804098,332.15,9.799999999999955,4,160.0
10.1149/1.1833611,3,VFT,0.9231811957738244,0.92396515200426,0.0007839562304355896,332.15,9.799999999999955,4,160.0
10.1149/1.1833611,3,VFT,0.9329347502607845,0.933111407960016,0.000176657699231475,332.15,9.799999999999955,4,160.0
10.1149/1.1833611,3,VFT,0.9406975541556711,0.9395868196980524,0.0011107344576187783,332.15,9.799999999999955,4,160.0
10.1149/1.1833611,3,VFT,0.9447816700811263,0.9445763695428258,0.00020530053830059014,332.15,9.799999999999955,4,160.0
10.1149/1.1833611,3,VFT,0.9451700599086559,0.9455358488856975,0.0003657889770416478,332.15,9.799999999999955,4,160.0
10.1149/1.1833611,3,VFT,0.522089789644058,0.5211781355792691,0.0009116540647889915,322.35,9.900000000000034,4,160.0
10.1149/1.1833611,3,VFT,0.6496950212585995,0.6477108367515849,0.0019841845070145414,332.15,9.799999999999955,4,160.0
10.1149/1.1833611,3,VFT,0.698257461985226,0.6969653846506048,0.0012920773346212222,332.15,9.799999999999955,4,160.0
10.1149/1.1833611,3,VFT,0.7363685082661853,0.7332819145073897,0.0030865937587956083,332.15,9.799999999999955,4,160.0
10.1149/1.1833611,3,VFT,0.7660330165130792,0.7705053016509251,0.004472285137845922,332.15,9.799999999999955,4,160.0
10.1149/1.1833611,3,VFT,0.5534111620097821,0.553108543971736,0.00030261803804609855,302.55,9.900000000000034,4,160.0
10.1149/1.1833611,3,VFT,0.8173888535359182,0.8178087814950654,0.00041992795914724823,332.15,9.799999999999955,4,160.0
10.1149/1.1833611,3,VFT,0.8352523365799425,0.8348203568036681,0.00043197977627440487,332.15,9.799999999999955,4,160.0
10.1149/1.1833611,3,VFT,0.8480303941995317,0.846022294862872,0.0020080993366597966,332.15,9.799999999999955,4,160.0
10.1149/1.1833611,3,VFT,0.8618085310562983,0.8620953279037027,0.0002867968474044025,332.15,9.799999999999955,4,160.0
10.1149/1.1833611,3,VFT,0.8610738912142633,0.865056513366558,0.003982622152294724,332.15,9.799999999999955,4,160.0
10.1149/1.1833611,3,VFT,0.8484631380442306,0.8515281878120557,0.0030650497678251787,332.15,9.799999999999955,4,160.0
10.1149/1.1833611,3,VFT,0.8362914966871192,19.687063245786813,18.850771749099692,332.15,78.79999999999998,4,160.0
10.1149/1.1833611,3,VFT,0.7433114433267886,0.7527786099351585,0.009467166608369992,322.35,9.900000000000034,4,160.0
10.1149/1.1833611,3,VFT,0.6532125137753437,0.6513975082795298,0.0018150054958139261,332.15,9.799999999999955,4,160.0
10.1149/1.1833611,3,VFT,0.7495544502191152,0.7503446788416972,0.0007902286225820454,322.35,9.900000000000034,4,160.0
10.1149/1.1833611,3,VFT,0.8541273565846526,0.8555329772096549,0.0014056206250023795,332.15,9.799999999999955,4,160.0
10.1149/1.1833611,3,VFT,0.8801407889142419,0.8810269042051615,0.0008861152909196424,332.15,9.799999999999955,4,160.0
10.1149/1.1833611,3,VFT,0.8998848471392512,0.8990997664192368,0.000785080720014375,332.15,9.799999999999955,4,160.0
10.1149/1.1833611,3,VFT,0.9141252862344557,0.9146316443513398,0.0005063581168841536,332.15,9.799999999999955,4,160.0
10.1149/1.1833611,3,VFT,0.9215334741036846,0.9220435454000475,0.000510071296362935,332.15,9.799999999999955,4,160.0
10.1149/1.1833611,3,VFT,0.923365942957112,0.9245504111462388,0.0011844681891267639,332.15,9.799999999999955,4,160.0
10.1149/1.1833611,3,VFT,0.9159892139291999,0.9185850484700759,0.0025958345408760852,332.15,9.799999999999955,4,160.0
10.1149/1.1833611,3,VFT,0.9027705353510247,0.9091061952884447,0.006335659937420024,332.15,9.799999999999955,4,160.0
10.1149/1.1833611,3,VFT,0.6126997807162147,0.609006837812357,0.0036929429038576878,332.15,9.799999999999955,4,160.0
10.1149/1.1833611,3,VFT,0.7410336219056128,0.7375880944021453,0.0034455275034674937,332.15,9.799999999999955,4,160.0
10.1149/1.1833611,3,VFT,0.7947361503963257,0.7951565587956333,0.00042040839930757024,332.15,9.799999999999955,4,160.0
10.1149/1.1833611,3,VFT,0.8311962850875894,0.8285261318811556,0.002670153206433712,332.15,9.799999999999955,4,160.0
10.1149/1.1833611,3,VFT,0.8562780341154737,0.8546069238660234,0.001671110249450214,332.15,9.799999999999955,4,160.0
10.1149/1.1833611,3,VFT,0.8018655244924775,0.8045585383679621,0.0026930138754845956,322.35,9.900000000000034,4,160.0
10.1149/1.1833611,3,VFT,0.8908555305873403,0.891870906502906,0.0010153759155656639,332.15,9.799999999999955,4,160.0
10.1149/1.1833611,3,VFT,0.8995363817937931,0.8983084864022735,0.0012278953915196844,332.15,9.799999999999955,4,160.0
10.1149/1.1833611,3,VFT,0.9024124123314328,0.9061883225562168,0.0037759102247840737,332.15,19.69999999999999,4,160.0
10.1149/1.1833611,3,VFT,0.8868167361072647,0.8865931934036582,0.0002235427036065829,332.15,9.799999999999955,4,160.0
10.1149/1.1833611,3,VFT,0.8715345480544757,0.8733689048767859,0.0018343568223101459,332.15,9.799999999999955,4,160.0
10.1149/1.1833611,3,VFT,0.6146491186545956,0.6141203552315047,0.0005287634230909388,332.15,9.799999999999955,4,160.0
10.1149/1.1833611,3,VFT,0.6532125137753437,0.6550266804904219,0.0018141667150781693,312.45,19.80000000000001,4,160.0
10.1149/1.1833611,3,VFT,0.8395889452368733,0.8409801101947108,0.0013911649578374208,332.15,9.799999999999955,4,160.0
10.1149/1.1833611,3,VFT,0.8681948044284015,0.8654730813194691,0.0027217231089323723,332.15,9.799999999999955,4,160.0
10.1149/1.1833611,3,VFT,0.8884768314673185,0.8899085744496693,0.0014317429823508254,332.15,9.799999999999955,4,160.0
10.1149/1.1833611,3,VFT,0.9046837300144092,0.9048394575617693,0.0001557275473601516,332.15,9.799999999999955,4,160.0
10.1149/1.1833611,3,VFT,0.9125658788633235,0.9125849470410403,1.9068177716796697e-05,332.15,9.799999999999955,4,160.0
10.1149/1.1833611,3,VFT,0.9062716457559425,0.9077168149297761,0.001445169173833527,332.15,9.799999999999955,4,160.0
10.1149/1.1833611,3,VFT,0.8934027196018733,0.8937848285701282,0.0003821089682548573,332.15,9.799999999999955,4,160.0
10.1149/1.1833611,3,VFT,0.871641604157595,0.8769506874726396,0.005309083315044649,332.15,9.799999999999955,4,160.0
10.1149/1.1833611,3,VFT,0.04050121485602134,0.03905248522926441,0.001448729626756927,332.15,9.799999999999955,4,160.0
10.1149/1.1833611,3,VFT,0.27437780090353575,0.2746973066034004,0.00031950569986466393,332.15,9.799999999999955,4,160.0
10.1149/1.1833611,3,VFT,0.3806192215096623,0.38062434146482493,5.119955162613543e-06,332.15,9.799999999999955,4,160.0
10.1149/1.1833611,3,VFT,0.4734778232155228,0.47306679959684483,0.00041102361867795256,332.15,9.799999999999955,4,160.0
10.1149/1.1833611,3,VFT,0.6038251425238906,0.6026851641388731,0.0011399783850175593,332.15,9.799999999999955,4,160.0
10.1149/1.1833611,3,VFT,0.7036253306758419,0.7029378187368422,0.0006875119389996298,332.15,9.799999999999955,4,160.0
10.1149/1.1833611,3,VFT,0.5205869485421141,0.5179057350411617,0.0026812135009524063,302.55,9.900000000000034,4,160.0
10.1149/1.1833611,3,VFT,0.7458688739869638,0.7463909497901141,0.0005220758031503347,332.15,9.799999999999955,4,160.0
10.1149/1.1833611,3,VFT,0.7843652120927994,0.7862686852054575,0.0019034731126580384,332.15,9.799999999999955,4,160.0
10.1149/1.1833611,3,VFT,0.8162496087282435,0.8211887685494278,0.0049391598211843135,332.15,9.799999999999955,4,160.0
10.1149/1.1833611,3,VFT,0.8675221288028961,0.8664579507702063,0.0010641780326898775,332.15,9.799999999999955,4,160.0
10.1149/1.1833611,3,VFT,0.8880006290618762,0.8899791352025102,0.0019785061406339954,332.15,9.799999999999955,4,160.0
10.1149/1.1833611,3,VFT,0.9227735711094729,0.9213581283663506,0.0014154427431223304,332.15,9.799999999999955,4,160.0
10.1149/1.1833611,3,VFT,0.17363066058698706,0.17418823156968077,0.0005575709826937114,332.15,9.799999999999955,4,160.0
10.1149/1.1833611,3,VFT,0.43326797104906706,0.4358678827323116,0.002599911683244527,332.15,9.799999999999955,4,160.0
10.1149/1.1833611,3,VFT,0.5387781558284613,0.5319689545063726,0.0068092013220887315,332.15,9.799999999999955,4,160.0
10.1149/1.1833611,3,VFT,0.6129633543113681,0.6103637164551837,0.0025996378561843336,332.15,9.799999999999955,4,160.0
10.1149/1.1833611,3,VFT,0.6731927842962409,0.6722527016718602,0.0009400826243806115,332.15,9.799999999999955,4,160.0
10.1149/1.1833611,3,VFT,0.71769870485407,0.713299947240531,0.004398757613538917,332.15,9.799999999999955,4,160.0
10.1149/1.1833611,3,VFT,0.7580646886110975,0.7592249943761654,0.0011603057650678705,332.15,9.799999999999955,4,160.0
10.1149/1.1833611,3,VFT,0.7973497124471525,0.7974582204562779,0.0001085080091254298,332.15,9.799999999999955,4,160.0
10.1149/1.1833611,3,VFT,0.8290310604402732,0.8253986178807112,0.003632442559561966,332.15,9.799999999999955,4,160.0
10.1149/1.1833611,3,VFT,0.856513844952637,0.8593696018894759,0.002855756936838816,332.15,9.799999999999955,4,160.0
10.1149/1.1833611,3,VFT,0.8784828470758402,0.8772983778052637,0.0011844692705765825,332.15,9.799999999999955,4,160.0
10.1149/1.1833611,3,VFT,0.8956659689314563,0.8935741805011228,0.00209178843033353,332.15,9.799999999999955,4,160.0
10.1149/1.1833611,3,VFT,0.5870828353964056,0.5910939865885825,0.004011151192176876,292.65,9.799999999999955,4,160.0
10.1149/1.1833611,3,VFT,0.9085758849563462,0.9106921334924658,0.0021162485361195804,332.15,9.799999999999955,4,160.0
10.1149/1.1833611,3,VFT,0.9189893975086663,0.9198836502134908,0.0008942527048245719,332.15,9.799999999999955,4,160.0
10.1149/1.1833611,3,VFT,0.9232264504412505,0.923977948539888,0.0007514980986375042,332.15,9.799999999999955,4,160.0
10.1149/1.1833611,3,VFT,0.9274225650243936,0.9279853793305364,0.0005628143061428004,332.15,9.799999999999955,4,160.0
10.1149/1.1833611,3,VFT,0.925329575523757,0.9240890863587969,0.0012404891649601124,332.15,9.799999999999955,4,160.0
10.1149/1.1833611,3,VFT,0.9189893975086663,0.9212476348971219,0.002258237388455653,332.15,9.799999999999955,4,160.0
10.1149/1.1833611,3,VFT,0.7072953931586318,0.7061402375372945,0.0011551556213372782,332.15,9.799999999999955,4,160.0
10.1149/1.1833611,3,VFT,0.7964400360869989,0.7934990678964504,0.002940968190548454,332.15,19.69999999999999,4,160.0
10.1149/1.1833611,3,VFT,0.3411472188528036,0.3571895023377849,0.016042283484981323,282.85,9.900000000000034,4,160.0
10.1149/1.1833611,3,VFT,0.8246086516331352,0.8263665623400753,0.0017579107069400912,332.15,9.799999999999955,4,160.0
10.1149/1.1833611,3,VFT,0.8470947998002147,0.8488547959974158,0.0017599961972010192,332.15,9.799999999999955,4,160.0
10.1149/1.1833611,3,VFT,0.8627467453342664,0.8626893803039533,5.7365030313172305e-05,332.15,9.799999999999955,4,160.0
10.1149/1.1833611,3,VFT,0.8741262910716027,0.8770266268542593,0.0029003357826565823,332.15,9.799999999999955,4,160.0
10.1149/1.1833611,3,VFT,0.8665731531852291,0.8682534993780009,0.0016803461927717978,332.15,9.799999999999955,4,160.0
10.1149/1.1833611,3,VFT,0.8510609870155704,0.8561395688787563,0.0050785818631858826,332.15,9.799999999999955,4,160.0
10.1149/1.1833611,3,VFT,0.2208106884744153,0.20761632207395997,0.01319436640045532,322.35,9.900000000000034,4,160.0
10.1149/1.1833611,3,VFT,0.3485065413259138,0.35616608893752455,0.007659547611610751,332.15,9.799999999999955,4,160.0
10.1149/1.1833611,3,VFT,0.4208380512374121,0.40645446449957523,0.014383586737836851,332.15,9.799999999999955,4,160.0
10.1149/1.1833611,3,VFT,0.32335655616648623,0.31539297391389975,0.007963582252586476,312.45,9.899999999999977,4,160.0
10.1149/1.1833611,3,VFT,0.4943346498405031,0.49374766156215755,0.0005869882783455793,332.15,9.799999999999955,4,160.0
10.1149/1.1833611,3,VFT,0.5570822038534365,0.5561980847968835,0.0008841190565530566,332.15,9.799999999999955,4,160.0
10.1149/1.1833611,3,VFT,0.6161277723351913,0.6143594948822759,0.0017682774529154122,332.15,9.799999999999955,4,160.0
10.1149/1.1833611,3,VFT,0.6680261888798529,0.6707734226838129,0.0027472338039600253,332.15,9.799999999999955,4,160.0
10.1149/1.1833611,3,VFT,0.7143149090514236,0.7114509296455439,0.0028639794058796797,332.15,9.799999999999955,4,160.0
10.1149/1.1833611,3,VFT,0.8415237770901847,0.8428367460064384,0.001312968916253765,332.15,9.799999999999955,4,160.0
10.1149/1.1833611,3,VFT,0.8633205693002606,0.8622615017335135,0.0010590675667471183,332.15,9.799999999999955,4,160.0
10.1149/1.1833611,3,VFT,0.8817104229194349,0.879554516019079,0.0021559069003559417,332.15,19.69999999999999,4,160.0
10.1149/1.1833611,3,VFT,0.8926816522271562,0.8920783380716205,0.0006033141555357169,332.15,9.799999999999955,4,160.0
10.1149/1.1833611,3,VFT,0.3010299956639812,0.30016488051863555,0.0008651151453456518,332.15,9.799999999999955,4,160.0
10.1149/1.1833611,3,VFT,0.3667087712622437,0.3633282349068373,0.003380536355406416,332.15,9.799999999999955,4,160.0
10.1149/1.1833611,3,VFT,0.4237472721981457,0.4153878510763104,0.008359421121835298,332.15,9.799999999999955,4,160.0
10.1149/1.1833611,3,VFT,0.4858951790561205,0.47850801438182056,0.007387164674299951,332.15,9.799999999999955,4,160.0
10.1149/1.1833611,3,VFT,0.5839617692490267,0.5841726574990008,0.00021088824997417266,332.15,9.799999999999955,4,160.0
10.1149/1.1833611,3,VFT,0.6320232147343586,0.6314528584940886,0.0005703562402700202,332.15,9.799999999999955,4,160.0
10.1149/1.1833611,3,VFT,0.6677387669262249,0.6672252409991823,0.0005135259270425685,332.15,9.799999999999955,4,160.0
10.1149/1.1833611,3,VFT,0.7007390270519149,0.7020359948736956,0.0012969678217806813,332.15,9.799999999999955,4,160.0
10.1149/1.1833611,3,VFT,0.7077439286157291,0.7032304730788035,0.004513455536925615,322.35,29.700000000000045,4,160.0
10.1149/1.1833611,3,VFT,0.7569619512919908,0.7497419969376412,0.007219954354349634,332.15,19.69999999999999,4,160.0
10.1149/1.1833611,3,VFT,0.675291904903569,0.674631455601383,0.0006604493021860058,312.45,19.80000000000001,4,160.0
10.1149/1.1833611,3,VFT,0.7840201840433695,0.7783927397932328,0.005627444250136726,332.15,9.799999999999955,4,160.0
10.1149/1.1833611,3,VFT,0.8067335680239547,0.8038909133980342,0.002842654625920482,332.15,9.799999999999955,4,160.0
10.1149/1.1833611,3,independent_per_curve_GPR,0.5994124669909516,0.49046574393975056,0.10894672305120107,332.15,9.799999999999955,4,160.0
10.1149/1.1833611,3,independent_per_curve_GPR,0.7385685784219824,0.6221373098150689,0.11643126860691355,332.15,9.799999999999955,4,160.0
10.1149/1.1833611,3,independent_per_curve_GPR,0.7907577804783202,0.6863372502128436,0.1044205302654766,332.15,9.799999999999955,4,160.0
10.1149/1.1833611,3,independent_per_curve_GPR,0.8270948457750013,0.7069960780352763,0.12009876773972494,332.15,9.799999999999955,4,160.0
10.1149/1.1833611,3,independent_per_curve_GPR,0.8733388121512187,0.7448001610439932,0.1285386511072255,332.15,9.799999999999955,4,160.0
10.1149/1.1833611,3,independent_per_curve_GPR,0.8874573667002804,0.7553561974659276,0.13210116923435278,332.15,9.799999999999955,4,160.0
10.1149/1.1833611,3,independent_per_curve_GPR,0.8956926603779694,0.7577937344307419,0.1378989259472274,332.15,9.799999999999955,4,160.0
10.1149/1.1833611,3,independent_per_curve_GPR,0.8983948658042163,0.7524012356377486,0.1459936301664677,332.15,9.799999999999955,4,160.0
10.1149/1.1833611,3,independent_per_curve_GPR,0.8920633652148822,0.7366723249268577,0.15539104028802442,332.15,9.799999999999955,4,160.0
10.1149/1.1833611,3,independent_per_curve_GPR,0.8782574456656309,0.7152699893040566,0.1629874563615743,332.15,9.799999999999955,4,160.0
10.1149/1.1833611,3,independent_per_curve_GPR,0.8582114300486811,0.684488665650127,0.17372276439855405,332.15,9.799999999999955,4,160.0
10.1149/1.1833611,3,independent_per_curve_GPR,0.16489335930822416,0.07539810173845087,0.08949525756977329,332.15,9.799999999999955,4,160.0
10.1149/1.1833611,3,independent_per_curve_GPR,0.4380386520683107,0.3460517310545106,0.09198692101380013,332.15,9.799999999999955,4,160.0
10.1149/1.1833611,3,independent_per_curve_GPR,0.5408979976175841,0.36498511697030483,0.17591288064727922,332.15,19.69999999999999,4,160.0
10.1149/1.1833611,3,independent_per_curve_GPR,0.503584357517213,0.38755601827237923,0.11602833924483374,312.45,9.899999999999977,4,160.0
10.1149/1.1833611,3,independent_per_curve_GPR,0.6705831692272491,0.5791265235472635,0.09145664567998568,332.15,9.799999999999955,4,160.0
10.1149/1.1833611,3,independent_per_curve_GPR,0.7127007081178658,0.6231374953865816,0.0895632127312842,332.15,9.799999999999955,4,160.0
10.1149/1.1833611,3,independent_per_curve_GPR,0.7540238375158995,0.3910259804850224,0.3629978570308771,332.15,39.5,4,160.0
10.1149/1.1833611,3,independent_per_curve_GPR,0.8240666374978196,0.7275947670494401,0.09647187044837946,332.15,9.799999999999955,4,160.0
10.1149/1.1833611,3,independent_per_curve_GPR,0.8520361566379724,0.755657778069936,0.09637837856803644,332.15,9.799999999999955,4,160.0
10.1149/1.1833611,3,independent_per_curve_GPR,0.8740775039293075,0.7859160016639268,0.08816150226538066,332.15,9.799999999999955,4,160.0
10.1149/1.1833611,3,independent_per_curve_GPR,0.8950875456544244,0.7964747623596513,0.09861278329477308,332.15,9.799999999999955,4,160.0
10.1149/1.1833611,3,independent_per_curve_GPR,0.9113029144432199,0.8093230958617118,0.10197981858150806,332.15,9.799999999999955,4,160.0
10.1149/1.1833611,3,independent_per_curve_GPR,0.9231811957738244,0.820590743395531,0.10259045237829345,332.15,9.799999999999955,4,160.0
10.1149/1.1833611,3,independent_per_curve_GPR,0.9329347502607845,0.8287896196229291,0.10414513063785547,332.15,9.799999999999955,4,160.0
10.1149/1.1833611,3,independent_per_curve_GPR,0.9406975541556711,0.8324242925152479,0.10827326164042328,332.15,9.799999999999955,4,160.0
10.1149/1.1833611,3,independent_per_curve_GPR,0.9447816700811263,0.8475672070582669,0.09721446302285941,332.15,9.799999999999955,4,160.0
10.1149/1.1833611,3,independent_per_curve_GPR,0.9451700599086559,0.8332731158716162,0.11189694403703965,332.15,9.799999999999955,4,160.0
10.1149/1.1833611,3,independent_per_curve_GPR,0.522089789644058,0.398374624616029,0.12371516502802904,322.35,9.900000000000034,4,160.0
10.1149/1.1833611,3,independent_per_curve_GPR,0.6496950212585995,0.5366318126853704,0.11306320857322905,332.15,9.799999999999955,4,160.0
10.1149/1.1833611,3,independent_per_curve_GPR,0.698257461985226,0.5856067281087475,0.1126507338764785,332.15,9.799999999999955,4,160.0
10.1149/1.1833611,3,independent_per_curve_GPR,0.7363685082661853,0.6185309471898498,0.11783756107633547,332.15,9.799999999999955,4,160.0
10.1149/1.1833611,3,independent_per_curve_GPR,0.7660330165130792,0.6510805201755157,0.11495249633756355,332.15,9.799999999999955,4,160.0
10.1149/1.1833611,3,independent_per_curve_GPR,0.5534111620097821,0.36876910113167666,0.18464206087810547,302.55,9.900000000000034,4,160.0
10.1149/1.1833611,3,independent_per_curve_GPR,0.8173888535359182,0.695560771467826,0.12182808206809215,332.15,9.799999999999955,4,160.0
10.1149/1.1833611,3,independent_per_curve_GPR,0.8352523365799425,0.7098445372757074,0.12540779930423507,332.15,9.799999999999955,4,160.0
10.1149/1.1833611,3,independent_per_curve_GPR,0.8480303941995317,0.7189273910058968,0.129103003193635,332.15,9.799999999999955,4,160.0
10.1149/1.1833611,3,independent_per_curve_GPR,0.8618085310562983,0.7235614871845755,0.13824704387172282,332.15,9.799999999999955,4,160.0
10.1149/1.1833611,3,independent_per_curve_GPR,0.8610738912142633,0.7202493893459188,0.1408245018683445,332.15,9.799999999999955,4,160.0
10.1149/1.1833611,3,independent_per_curve_GPR,0.8484631380442306,0.6945345315073774,0.15392860653685314,332.15,9.799999999999955,4,160.0
10.1149/1.1833611,3,independent_per_curve_GPR,0.8362914966871192,-5.197024574287023,6.033316070974142,332.15,78.79999999999998,4,160.0
10.1149/1.1833611,3,independent_per_curve_GPR,0.7433114433267886,0.5548467517652295,0.1884646915615591,322.35,9.900000000000034,4,160.0
10.1149/1.1833611,3,independent_per_curve_GPR,0.6532125137753437,0.5410320884888837,0.11218042528646,332.15,9.799999999999955,4,160.0
10.1149/1.1833611,3,independent_per_curve_GPR,0.7495544502191152,0.6176475858850201,0.13190686433409504,322.35,9.900000000000034,4,160.0
10.1149/1.1833611,3,independent_per_curve_GPR,0.8541273565846526,0.7353988148517439,0.1187285417329087,332.15,9.799999999999955,4,160.0
10.1149/1.1833611,3,independent_per_curve_GPR,0.8801407889142419,0.7605573925185315,0.11958339639571036,332.15,9.799999999999955,4,160.0
10.1149/1.1833611,3,independent_per_curve_GPR,0.8998848471392512,0.7725121009360213,0.12737274620322991,332.15,9.799999999999955,4,160.0
10.1149/1.1833611,3,independent_per_curve_GPR,0.9141252862344557,0.7825766061823565,0.1315486800520992,332.15,9.799999999999955,4,160.0
10.1149/1.1833611,3,independent_per_curve_GPR,0.9215334741036846,0.784701726299321,0.13683174780436358,332.15,9.799999999999955,4,160.0
10.1149/1.1833611,3,independent_per_curve_GPR,0.923365942957112,0.7790413104905974,0.1443246324665146,332.15,9.799999999999955,4,160.0
10.1149/1.1833611,3,independent_per_curve_GPR,0.9159892139291999,0.7648857430443495,0.15110347088485032,332.15,9.799999999999955,4,160.0
10.1149/1.1833611,3,independent_per_curve_GPR,0.9027705353510247,0.756838749103615,0.14593178624740966,332.15,9.799999999999955,4,160.0
10.1149/1.1833611,3,independent_per_curve_GPR,0.6126997807162147,0.504533953476613,0.10816582723960166,332.15,9.799999999999955,4,160.0
10.1149/1.1833611,3,independent_per_curve_GPR,0.7410336219056128,0.6295750538970221,0.11145856800859077,332.15,9.799999999999955,4,160.0
10.1149/1.1833611,3,independent_per_curve_GPR,0.7947361503963257,0.6920284040817581,0.10270774631456758,332.15,9.799999999999955,4,160.0
10.1149/1.1833611,3,independent_per_curve_GPR,0.8311962850875894,0.7109638800878613,0.12023240499972809,332.15,9.799999999999955,4,160.0
10.1149/1.1833611,3,independent_per_curve_GPR,0.8562780341154737,0.7343062497284072,0.12197178438706646,332.15,9.799999999999955,4,160.0
10.1149/1.1833611,3,independent_per_curve_GPR,0.8018655244924775,0.658559976607174,0.14330554788530347,322.35,9.900000000000034,4,160.0
10.1149/1.1833611,3,independent_per_curve_GPR,0.8908555305873403,0.7616871756776432,0.12916835490969714,332.15,9.799999999999955,4,160.0
10.1149/1.1833611,3,independent_per_curve_GPR,0.8995363817937931,0.7659137792954374,0.13362260249835578,332.15,9.799999999999955,4,160.0
10.1149/1.1833611,3,independent_per_curve_GPR,0.9024124123314328,0.6198821838241487,0.28253022850728404,332.15,19.69999999999999,4,160.0
10.1149/1.1833611,3,independent_per_curve_GPR,0.8868167361072647,0.7322104673039908,0.154606268803274,332.15,9.799999999999955,4,160.0
10.1149/1.1833611,3,independent_per_curve_GPR,0.8715345480544757,0.7096163021331201,0.16191824592135562,332.15,9.799999999999955,4,160.0
10.1149/1.1833611,3,independent_per_curve_GPR,0.6146491186545956,0.5182082787310895,0.09644083992350605,332.15,9.799999999999955,4,160.0
10.1149/1.1833611,3,independent_per_curve_GPR,0.6532125137753437,0.3492922349529895,0.30392027882235423,312.45,19.80000000000001,4,160.0
10.1149/1.1833611,3,independent_per_curve_GPR,0.8395889452368733,0.720180542489095,0.11940840274777831,332.15,9.799999999999955,4,160.0
10.1149/1.1833611,3,independent_per_curve_GPR,0.8681948044284015,0.745236631585753,0.12295817284264843,332.15,9.799999999999955,4,160.0
10.1149/1.1833611,3,independent_per_curve_GPR,0.8884768314673185,0.7632834267848386,0.12519340468247986,332.15,9.799999999999955,4,160.0
10.1149/1.1833611,3,independent_per_curve_GPR,0.9046837300144092,0.7723718069324226,0.13231192308198658,332.15,9.799999999999955,4,160.0
10.1149/1.1833611,3,independent_per_curve_GPR,0.9125658788633235,0.7763718527845952,0.13619402607872833,332.15,9.799999999999955,4,160.0
10.1149/1.1833611,3,independent_per_curve_GPR,0.9062716457559425,0.7540475429029909,0.15222410285295163,332.15,9.799999999999955,4,160.0
10.1149/1.1833611,3,independent_per_curve_GPR,0.8934027196018733,0.7303024506116179,0.16310026899025543,332.15,9.799999999999955,4,160.0
10.1149/1.1833611,3,independent_per_curve_GPR,0.871641604157595,0.6998539031829161,0.17178770097467888,332.15,9.799999999999955,4,160.0
10.1149/1.1833611,3,independent_per_curve_GPR,0.04050121485602134,-0.032716833795224956,0.07321804865124629,332.15,9.799999999999955,4,160.0
10.1149/1.1833611,3,independent_per_curve_GPR,0.27437780090353575,0.18703940131509725,0.0873383995884385,332.15,9.799999999999955,4,160.0
10.1149/1.1833611,3,independent_per_curve_GPR,0.3806192215096623,0.2954188691783498,0.08520035233131251,332.15,9.799999999999955,4,160.0
10.1149/1.1833611,3,independent_per_curve_GPR,0.4734778232155228,0.39130284536324683,0.08217497785227595,332.15,9.799999999999955,4,160.0
10.1149/1.1833611,3,independent_per_curve_GPR,0.6038251425238906,0.5137943477489705,0.09003079477492015,332.15,9.799999999999955,4,160.0
10.1149/1.1833611,3,independent_per_curve_GPR,0.7036253306758419,0.6325234043975345,0.07110192627830736,332.15,9.799999999999955,4,160.0
10.1149/1.1833611,3,independent_per_curve_GPR,0.5205869485421141,0.3866341295666546,0.13395281897545946,302.55,9.900000000000034,4,160.0
10.1149/1.1833611,3,independent_per_curve_GPR,0.7458688739869638,0.6572103288848641,0.0886585451020997,332.15,9.799999999999955,4,160.0
10.1149/1.1833611,3,independent_per_curve_GPR,0.7843652120927994,0.6947600496174943,0.08960516247530514,332.15,9.799999999999955,4,160.0
10.1149/1.1833611,3,independent_per_curve_GPR,0.8162496087282435,0.7254122004579203,0.09083740827032316,332.15,9.799999999999955,4,160.0
10.1149/1.1833611,3,independent_per_curve_GPR,0.8675221288028961,0.7726904357591282,0.09483169304376793,332.15,9.799999999999955,4,160.0
10.1149/1.1833611,3,independent_per_curve_GPR,0.8880006290618762,0.7908652498787424,0.09713537918313375,332.15,9.799999999999955,4,160.0
10.1149/1.1833611,3,independent_per_curve_GPR,0.9227735711094729,0.8188611847000419,0.10391238640943101,332.15,9.799999999999955,4,160.0
10.1149/1.1833611,3,independent_per_curve_GPR,0.17363066058698706,0.08474504846975847,0.08888561211722859,332.15,9.799999999999955,4,160.0
10.1149/1.1833611,3,independent_per_curve_GPR,0.43326797104906706,0.34276466502725744,0.09050330602180962,332.15,9.799999999999955,4,160.0
10.1149/1.1833611,3,independent_per_curve_GPR,0.5387781558284613,0.44247924604317557,0.09629890978528577,332.15,9.799999999999955,4,160.0
10.1149/1.1833611,3,independent_per_curve_GPR,0.6129633543113681,0.5177131487137255,0.09525020559764252,332.15,9.799999999999955,4,160.0
10.1149/1.1833611,3,independent_per_curve_GPR,0.6731927842962409,0.5775236592322784,0.09566912506396241,332.15,9.799999999999955,4,160.0
10.1149/1.1833611,3,independent_per_curve_GPR,0.71769870485407,0.6187653101048919,0.09893339474917806,332.15,9.799999999999955,4,160.0
10.1149/1.1833611,3,independent_per_curve_GPR,0.7580646886110975,0.6606812962083297,0.09738339240276783,332.15,9.799999999999955,4,160.0
10.1149/1.1833611,3,independent_per_curve_GPR,0.7973497124471525,0.6995061840227201,0.09784352842443234,332.15,9.799999999999955,4,160.0
10.1149/1.1833611,3,independent_per_curve_GPR,0.8290310604402732,0.7279646560992115,0.10106640434106173,332.15,9.799999999999955,4,160.0
10.1149/1.1833611,3,independent_per_curve_GPR,0.856513844952637,0.7549128645440824,0.1016009804085547,332.15,9.799999999999955,4,160.0
10.1149/1.1833611,3,independent_per_curve_GPR,0.8784828470758402,0.773595412230959,0.10488743484488128,332.15,9.799999999999955,4,160.0
10.1149/1.1833611,3,independent_per_curve_GPR,0.8956659689314563,0.7881196275066784,0.10754634142477792,332.15,9.799999999999955,4,160.0
10.1149/1.1833611,3,independent_per_curve_GPR,0.5870828353964056,0.3979992068087904,0.18908362858761518,292.65,9.799999999999955,4,160.0
10.1149/1.1833611,3,independent_per_curve_GPR,0.9085758849563462,0.7995006130965153,0.1090752718598309,332.15,9.799999999999955,4,160.0
10.1149/1.1833611,3,independent_per_curve_GPR,0.9189893975086663,0.8059326802346775,0.1130567172739888,332.15,9.799999999999955,4,160.0
10.1149/1.1833611,3,independent_per_curve_GPR,0.9232264504412505,0.8078551889264315,0.11537126151481902,332.15,9.799999999999955,4,160.0
10.1149/1.1833611,3,independent_per_curve_GPR,0.9274225650243936,0.8083474295593372,0.11907513546505633,332.15,9.799999999999955,4,160.0
10.1149/1.1833611,3,independent_per_curve_GPR,0.925329575523757,0.802734224156747,0.12259535136701005,332.15,9.799999999999955,4,160.0
10.1149/1.1833611,3,independent_per_curve_GPR,0.9189893975086663,0.7958493368264652,0.12314006068220107,332.15,9.799999999999955,4,160.0
10.1149/1.1833611,3,independent_per_curve_GPR,0.7072953931586318,0.5932028757861264,0.11409251737250536,332.15,9.799999999999955,4,160.0
10.1149/1.1833611,3,independent_per_curve_GPR,0.7964400360869989,0.55880558449489,0.23763445159210883,332.15,19.69999999999999,4,160.0
10.1149/1.1833611,3,independent_per_curve_GPR,0.3411472188528036,0.08016855686090912,0.26097866199189446,282.85,9.900000000000034,4,160.0
10.1149/1.1833611,3,independent_per_curve_GPR,0.8246086516331352,0.7036627583657971,0.12094589326733818,332.15,9.799999999999955,4,160.0
10.1149/1.1833611,3,independent_per_curve_GPR,0.8470947998002147,0.7219437419612742,0.12515105783894054,332.15,9.799999999999955,4,160.0
10.1149/1.1833611,3,independent_per_curve_GPR,0.8627467453342664,0.7345800986825495,0.12816664665171695,332.15,9.799999999999955,4,160.0
10.1149/1.1833611,3,independent_per_curve_GPR,0.8741262910716027,0.7292379185946293,0.1448883724769734,332.15,9.799999999999955,4,160.0
10.1149/1.1833611,3,independent_per_curve_GPR,0.8665731531852291,0.7116501315218917,0.15492302166333738,332.15,9.799999999999955,4,160.0
10.1149/1.1833611,3,independent_per_curve_GPR,0.8510609870155704,0.6889669894547403,0.1620939975608301,332.15,9.799999999999955,4,160.0
10.1149/1.1833611,3,independent_per_curve_GPR,0.2208106884744153,0.11496147575369212,0.10584921272072317,322.35,9.900000000000034,4,160.0
10.1149/1.1833611,3,independent_per_curve_GPR,0.3485065413259138,0.27274209308757164,0.07576444823834216,332.15,9.799999999999955,4,160.0
10.1149/1.1833611,3,independent_per_curve_GPR,0.4208380512374121,0.33614563085737276,0.08469242038003932,332.15,9.799999999999955,4,160.0
10.1149/1.1833611,3,independent_per_curve_GPR,0.32335655616648623,0.22075509653091416,0.10260145963557207,312.45,9.899999999999977,4,160.0
10.1149/1.1833611,3,independent_per_curve_GPR,0.4943346498405031,0.4135179600996383,0.08081668974086481,332.15,9.799999999999955,4,160.0
10.1149/1.1833611,3,independent_per_curve_GPR,0.5570822038534365,0.47868714597505163,0.07839505787838491,332.15,9.799999999999955,4,160.0
10.1149/1.1833611,3,independent_per_curve_GPR,0.6161277723351913,0.533739613445872,0.08238815888931939,332.15,9.799999999999955,4,160.0
10.1149/1.1833611,3,independent_per_curve_GPR,0.6680261888798529,0.5853500564417993,0.0826761324380536,332.15,9.799999999999955,4,160.0
10.1149/1.1833611,3,independent_per_curve_GPR,0.7143149090514236,0.6296465687695513,0.08466834028187231,332.15,9.799999999999955,4,160.0
10.1149/1.1833611,3,independent_per_curve_GPR,0.8415237770901847,0.7531516011619636,0.08837217592822111,332.15,9.799999999999955,4,160.0
10.1149/1.1833611,3,independent_per_curve_GPR,0.8633205693002606,0.7718850204356102,0.09143554886465033,332.15,9.799999999999955,4,160.0
10.1149/1.1833611,3,independent_per_curve_GPR,0.8817104229194349,0.6929968501559205,0.18871357276351441,332.15,19.69999999999999,4,160.0
10.1149/1.1833611,3,independent_per_curve_GPR,0.8926816522271562,0.7949292882269583,0.09775236400019793,332.15,9.799999999999955,4,160.0
10.1149/1.1833611,3,independent_per_curve_GPR,0.3010299956639812,0.22247472415449757,0.07855527150948363,332.15,9.799999999999955,4,160.0
10.1149/1.1833611,3,independent_per_curve_GPR,0.3667087712622437,0.28885063737150946,0.07785813389073426,332.15,9.799999999999955,4,160.0
10.1149/1.1833611,3,independent_per_curve_GPR,0.4237472721981457,0.3456312586950755,0.07811601350307018,332.15,9.799999999999955,4,160.0
10.1149/1.1833611,3,independent_per_curve_GPR,0.4858951790561205,0.40796009106225034,0.07793508799387017,332.15,9.799999999999955,4,160.0
10.1149/1.1833611,3,independent_per_curve_GPR,0.5839617692490267,0.5087635231045377,0.075198246144489,332.15,9.799999999999955,4,160.0
10.1149/1.1833611,3,independent_per_curve_GPR,0.6320232147343586,0.5510758921083332,0.08094732262602544,332.15,9.799999999999955,4,160.0
10.1149/1.1833611,3,independent_per_curve_GPR,0.6677387669262249,0.5863486990670973,0.08139006785912761,332.15,9.799999999999955,4,160.0
10.1149/1.1833611,3,independent_per_curve_GPR,0.7007390270519149,0.622827402418755,0.07791162463315993,332.15,9.799999999999955,4,160.0
10.1149/1.1833611,3,independent_per_curve_GPR,0.7077439286157291,0.43389056432869605,0.27385336428703305,322.35,29.700000000000045,4,160.0
10.1149/1.1833611,3,independent_per_curve_GPR,0.7569619512919908,0.601992578174738,0.1549693731172529,332.15,19.69999999999999,4,160.0
10.1149/1.1833611,3,independent_per_curve_GPR,0.675291904903569,0.4578926594444126,0.21739924545915645,312.45,19.80000000000001,4,160.0
10.1149/1.1833611,3,independent_per_curve_GPR,0.7840201840433695,0.7107638105501484,0.07325637349322112,332.15,9.799999999999955,4,160.0
10.1149/1.1833611,3,independent_per_curve_GPR,0.8067335680239547,0.7192697044787796,0.0874638635451751,332.15,9.799999999999955,4,160.0
10.1149/1.1833611,4,nested_budget_router,0.5994124669909516,0.5984820848483454,0.000930382142606212,332.15,9.799999999999955,4,160.0
10.1149/1.1833611,4,nested_budget_router,0.7385685784219824,0.7354320496275535,0.003136528794428939,332.15,9.799999999999955,4,160.0
10.1149/1.1833611,4,nested_budget_router,0.7907577804783202,0.7979964802698314,0.0072386997915111495,332.15,9.799999999999955,4,160.0
10.1149/1.1833611,4,nested_budget_router,0.8270948457750013,0.8286253804701942,0.001530534695192931,332.15,9.799999999999955,4,160.0
10.1149/1.1833611,4,nested_budget_router,0.8733388121512187,0.8743022674291046,0.0009634552778858829,332.15,9.799999999999955,4,160.0
10.1149/1.1833611,4,nested_budget_router,0.8874573667002804,0.891129995593331,0.0036726288930505335,332.15,9.799999999999955,4,160.0
10.1149/1.1833611,4,nested_budget_router,0.8956926603779694,0.8999373250698846,0.004244664691915201,332.15,9.799999999999955,4,160.0
10.1149/1.1833611,4,nested_budget_router,0.8983948658042163,0.9015206518003147,0.0031257859960983625,332.15,9.799999999999955,4,160.0
10.1149/1.1833611,4,nested_budget_router,0.8920633652148822,0.8954198454857827,0.0033564802709005193,332.15,9.799999999999955,4,160.0
10.1149/1.1833611,4,nested_budget_router,0.8782574456656309,0.8879165472598927,0.009659101594261754,332.15,9.799999999999955,4,160.0
10.1149/1.1833611,4,nested_budget_router,0.8582114300486811,0.8682775266245291,0.010066096575848005,332.15,9.799999999999955,4,160.0
10.1149/1.1833611,4,nested_budget_router,0.16489335930822416,0.16168843810062572,0.003204921207598438,332.15,9.799999999999955,4,160.0
10.1149/1.1833611,4,nested_budget_router,0.4380386520683107,0.43306600009217877,0.004972651976131948,332.15,9.799999999999955,4,160.0
10.1149/1.1833611,4,nested_budget_router,0.5408979976175841,0.5365866996784739,0.004311297939110115,332.15,19.69999999999999,4,160.0
10.1149/1.1833611,4,nested_budget_router,0.503584357517213,0.4989058356787436,0.004678521838469396,312.45,9.899999999999977,4,160.0
10.1149/1.1833611,4,nested_budget_router,0.6705831692272491,0.6681030433269388,0.002480125900310326,332.15,9.799999999999955,4,160.0
10.1149/1.1833611,4,nested_budget_router,0.7127007081178658,0.712328295411572,0.00037241270629373435,332.15,9.799999999999955,4,160.0
10.1149/1.1833611,4,nested_budget_router,0.7540238375158995,0.7418890222705105,0.012134815245389063,332.15,39.5,4,160.0
10.1149/1.1833611,4,nested_budget_router,0.8240666374978196,0.8218249133876144,0.002241724110205179,332.15,9.799999999999955,4,160.0
10.1149/1.1833611,4,nested_budget_router,0.8520361566379724,0.8516307736024444,0.00040538303552795085,332.15,9.799999999999955,4,160.0
10.1149/1.1833611,4,nested_budget_router,0.8740775039293075,0.8722749455619332,0.0018025583673743073,332.15,9.799999999999955,4,160.0
10.1149/1.1833611,4,nested_budget_router,0.8950875456544244,0.894239847634722,0.0008476980197024142,332.15,9.799999999999955,4,160.0
10.1149/1.1833611,4,nested_budget_router,0.9113029144432199,0.9090372264736883,0.002265687969531527,332.15,9.799999999999955,4,160.0
10.1149/1.1833611,4,nested_budget_router,0.9231811957738244,0.9227298538414631,0.0004513419323612933,332.15,9.799999999999955,4,160.0
10.1149/1.1833611,4,nested_budget_router,0.9329347502607845,0.9335332919679153,0.0005985417071308063,332.15,9.799999999999955,4,160.0
10.1149/1.1833611,4,nested_budget_router,0.9406975541556711,0.9388902890844006,0.0018072650712704919,332.15,9.799999999999955,4,160.0
10.1149/1.1833611,4,nested_budget_router,0.9447816700811263,0.9441179066211218,0.0006637634600045184,332.15,9.799999999999955,4,160.0
10.1149/1.1833611,4,nested_budget_router,0.9451700599086559,0.946487702191253,0.0013176422825971201,332.15,9.799999999999955,4,160.0
10.1149/1.1833611,4,nested_budget_router,0.522089789644058,0.526442806860886,0.0043530172168279035,322.35,9.900000000000034,4,160.0
10.1149/1.1833611,4,nested_budget_router,0.6496950212585995,0.644654391770455,0.0050406294881444325,332.15,9.799999999999955,4,160.0
10.1149/1.1833611,4,nested_budget_router,0.698257461985226,0.6976842620607246,0.0005731999245013331,332.15,9.799999999999955,4,160.0
10.1149/1.1833611,4,nested_budget_router,0.7363685082661853,0.7322696612414508,0.004098847024734509,332.15,9.799999999999955,4,160.0
10.1149/1.1833611,4,nested_budget_router,0.7660330165130792,0.7669564183436888,0.0009234018306095715,332.15,9.799999999999955,4,160.0
10.1149/1.1833611,4,nested_budget_router,0.5534111620097821,0.5549313435439525,0.0015201815341703284,302.55,9.900000000000034,4,160.0
10.1149/1.1833611,4,nested_budget_router,0.8173888535359182,0.8181457462637616,0.0007568927278434057,332.15,9.799999999999955,4,160.0
10.1149/1.1833611,4,nested_budget_router,0.8352523365799425,0.8347330959604284,0.0005192406195140276,332.15,9.799999999999955,4,160.0
10.1149/1.1833611,4,nested_budget_router,0.8480303941995317,0.8488700662409758,0.0008396720414440839,332.15,9.799999999999955,4,160.0
10.1149/1.1833611,4,nested_budget_router,0.8618085310562983,0.8621055657102024,0.00029703465390407136,332.15,9.799999999999955,4,160.0
10.1149/1.1833611,4,nested_budget_router,0.8610738912142633,0.8666264249294626,0.00555253371519937,332.15,9.799999999999955,4,160.0
10.1149/1.1833611,4,nested_budget_router,0.8484631380442306,0.8545415319364704,0.006078393892239853,332.15,9.799999999999955,4,160.0
10.1149/1.1833611,4,nested_budget_router,0.7433114433267886,0.7585784270726919,0.015266983745903295,322.35,9.900000000000034,4,160.0
10.1149/1.1833611,4,nested_budget_router,0.6532125137753437,0.6485832080945899,0.004629305680753815,332.15,9.799999999999955,4,160.0
10.1149/1.1833611,4,nested_budget_router,0.7495544502191152,0.7516185008367764,0.0020640506176612394,322.35,9.900000000000034,4,160.0
10.1149/1.1833611,4,nested_budget_router,0.8541273565846526,0.8554753054726993,0.0013479488880467905,332.15,9.799999999999955,4,160.0
10.1149/1.1833611,4,nested_budget_router,0.8801407889142419,0.880287741534072,0.00014695261983010965,332.15,9.799999999999955,4,160.0
10.1149/1.1833611,4,nested_budget_router,0.8998848471392512,0.8992337621229769,0.0006510850162743109,332.15,9.799999999999955,4,160.0
10.1149/1.1833611,4,nested_budget_router,0.9141252862344557,0.9156020813934083,0.001476795158952604,332.15,9.799999999999955,4,160.0
10.1149/1.1833611,4,nested_budget_router,0.9215334741036846,0.9233029046778489,0.0017694305741643435,332.15,9.799999999999955,4,160.0
10.1149/1.1833611,4,nested_budget_router,0.923365942957112,0.9246494133830789,0.0012834704259668817,332.15,9.799999999999955,4,160.0
10.1149/1.1833611,4,nested_budget_router,0.9159892139291999,0.9217934456280696,0.005804231698869788,332.15,9.799999999999955,4,160.0
10.1149/1.1833611,4,nested_budget_router,0.9027705353510247,0.91803188408705,0.01526134873602536,332.15,9.799999999999955,4,160.0
10.1149/1.1833611,4,nested_budget_router,0.6126997807162147,0.6110226456188932,0.0016771350973214805,332.15,9.799999999999955,4,160.0
10.1149/1.1833611,4,nested_budget_router,0.7410336219056128,0.7418913493707477,0.0008577274651349054,332.15,9.799999999999955,4,160.0
10.1149/1.1833611,4,nested_budget_router,0.7947361503963257,0.7950265822999036,0.0002904319035779146,332.15,9.799999999999955,4,160.0
10.1149/1.1833611,4,nested_budget_router,0.8311962850875894,0.8281623145620742,0.0030339705255151284,332.15,9.799999999999955,4,160.0
10.1149/1.1833611,4,nested_budget_router,0.8562780341154737,0.8551543641661739,0.0011236699492997992,332.15,9.799999999999955,4,160.0
10.1149/1.1833611,4,nested_budget_router,0.8018655244924775,0.8042664253517502,0.002400900859272692,322.35,9.900000000000034,4,160.0
10.1149/1.1833611,4,nested_budget_router,0.8908555305873403,0.8908853263142216,2.9795726881221007e-05,332.15,9.799999999999955,4,160.0
10.1149/1.1833611,4,nested_budget_router,0.8995363817937931,0.8998580581923061,0.00032167639851299334,332.15,9.799999999999955,4,160.0
10.1149/1.1833611,4,nested_budget_router,0.9024124123314328,0.9048635242004719,0.0024511118690391243,332.15,19.69999999999999,4,160.0
10.1149/1.1833611,4,nested_budget_router,0.8868167361072647,0.8917987200880775,0.004981983980812732,332.15,9.799999999999955,4,160.0
10.1149/1.1833611,4,nested_budget_router,0.8715345480544757,0.8750128538826314,0.00347830582815567,332.15,9.799999999999955,4,160.0
10.1149/1.1833611,4,nested_budget_router,0.6146491186545956,0.6114003180912053,0.003248800563390275,332.15,9.799999999999955,4,160.0
10.1149/1.1833611,4,nested_budget_router,0.6532125137753437,0.6536429407463289,0.0004304269709851649,312.45,19.80000000000001,4,160.0
10.1149/1.1833611,4,nested_budget_router,0.8395889452368733,0.8390041676887428,0.0005847775481305773,332.15,9.799999999999955,4,160.0
10.1149/1.1833611,4,nested_budget_router,0.8681948044284015,0.8654332724301073,0.002761531998294209,332.15,9.799999999999955,4,160.0
10.1149/1.1833611,4,nested_budget_router,0.8884768314673185,0.8900126516896412,0.0015358202223226813,332.15,9.799999999999955,4,160.0
10.1149/1.1833611,4,nested_budget_router,0.9046837300144092,0.9055603168757109,0.0008765868613017647,332.15,9.799999999999955,4,160.0
10.1149/1.1833611,4,nested_budget_router,0.9125658788633235,0.9151205978593893,0.0025547189960657413,332.15,9.799999999999955,4,160.0
10.1149/1.1833611,4,nested_budget_router,0.9062716457559425,0.9099661797955105,0.003694534039567987,332.15,9.799999999999955,4,160.0
10.1149/1.1833611,4,nested_budget_router,0.8934027196018733,0.8984030716778277,0.005000352075954395,332.15,9.799999999999955,4,160.0
10.1149/1.1833611,4,nested_budget_router,0.871641604157595,0.8805244453347894,0.0088828411771944,332.15,9.799999999999955,4,160.0
10.1149/1.1833611,4,nested_budget_router,0.04050121485602134,0.03876784317435511,0.0017333716816662278,332.15,9.799999999999955,4,160.0
10.1149/1.1833611,4,nested_budget_router,0.27437780090353575,0.2666674357133154,0.007710365190220336,332.15,9.799999999999955,4,160.0
10.1149/1.1833611,4,nested_budget_router,0.3806192215096623,0.38167261489976567,0.001053393390103352,332.15,9.799999999999955,4,160.0
10.1149/1.1833611,4,nested_budget_router,0.4734778232155228,0.4737243387496881,0.0002465155341653258,332.15,9.799999999999955,4,160.0
10.1149/1.1833611,4,nested_budget_router,0.6038251425238906,0.5977450622691463,0.00608008025474438,332.15,9.799999999999955,4,160.0
10.1149/1.1833611,4,nested_budget_router,0.7036253306758419,0.7019123339546371,0.0017129967212047292,332.15,9.799999999999955,4,160.0
10.1149/1.1833611,4,nested_budget_router,0.7458688739869638,0.7448374024071175,0.0010314715798462881,332.15,9.799999999999955,4,160.0
10.1149/1.1833611,4,nested_budget_router,0.7843652120927994,0.7863950873317735,0.0020298752389741326,332.15,9.799999999999955,4,160.0
10.1149/1.1833611,4,nested_budget_router,0.8162496087282435,0.8179506612679036,0.0017010525396601306,332.15,9.799999999999955,4,160.0
10.1149/1.1833611,4,nested_budget_router,0.8675221288028961,0.8663520623292819,0.001170066473614284,332.15,9.799999999999955,4,160.0
10.1149/1.1833611,4,nested_budget_router,0.8880006290618762,0.8879695253134202,3.110374845594066e-05,332.15,9.799999999999955,4,160.0
10.1149/1.1833611,4,nested_budget_router,0.9227735711094729,0.9222287080018157,0.000544863107657223,332.15,9.799999999999955,4,160.0
10.1149/1.1833611,4,nested_budget_router,0.17363066058698706,0.1680200549363854,0.005610605650601674,332.15,9.799999999999955,4,160.0
10.1149/1.1833611,4,nested_budget_router,0.43326797104906706,0.43106806723338775,0.002199903815679305,332.15,9.799999999999955,4,160.0
10.1149/1.1833611,4,nested_budget_router,0.5387781558284613,0.5315747358493037,0.0072034199791576325,332.15,9.799999999999955,4,160.0
10.1149/1.1833611,4,nested_budget_router,0.6129633543113681,0.6094373691146034,0.003525985196764614,332.15,9.799999999999955,4,160.0
10.1149/1.1833611,4,nested_budget_router,0.6731927842962409,0.6705124583933001,0.002680325902940761,332.15,9.799999999999955,4,160.0
10.1149/1.1833611,4,nested_budget_router,0.71769870485407,0.7132304918946905,0.004468212959379492,332.15,9.799999999999955,4,160.0
10.1149/1.1833611,4,nested_budget_router,0.7580646886110975,0.7568589361309069,0.0012057524801906139,332.15,9.799999999999955,4,160.0
10.1149/1.1833611,4,nested_budget_router,0.7973497124471525,0.7971556569380714,0.00019405550908102587,332.15,9.799999999999955,4,160.0
10.1149/1.1833611,4,nested_budget_router,0.8290310604402732,0.8260231872120359,0.0030078732282372567,332.15,9.799999999999955,4,160.0
10.1149/1.1833611,4,nested_budget_router,0.856513844952637,0.8578852622188009,0.0013714172661638546,332.15,9.799999999999955,4,160.0
10.1149/1.1833611,4,nested_budget_router,0.8784828470758402,0.8776251284437504,0.0008577186320898322,332.15,9.799999999999955,4,160.0
10.1149/1.1833611,4,nested_budget_router,0.8956659689314563,0.8922935293863237,0.003372439545132666,332.15,9.799999999999955,4,160.0
10.1149/1.1833611,4,nested_budget_router,0.5870828353964056,0.5844669103677316,0.0026159250286740265,292.65,9.799999999999955,4,160.0
10.1149/1.1833611,4,nested_budget_router,0.9085758849563462,0.9087505568479568,0.00017467189161057828,332.15,9.799999999999955,4,160.0
10.1149/1.1833611,4,nested_budget_router,0.9189893975086663,0.9185251264522356,0.00046427105643065403,332.15,9.799999999999955,4,160.0
10.1149/1.1833611,4,nested_budget_router,0.9232264504412505,0.9241471791364304,0.0009207286951798954,332.15,9.799999999999955,4,160.0
10.1149/1.1833611,4,nested_budget_router,0.9274225650243936,0.9286565742289761,0.001234009204582498,332.15,9.799999999999955,4,160.0
10.1149/1.1833611,4,nested_budget_router,0.925329575523757,0.925035605161195,0.0002939703625620682,332.15,9.799999999999955,4,160.0
10.1149/1.1833611,4,nested_budget_router,0.9189893975086663,0.9239706125021943,0.004981214993527994,332.15,9.799999999999955,4,160.0
10.1149/1.1833611,4,nested_budget_router,0.7072953931586318,0.7065094946809616,0.0007858984776701883,332.15,9.799999999999955,4,160.0
10.1149/1.1833611,4,nested_budget_router,0.7964400360869989,0.7982711658589867,0.0018311297719878494,332.15,19.69999999999999,4,160.0
10.1149/1.1833611,4,nested_budget_router,0.3411472188528036,0.3779107093767369,0.036763490523933295,282.85,9.900000000000034,4,160.0
10.1149/1.1833611,4,nested_budget_router,0.8246086516331352,0.8264874581670443,0.0018788065339090387,332.15,9.799999999999955,4,160.0
10.1149/1.1833611,4,nested_budget_router,0.8470947998002147,0.8483610709209661,0.0012662711207513944,332.15,9.799999999999955,4,160.0
10.1149/1.1833611,4,nested_budget_router,0.8627467453342664,0.8634668249562123,0.0007200796219458683,332.15,9.799999999999955,4,160.0
10.1149/1.1833611,4,nested_budget_router,0.8741262910716027,0.8785679422036354,0.0044416511320327645,332.15,9.799999999999955,4,160.0
10.1149/1.1833611,4,nested_budget_router,0.8665731531852291,0.8682830681436664,0.0017099149584373086,332.15,9.799999999999955,4,160.0
10.1149/1.1833611,4,nested_budget_router,0.2208106884744153,0.1971341086636308,0.023676579810784498,322.35,9.900000000000034,4,160.0
10.1149/1.1833611,4,nested_budget_router,0.3485065413259138,0.3453841483087895,0.003122393017124303,332.15,9.799999999999955,4,160.0
10.1149/1.1833611,4,nested_budget_router,0.32335655616648623,0.3163388445848677,0.007017711581618513,312.45,9.899999999999977,4,160.0
10.1149/1.1833611,4,nested_budget_router,0.4943346498405031,0.494242172349151,9.247749135210537e-05,332.15,9.799999999999955,4,160.0
10.1149/1.1833611,4,nested_budget_router,0.5570822038534365,0.56007953592309,0.002997332069653469,332.15,9.799999999999955,4,160.0
10.1149/1.1833611,4,nested_budget_router,0.6161277723351913,0.6135449536986959,0.002582818636495454,332.15,9.799999999999955,4,160.0
10.1149/1.1833611,4,nested_budget_router,0.6680261888798529,0.6677111638749789,0.0003150250048740144,332.15,9.799999999999955,4,160.0
10.1149/1.1833611,4,nested_budget_router,0.7143149090514236,0.710601494438283,0.0037134146131405643,332.15,9.799999999999955,4,160.0
10.1149/1.1833611,4,nested_budget_router,0.8415237770901847,0.8432804795960185,0.0017567025058338182,332.15,9.799999999999955,4,160.0
10.1149/1.1833611,4,nested_budget_router,0.8633205693002606,0.8628440886272958,0.00047648067296479635,332.15,9.799999999999955,4,160.0
10.1149/1.1833611,4,nested_budget_router,0.8817104229194349,0.8820569405489371,0.00034651762950221876,332.15,19.69999999999999,4,160.0
10.1149/1.1833611,4,nested_budget_router,0.8926816522271562,0.8909428157354502,0.0017388364917060306,332.15,9.799999999999955,4,160.0
10.1149/1.1833611,4,nested_budget_router,0.3010299956639812,0.293971375421633,0.0070586202423482125,332.15,9.799999999999955,4,160.0
10.1149/1.1833611,4,nested_budget_router,0.3667087712622437,0.3610175305740506,0.0056912406881931,332.15,9.799999999999955,4,160.0
10.1149/1.1833611,4,nested_budget_router,0.4237472721981457,0.41494691102595493,0.00880036117219074,332.15,9.799999999999955,4,160.0
10.1149/1.1833611,4,nested_budget_router,0.4858951790561205,0.47812722156995924,0.00776795748616127,332.15,9.799999999999955,4,160.0
10.1149/1.1833611,4,nested_budget_router,0.5839617692490267,0.5856001722212107,0.0016384029721840943,332.15,9.799999999999955,4,160.0
10.1149/1.1833611,4,nested_budget_router,0.6320232147343586,0.6288771877393291,0.003146026995029527,332.15,9.799999999999955,4,160.0
10.1149/1.1833611,4,nested_budget_router,0.6677387669262249,0.6638151594276248,0.003923607498600101,332.15,9.799999999999955,4,160.0
10.1149/1.1833611,4,nested_budget_router,0.7007390270519149,0.7019995788782595,0.001260551826344547,332.15,9.799999999999955,4,160.0
10.1149/1.1833611,4,nested_budget_router,0.7077439286157291,0.7000162419124731,0.007727686703255965,322.35,29.700000000000045,4,160.0
10.1149/1.1833611,4,nested_budget_router,0.675291904903569,0.6678411156355849,0.007450789267984148,312.45,19.80000000000001,4,160.0
10.1149/1.1833611,4,nested_budget_router,0.8067335680239547,0.8048703854792348,0.0018631825447198436,332.15,9.799999999999955,4,160.0
10.1149/1.1833611,4,VFT,0.5994124669909516,0.5984820848483454,0.000930382142606212,332.15,9.799999999999955,4,160.0
10.1149/1.1833611,4,VFT,0.7385685784219824,0.7354320496275535,0.003136528794428939,332.15,9.799999999999955,4,160.0
10.1149/1.1833611,4,VFT,0.7907577804783202,0.7979964802698314,0.0072386997915111495,332.15,9.799999999999955,4,160.0
10.1149/1.1833611,4,VFT,0.8270948457750013,0.8286253804701942,0.001530534695192931,332.15,9.799999999999955,4,160.0
10.1149/1.1833611,4,VFT,0.8733388121512187,0.8743022674291046,0.0009634552778858829,332.15,9.799999999999955,4,160.0
10.1149/1.1833611,4,VFT,0.8874573667002804,0.891129995593331,0.0036726288930505335,332.15,9.799999999999955,4,160.0
10.1149/1.1833611,4,VFT,0.8956926603779694,0.8999373250698846,0.004244664691915201,332.15,9.799999999999955,4,160.0
10.1149/1.1833611,4,VFT,0.8983948658042163,0.9015206518003147,0.0031257859960983625,332.15,9.799999999999955,4,160.0
10.1149/1.1833611,4,VFT,0.8920633652148822,0.8954198454857827,0.0033564802709005193,332.15,9.799999999999955,4,160.0
10.1149/1.1833611,4,VFT,0.8782574456656309,0.8879165472598927,0.009659101594261754,332.15,9.799999999999955,4,160.0
10.1149/1.1833611,4,VFT,0.8582114300486811,0.8682775266245291,0.010066096575848005,332.15,9.799999999999955,4,160.0
10.1149/1.1833611,4,VFT,0.16489335930822416,0.16168843810062572,0.003204921207598438,332.15,9.799999999999955,4,160.0
10.1149/1.1833611,4,VFT,0.4380386520683107,0.43306600009217877,0.004972651976131948,332.15,9.799999999999955,4,160.0
10.1149/1.1833611,4,VFT,0.5408979976175841,0.5365866996784739,0.004311297939110115,332.15,19.69999999999999,4,160.0
10.1149/1.1833611,4,VFT,0.503584357517213,0.4989058356787436,0.004678521838469396,312.45,9.899999999999977,4,160.0
10.1149/1.1833611,4,VFT,0.6705831692272491,0.6681030433269388,0.002480125900310326,332.15,9.799999999999955,4,160.0
10.1149/1.1833611,4,VFT,0.7127007081178658,0.712328295411572,0.00037241270629373435,332.15,9.799999999999955,4,160.0
10.1149/1.1833611,4,VFT,0.7540238375158995,0.7418890222705105,0.012134815245389063,332.15,39.5,4,160.0
10.1149/1.1833611,4,VFT,0.8240666374978196,0.8218249133876144,0.002241724110205179,332.15,9.799999999999955,4,160.0
10.1149/1.1833611,4,VFT,0.8520361566379724,0.8516307736024444,0.00040538303552795085,332.15,9.799999999999955,4,160.0
10.1149/1.1833611,4,VFT,0.8740775039293075,0.8722749455619332,0.0018025583673743073,332.15,9.799999999999955,4,160.0
10.1149/1.1833611,4,VFT,0.8950875456544244,0.894239847634722,0.0008476980197024142,332.15,9.799999999999955,4,160.0
10.1149/1.1833611,4,VFT,0.9113029144432199,0.9090372264736883,0.002265687969531527,332.15,9.799999999999955,4,160.0
10.1149/1.1833611,4,VFT,0.9231811957738244,0.9227298538414631,0.0004513419323612933,332.15,9.799999999999955,4,160.0
10.1149/1.1833611,4,VFT,0.9329347502607845,0.9335332919679153,0.0005985417071308063,332.15,9.799999999999955,4,160.0
10.1149/1.1833611,4,VFT,0.9406975541556711,0.9388902890844006,0.0018072650712704919,332.15,9.799999999999955,4,160.0
10.1149/1.1833611,4,VFT,0.9447816700811263,0.9441179066211218,0.0006637634600045184,332.15,9.799999999999955,4,160.0
10.1149/1.1833611,4,VFT,0.9451700599086559,0.946487702191253,0.0013176422825971201,332.15,9.799999999999955,4,160.0
10.1149/1.1833611,4,VFT,0.522089789644058,0.526442806860886,0.0043530172168279035,322.35,9.900000000000034,4,160.0
10.1149/1.1833611,4,VFT,0.6496950212585995,0.644654391770455,0.0050406294881444325,332.15,9.799999999999955,4,160.0
10.1149/1.1833611,4,VFT,0.698257461985226,0.6976842620607246,0.0005731999245013331,332.15,9.799999999999955,4,160.0
10.1149/1.1833611,4,VFT,0.7363685082661853,0.7322696612414508,0.004098847024734509,332.15,9.799999999999955,4,160.0
10.1149/1.1833611,4,VFT,0.7660330165130792,0.7669564183436888,0.0009234018306095715,332.15,9.799999999999955,4,160.0
10.1149/1.1833611,4,VFT,0.5534111620097821,0.5549313435439525,0.0015201815341703284,302.55,9.900000000000034,4,160.0
10.1149/1.1833611,4,VFT,0.8173888535359182,0.8181457462637616,0.0007568927278434057,332.15,9.799999999999955,4,160.0
10.1149/1.1833611,4,VFT,0.8352523365799425,0.8347330959604284,0.0005192406195140276,332.15,9.799999999999955,4,160.0
10.1149/1.1833611,4,VFT,0.8480303941995317,0.8488700662409758,0.0008396720414440839,332.15,9.799999999999955,4,160.0
10.1149/1.1833611,4,VFT,0.8618085310562983,0.8621055657102024,0.00029703465390407136,332.15,9.799999999999955,4,160.0
10.1149/1.1833611,4,VFT,0.8610738912142633,0.8666264249294626,0.00555253371519937,332.15,9.799999999999955,4,160.0
10.1149/1.1833611,4,VFT,0.8484631380442306,0.8545415319364704,0.006078393892239853,332.15,9.799999999999955,4,160.0
10.1149/1.1833611,4,VFT,0.7433114433267886,0.7585784270726919,0.015266983745903295,322.35,9.900000000000034,4,160.0
10.1149/1.1833611,4,VFT,0.6532125137753437,0.6485832080945899,0.004629305680753815,332.15,9.799999999999955,4,160.0
10.1149/1.1833611,4,VFT,0.7495544502191152,0.7516185008367764,0.0020640506176612394,322.35,9.900000000000034,4,160.0
10.1149/1.1833611,4,VFT,0.8541273565846526,0.8554753054726993,0.0013479488880467905,332.15,9.799999999999955,4,160.0
10.1149/1.1833611,4,VFT,0.8801407889142419,0.880287741534072,0.00014695261983010965,332.15,9.799999999999955,4,160.0
10.1149/1.1833611,4,VFT,0.8998848471392512,0.8992337621229769,0.0006510850162743109,332.15,9.799999999999955,4,160.0
10.1149/1.1833611,4,VFT,0.9141252862344557,0.9156020813934083,0.001476795158952604,332.15,9.799999999999955,4,160.0
10.1149/1.1833611,4,VFT,0.9215334741036846,0.9233029046778489,0.0017694305741643435,332.15,9.799999999999955,4,160.0
10.1149/1.1833611,4,VFT,0.923365942957112,0.9246494133830789,0.0012834704259668817,332.15,9.799999999999955,4,160.0
10.1149/1.1833611,4,VFT,0.9159892139291999,0.9217934456280696,0.005804231698869788,332.15,9.799999999999955,4,160.0
10.1149/1.1833611,4,VFT,0.9027705353510247,0.91803188408705,0.01526134873602536,332.15,9.799999999999955,4,160.0
10.1149/1.1833611,4,VFT,0.6126997807162147,0.6110226456188932,0.0016771350973214805,332.15,9.799999999999955,4,160.0
10.1149/1.1833611,4,VFT,0.7410336219056128,0.7418913493707477,0.0008577274651349054,332.15,9.799999999999955,4,160.0
10.1149/1.1833611,4,VFT,0.7947361503963257,0.7950265822999036,0.0002904319035779146,332.15,9.799999999999955,4,160.0
10.1149/1.1833611,4,VFT,0.8311962850875894,0.8281623145620742,0.0030339705255151284,332.15,9.799999999999955,4,160.0
10.1149/1.1833611,4,VFT,0.8562780341154737,0.8551543641661739,0.0011236699492997992,332.15,9.799999999999955,4,160.0
10.1149/1.1833611,4,VFT,0.8018655244924775,0.8042664253517502,0.002400900859272692,322.35,9.900000000000034,4,160.0
10.1149/1.1833611,4,VFT,0.8908555305873403,0.8908853263142216,2.9795726881221007e-05,332.15,9.799999999999955,4,160.0
10.1149/1.1833611,4,VFT,0.8995363817937931,0.8998580581923061,0.00032167639851299334,332.15,9.799999999999955,4,160.0
10.1149/1.1833611,4,VFT,0.9024124123314328,0.9048635242004719,0.0024511118690391243,332.15,19.69999999999999,4,160.0
10.1149/1.1833611,4,VFT,0.8868167361072647,0.8917987200880775,0.004981983980812732,332.15,9.799999999999955,4,160.0
10.1149/1.1833611,4,VFT,0.8715345480544757,0.8750128538826314,0.00347830582815567,332.15,9.799999999999955,4,160.0
10.1149/1.1833611,4,VFT,0.6146491186545956,0.6114003180912053,0.003248800563390275,332.15,9.799999999999955,4,160.0
10.1149/1.1833611,4,VFT,0.6532125137753437,0.6536429407463289,0.0004304269709851649,312.45,19.80000000000001,4,160.0
10.1149/1.1833611,4,VFT,0.8395889452368733,0.8390041676887428,0.0005847775481305773,332.15,9.799999999999955,4,160.0
10.1149/1.1833611,4,VFT,0.8681948044284015,0.8654332724301073,0.002761531998294209,332.15,9.799999999999955,4,160.0
10.1149/1.1833611,4,VFT,0.8884768314673185,0.8900126516896412,0.0015358202223226813,332.15,9.799999999999955,4,160.0
10.1149/1.1833611,4,VFT,0.9046837300144092,0.9055603168757109,0.0008765868613017647,332.15,9.799999999999955,4,160.0
10.1149/1.1833611,4,VFT,0.9125658788633235,0.9151205978593893,0.0025547189960657413,332.15,9.799999999999955,4,160.0
10.1149/1.1833611,4,VFT,0.9062716457559425,0.9099661797955105,0.003694534039567987,332.15,9.799999999999955,4,160.0
10.1149/1.1833611,4,VFT,0.8934027196018733,0.8984030716778277,0.005000352075954395,332.15,9.799999999999955,4,160.0
10.1149/1.1833611,4,VFT,0.871641604157595,0.8805244453347894,0.0088828411771944,332.15,9.799999999999955,4,160.0
10.1149/1.1833611,4,VFT,0.04050121485602134,0.03876784317435511,0.0017333716816662278,332.15,9.799999999999955,4,160.0
10.1149/1.1833611,4,VFT,0.27437780090353575,0.2666674357133154,0.007710365190220336,332.15,9.799999999999955,4,160.0
10.1149/1.1833611,4,VFT,0.3806192215096623,0.38167261489976567,0.001053393390103352,332.15,9.799999999999955,4,160.0
10.1149/1.1833611,4,VFT,0.4734778232155228,0.4737243387496881,0.0002465155341653258,332.15,9.799999999999955,4,160.0
10.1149/1.1833611,4,VFT,0.6038251425238906,0.5977450622691463,0.00608008025474438,332.15,9.799999999999955,4,160.0
10.1149/1.1833611,4,VFT,0.7036253306758419,0.7019123339546371,0.0017129967212047292,332.15,9.799999999999955,4,160.0
10.1149/1.1833611,4,VFT,0.7458688739869638,0.7448374024071175,0.0010314715798462881,332.15,9.799999999999955,4,160.0
10.1149/1.1833611,4,VFT,0.7843652120927994,0.7863950873317735,0.0020298752389741326,332.15,9.799999999999955,4,160.0
10.1149/1.1833611,4,VFT,0.8162496087282435,0.8179506612679036,0.0017010525396601306,332.15,9.799999999999955,4,160.0
10.1149/1.1833611,4,VFT,0.8675221288028961,0.8663520623292819,0.001170066473614284,332.15,9.799999999999955,4,160.0
10.1149/1.1833611,4,VFT,0.8880006290618762,0.8879695253134202,3.110374845594066e-05,332.15,9.799999999999955,4,160.0
10.1149/1.1833611,4,VFT,0.9227735711094729,0.9222287080018157,0.000544863107657223,332.15,9.799999999999955,4,160.0
10.1149/1.1833611,4,VFT,0.17363066058698706,0.1680200549363854,0.005610605650601674,332.15,9.799999999999955,4,160.0
10.1149/1.1833611,4,VFT,0.43326797104906706,0.43106806723338775,0.002199903815679305,332.15,9.799999999999955,4,160.0
10.1149/1.1833611,4,VFT,0.5387781558284613,0.5315747358493037,0.0072034199791576325,332.15,9.799999999999955,4,160.0
10.1149/1.1833611,4,VFT,0.6129633543113681,0.6094373691146034,0.003525985196764614,332.15,9.799999999999955,4,160.0
10.1149/1.1833611,4,VFT,0.6731927842962409,0.6705124583933001,0.002680325902940761,332.15,9.799999999999955,4,160.0
10.1149/1.1833611,4,VFT,0.71769870485407,0.7132304918946905,0.004468212959379492,332.15,9.799999999999955,4,160.0
10.1149/1.1833611,4,VFT,0.7580646886110975,0.7568589361309069,0.0012057524801906139,332.15,9.799999999999955,4,160.0
10.1149/1.1833611,4,VFT,0.7973497124471525,0.7971556569380714,0.00019405550908102587,332.15,9.799999999999955,4,160.0
10.1149/1.1833611,4,VFT,0.8290310604402732,0.8260231872120359,0.0030078732282372567,332.15,9.799999999999955,4,160.0
10.1149/1.1833611,4,VFT,0.856513844952637,0.8578852622188009,0.0013714172661638546,332.15,9.799999999999955,4,160.0
10.1149/1.1833611,4,VFT,0.8784828470758402,0.8776251284437504,0.0008577186320898322,332.15,9.799999999999955,4,160.0
10.1149/1.1833611,4,VFT,0.8956659689314563,0.8922935293863237,0.003372439545132666,332.15,9.799999999999955,4,160.0
10.1149/1.1833611,4,VFT,0.5870828353964056,0.5844669103677316,0.0026159250286740265,292.65,9.799999999999955,4,160.0
10.1149/1.1833611,4,VFT,0.9085758849563462,0.9087505568479568,0.00017467189161057828,332.15,9.799999999999955,4,160.0
10.1149/1.1833611,4,VFT,0.9189893975086663,0.9185251264522356,0.00046427105643065403,332.15,9.799999999999955,4,160.0
10.1149/1.1833611,4,VFT,0.9232264504412505,0.9241471791364304,0.0009207286951798954,332.15,9.799999999999955,4,160.0
10.1149/1.1833611,4,VFT,0.9274225650243936,0.9286565742289761,0.001234009204582498,332.15,9.799999999999955,4,160.0
10.1149/1.1833611,4,VFT,0.925329575523757,0.925035605161195,0.0002939703625620682,332.15,9.799999999999955,4,160.0
10.1149/1.1833611,4,VFT,0.9189893975086663,0.9239706125021943,0.004981214993527994,332.15,9.799999999999955,4,160.0
10.1149/1.1833611,4,VFT,0.7072953931586318,0.7065094946809616,0.0007858984776701883,332.15,9.799999999999955,4,160.0
10.1149/1.1833611,4,VFT,0.7964400360869989,0.7982711658589867,0.0018311297719878494,332.15,19.69999999999999,4,160.0
10.1149/1.1833611,4,VFT,0.3411472188528036,0.3779107093767369,0.036763490523933295,282.85,9.900000000000034,4,160.0
10.1149/1.1833611,4,VFT,0.8246086516331352,0.8264874581670443,0.0018788065339090387,332.15,9.799999999999955,4,160.0
10.1149/1.1833611,4,VFT,0.8470947998002147,0.8483610709209661,0.0012662711207513944,332.15,9.799999999999955,4,160.0
10.1149/1.1833611,4,VFT,0.8627467453342664,0.8634668249562123,0.0007200796219458683,332.15,9.799999999999955,4,160.0
10.1149/1.1833611,4,VFT,0.8741262910716027,0.8785679422036354,0.0044416511320327645,332.15,9.799999999999955,4,160.0
10.1149/1.1833611,4,VFT,0.8665731531852291,0.8682830681436664,0.0017099149584373086,332.15,9.799999999999955,4,160.0
10.1149/1.1833611,4,VFT,0.2208106884744153,0.1971341086636308,0.023676579810784498,322.35,9.900000000000034,4,160.0
10.1149/1.1833611,4,VFT,0.3485065413259138,0.3453841483087895,0.003122393017124303,332.15,9.799999999999955,4,160.0
10.1149/1.1833611,4,VFT,0.32335655616648623,0.3163388445848677,0.007017711581618513,312.45,9.899999999999977,4,160.0
10.1149/1.1833611,4,VFT,0.4943346498405031,0.494242172349151,9.247749135210537e-05,332.15,9.799999999999955,4,160.0
10.1149/1.1833611,4,VFT,0.5570822038534365,0.56007953592309,0.002997332069653469,332.15,9.799999999999955,4,160.0
10.1149/1.1833611,4,VFT,0.6161277723351913,0.6135449536986959,0.002582818636495454,332.15,9.799999999999955,4,160.0
10.1149/1.1833611,4,VFT,0.6680261888798529,0.6677111638749789,0.0003150250048740144,332.15,9.799999999999955,4,160.0
10.1149/1.1833611,4,VFT,0.7143149090514236,0.710601494438283,0.0037134146131405643,332.15,9.799999999999955,4,160.0
10.1149/1.1833611,4,VFT,0.8415237770901847,0.8432804795960185,0.0017567025058338182,332.15,9.799999999999955,4,160.0
10.1149/1.1833611,4,VFT,0.8633205693002606,0.8628440886272958,0.00047648067296479635,332.15,9.799999999999955,4,160.0
10.1149/1.1833611,4,VFT,0.8817104229194349,0.8820569405489371,0.00034651762950221876,332.15,19.69999999999999,4,160.0
10.1149/1.1833611,4,VFT,0.8926816522271562,0.8909428157354502,0.0017388364917060306,332.15,9.799999999999955,4,160.0
10.1149/1.1833611,4,VFT,0.3010299956639812,0.293971375421633,0.0070586202423482125,332.15,9.799999999999955,4,160.0
10.1149/1.1833611,4,VFT,0.3667087712622437,0.3610175305740506,0.0056912406881931,332.15,9.799999999999955,4,160.0
10.1149/1.1833611,4,VFT,0.4237472721981457,0.41494691102595493,0.00880036117219074,332.15,9.799999999999955,4,160.0
10.1149/1.1833611,4,VFT,0.4858951790561205,0.47812722156995924,0.00776795748616127,332.15,9.799999999999955,4,160.0
10.1149/1.1833611,4,VFT,0.5839617692490267,0.5856001722212107,0.0016384029721840943,332.15,9.799999999999955,4,160.0
10.1149/1.1833611,4,VFT,0.6320232147343586,0.6288771877393291,0.003146026995029527,332.15,9.799999999999955,4,160.0
10.1149/1.1833611,4,VFT,0.6677387669262249,0.6638151594276248,0.003923607498600101,332.15,9.799999999999955,4,160.0
10.1149/1.1833611,4,VFT,0.7007390270519149,0.7019995788782595,0.001260551826344547,332.15,9.799999999999955,4,160.0
10.1149/1.1833611,4,VFT,0.7077439286157291,0.7000162419124731,0.007727686703255965,322.35,29.700000000000045,4,160.0
10.1149/1.1833611,4,VFT,0.675291904903569,0.6678411156355849,0.007450789267984148,312.45,19.80000000000001,4,160.0
10.1149/1.1833611,4,VFT,0.8067335680239547,0.8048703854792348,0.0018631825447198436,332.15,9.799999999999955,4,160.0
10.1149/1.1833611,4,independent_per_curve_GPR,0.5994124669909516,0.4897886584197936,0.10962380857115805,332.15,9.799999999999955,4,160.0
10.1149/1.1833611,4,independent_per_curve_GPR,0.7385685784219824,0.6215159915812803,0.11705258684070208,332.15,9.799999999999955,4,160.0
10.1149/1.1833611,4,independent_per_curve_GPR,0.7907577804783202,0.7057059780251973,0.08505180245312294,332.15,9.799999999999955,4,160.0
10.1149/1.1833611,4,independent_per_curve_GPR,0.8270948457750013,0.705994151292944,0.12110069448205729,332.15,9.799999999999955,4,160.0
10.1149/1.1833611,4,independent_per_curve_GPR,0.8733388121512187,0.7432369294980119,0.13010188265320677,332.15,9.799999999999955,4,160.0
10.1149/1.1833611,4,independent_per_curve_GPR,0.8874573667002804,0.7532953869871291,0.13416197971315136,332.15,9.799999999999955,4,160.0
10.1149/1.1833611,4,independent_per_curve_GPR,0.8956926603779694,0.7561451144979596,0.13954754588000973,332.15,9.799999999999955,4,160.0
10.1149/1.1833611,4,independent_per_curve_GPR,0.8983948658042163,0.74995298104193,0.14844188476228637,332.15,9.799999999999955,4,160.0
10.1149/1.1833611,4,independent_per_curve_GPR,0.8920633652148822,0.7343057646168669,0.15775760059801525,332.15,9.799999999999955,4,160.0
10.1149/1.1833611,4,independent_per_curve_GPR,0.8782574456656309,0.7117058642801787,0.16655158138545223,332.15,9.799999999999955,4,160.0
10.1149/1.1833611,4,independent_per_curve_GPR,0.8582114300486811,0.6815842544068733,0.17662717564180774,332.15,9.799999999999955,4,160.0
10.1149/1.1833611,4,independent_per_curve_GPR,0.16489335930822416,0.0726134249737376,0.09227993433448656,332.15,9.799999999999955,4,160.0
10.1149/1.1833611,4,independent_per_curve_GPR,0.4380386520683107,0.3461027725059594,0.09193587956235133,332.15,9.799999999999955,4,160.0
10.1149/1.1833611,4,independent_per_curve_GPR,0.5408979976175841,0.3416616348386483,0.19923636277893575,332.15,19.69999999999999,4,160.0
10.1149/1.1833611,4,independent_per_curve_GPR,0.503584357517213,0.38578127734360546,0.11780308017360752,312.45,9.899999999999977,4,160.0
10.1149/1.1833611,4,independent_per_curve_GPR,0.6705831692272491,0.5787567762448074,0.09182639298244177,332.15,9.799999999999955,4,160.0
10.1149/1.1833611,4,independent_per_curve_GPR,0.7127007081178658,0.6229129279353399,0.08978778018252587,332.15,9.799999999999955,4,160.0
10.1149/1.1833611,4,independent_per_curve_GPR,0.7540238375158995,0.3357511694542459,0.41827266806165364,332.15,39.5,4,160.0
10.1149/1.1833611,4,independent_per_curve_GPR,0.8240666374978196,0.726151070838982,0.0979155666588376,332.15,9.799999999999955,4,160.0
10.1149/1.1833611,4,independent_per_curve_GPR,0.8520361566379724,0.7548074072057749,0.0972287494321975,332.15,9.799999999999955,4,160.0
10.1149/1.1833611,4,independent_per_curve_GPR,0.8740775039293075,0.7854794785656369,0.08859802536367056,332.15,9.799999999999955,4,160.0
10.1149/1.1833611,4,independent_per_curve_GPR,0.8950875456544244,0.7957576176824422,0.09932992797198215,332.15,9.799999999999955,4,160.0
10.1149/1.1833611,4,independent_per_curve_GPR,0.9113029144432199,0.8089248847636057,0.10237802967961418,332.15,9.799999999999955,4,160.0
10.1149/1.1833611,4,independent_per_curve_GPR,0.9231811957738244,0.8194324713032765,0.10374872447054795,332.15,9.799999999999955,4,160.0
10.1149/1.1833611,4,independent_per_curve_GPR,0.9329347502607845,0.8277743934734247,0.1051603567873598,332.15,9.799999999999955,4,160.0
10.1149/1.1833611,4,independent_per_curve_GPR,0.9406975541556711,0.8315808833787157,0.10911667077695542,332.15,9.799999999999955,4,160.0
10.1149/1.1833611,4,independent_per_curve_GPR,0.9447816700811263,0.8477104885672297,0.0970711815138966,332.15,9.799999999999955,4,160.0
10.1149/1.1833611,4,independent_per_curve_GPR,0.9451700599086559,0.8321784471385313,0.1129916127701246,332.15,9.799999999999955,4,160.0
10.1149/1.1833611,4,independent_per_curve_GPR,0.522089789644058,0.38991866496611516,0.1321711246779429,322.35,9.900000000000034,4,160.0
10.1149/1.1833611,4,independent_per_curve_GPR,0.6496950212585995,0.5361987697200421,0.11349625153855736,332.15,9.799999999999955,4,160.0
10.1149/1.1833611,4,independent_per_curve_GPR,0.698257461985226,0.5842483474247027,0.11400911456052332,332.15,9.799999999999955,4,160.0
10.1149/1.1833611,4,independent_per_curve_GPR,0.7363685082661853,0.6174329240069264,0.11893558425925888,332.15,9.799999999999955,4,160.0
10.1149/1.1833611,4,independent_per_curve_GPR,0.7660330165130792,0.650793300438973,0.11523971607410621,332.15,9.799999999999955,4,160.0
10.1149/1.1833611,4,independent_per_curve_GPR,0.5534111620097821,0.3640083613262735,0.18940280068350862,302.55,9.900000000000034,4,160.0
10.1149/1.1833611,4,independent_per_curve_GPR,0.8173888535359182,0.6942197589862574,0.12316909454966074,332.15,9.799999999999955,4,160.0
10.1149/1.1833611,4,independent_per_curve_GPR,0.8352523365799425,0.7088451626289359,0.12640717395100654,332.15,9.799999999999955,4,160.0
10.1149/1.1833611,4,independent_per_curve_GPR,0.8480303941995317,0.7171676150935133,0.1308627791060184,332.15,9.799999999999955,4,160.0
10.1149/1.1833611,4,independent_per_curve_GPR,0.8618085310562983,0.7217020290997743,0.14010650195652397,332.15,9.799999999999955,4,160.0
10.1149/1.1833611,4,independent_per_curve_GPR,0.8610738912142633,0.717812231202001,0.14326166001226226,332.15,9.799999999999955,4,160.0
10.1149/1.1833611,4,independent_per_curve_GPR,0.8484631380442306,0.6917126447544384,0.15675049328979218,332.15,9.799999999999955,4,160.0
10.1149/1.1833611,4,independent_per_curve_GPR,0.7433114433267886,0.5496328898972346,0.19367855342955398,322.35,9.900000000000034,4,160.0
10.1149/1.1833611,4,independent_per_curve_GPR,0.6532125137753437,0.5400379211880796,0.11317459258726414,332.15,9.799999999999955,4,160.0
10.1149/1.1833611,4,independent_per_curve_GPR,0.7495544502191152,0.6155121368331542,0.13404231338596095,322.35,9.900000000000034,4,160.0
10.1149/1.1833611,4,independent_per_curve_GPR,0.8541273565846526,0.7340317671671598,0.12009558941749277,332.15,9.799999999999955,4,160.0
10.1149/1.1833611,4,independent_per_curve_GPR,0.8801407889142419,0.7563130666486705,0.12382772226557137,332.15,9.799999999999955,4,160.0
10.1149/1.1833611,4,independent_per_curve_GPR,0.8998848471392512,0.7713569855327316,0.12852786160651963,332.15,9.799999999999955,4,160.0
10.1149/1.1833611,4,independent_per_curve_GPR,0.9141252862344557,0.7809260175550176,0.1331992686794381,332.15,9.799999999999955,4,160.0
10.1149/1.1833611,4,independent_per_curve_GPR,0.9215334741036846,0.7830946895832488,0.1384387845204358,332.15,9.799999999999955,4,160.0
10.1149/1.1833611,4,independent_per_curve_GPR,0.923365942957112,0.7777208279942461,0.14564511496286592,332.15,9.799999999999955,4,160.0
10.1149/1.1833611,4,independent_per_curve_GPR,0.9159892139291999,0.762282969981793,0.15370624394740684,332.15,9.799999999999955,4,160.0
10.1149/1.1833611,4,independent_per_curve_GPR,0.9027705353510247,0.769566148907596,0.1332043864434287,332.15,9.799999999999955,4,160.0
10.1149/1.1833611,4,independent_per_curve_GPR,0.6126997807162147,0.5031708985498478,0.10952888216636691,332.15,9.799999999999955,4,160.0
10.1149/1.1833611,4,independent_per_curve_GPR,0.7410336219056128,0.6278762604117439,0.1131573614938689,332.15,9.799999999999955,4,160.0
10.1149/1.1833611,4,independent_per_curve_GPR,0.7947361503963257,0.6918154133897365,0.10292073700658921,332.15,9.799999999999955,4,160.0
10.1149/1.1833611,4,independent_per_curve_GPR,0.8311962850875894,0.7099028297039724,0.12129345538361691,332.15,9.799999999999955,4,160.0
10.1149/1.1833611,4,independent_per_curve_GPR,0.8562780341154737,0.7329157885545832,0.12336224556089048,332.15,9.799999999999955,4,160.0
10.1149/1.1833611,4,independent_per_curve_GPR,0.8018655244924775,0.655978036819544,0.14588748767293347,322.35,9.900000000000034,4,160.0
10.1149/1.1833611,4,independent_per_curve_GPR,0.8908555305873403,0.7602852682014827,0.13057026238585767,332.15,9.799999999999955,4,160.0
10.1149/1.1833611,4,independent_per_curve_GPR,0.8995363817937931,0.7644791314637764,0.1350572503300167,332.15,9.799999999999955,4,160.0
10.1149/1.1833611,4,independent_per_curve_GPR,0.9024124123314328,0.5820685324254447,0.3203438799059881,332.15,19.69999999999999,4,160.0
10.1149/1.1833611,4,independent_per_curve_GPR,0.8868167361072647,0.7486806687984875,0.13813606730877726,332.15,9.799999999999955,4,160.0
10.1149/1.1833611,4,independent_per_curve_GPR,0.8715345480544757,0.7071530497028632,0.16438149835161253,332.15,9.799999999999955,4,160.0
10.1149/1.1833611,4,independent_per_curve_GPR,0.6146491186545956,0.5185098901493104,0.09613922850528522,332.15,9.799999999999955,4,160.0
10.1149/1.1833611,4,independent_per_curve_GPR,0.6532125137753437,0.306322093272466,0.3468904205028777,312.45,19.80000000000001,4,160.0
10.1149/1.1833611,4,independent_per_curve_GPR,0.8395889452368733,0.7192497945380296,0.12033915069884371,332.15,9.799999999999955,4,160.0
10.1149/1.1833611,4,independent_per_curve_GPR,0.8681948044284015,0.744389695899849,0.12380510852855242,332.15,9.799999999999955,4,160.0
10.1149/1.1833611,4,independent_per_curve_GPR,0.8884768314673185,0.7616378583313104,0.12683897313600812,332.15,9.799999999999955,4,160.0
10.1149/1.1833611,4,independent_per_curve_GPR,0.9046837300144092,0.770633030877024,0.1340506991373852,332.15,9.799999999999955,4,160.0
10.1149/1.1833611,4,independent_per_curve_GPR,0.9125658788633235,0.7743346103358972,0.1382312685274263,332.15,9.799999999999955,4,160.0
10.1149/1.1833611,4,independent_per_curve_GPR,0.9062716457559425,0.7517493517875413,0.15452229396840123,332.15,9.799999999999955,4,160.0
10.1149/1.1833611,4,independent_per_curve_GPR,0.8934027196018733,0.7271455805014378,0.1662571391004355,332.15,9.799999999999955,4,160.0
10.1149/1.1833611,4,independent_per_curve_GPR,0.871641604157595,0.6964560646440335,0.17518553951356142,332.15,9.799999999999955,4,160.0
10.1149/1.1833611,4,independent_per_curve_GPR,0.04050121485602134,-0.033356757142198955,0.07385797199822029,332.15,9.799999999999955,4,160.0
10.1149/1.1833611,4,independent_per_curve_GPR,0.27437780090353575,0.18782737903782176,0.08655042186571399,332.15,9.799999999999955,4,160.0
10.1149/1.1833611,4,independent_per_curve_GPR,0.3806192215096623,0.2941930074951143,0.08642621401454803,332.15,9.799999999999955,4,160.0
10.1149/1.1833611,4,independent_per_curve_GPR,0.4734778232155228,0.3902426618514607,0.08323516136406206,332.15,9.799999999999955,4,160.0
10.1149/1.1833611,4,independent_per_curve_GPR,0.6038251425238906,0.5384675469510953,0.0653575955727953,332.15,9.799999999999955,4,160.0
10.1149/1.1833611,4,independent_per_curve_GPR,0.7036253306758419,0.6314666620608584,0.07215866861498343,332.15,9.799999999999955,4,160.0
10.1149/1.1833611,4,independent_per_curve_GPR,0.7458688739869638,0.667518959302462,0.07834991468450181,332.15,9.799999999999955,4,160.0
10.1149/1.1833611,4,independent_per_curve_GPR,0.7843652120927994,0.6941342667225501,0.09023094537024934,332.15,9.799999999999955,4,160.0
10.1149/1.1833611,4,independent_per_curve_GPR,0.8162496087282435,0.7249100993479793,0.09133950938026414,332.15,9.799999999999955,4,160.0
10.1149/1.1833611,4,independent_per_curve_GPR,0.8675221288028961,0.7948542665821627,0.0726678622207334,332.15,9.799999999999955,4,160.0
10.1149/1.1833611,4,independent_per_curve_GPR,0.8880006290618762,0.7899971404534445,0.09800348860843167,332.15,9.799999999999955,4,160.0
10.1149/1.1833611,4,independent_per_curve_GPR,0.9227735711094729,0.8180569819143308,0.10471658919514204,332.15,9.799999999999955,4,160.0
10.1149/1.1833611,4,independent_per_curve_GPR,0.17363066058698706,0.0850664884156804,0.08856417217130666,332.15,9.799999999999955,4,160.0
10.1149/1.1833611,4,independent_per_curve_GPR,0.43326797104906706,0.3434655668347394,0.08980240421432767,332.15,9.799999999999955,4,160.0
10.1149/1.1833611,4,independent_per_curve_GPR,0.5387781558284613,0.4421020919417583,0.09667606388670302,332.15,9.799999999999955,4,160.0
10.1149/1.1833611,4,independent_per_curve_GPR,0.6129633543113681,0.5167617876904421,0.09620156662092594,332.15,9.799999999999955,4,160.0
10.1149/1.1833611,4,independent_per_curve_GPR,0.6731927842962409,0.5771601185432069,0.09603266575303393,332.15,9.799999999999955,4,160.0
10.1149/1.1833611,4,independent_per_curve_GPR,0.71769870485407,0.6175718639090421,0.10012684094502788,332.15,9.799999999999955,4,160.0
10.1149/1.1833611,4,independent_per_curve_GPR,0.7580646886110975,0.6595358820037664,0.0985288066073311,332.15,9.799999999999955,4,160.0
10.1149/1.1833611,4,independent_per_curve_GPR,0.7973497124471525,0.6986216203438105,0.09872809210334199,332.15,9.799999999999955,4,160.0
10.1149/1.1833611,4,independent_per_curve_GPR,0.8290310604402732,0.7271820349726029,0.10184902546767027,332.15,9.799999999999955,4,160.0
10.1149/1.1833611,4,independent_per_curve_GPR,0.856513844952637,0.7537818224985832,0.10273202245405388,332.15,9.799999999999955,4,160.0
10.1149/1.1833611,4,independent_per_curve_GPR,0.8784828470758402,0.7720719798027912,0.10641086727304905,332.15,9.799999999999955,4,160.0
10.1149/1.1833611,4,independent_per_curve_GPR,0.8956659689314563,0.8257434197564079,0.06992254917504848,332.15,9.799999999999955,4,160.0
10.1149/1.1833611,4,independent_per_curve_GPR,0.5870828353964056,0.39459135197279605,0.19249148342360956,292.65,9.799999999999955,4,160.0
10.1149/1.1833611,4,independent_per_curve_GPR,0.9085758849563462,0.7986106104114044,0.10996527454494187,332.15,9.799999999999955,4,160.0
10.1149/1.1833611,4,independent_per_curve_GPR,0.9189893975086663,0.8048238337288712,0.11416556377979503,332.15,9.799999999999955,4,160.0
10.1149/1.1833611,4,independent_per_curve_GPR,0.9232264504412505,0.8060103698450066,0.11721608059624389,332.15,9.799999999999955,4,160.0
10.1149/1.1833611,4,independent_per_curve_GPR,0.9274225650243936,0.8069228324680672,0.1204997325563264,332.15,9.799999999999955,4,160.0
10.1149/1.1833611,4,independent_per_curve_GPR,0.925329575523757,0.8012015715046453,0.12412800401911173,332.15,9.799999999999955,4,160.0
10.1149/1.1833611,4,independent_per_curve_GPR,0.9189893975086663,0.7941252571150963,0.12486414039356997,332.15,9.799999999999955,4,160.0
10.1149/1.1833611,4,independent_per_curve_GPR,0.7072953931586318,0.5914076369194388,0.11588775623919301,332.15,9.799999999999955,4,160.0
10.1149/1.1833611,4,independent_per_curve_GPR,0.7964400360869989,0.5261282928986345,0.2703117431883644,332.15,19.69999999999999,4,160.0
10.1149/1.1833611,4,independent_per_curve_GPR,0.3411472188528036,0.06610754748154432,0.2750396713712593,282.85,9.900000000000034,4,160.0
10.1149/1.1833611,4,independent_per_curve_GPR,0.8246086516331352,0.7025990507869352,0.12200960084620005,332.15,9.799999999999955,4,160.0
10.1149/1.1833611,4,independent_per_curve_GPR,0.8470947998002147,0.7202202927070177,0.12687450709319703,332.15,9.799999999999955,4,160.0
10.1149/1.1833611,4,independent_per_curve_GPR,0.8627467453342664,0.7334285316124831,0.12931821372178331,332.15,9.799999999999955,4,160.0
10.1149/1.1833611,4,independent_per_curve_GPR,0.8741262910716027,0.7272319342909848,0.1468943567806179,332.15,9.799999999999955,4,160.0
10.1149/1.1833611,4,independent_per_curve_GPR,0.8665731531852291,0.7100217503327553,0.15655140285247382,332.15,9.799999999999955,4,160.0
10.1149/1.1833611,4,independent_per_curve_GPR,0.2208106884744153,0.11428405003908115,0.10652663843533414,322.35,9.900000000000034,4,160.0
10.1149/1.1833611,4,independent_per_curve_GPR,0.3485065413259138,0.2742540547153633,0.0742524866105505,332.15,9.799999999999955,4,160.0
10.1149/1.1833611,4,independent_per_curve_GPR,0.32335655616648623,0.218738935028932,0.10461762113755424,312.45,9.899999999999977,4,160.0
10.1149/1.1833611,4,independent_per_curve_GPR,0.4943346498405031,0.4125281298308283,0.08180652000967481,332.15,9.799999999999955,4,160.0
10.1149/1.1833611,4,independent_per_curve_GPR,0.5570822038534365,0.47698227010298944,0.0800999337504471,332.15,9.799999999999955,4,160.0
10.1149/1.1833611,4,independent_per_curve_GPR,0.6161277723351913,0.5324399690098237,0.08368780332536763,332.15,9.799999999999955,4,160.0
10.1149/1.1833611,4,independent_per_curve_GPR,0.6680261888798529,0.5845232823575324,0.08350290652232051,332.15,9.799999999999955,4,160.0
10.1149/1.1833611,4,independent_per_curve_GPR,0.7143149090514236,0.6294127799490071,0.08490212910241646,332.15,9.799999999999955,4,160.0
10.1149/1.1833611,4,independent_per_curve_GPR,0.8415237770901847,0.7523236744698604,0.0892001026203243,332.15,9.799999999999955,4,160.0
10.1149/1.1833611,4,independent_per_curve_GPR,0.8633205693002606,0.7709935516619548,0.09232701763830575,332.15,9.799999999999955,4,160.0
10.1149/1.1833611,4,independent_per_curve_GPR,0.8817104229194349,0.6674445913526357,0.21426583156679924,332.15,19.69999999999999,4,160.0
10.1149/1.1833611,4,independent_per_curve_GPR,0.8926816522271562,0.7939127281888698,0.09876892403828641,332.15,9.799999999999955,4,160.0
10.1149/1.1833611,4,independent_per_curve_GPR,0.3010299956639812,0.22306366403186975,0.07796633163211145,332.15,9.799999999999955,4,160.0
10.1149/1.1833611,4,independent_per_curve_GPR,0.3667087712622437,0.28756863200263333,0.07914013925961039,332.15,9.799999999999955,4,160.0
10.1149/1.1833611,4,independent_per_curve_GPR,0.4237472721981457,0.34506526469236,0.07868200750578569,332.15,9.799999999999955,4,160.0
10.1149/1.1833611,4,independent_per_curve_GPR,0.4858951790561205,0.40736545168660376,0.07852972736951674,332.15,9.799999999999955,4,160.0
10.1149/1.1833611,4,independent_per_curve_GPR,0.5839617692490267,0.508299830960722,0.0756619382883047,332.15,9.799999999999955,4,160.0
10.1149/1.1833611,4,independent_per_curve_GPR,0.6320232147343586,0.550783040899613,0.08124017383474558,332.15,9.799999999999955,4,160.0
10.1149/1.1833611,4,independent_per_curve_GPR,0.6677387669262249,0.5962831188698849,0.07145564805633997,332.15,9.799999999999955,4,160.0
10.1149/1.1833611,4,independent_per_curve_GPR,0.7007390270519149,0.622964783516903,0.07777424353501194,332.15,9.799999999999955,4,160.0
10.1149/1.1833611,4,independent_per_curve_GPR,0.7077439286157291,0.3900962926481806,0.3176476359675485,322.35,29.700000000000045,4,160.0
10.1149/1.1833611,4,independent_per_curve_GPR,0.675291904903569,0.43317468567404693,0.24211721922952212,312.45,19.80000000000001,4,160.0
10.1149/1.1833611,4,independent_per_curve_GPR,0.8067335680239547,0.7180727421829242,0.08866082584103052,332.15,9.799999999999955,4,160.0
10.1149/1.1833611,5,nested_budget_router,0.5994124669909516,0.6010874309331788,0.0016749639422272145,332.15,9.799999999999955,4,160.0
10.1149/1.1833611,5,nested_budget_router,0.7385685784219824,0.7367272424719298,0.0018413359500526472,332.15,9.799999999999955,4,160.0
10.1149/1.1833611,5,nested_budget_router,0.7907577804783202,0.7999141535844791,0.00915637310615891,332.15,9.799999999999955,4,160.0
10.1149/1.1833611,5,nested_budget_router,0.8270948457750013,0.8290024201809971,0.001907574405995871,332.15,9.799999999999955,4,160.0
10.1149/1.1833611,5,nested_budget_router,0.8733388121512187,0.8754922832524683,0.0021534711012496377,332.15,9.799999999999955,4,160.0
10.1149/1.1833611,5,nested_budget_router,0.8874573667002804,0.8928177121665581,0.005360345466277727,332.15,9.799999999999955,4,160.0
10.1149/1.1833611,5,nested_budget_router,0.8956926603779694,0.9028782478082158,0.007185587430246443,332.15,9.799999999999955,4,160.0
10.1149/1.1833611,5,nested_budget_router,0.8983948658042163,0.9071051557812038,0.008710289976987418,332.15,9.799999999999955,4,160.0
10.1149/1.1833611,5,nested_budget_router,0.8920633652148822,0.9016510005770917,0.009587635362209523,332.15,9.799999999999955,4,160.0
10.1149/1.1833611,5,nested_budget_router,0.8782574456656309,0.8956961089211573,0.017438663255526343,332.15,9.799999999999955,4,160.0
10.1149/1.1833611,5,nested_budget_router,0.8582114300486811,0.8790571776163365,0.020845747567655448,332.15,9.799999999999955,4,160.0
10.1149/1.1833611,5,nested_budget_router,0.16489335930822416,0.16330135622237596,0.0015920030858481982,332.15,9.799999999999955,4,160.0
10.1149/1.1833611,5,nested_budget_router,0.4380386520683107,0.4298175292586395,0.008221122809671244,332.15,9.799999999999955,4,160.0
10.1149/1.1833611,5,nested_budget_router,0.5408979976175841,0.536208989445672,0.00468900817191209,332.15,19.69999999999999,4,160.0
10.1149/1.1833611,5,nested_budget_router,0.503584357517213,0.49981837502248183,0.003765982494731146,312.45,9.899999999999977,4,160.0
10.1149/1.1833611,5,nested_budget_router,0.6705831692272491,0.666657499610523,0.003925669616726135,332.15,9.799999999999955,4,160.0
10.1149/1.1833611,5,nested_budget_router,0.7127007081178658,0.7084706043587641,0.004230103759101711,332.15,9.799999999999955,4,160.0
10.1149/1.1833611,5,nested_budget_router,0.7540238375158995,0.7351301032225198,0.018893734293379705,332.15,39.5,4,160.0
10.1149/1.1833611,5,nested_budget_router,0.8240666374978196,0.8215011557899149,0.0025654817079047154,332.15,9.799999999999955,4,160.0
10.1149/1.1833611,5,nested_budget_router,0.8520361566379724,0.8504462681279232,0.0015898885100491533,332.15,9.799999999999955,4,160.0
10.1149/1.1833611,5,nested_budget_router,0.8740775039293075,0.870627541560563,0.003449962368744508,332.15,9.799999999999955,4,160.0
10.1149/1.1833611,5,nested_budget_router,0.8950875456544244,0.8941880906156983,0.0008994550387261269,332.15,9.799999999999955,4,160.0
10.1149/1.1833611,5,nested_budget_router,0.9113029144432199,0.9090069205495828,0.002295993893637105,332.15,9.799999999999955,4,160.0
10.1149/1.1833611,5,nested_budget_router,0.9231811957738244,0.9231043379391899,7.68578346345139e-05,332.15,9.799999999999955,4,160.0
10.1149/1.1833611,5,nested_budget_router,0.9329347502607845,0.9330843862683924,0.00014963600760786733,332.15,9.799999999999955,4,160.0
10.1149/1.1833611,5,nested_budget_router,0.9406975541556711,0.9391601088684038,0.0015374452872672917,332.15,9.799999999999955,4,160.0
10.1149/1.1833611,5,nested_budget_router,0.9447816700811263,0.9448356778456091,5.400776448272193e-05,332.15,9.799999999999955,4,160.0
10.1149/1.1833611,5,nested_budget_router,0.9451700599086559,0.9460389305281658,0.0008688706195099094,332.15,9.799999999999955,4,160.0
10.1149/1.1833611,5,nested_budget_router,0.522089789644058,0.5253113370291222,0.003221547385064194,322.35,9.900000000000034,4,160.0
10.1149/1.1833611,5,nested_budget_router,0.6496950212585995,0.6460098221966579,0.0036851990619415353,332.15,9.799999999999955,4,160.0
10.1149/1.1833611,5,nested_budget_router,0.698257461985226,0.6974664574742926,0.0007910045109333907,332.15,9.799999999999955,4,160.0
10.1149/1.1833611,5,nested_budget_router,0.7363685082661853,0.7336216101441502,0.002746898122035102,332.15,9.799999999999955,4,160.0
10.1149/1.1833611,5,nested_budget_router,0.7660330165130792,0.7664474491925419,0.00041443267946272844,332.15,9.799999999999955,4,160.0
10.1149/1.1833611,5,nested_budget_router,0.5534111620097821,0.5572621140506053,0.0038509520408231968,302.55,9.900000000000034,4,160.0
10.1149/1.1833611,5,nested_budget_router,0.8173888535359182,0.817922719704298,0.000533866168379804,332.15,9.799999999999955,4,160.0
10.1149/1.1833611,5,nested_budget_router,0.8352523365799425,0.8373699759013467,0.0021176393214041855,332.15,9.799999999999955,4,160.0
10.1149/1.1833611,5,nested_budget_router,0.8480303941995317,0.8506220519387588,0.0025916577392270934,332.15,9.799999999999955,4,160.0
10.1149/1.1833611,5,nested_budget_router,0.8618085310562983,0.8641300739513,0.002321542895001749,332.15,9.799999999999955,4,160.0
10.1149/1.1833611,5,nested_budget_router,0.8610738912142633,0.8689428781762183,0.007868986961955038,332.15,9.799999999999955,4,160.0
10.1149/1.1833611,5,nested_budget_router,0.8484631380442306,0.8575428809540433,0.009079742909812727,332.15,9.799999999999955,4,160.0
10.1149/1.1833611,5,nested_budget_router,0.7433114433267886,0.766736556864003,0.023425113537214437,322.35,9.900000000000034,4,160.0
10.1149/1.1833611,5,nested_budget_router,0.6532125137753437,0.6470104813750621,0.00620203240028161,332.15,9.799999999999955,4,160.0
10.1149/1.1833611,5,nested_budget_router,0.7495544502191152,0.7503637416987814,0.0008092914796662409,322.35,9.900000000000034,4,160.0
10.1149/1.1833611,5,nested_budget_router,0.8541273565846526,0.8561886463086481,0.002061289723995552,332.15,9.799999999999955,4,160.0
10.1149/1.1833611,5,nested_budget_router,0.8998848471392512,0.9001899290207611,0.00030508188150990545,332.15,9.799999999999955,4,160.0
10.1149/1.1833611,5,nested_budget_router,0.9141252862344557,0.916973726215186,0.002848439980730366,332.15,9.799999999999955,4,160.0
10.1149/1.1833611,5,nested_budget_router,0.9215334741036846,0.9261827313382232,0.004649257234538573,332.15,9.799999999999955,4,160.0
10.1149/1.1833611,5,nested_budget_router,0.923365942957112,0.9275131805198393,0.0041472375627272795,332.15,9.799999999999955,4,160.0
10.1149/1.1833611,5,nested_budget_router,0.9159892139291999,0.9272364277177894,0.011247213788589505,332.15,9.799999999999955,4,160.0
10.1149/1.1833611,5,nested_budget_router,0.9027705353510247,0.9263135256422721,0.0235429902912474,332.15,9.799999999999955,4,160.0
10.1149/1.1833611,5,nested_budget_router,0.6126997807162147,0.6139776680558395,0.0012778873396248613,332.15,9.799999999999955,4,160.0
10.1149/1.1833611,5,nested_budget_router,0.7410336219056128,0.7409698428425358,6.377906307708514e-05,332.15,9.799999999999955,4,160.0
10.1149/1.1833611,5,nested_budget_router,0.7947361503963257,0.7954508027524683,0.0007146523561425422,332.15,9.799999999999955,4,160.0
10.1149/1.1833611,5,nested_budget_router,0.8311962850875894,0.8291308507941777,0.002065434293411661,332.15,9.799999999999955,4,160.0
10.1149/1.1833611,5,nested_budget_router,0.8562780341154737,0.8555255176670657,0.0007525164484079028,332.15,9.799999999999955,4,160.0
10.1149/1.1833611,5,nested_budget_router,0.8018655244924775,0.80438223115906,0.0025167066665825466,322.35,9.900000000000034,4,160.0
10.1149/1.1833611,5,nested_budget_router,0.8908555305873403,0.8932662959227855,0.002410765335445153,332.15,9.799999999999955,4,160.0
10.1149/1.1833611,5,nested_budget_router,0.8995363817937931,0.9019431129451991,0.002406731151405994,332.15,9.799999999999955,4,160.0
10.1149/1.1833611,5,nested_budget_router,0.9024124123314328,0.9080796673241169,0.0056672549926841675,332.15,19.69999999999999,4,160.0
10.1149/1.1833611,5,nested_budget_router,0.8868167361072647,0.8929165090062423,0.006099772898977562,332.15,9.799999999999955,4,160.0
10.1149/1.1833611,5,nested_budget_router,0.8715345480544757,0.8781785716752062,0.006644023620730466,332.15,9.799999999999955,4,160.0
10.1149/1.1833611,5,nested_budget_router,0.6146491186545956,0.6116762791990296,0.0029728394555660342,332.15,9.799999999999955,4,160.0
10.1149/1.1833611,5,nested_budget_router,0.8395889452368733,0.8373434558207835,0.0022454894160898187,332.15,9.799999999999955,4,160.0
10.1149/1.1833611,5,nested_budget_router,0.8681948044284015,0.86865247211664,0.00045766768823851667,332.15,9.799999999999955,4,160.0
10.1149/1.1833611,5,nested_budget_router,0.8884768314673185,0.8921023754824666,0.003625544015148141,332.15,9.799999999999955,4,160.0
10.1149/1.1833611,5,nested_budget_router,0.9046837300144092,0.9059607845380269,0.0012770545236177044,332.15,9.799999999999955,4,160.0
10.1149/1.1833611,5,nested_budget_router,0.9125658788633235,0.9168344398256036,0.004268560962280121,332.15,9.799999999999955,4,160.0
10.1149/1.1833611,5,nested_budget_router,0.9062716457559425,0.9137821930900241,0.007510547334081519,332.15,9.799999999999955,4,160.0
10.1149/1.1833611,5,nested_budget_router,0.8934027196018733,0.9016453352725502,0.008242615670676856,332.15,9.799999999999955,4,160.0
10.1149/1.1833611,5,nested_budget_router,0.871641604157595,0.8862559737545486,0.014614369596953614,332.15,9.799999999999955,4,160.0
10.1149/1.1833611,5,nested_budget_router,0.04050121485602134,0.03903102830649319,0.0014701865495281505,332.15,9.799999999999955,4,160.0
10.1149/1.1833611,5,nested_budget_router,0.27437780090353575,0.2691534624787363,0.005224338424799468,332.15,9.799999999999955,4,160.0
10.1149/1.1833611,5,nested_budget_router,0.3806192215096623,0.37716799431430936,0.003451227195352957,332.15,9.799999999999955,4,160.0
10.1149/1.1833611,5,nested_budget_router,0.4734778232155228,0.47565976868360094,0.0021819454680781503,332.15,9.799999999999955,4,160.0
10.1149/1.1833611,5,nested_budget_router,0.6038251425238906,0.5976023980665461,0.006222744457344498,332.15,9.799999999999955,4,160.0
10.1149/1.1833611,5,nested_budget_router,0.7036253306758419,0.6919788341230574,0.011646496552784491,332.15,9.799999999999955,4,160.0
10.1149/1.1833611,5,nested_budget_router,0.7458688739869638,0.7437782727272528,0.0020906012597109447,332.15,9.799999999999955,4,160.0
10.1149/1.1833611,5,nested_budget_router,0.7843652120927994,0.783152901162108,0.001212310930691407,332.15,9.799999999999955,4,160.0
10.1149/1.1833611,5,nested_budget_router,0.8162496087282435,0.8160564459879194,0.0001931627403241043,332.15,9.799999999999955,4,160.0
10.1149/1.1833611,5,nested_budget_router,0.8880006290618762,0.8886776577575287,0.0006770286956525595,332.15,9.799999999999955,4,160.0
10.1149/1.1833611,5,nested_budget_router,0.9227735711094729,0.9223979813468925,0.0003755897625803417,332.15,9.799999999999955,4,160.0
10.1149/1.1833611,5,nested_budget_router,0.17363066058698706,0.1636224583345557,0.010008202252431375,332.15,9.799999999999955,4,160.0
10.1149/1.1833611,5,nested_budget_router,0.43326797104906706,0.4289098337279955,0.004358137321071542,332.15,9.799999999999955,4,160.0
10.1149/1.1833611,5,nested_budget_router,0.5387781558284613,0.5302100278806468,0.008568127947814586,332.15,9.799999999999955,4,160.0
10.1149/1.1833611,5,nested_budget_router,0.6129633543113681,0.6077989949334104,0.005164359377957672,332.15,9.799999999999955,4,160.0
10.1149/1.1833611,5,nested_budget_router,0.6731927842962409,0.6669890300702871,0.0062037542259537615,332.15,9.799999999999955,4,160.0
10.1149/1.1833611,5,nested_budget_router,0.71769870485407,0.7109413094743798,0.006757395379690112,332.15,9.799999999999955,4,160.0
10.1149/1.1833611,5,nested_budget_router,0.7580646886110975,0.7568005177559103,0.0012641708551872632,332.15,9.799999999999955,4,160.0
10.1149/1.1833611,5,nested_budget_router,0.7973497124471525,0.7959559445072731,0.0013937679398793312,332.15,9.799999999999955,4,160.0
10.1149/1.1833611,5,nested_budget_router,0.8290310604402732,0.8262845589014893,0.002746501538783863,332.15,9.799999999999955,4,160.0
10.1149/1.1833611,5,nested_budget_router,0.856513844952637,0.8579545895757812,0.0014407446231441412,332.15,9.799999999999955,4,160.0
10.1149/1.1833611,5,nested_budget_router,0.8784828470758402,0.8779830164544964,0.0004998306213438442,332.15,9.799999999999955,4,160.0
10.1149/1.1833611,5,nested_budget_router,0.5870828353964056,0.5879145351058224,0.0008316997094167666,292.65,9.799999999999955,4,160.0
10.1149/1.1833611,5,nested_budget_router,0.9085758849563462,0.9091800118115918,0.0006041268552455792,332.15,9.799999999999955,4,160.0
10.1149/1.1833611,5,nested_budget_router,0.9189893975086663,0.9179335473447512,0.001055850163915073,332.15,9.799999999999955,4,160.0
10.1149/1.1833611,5,nested_budget_router,0.9232264504412505,0.9253109968042925,0.002084546363042006,332.15,9.799999999999955,4,160.0
10.1149/1.1833611,5,nested_budget_router,0.9274225650243936,0.9293381140978372,0.001915549073443601,332.15,9.799999999999955,4,160.0
10.1149/1.1833611,5,nested_budget_router,0.925329575523757,0.9261854545638781,0.000855879040121077,332.15,9.799999999999955,4,160.0
10.1149/1.1833611,5,nested_budget_router,0.9189893975086663,0.9234064829531625,0.00441708544449626,332.15,9.799999999999955,4,160.0
10.1149/1.1833611,5,nested_budget_router,0.7072953931586318,0.7089766730221081,0.001681279863476326,332.15,9.799999999999955,4,160.0
10.1149/1.1833611,5,nested_budget_router,0.7964400360869989,0.8011809444549289,0.004740908367930063,332.15,19.69999999999999,4,160.0
10.1149/1.1833611,5,nested_budget_router,0.3411472188528036,0.3727684351055318,0.031621216252728235,282.85,9.900000000000034,4,160.0
10.1149/1.1833611,5,nested_budget_router,0.8470947998002147,0.84842453258626,0.0013297327860453123,332.15,9.799999999999955,4,160.0
10.1149/1.1833611,5,nested_budget_router,0.8627467453342664,0.8663896146856189,0.0036428693513524957,332.15,9.799999999999955,4,160.0
10.1149/1.1833611,5,nested_budget_router,0.8741262910716027,0.8832691727169473,0.009142881645344603,332.15,9.799999999999955,4,160.0
10.1149/1.1833611,5,nested_budget_router,0.8665731531852291,0.8724600931341353,0.005886939948906211,332.15,9.799999999999955,4,160.0
10.1149/1.1833611,5,nested_budget_router,0.2208106884744153,0.19465072956490825,0.026159958909507036,322.35,9.900000000000034,4,160.0
10.1149/1.1833611,5,nested_budget_router,0.3485065413259138,0.3469546475963019,0.0015518937296118973,332.15,9.799999999999955,4,160.0
10.1149/1.1833611,5,nested_budget_router,0.32335655616648623,0.31937942519410323,0.003977130972383003,312.45,9.899999999999977,4,160.0
10.1149/1.1833611,5,nested_budget_router,0.4943346498405031,0.49179079232669143,0.002543857513811698,332.15,9.799999999999955,4,160.0
10.1149/1.1833611,5,nested_budget_router,0.5570822038534365,0.5578789799205129,0.000796776067076399,332.15,9.799999999999955,4,160.0
10.1149/1.1833611,5,nested_budget_router,0.6161277723351913,0.6134174399986149,0.002710332336576471,332.15,9.799999999999955,4,160.0
10.1149/1.1833611,5,nested_budget_router,0.6680261888798529,0.6684939842621571,0.0004677953823042369,332.15,9.799999999999955,4,160.0
10.1149/1.1833611,5,nested_budget_router,0.7143149090514236,0.7113727738014138,0.0029421352500097475,332.15,9.799999999999955,4,160.0
10.1149/1.1833611,5,nested_budget_router,0.8415237770901847,0.8419946563361583,0.0004708792459736655,332.15,9.799999999999955,4,160.0
10.1149/1.1833611,5,nested_budget_router,0.8633205693002606,0.8638400870749449,0.0005195177746842861,332.15,9.799999999999955,4,160.0
10.1149/1.1833611,5,nested_budget_router,0.8817104229194349,0.8817250635980812,1.4640678646316019e-05,332.15,19.69999999999999,4,160.0
10.1149/1.1833611,5,nested_budget_router,0.8926816522271562,0.8924083924362245,0.0002732597909317347,332.15,9.799999999999955,4,160.0
10.1149/1.1833611,5,nested_budget_router,0.3010299956639812,0.29487565135185734,0.006154344312123861,332.15,9.799999999999955,4,160.0
10.1149/1.1833611,5,nested_budget_router,0.3667087712622437,0.3587314677992812,0.007977303462962493,332.15,9.799999999999955,4,160.0
10.1149/1.1833611,5,nested_budget_router,0.4237472721981457,0.41494035403728324,0.008806918160862431,332.15,9.799999999999955,4,160.0
10.1149/1.1833611,5,nested_budget_router,0.4858951790561205,0.48215363291223234,0.0037415461438881636,332.15,9.799999999999955,4,160.0
10.1149/1.1833611,5,nested_budget_router,0.5839617692490267,0.5850638285448588,0.0011020592958321807,332.15,9.799999999999955,4,160.0
10.1149/1.1833611,5,nested_budget_router,0.6320232147343586,0.6274401087394393,0.00458310599491929,332.15,9.799999999999955,4,160.0
10.1149/1.1833611,5,nested_budget_router,0.6677387669262249,0.6613806808510839,0.0063580860751409896,332.15,9.799999999999955,4,160.0
10.1149/1.1833611,5,nested_budget_router,0.7007390270519149,0.7012529482851738,0.000513921233258885,332.15,9.799999999999955,4,160.0
10.1149/1.1833611,5,nested_budget_router,0.7077439286157291,0.6905417642510465,0.01720216436468258,322.35,29.700000000000045,4,160.0
10.1149/1.1833611,5,nested_budget_router,0.675291904903569,0.6599657028839041,0.015326202019664947,312.45,19.80000000000001,4,160.0
10.1149/1.1833611,5,nested_budget_router,0.8067335680239547,0.8031925876864084,0.00354098033754624,332.15,9.799999999999955,4,160.0
10.1149/1.1833611,5,VFT,0.5994124669909516,0.6010874309331788,0.0016749639422272145,332.15,9.799999999999955,4,160.0
10.1149/1.1833611,5,VFT,0.7385685784219824,0.7367272424719298,0.0018413359500526472,332.15,9.799999999999955,4,160.0
10.1149/1.1833611,5,VFT,0.7907577804783202,0.7999141535844791,0.00915637310615891,332.15,9.799999999999955,4,160.0
10.1149/1.1833611,5,VFT,0.8270948457750013,0.8290024201809971,0.001907574405995871,332.15,9.799999999999955,4,160.0
10.1149/1.1833611,5,VFT,0.8733388121512187,0.8754922832524683,0.0021534711012496377,332.15,9.799999999999955,4,160.0
10.1149/1.1833611,5,VFT,0.8874573667002804,0.8928177121665581,0.005360345466277727,332.15,9.799999999999955,4,160.0
10.1149/1.1833611,5,VFT,0.8956926603779694,0.9028782478082158,0.007185587430246443,332.15,9.799999999999955,4,160.0
10.1149/1.1833611,5,VFT,0.8983948658042163,0.9071051557812038,0.008710289976987418,332.15,9.799999999999955,4,160.0
10.1149/1.1833611,5,VFT,0.8920633652148822,0.9016510005770917,0.009587635362209523,332.15,9.799999999999955,4,160.0
10.1149/1.1833611,5,VFT,0.8782574456656309,0.8956961089211573,0.017438663255526343,332.15,9.799999999999955,4,160.0
10.1149/1.1833611,5,VFT,0.8582114300486811,0.8790571776163365,0.020845747567655448,332.15,9.799999999999955,4,160.0
10.1149/1.1833611,5,VFT,0.16489335930822416,0.16330135622237596,0.0015920030858481982,332.15,9.799999999999955,4,160.0
10.1149/1.1833611,5,VFT,0.4380386520683107,0.4298175292586395,0.008221122809671244,332.15,9.799999999999955,4,160.0
10.1149/1.1833611,5,VFT,0.5408979976175841,0.536208989445672,0.00468900817191209,332.15,19.69999999999999,4,160.0
10.1149/1.1833611,5,VFT,0.503584357517213,0.49981837502248183,0.003765982494731146,312.45,9.899999999999977,4,160.0
10.1149/1.1833611,5,VFT,0.6705831692272491,0.666657499610523,0.003925669616726135,332.15,9.799999999999955,4,160.0
10.1149/1.1833611,5,VFT,0.7127007081178658,0.7084706043587641,0.004230103759101711,332.15,9.799999999999955,4,160.0
10.1149/1.1833611,5,VFT,0.7540238375158995,0.7351301032225198,0.018893734293379705,332.15,39.5,4,160.0
10.1149/1.1833611,5,VFT,0.8240666374978196,0.8215011557899149,0.0025654817079047154,332.15,9.799999999999955,4,160.0
10.1149/1.1833611,5,VFT,0.8520361566379724,0.8504462681279232,0.0015898885100491533,332.15,9.799999999999955,4,160.0
10.1149/1.1833611,5,VFT,0.8740775039293075,0.870627541560563,0.003449962368744508,332.15,9.799999999999955,4,160.0
10.1149/1.1833611,5,VFT,0.8950875456544244,0.8941880906156983,0.0008994550387261269,332.15,9.799999999999955,4,160.0
10.1149/1.1833611,5,VFT,0.9113029144432199,0.9090069205495828,0.002295993893637105,332.15,9.799999999999955,4,160.0
10.1149/1.1833611,5,VFT,0.9231811957738244,0.9231043379391899,7.68578346345139e-05,332.15,9.799999999999955,4,160.0
10.1149/1.1833611,5,VFT,0.9329347502607845,0.9330843862683924,0.00014963600760786733,332.15,9.799999999999955,4,160.0
10.1149/1.1833611,5,VFT,0.9406975541556711,0.9391601088684038,0.0015374452872672917,332.15,9.799999999999955,4,160.0
10.1149/1.1833611,5,VFT,0.9447816700811263,0.9448356778456091,5.400776448272193e-05,332.15,9.799999999999955,4,160.0
10.1149/1.1833611,5,VFT,0.9451700599086559,0.9460389305281658,0.0008688706195099094,332.15,9.799999999999955,4,160.0
10.1149/1.1833611,5,VFT,0.522089789644058,0.5253113370291222,0.003221547385064194,322.35,9.900000000000034,4,160.0
10.1149/1.1833611,5,VFT,0.6496950212585995,0.6460098221966579,0.0036851990619415353,332.15,9.799999999999955,4,160.0
10.1149/1.1833611,5,VFT,0.698257461985226,0.6974664574742926,0.0007910045109333907,332.15,9.799999999999955,4,160.0
10.1149/1.1833611,5,VFT,0.7363685082661853,0.7336216101441502,0.002746898122035102,332.15,9.799999999999955,4,160.0
10.1149/1.1833611,5,VFT,0.7660330165130792,0.7664474491925419,0.00041443267946272844,332.15,9.799999999999955,4,160.0
10.1149/1.1833611,5,VFT,0.5534111620097821,0.5572621140506053,0.0038509520408231968,302.55,9.900000000000034,4,160.0
10.1149/1.1833611,5,VFT,0.8173888535359182,0.817922719704298,0.000533866168379804,332.15,9.799999999999955,4,160.0
10.1149/1.1833611,5,VFT,0.8352523365799425,0.8373699759013467,0.0021176393214041855,332.15,9.799999999999955,4,160.0
10.1149/1.1833611,5,VFT,0.8480303941995317,0.8506220519387588,0.0025916577392270934,332.15,9.799999999999955,4,160.0
10.1149/1.1833611,5,VFT,0.8618085310562983,0.8641300739513,0.002321542895001749,332.15,9.799999999999955,4,160.0
10.1149/1.1833611,5,VFT,0.8610738912142633,0.8689428781762183,0.007868986961955038,332.15,9.799999999999955,4,160.0
10.1149/1.1833611,5,VFT,0.8484631380442306,0.8575428809540433,0.009079742909812727,332.15,9.799999999999955,4,160.0
10.1149/1.1833611,5,VFT,0.7433114433267886,0.766736556864003,0.023425113537214437,322.35,9.900000000000034,4,160.0
10.1149/1.1833611,5,VFT,0.6532125137753437,0.6470104813750621,0.00620203240028161,332.15,9.799999999999955,4,160.0
10.1149/1.1833611,5,VFT,0.7495544502191152,0.7503637416987814,0.0008092914796662409,322.35,9.900000000000034,4,160.0
10.1149/1.1833611,5,VFT,0.8541273565846526,0.8561886463086481,0.002061289723995552,332.15,9.799999999999955,4,160.0
10.1149/1.1833611,5,VFT,0.8998848471392512,0.9001899290207611,0.00030508188150990545,332.15,9.799999999999955,4,160.0
10.1149/1.1833611,5,VFT,0.9141252862344557,0.916973726215186,0.002848439980730366,332.15,9.799999999999955,4,160.0
10.1149/1.1833611,5,VFT,0.9215334741036846,0.9261827313382232,0.004649257234538573,332.15,9.799999999999955,4,160.0
10.1149/1.1833611,5,VFT,0.923365942957112,0.9275131805198393,0.0041472375627272795,332.15,9.799999999999955,4,160.0
10.1149/1.1833611,5,VFT,0.9159892139291999,0.9272364277177894,0.011247213788589505,332.15,9.799999999999955,4,160.0
10.1149/1.1833611,5,VFT,0.9027705353510247,0.9263135256422721,0.0235429902912474,332.15,9.799999999999955,4,160.0
10.1149/1.1833611,5,VFT,0.6126997807162147,0.6139776680558395,0.0012778873396248613,332.15,9.799999999999955,4,160.0
10.1149/1.1833611,5,VFT,0.7410336219056128,0.7409698428425358,6.377906307708514e-05,332.15,9.799999999999955,4,160.0
10.1149/1.1833611,5,VFT,0.7947361503963257,0.7954508027524683,0.0007146523561425422,332.15,9.799999999999955,4,160.0
10.1149/1.1833611,5,VFT,0.8311962850875894,0.8291308507941777,0.002065434293411661,332.15,9.799999999999955,4,160.0
10.1149/1.1833611,5,VFT,0.8562780341154737,0.8555255176670657,0.0007525164484079028,332.15,9.799999999999955,4,160.0
10.1149/1.1833611,5,VFT,0.8018655244924775,0.80438223115906,0.0025167066665825466,322.35,9.900000000000034,4,160.0
10.1149/1.1833611,5,VFT,0.8908555305873403,0.8932662959227855,0.002410765335445153,332.15,9.799999999999955,4,160.0
10.1149/1.1833611,5,VFT,0.8995363817937931,0.9019431129451991,0.002406731151405994,332.15,9.799999999999955,4,160.0
10.1149/1.1833611,5,VFT,0.9024124123314328,0.9080796673241169,0.0056672549926841675,332.15,19.69999999999999,4,160.0
10.1149/1.1833611,5,VFT,0.8868167361072647,0.8929165090062423,0.006099772898977562,332.15,9.799999999999955,4,160.0
10.1149/1.1833611,5,VFT,0.8715345480544757,0.8781785716752062,0.006644023620730466,332.15,9.799999999999955,4,160.0
10.1149/1.1833611,5,VFT,0.6146491186545956,0.6116762791990296,0.0029728394555660342,332.15,9.799999999999955,4,160.0
10.1149/1.1833611,5,VFT,0.8395889452368733,0.8373434558207835,0.0022454894160898187,332.15,9.799999999999955,4,160.0
10.1149/1.1833611,5,VFT,0.8681948044284015,0.86865247211664,0.00045766768823851667,332.15,9.799999999999955,4,160.0
10.1149/1.1833611,5,VFT,0.8884768314673185,0.8921023754824666,0.003625544015148141,332.15,9.799999999999955,4,160.0
10.1149/1.1833611,5,VFT,0.9046837300144092,0.9059607845380269,0.0012770545236177044,332.15,9.799999999999955,4,160.0
10.1149/1.1833611,5,VFT,0.9125658788633235,0.9168344398256036,0.004268560962280121,332.15,9.799999999999955,4,160.0
10.1149/1.1833611,5,VFT,0.9062716457559425,0.9137821930900241,0.007510547334081519,332.15,9.799999999999955,4,160.0
10.1149/1.1833611,5,VFT,0.8934027196018733,0.9016453352725502,0.008242615670676856,332.15,9.799999999999955,4,160.0
10.1149/1.1833611,5,VFT,0.871641604157595,0.8862559737545486,0.014614369596953614,332.15,9.799999999999955,4,160.0
10.1149/1.1833611,5,VFT,0.04050121485602134,0.03903102830649319,0.0014701865495281505,332.15,9.799999999999955,4,160.0
10.1149/1.1833611,5,VFT,0.27437780090353575,0.2691534624787363,0.005224338424799468,332.15,9.799999999999955,4,160.0
10.1149/1.1833611,5,VFT,0.3806192215096623,0.37716799431430936,0.003451227195352957,332.15,9.799999999999955,4,160.0
10.1149/1.1833611,5,VFT,0.4734778232155228,0.47565976868360094,0.0021819454680781503,332.15,9.799999999999955,4,160.0
10.1149/1.1833611,5,VFT,0.6038251425238906,0.5976023980665461,0.006222744457344498,332.15,9.799999999999955,4,160.0
10.1149/1.1833611,5,VFT,0.7036253306758419,0.6919788341230574,0.011646496552784491,332.15,9.799999999999955,4,160.0
10.1149/1.1833611,5,VFT,0.7458688739869638,0.7437782727272528,0.0020906012597109447,332.15,9.799999999999955,4,160.0
10.1149/1.1833611,5,VFT,0.7843652120927994,0.783152901162108,0.001212310930691407,332.15,9.799999999999955,4,160.0
10.1149/1.1833611,5,VFT,0.8162496087282435,0.8160564459879194,0.0001931627403241043,332.15,9.799999999999955,4,160.0
10.1149/1.1833611,5,VFT,0.8880006290618762,0.8886776577575287,0.0006770286956525595,332.15,9.799999999999955,4,160.0
10.1149/1.1833611,5,VFT,0.9227735711094729,0.9223979813468925,0.0003755897625803417,332.15,9.799999999999955,4,160.0
10.1149/1.1833611,5,VFT,0.17363066058698706,0.1636224583345557,0.010008202252431375,332.15,9.799999999999955,4,160.0
10.1149/1.1833611,5,VFT,0.43326797104906706,0.4289098337279955,0.004358137321071542,332.15,9.799999999999955,4,160.0
10.1149/1.1833611,5,VFT,0.5387781558284613,0.5302100278806468,0.008568127947814586,332.15,9.799999999999955,4,160.0
10.1149/1.1833611,5,VFT,0.6129633543113681,0.6077989949334104,0.005164359377957672,332.15,9.799999999999955,4,160.0
10.1149/1.1833611,5,VFT,0.6731927842962409,0.6669890300702871,0.0062037542259537615,332.15,9.799999999999955,4,160.0
10.1149/1.1833611,5,VFT,0.71769870485407,0.7109413094743798,0.006757395379690112,332.15,9.799999999999955,4,160.0
10.1149/1.1833611,5,VFT,0.7580646886110975,0.7568005177559103,0.0012641708551872632,332.15,9.799999999999955,4,160.0
10.1149/1.1833611,5,VFT,0.7973497124471525,0.7959559445072731,0.0013937679398793312,332.15,9.799999999999955,4,160.0
10.1149/1.1833611,5,VFT,0.8290310604402732,0.8262845589014893,0.002746501538783863,332.15,9.799999999999955,4,160.0
10.1149/1.1833611,5,VFT,0.856513844952637,0.8579545895757812,0.0014407446231441412,332.15,9.799999999999955,4,160.0
10.1149/1.1833611,5,VFT,0.8784828470758402,0.8779830164544964,0.0004998306213438442,332.15,9.799999999999955,4,160.0
10.1149/1.1833611,5,VFT,0.5870828353964056,0.5879145351058224,0.0008316997094167666,292.65,9.799999999999955,4,160.0
10.1149/1.1833611,5,VFT,0.9085758849563462,0.9091800118115918,0.0006041268552455792,332.15,9.799999999999955,4,160.0
10.1149/1.1833611,5,VFT,0.9189893975086663,0.9179335473447512,0.001055850163915073,332.15,9.799999999999955,4,160.0
10.1149/1.1833611,5,VFT,0.9232264504412505,0.9253109968042925,0.002084546363042006,332.15,9.799999999999955,4,160.0
10.1149/1.1833611,5,VFT,0.9274225650243936,0.9293381140978372,0.001915549073443601,332.15,9.799999999999955,4,160.0
10.1149/1.1833611,5,VFT,0.925329575523757,0.9261854545638781,0.000855879040121077,332.15,9.799999999999955,4,160.0
10.1149/1.1833611,5,VFT,0.9189893975086663,0.9234064829531625,0.00441708544449626,332.15,9.799999999999955,4,160.0
10.1149/1.1833611,5,VFT,0.7072953931586318,0.7089766730221081,0.001681279863476326,332.15,9.799999999999955,4,160.0
10.1149/1.1833611,5,VFT,0.7964400360869989,0.8011809444549289,0.004740908367930063,332.15,19.69999999999999,4,160.0
10.1149/1.1833611,5,VFT,0.3411472188528036,0.3727684351055318,0.031621216252728235,282.85,9.900000000000034,4,160.0
10.1149/1.1833611,5,VFT,0.8470947998002147,0.84842453258626,0.0013297327860453123,332.15,9.799999999999955,4,160.0
10.1149/1.1833611,5,VFT,0.8627467453342664,0.8663896146856189,0.0036428693513524957,332.15,9.799999999999955,4,160.0
10.1149/1.1833611,5,VFT,0.8741262910716027,0.8832691727169473,0.009142881645344603,332.15,9.799999999999955,4,160.0
10.1149/1.1833611,5,VFT,0.8665731531852291,0.8724600931341353,0.005886939948906211,332.15,9.799999999999955,4,160.0
10.1149/1.1833611,5,VFT,0.2208106884744153,0.19465072956490825,0.026159958909507036,322.35,9.900000000000034,4,160.0
10.1149/1.1833611,5,VFT,0.3485065413259138,0.3469546475963019,0.0015518937296118973,332.15,9.799999999999955,4,160.0
10.1149/1.1833611,5,VFT,0.32335655616648623,0.31937942519410323,0.003977130972383003,312.45,9.899999999999977,4,160.0
10.1149/1.1833611,5,VFT,0.4943346498405031,0.49179079232669143,0.002543857513811698,332.15,9.799999999999955,4,160.0
10.1149/1.1833611,5,VFT,0.5570822038534365,0.5578789799205129,0.000796776067076399,332.15,9.799999999999955,4,160.0
10.1149/1.1833611,5,VFT,0.6161277723351913,0.6134174399986149,0.002710332336576471,332.15,9.799999999999955,4,160.0
10.1149/1.1833611,5,VFT,0.6680261888798529,0.6684939842621571,0.0004677953823042369,332.15,9.799999999999955,4,160.0
10.1149/1.1833611,5,VFT,0.7143149090514236,0.7113727738014138,0.0029421352500097475,332.15,9.799999999999955,4,160.0
10.1149/1.1833611,5,VFT,0.8415237770901847,0.8419946563361583,0.0004708792459736655,332.15,9.799999999999955,4,160.0
10.1149/1.1833611,5,VFT,0.8633205693002606,0.8638400870749449,0.0005195177746842861,332.15,9.799999999999955,4,160.0
10.1149/1.1833611,5,VFT,0.8817104229194349,0.8817250635980812,1.4640678646316019e-05,332.15,19.69999999999999,4,160.0
10.1149/1.1833611,5,VFT,0.8926816522271562,0.8924083924362245,0.0002732597909317347,332.15,9.799999999999955,4,160.0
10.1149/1.1833611,5,VFT,0.3010299956639812,0.29487565135185734,0.006154344312123861,332.15,9.799999999999955,4,160.0
10.1149/1.1833611,5,VFT,0.3667087712622437,0.3587314677992812,0.007977303462962493,332.15,9.799999999999955,4,160.0
10.1149/1.1833611,5,VFT,0.4237472721981457,0.41494035403728324,0.008806918160862431,332.15,9.799999999999955,4,160.0
10.1149/1.1833611,5,VFT,0.4858951790561205,0.48215363291223234,0.0037415461438881636,332.15,9.799999999999955,4,160.0
10.1149/1.1833611,5,VFT,0.5839617692490267,0.5850638285448588,0.0011020592958321807,332.15,9.799999999999955,4,160.0
10.1149/1.1833611,5,VFT,0.6320232147343586,0.6274401087394393,0.00458310599491929,332.15,9.799999999999955,4,160.0
10.1149/1.1833611,5,VFT,0.6677387669262249,0.6613806808510839,0.0063580860751409896,332.15,9.799999999999955,4,160.0
10.1149/1.1833611,5,VFT,0.7007390270519149,0.7012529482851738,0.000513921233258885,332.15,9.799999999999955,4,160.0
10.1149/1.1833611,5,VFT,0.7077439286157291,0.6905417642510465,0.01720216436468258,322.35,29.700000000000045,4,160.0
10.1149/1.1833611,5,VFT,0.675291904903569,0.6599657028839041,0.015326202019664947,312.45,19.80000000000001,4,160.0
10.1149/1.1833611,5,VFT,0.8067335680239547,0.8031925876864084,0.00354098033754624,332.15,9.799999999999955,4,160.0
10.1149/1.1833611,5,independent_per_curve_GPR,0.5994124669909516,0.4906290860950851,0.10878338089586653,332.15,9.799999999999955,4,160.0
10.1149/1.1833611,5,independent_per_curve_GPR,0.7385685784219824,0.622461092351262,0.11610748607072041,332.15,9.799999999999955,4,160.0
10.1149/1.1833611,5,independent_per_curve_GPR,0.7907577804783202,0.6999938186283545,0.09076396184996571,332.15,9.799999999999955,4,160.0
10.1149/1.1833611,5,independent_per_curve_GPR,0.8270948457750013,0.7071777492515932,0.1199170965234081,332.15,9.799999999999955,4,160.0
10.1149/1.1833611,5,independent_per_curve_GPR,0.8733388121512187,0.7437753252719672,0.12956348687925145,332.15,9.799999999999955,4,160.0
10.1149/1.1833611,5,independent_per_curve_GPR,0.8874573667002804,0.7535557803719017,0.13390158632837867,332.15,9.799999999999955,4,160.0
10.1149/1.1833611,5,independent_per_curve_GPR,0.8956926603779694,0.7565697733575221,0.13912288702044728,332.15,9.799999999999955,4,160.0
10.1149/1.1833611,5,independent_per_curve_GPR,0.8983948658042163,0.749079228180976,0.1493156376232403,332.15,9.799999999999955,4,160.0
10.1149/1.1833611,5,independent_per_curve_GPR,0.8920633652148822,0.7339054735263069,0.1581578916885753,332.15,9.799999999999955,4,160.0
10.1149/1.1833611,5,independent_per_curve_GPR,0.8782574456656309,0.710342077978197,0.16791536768743387,332.15,9.799999999999955,4,160.0
10.1149/1.1833611,5,independent_per_curve_GPR,0.8582114300486811,0.6800507024881239,0.17816072756055712,332.15,9.799999999999955,4,160.0
10.1149/1.1833611,5,independent_per_curve_GPR,0.16489335930822416,0.07240536669364596,0.0924879926145782,332.15,9.799999999999955,4,160.0
10.1149/1.1833611,5,independent_per_curve_GPR,0.4380386520683107,0.34835908195714893,0.08967957011116179,332.15,9.799999999999955,4,160.0
10.1149/1.1833611,5,independent_per_curve_GPR,0.5408979976175841,0.32659160756012223,0.21430639005746183,332.15,19.69999999999999,4,160.0
10.1149/1.1833611,5,independent_per_curve_GPR,0.503584357517213,0.3859574062442174,0.11762695127299555,312.45,9.899999999999977,4,160.0
10.1149/1.1833611,5,independent_per_curve_GPR,0.6705831692272491,0.5798803433198358,0.0907028259074133,332.15,9.799999999999955,4,160.0
10.1149/1.1833611,5,independent_per_curve_GPR,0.7127007081178658,0.6440732316751889,0.06862747644267686,332.15,9.799999999999955,4,160.0
10.1149/1.1833611,5,independent_per_curve_GPR,0.7540238375158995,0.2805309296807877,0.47349290783511183,332.15,39.5,4,160.0
10.1149/1.1833611,5,independent_per_curve_GPR,0.8240666374978196,0.7265033534728054,0.09756328402501424,332.15,9.799999999999955,4,160.0
10.1149/1.1833611,5,independent_per_curve_GPR,0.8520361566379724,0.75599155300102,0.09604460363695244,332.15,9.799999999999955,4,160.0
10.1149/1.1833611,5,independent_per_curve_GPR,0.8740775039293075,0.7831425856055368,0.09093491832377065,332.15,9.799999999999955,4,160.0
10.1149/1.1833611,5,independent_per_curve_GPR,0.8950875456544244,0.7966790279884679,0.09840851766595649,332.15,9.799999999999955,4,160.0
10.1149/1.1833611,5,independent_per_curve_GPR,0.9113029144432199,0.8101166512572308,0.10118626318598911,332.15,9.799999999999955,4,160.0
10.1149/1.1833611,5,independent_per_curve_GPR,0.9231811957738244,0.8199294055303755,0.10325179024344888,332.15,9.799999999999955,4,160.0
10.1149/1.1833611,5,independent_per_curve_GPR,0.9329347502607845,0.8288998955418475,0.10403485471893703,332.15,9.799999999999955,4,160.0
10.1149/1.1833611,5,independent_per_curve_GPR,0.9406975541556711,0.8325659687198793,0.10813158543579182,332.15,9.799999999999955,4,160.0
10.1149/1.1833611,5,independent_per_curve_GPR,0.9447816700811263,0.8447275335522099,0.10005413652891648,332.15,9.799999999999955,4,160.0
10.1149/1.1833611,5,independent_per_curve_GPR,0.9451700599086559,0.8334620355994209,0.11170802430923499,332.15,9.799999999999955,4,160.0
10.1149/1.1833611,5,independent_per_curve_GPR,0.522089789644058,0.37954047496199433,0.14254931468206372,322.35,9.900000000000034,4,160.0
10.1149/1.1833611,5,independent_per_curve_GPR,0.6496950212585995,0.5369988149259746,0.1126962063326249,332.15,9.799999999999955,4,160.0
10.1149/1.1833611,5,independent_per_curve_GPR,0.698257461985226,0.5851668297386321,0.11309063224659388,332.15,9.799999999999955,4,160.0
10.1149/1.1833611,5,independent_per_curve_GPR,0.7363685082661853,0.6180002908285661,0.11836821743761916,332.15,9.799999999999955,4,160.0
10.1149/1.1833611,5,independent_per_curve_GPR,0.7660330165130792,0.6522539905225699,0.11377902599050926,332.15,9.799999999999955,4,160.0
10.1149/1.1833611,5,independent_per_curve_GPR,0.5534111620097821,0.36227277821027926,0.19113838379950288,302.55,9.900000000000034,4,160.0
10.1149/1.1833611,5,independent_per_curve_GPR,0.8173888535359182,0.6952938340241455,0.1220950195117727,332.15,9.799999999999955,4,160.0
10.1149/1.1833611,5,independent_per_curve_GPR,0.8352523365799425,0.7095415206530828,0.12571081592685962,332.15,9.799999999999955,4,160.0
10.1149/1.1833611,5,independent_per_curve_GPR,0.8480303941995317,0.717870392288813,0.13016000191071875,332.15,9.799999999999955,4,160.0
10.1149/1.1833611,5,independent_per_curve_GPR,0.8618085310562983,0.7219828967970645,0.13982563425923378,332.15,9.799999999999955,4,160.0
10.1149/1.1833611,5,independent_per_curve_GPR,0.8610738912142633,0.7178411099307895,0.14323278128347372,332.15,9.799999999999955,4,160.0
10.1149/1.1833611,5,independent_per_curve_GPR,0.8484631380442306,0.6916710428506623,0.1567920951935683,332.15,9.799999999999955,4,160.0
10.1149/1.1833611,5,independent_per_curve_GPR,0.7433114433267886,0.5476226384563198,0.1956888048704688,322.35,9.900000000000034,4,160.0
10.1149/1.1833611,5,independent_per_curve_GPR,0.6532125137753437,0.5410274224902986,0.11218509128504517,332.15,9.799999999999955,4,160.0
10.1149/1.1833611,5,independent_per_curve_GPR,0.7495544502191152,0.6166910362787078,0.13286341394040735,322.35,9.900000000000034,4,160.0
10.1149/1.1833611,5,independent_per_curve_GPR,0.8541273565846526,0.7347512221024958,0.11937613448215678,332.15,9.799999999999955,4,160.0
10.1149/1.1833611,5,independent_per_curve_GPR,0.8998848471392512,0.7723734326253809,0.12751141451387027,332.15,9.799999999999955,4,160.0
10.1149/1.1833611,5,independent_per_curve_GPR,0.9141252862344557,0.7816049956369993,0.1325202905974564,332.15,9.799999999999955,4,160.0
10.1149/1.1833611,5,independent_per_curve_GPR,0.9215334741036846,0.7835990352248474,0.13793443887883716,332.15,9.799999999999955,4,160.0
10.1149/1.1833611,5,independent_per_curve_GPR,0.923365942957112,0.7784632328797939,0.14490271007731814,332.15,9.799999999999955,4,160.0
10.1149/1.1833611,5,independent_per_curve_GPR,0.9159892139291999,0.7618377254744544,0.15415148845474547,332.15,9.799999999999955,4,160.0
10.1149/1.1833611,5,independent_per_curve_GPR,0.9027705353510247,0.7617529393126878,0.14101759603833686,332.15,9.799999999999955,4,160.0
10.1149/1.1833611,5,independent_per_curve_GPR,0.6126997807162147,0.5034111895210549,0.10928859119515977,332.15,9.799999999999955,4,160.0
10.1149/1.1833611,5,independent_per_curve_GPR,0.7410336219056128,0.6291695229373784,0.11186409896823446,332.15,9.799999999999955,4,160.0
10.1149/1.1833611,5,independent_per_curve_GPR,0.7947361503963257,0.6885372159277028,0.10619893446862294,332.15,9.799999999999955,4,160.0
10.1149/1.1833611,5,independent_per_curve_GPR,0.8311962850875894,0.710757603209223,0.12043868187836637,332.15,9.799999999999955,4,160.0
10.1149/1.1833611,5,independent_per_curve_GPR,0.8562780341154737,0.7337985015449547,0.12247953257051891,332.15,9.799999999999955,4,160.0
10.1149/1.1833611,5,independent_per_curve_GPR,0.8018655244924775,0.6563883617023014,0.14547716279017608,322.35,9.900000000000034,4,160.0
10.1149/1.1833611,5,independent_per_curve_GPR,0.8908555305873403,0.760601920259745,0.1302536103275953,332.15,9.799999999999955,4,160.0
10.1149/1.1833611,5,independent_per_curve_GPR,0.8995363817937931,0.7652974413214645,0.13423894047232865,332.15,9.799999999999955,4,160.0
10.1149/1.1833611,5,independent_per_curve_GPR,0.9024124123314328,0.5556370579361002,0.3467753543953326,332.15,19.69999999999999,4,160.0
10.1149/1.1833611,5,independent_per_curve_GPR,0.8868167361072647,0.761257846154245,0.12555888995301978,332.15,9.799999999999955,4,160.0
10.1149/1.1833611,5,independent_per_curve_GPR,0.8715345480544757,0.7073149108407367,0.164219637213739,332.15,9.799999999999955,4,160.0
10.1149/1.1833611,5,independent_per_curve_GPR,0.6146491186545956,0.5155939199818751,0.0990551986727205,332.15,9.799999999999955,4,160.0
10.1149/1.1833611,5,independent_per_curve_GPR,0.8395889452368733,0.7206535535069769,0.11893539172989642,332.15,9.799999999999955,4,160.0
10.1149/1.1833611,5,independent_per_curve_GPR,0.8681948044284015,0.7450135139571128,0.12318129047128867,332.15,9.799999999999955,4,160.0
10.1149/1.1833611,5,independent_per_curve_GPR,0.8884768314673185,0.7619049593709635,0.126571872096355,332.15,9.799999999999955,4,160.0
10.1149/1.1833611,5,independent_per_curve_GPR,0.9046837300144092,0.7714264044370958,0.1332573255773134,332.15,9.799999999999955,4,160.0
10.1149/1.1833611,5,independent_per_curve_GPR,0.9125658788633235,0.7748955622129516,0.13767031665037188,332.15,9.799999999999955,4,160.0
10.1149/1.1833611,5,independent_per_curve_GPR,0.9062716457559425,0.7518285690517047,0.15444307670423785,332.15,9.799999999999955,4,160.0
10.1149/1.1833611,5,independent_per_curve_GPR,0.8934027196018733,0.7271097195782914,0.16629300002358194,332.15,9.799999999999955,4,160.0
10.1149/1.1833611,5,independent_per_curve_GPR,0.871641604157595,0.69566781202488,0.1759737921327149,332.15,9.799999999999955,4,160.0
10.1149/1.1833611,5,independent_per_curve_GPR,0.04050121485602134,-0.03275898183330603,0.07326019668932737,332.15,9.799999999999955,4,160.0
10.1149/1.1833611,5,independent_per_curve_GPR,0.27437780090353575,0.1882739342656422,0.08610386663789354,332.15,9.799999999999955,4,160.0
10.1149/1.1833611,5,independent_per_curve_GPR,0.3806192215096623,0.29584072713087683,0.08477849437878548,332.15,9.799999999999955,4,160.0
10.1149/1.1833611,5,independent_per_curve_GPR,0.4734778232155228,0.39037477709786383,0.08310304611765895,332.15,9.799999999999955,4,160.0
10.1149/1.1833611,5,independent_per_curve_GPR,0.6038251425238906,0.5362484827857894,0.06757665973810123,332.15,9.799999999999955,4,160.0
10.1149/1.1833611,5,independent_per_curve_GPR,0.7036253306758419,0.6352828532289276,0.06834247744691424,332.15,9.799999999999955,4,160.0
10.1149/1.1833611,5,independent_per_curve_GPR,0.7458688739869638,0.6686838816097311,0.07718499237723264,332.15,9.799999999999955,4,160.0
10.1149/1.1833611,5,independent_per_curve_GPR,0.7843652120927994,0.6960204161239384,0.08834479596886102,332.15,9.799999999999955,4,160.0
10.1149/1.1833611,5,independent_per_curve_GPR,0.8162496087282435,0.7364830076647888,0.07976660106345468,332.15,9.799999999999955,4,160.0
10.1149/1.1833611,5,independent_per_curve_GPR,0.8880006290618762,0.7904863007725026,0.09751432828937356,332.15,9.799999999999955,4,160.0
10.1149/1.1833611,5,independent_per_curve_GPR,0.9227735711094729,0.8192783045117951,0.10349526659767783,332.15,9.799999999999955,4,160.0
10.1149/1.1833611,5,independent_per_curve_GPR,0.17363066058698706,0.08705903969271127,0.0865716208942758,332.15,9.799999999999955,4,160.0
10.1149/1.1833611,5,independent_per_curve_GPR,0.43326797104906706,0.3455810364871873,0.08768693456187976,332.15,9.799999999999955,4,160.0
10.1149/1.1833611,5,independent_per_curve_GPR,0.5387781558284613,0.44365316719139136,0.09512498863706997,332.15,9.799999999999955,4,160.0
10.1149/1.1833611,5,independent_per_curve_GPR,0.6129633543113681,0.5177949877570223,0.0951683665543458,332.15,9.799999999999955,4,160.0
10.1149/1.1833611,5,independent_per_curve_GPR,0.6731927842962409,0.5897579417363699,0.08343484255987099,332.15,9.799999999999955,4,160.0
10.1149/1.1833611,5,independent_per_curve_GPR,0.71769870485407,0.6187052074270087,0.0989934974270612,332.15,9.799999999999955,4,160.0
10.1149/1.1833611,5,independent_per_curve_GPR,0.7580646886110975,0.6598720716250803,0.09819261698601722,332.15,9.799999999999955,4,160.0
10.1149/1.1833611,5,independent_per_curve_GPR,0.7973497124471525,0.6998154068018969,0.09753430564525556,332.15,9.799999999999955,4,160.0
10.1149/1.1833611,5,independent_per_curve_GPR,0.8290310604402732,0.7282676713368815,0.10076338910339167,332.15,9.799999999999955,4,160.0
10.1149/1.1833611,5,independent_per_curve_GPR,0.856513844952637,0.7543568982739242,0.10215694667871289,332.15,9.799999999999955,4,160.0
10.1149/1.1833611,5,independent_per_curve_GPR,0.8784828470758402,0.7724865505265217,0.10599629654931852,332.15,9.799999999999955,4,160.0
10.1149/1.1833611,5,independent_per_curve_GPR,0.5870828353964056,0.39194893996918967,0.19513389542721593,292.65,9.799999999999955,4,160.0
10.1149/1.1833611,5,independent_per_curve_GPR,0.9085758849563462,0.7993799145693913,0.10919597038695494,332.15,9.799999999999955,4,160.0
10.1149/1.1833611,5,independent_per_curve_GPR,0.9189893975086663,0.8057752644029637,0.11321413310570261,332.15,9.799999999999955,4,160.0
10.1149/1.1833611,5,independent_per_curve_GPR,0.9232264504412505,0.806124693723888,0.11710175671736256,332.15,9.799999999999955,4,160.0
10.1149/1.1833611,5,independent_per_curve_GPR,0.9274225650243936,0.8077064167607926,0.119716148263601,332.15,9.799999999999955,4,160.0
10.1149/1.1833611,5,independent_per_curve_GPR,0.925329575523757,0.8018459650968937,0.1234836104268634,332.15,9.799999999999955,4,160.0
10.1149/1.1833611,5,independent_per_curve_GPR,0.9189893975086663,0.7953666867797147,0.12362271072895159,332.15,9.799999999999955,4,160.0
10.1149/1.1833611,5,independent_per_curve_GPR,0.7072953931586318,0.591231127871074,0.11606426528755776,332.15,9.799999999999955,4,160.0
10.1149/1.1833611,5,independent_per_curve_GPR,0.7964400360869989,0.5037990459393648,0.2926409901476341,332.15,19.69999999999999,4,160.0
10.1149/1.1833611,5,independent_per_curve_GPR,0.3411472188528036,0.0613357430193891,0.2798114758334145,282.85,9.900000000000034,4,160.0
10.1149/1.1833611,5,independent_per_curve_GPR,0.8470947998002147,0.720804934388938,0.12628986541127674,332.15,9.799999999999955,4,160.0
10.1149/1.1833611,5,independent_per_curve_GPR,0.8627467453342664,0.7341110672705233,0.1286356780637431,332.15,9.799999999999955,4,160.0
10.1149/1.1833611,5,independent_per_curve_GPR,0.8741262910716027,0.7271539658775226,0.1469723251940801,332.15,9.799999999999955,4,160.0
10.1149/1.1833611,5,independent_per_curve_GPR,0.8665731531852291,0.7103452196584101,0.15622793352681896,332.15,9.799999999999955,4,160.0
10.1149/1.1833611,5,independent_per_curve_GPR,0.2208106884744153,0.11433377154795576,0.10647691692645952,322.35,9.900000000000034,4,160.0
10.1149/1.1833611,5,independent_per_curve_GPR,0.3485065413259138,0.2750828854062294,0.07342365591968442,332.15,9.799999999999955,4,160.0
10.1149/1.1833611,5,independent_per_curve_GPR,0.32335655616648623,0.21788073053849288,0.10547582562799335,312.45,9.899999999999977,4,160.0
10.1149/1.1833611,5,independent_per_curve_GPR,0.4943346498405031,0.4137263107004575,0.08060833914004562,332.15,9.799999999999955,4,160.0
10.1149/1.1833611,5,independent_per_curve_GPR,0.5570822038534365,0.47794357965091905,0.0791386242025175,332.15,9.799999999999955,4,160.0
10.1149/1.1833611,5,independent_per_curve_GPR,0.6161277723351913,0.5325709712907519,0.08355680104443941,332.15,9.799999999999955,4,160.0
10.1149/1.1833611,5,independent_per_curve_GPR,0.6680261888798529,0.5846066220590718,0.08341956682078111,332.15,9.799999999999955,4,160.0
10.1149/1.1833611,5,independent_per_curve_GPR,0.7143149090514236,0.6303714579247247,0.08394345112669888,332.15,9.799999999999955,4,160.0
10.1149/1.1833611,5,independent_per_curve_GPR,0.8415237770901847,0.7535641261659386,0.08795965092424607,332.15,9.799999999999955,4,160.0
10.1149/1.1833611,5,independent_per_curve_GPR,0.8633205693002606,0.7716605192390351,0.09166005006122546,332.15,9.799999999999955,4,160.0
10.1149/1.1833611,5,independent_per_curve_GPR,0.8817104229194349,0.6507451814892131,0.2309652414302218,332.15,19.69999999999999,4,160.0
10.1149/1.1833611,5,independent_per_curve_GPR,0.8926816522271562,0.7941858373204902,0.09849581490666603,332.15,9.799999999999955,4,160.0
10.1149/1.1833611,5,independent_per_curve_GPR,0.3010299956639812,0.22381940583622356,0.07721058982775764,332.15,9.799999999999955,4,160.0
10.1149/1.1833611,5,independent_per_curve_GPR,0.3667087712622437,0.2878730377007933,0.0788357335614504,332.15,9.799999999999955,4,160.0
10.1149/1.1833611,5,independent_per_curve_GPR,0.4237472721981457,0.34573595808336605,0.07801131411477963,332.15,9.799999999999955,4,160.0
10.1149/1.1833611,5,independent_per_curve_GPR,0.4858951790561205,0.40706445953449344,0.07883071952162707,332.15,9.799999999999955,4,160.0
10.1149/1.1833611,5,independent_per_curve_GPR,0.5839617692490267,0.5096112841637304,0.07435048508529629,332.15,9.799999999999955,4,160.0
10.1149/1.1833611,5,independent_per_curve_GPR,0.6320232147343586,0.551901967654691,0.08012124707966761,332.15,9.799999999999955,4,160.0
10.1149/1.1833611,5,independent_per_curve_GPR,0.6677387669262249,0.5979070273712186,0.06983173955500632,332.15,9.799999999999955,4,160.0
10.1149/1.1833611,5,independent_per_curve_GPR,0.7007390270519149,0.62473304323545,0.07600598381646495,332.15,9.799999999999955,4,160.0
10.1149/1.1833611,5,independent_per_curve_GPR,0.7077439286157291,0.3460253478367496,0.3617185807789795,322.35,29.700000000000045,4,160.0
10.1149/1.1833611,5,independent_per_curve_GPR,0.675291904903569,0.41949723195964417,0.2557946729439249,312.45,19.80000000000001,4,160.0
10.1149/1.1833611,5,independent_per_curve_GPR,0.8067335680239547,0.7190471239052768,0.08768644411867788,332.15,9.799999999999955,4,160.0
10.1149/1.1914757,3,nested_budget_router,0.802570895924897,0.8040282098226165,0.0014573138977194144,332.15,9.799999999999955,4,190.0
10.1149/1.1914757,3,nested_budget_router,0.8918243790086487,0.8931028053625295,0.0012784263538807572,332.15,9.799999999999955,4,190.0
10.1149/1.1914757,3,nested_budget_router,0.9891546673364646,0.9877115475170412,0.0014431198194234662,332.15,9.799999999999955,4,190.0
10.1149/1.1914757,3,nested_budget_router,1.0675149973386915,1.0679123295923607,0.00039733225366922476,332.15,9.799999999999955,4,190.0
10.1149/1.1914757,3,nested_budget_router,1.0843931818961314,1.0837079136106194,0.0006852682855120751,322.35,9.900000000000034,4,190.0
10.1149/1.1914757,3,nested_budget_router,1.187338250625771,1.1857993051027105,0.001538945523060553,332.15,19.69999999999999,4,190.0
10.1149/1.1914757,3,nested_budget_router,1.2109974160108417,1.213934170486032,0.002936754475190373,332.15,9.799999999999955,4,190.0
10.1149/1.1914757,3,nested_budget_router,0.5634405942086038,0.5618698193900982,0.0015707748185056492,332.15,9.799999999999955,4,190.0
10.1149/1.1914757,3,nested_budget_router,0.7234407614398666,0.7245577389330872,0.0011169774932205945,332.15,9.799999999999955,4,190.0
10.1149/1.1914757,3,nested_budget_router,0.8155638602412361,0.8180657120050336,0.00250185176379758,332.15,39.5,4,190.0
10.1149/1.1914757,3,nested_budget_router,0.7542911024022969,0.7542678721871228,2.3230215174141478e-05,322.35,9.900000000000034,4,190.0
10.1149/1.1914757,3,nested_budget_router,0.8830845986994318,0.8827494089850918,0.00033518971433998956,332.15,9.799999999999955,4,190.0
10.1149/1.1914757,3,nested_budget_router,0.9248593691464264,0.9249995431600483,0.00014017401362187432,332.15,9.799999999999955,4,190.0
10.1149/1.1914757,3,nested_budget_router,0.9520646559780594,0.9568115691579931,0.004746913179933698,332.15,9.799999999999955,4,190.0
10.1149/1.1914757,3,nested_budget_router,0.9671934265520913,0.9625089099860015,0.004684516566089814,332.15,19.69999999999999,4,190.0
10.1149/1.1914757,3,nested_budget_router,0.9702654900955455,0.9713943929087898,0.0011289028132442924,332.15,9.799999999999955,4,190.0
10.1149/1.1914757,3,nested_budget_router,0.7005463925552385,0.6966323790006099,0.003914013554628615,332.15,9.799999999999955,4,190.0
10.1149/1.1914757,3,nested_budget_router,0.8660186755894864,0.863531452326265,0.002487223263221372,332.15,9.799999999999955,4,190.0
10.1149/1.1914757,3,nested_budget_router,1.0752150587968206,1.0756780347197217,0.000462975922901121,332.15,9.799999999999955,4,190.0
10.1149/1.1914757,3,nested_budget_router,1.1009967810231895,1.110822024265792,0.009825243242602477,332.15,19.69999999999999,4,190.0
10.1149/1.1914757,3,nested_budget_router,1.0506257857351204,1.045440365888874,0.005185419846246431,322.35,29.700000000000045,4,190.0
10.1149/1.1914757,3,nested_budget_router,1.1205739312058498,1.1205418156423064,3.211556354343337e-05,332.15,9.799999999999955,4,190.0
10.1149/1.1914757,3,nested_budget_router,0.8595203825576202,0.8626233791053127,0.003102996547692527,292.65,9.799999999999955,4,190.0
10.1149/1.1914757,3,nested_budget_router,1.132376137861992,1.13343716139751,0.0010610235355179576,332.15,9.799999999999955,4,190.0
10.1149/1.1914757,3,nested_budget_router,1.0124537416556623,0.9981883092350164,0.014265432420645818,312.45,19.80000000000001,4,190.0
10.1149/1.1914757,3,nested_budget_router,1.132376137861992,1.1343986347194255,0.002022496857433387,332.15,9.799999999999955,4,190.0
10.1149/1.1914757,3,VFT,0.802570895924897,0.7996611384040875,0.002909757520809575,332.15,9.799999999999955,4,190.0
10.1149/1.1914757,3,VFT,0.8918243790086487,0.8890478515715197,0.002776527437129084,332.15,9.799999999999955,4,190.0
10.1149/1.1914757,3,VFT,0.9891546673364646,0.9844800298250673,0.004674637511397295,332.15,9.799999999999955,4,190.0
10.1149/1.1914757,3,VFT,1.0675149973386915,1.0652710755458301,0.0022439217928613697,332.15,9.799999999999955,4,190.0
10.1149/1.1914757,3,VFT,1.0843931818961314,1.0797767938390817,0.004616388057049781,322.35,9.900000000000034,4,190.0
10.1149/1.1914757,3,VFT,1.187338250625771,1.1781876434748735,0.00915060715089755,332.15,19.69999999999999,4,190.0
10.1149/1.1914757,3,VFT,1.2109974160108417,1.2090665278950903,0.0019308881157513724,332.15,9.799999999999955,4,190.0
10.1149/1.1914757,3,VFT,0.5634405942086038,0.5582944270721172,0.005146167136486635,332.15,9.799999999999955,4,190.0
10.1149/1.1914757,3,VFT,0.7234407614398666,0.7175694685289639,0.0058712929109027145,332.15,9.799999999999955,4,190.0
10.1149/1.1914757,3,VFT,0.8155638602412361,0.7679946191530926,0.04756924108814342,332.15,39.5,4,190.0
10.1149/1.1914757,3,VFT,0.7542911024022969,0.7450325413857793,0.009258561016517564,322.35,9.900000000000034,4,190.0
10.1149/1.1914757,3,VFT,0.8830845986994318,0.8782859378790011,0.004798660820430678,332.15,9.799999999999955,4,190.0
10.1149/1.1914757,3,VFT,0.9248593691464264,0.9222929759412364,0.0025663932051900318,332.15,9.799999999999955,4,190.0
10.1149/1.1914757,3,VFT,0.9520646559780594,0.9432261184934302,0.00883853748462926,332.15,9.799999999999955,4,190.0
10.1149/1.1914757,3,VFT,0.9671934265520913,0.9565455426292068,0.010647883922884516,332.15,19.69999999999999,4,190.0
10.1149/1.1914757,3,VFT,0.9702654900955455,0.9674434418606237,0.0028220482349218257,332.15,9.799999999999955,4,190.0
10.1149/1.1914757,3,VFT,0.7005463925552385,0.6937071389738697,0.0068392535813688315,332.15,9.799999999999955,4,190.0
10.1149/1.1914757,3,VFT,0.8660186755894864,0.8615649872194748,0.004453688370011588,332.15,9.799999999999955,4,190.0
10.1149/1.1914757,3,VFT,1.0752150587968206,1.0692943606426897,0.005920698154130877,332.15,9.799999999999955,4,190.0
10.1149/1.1914757,3,VFT,1.1009967810231895,1.0694740910776055,0.03152268994558405,332.15,19.69999999999999,4,190.0
10.1149/1.1914757,3,VFT,1.0506257857351204,1.0148600233388052,0.03576576239631524,322.35,29.700000000000045,4,190.0
10.1149/1.1914757,3,VFT,1.1205739312058498,1.1176367659390058,0.002937165266843955,332.15,9.799999999999955,4,190.0
10.1149/1.1914757,3,VFT,0.8595203825576202,0.8527741532428131,0.006746229314807062,292.65,9.799999999999955,4,190.0
10.1149/1.1914757,3,VFT,1.132376137861992,1.130170844777347,0.0022052930846450103,332.15,9.799999999999955,4,190.0
10.1149/1.1914757,3,VFT,1.0124537416556623,0.9960723159386771,0.0163814257169852,312.45,19.80000000000001,4,190.0
10.1149/1.1914757,3,VFT,1.132376137861992,1.130771545841601,0.0016045920203910935,332.15,9.799999999999955,4,190.0
10.1149/1.1914757,3,independent_per_curve_GPR,0.802570895924897,0.7462572676502534,0.0563136282746437,332.15,9.799999999999955,4,190.0
10.1149/1.1914757,3,independent_per_curve_GPR,0.8918243790086487,0.8330827534270395,0.058741625581609225,332.15,9.799999999999955,4,190.0
10.1149/1.1914757,3,independent_per_curve_GPR,0.9891546673364646,0.9295247119877041,0.05962995534876048,332.15,9.799999999999955,4,190.0
10.1149/1.1914757,3,independent_per_curve_GPR,1.0675149973386915,1.007244560290461,0.06027043704823054,332.15,9.799999999999955,4,190.0
10.1149/1.1914757,3,independent_per_curve_GPR,1.0843931818961314,1.0141896670579476,0.07020351483818388,322.35,9.900000000000034,4,190.0
10.1149/1.1914757,3,independent_per_curve_GPR,1.187338250625771,1.0510056763137532,0.13633257431201784,332.15,19.69999999999999,4,190.0
10.1149/1.1914757,3,independent_per_curve_GPR,1.2109974160108417,1.1431190584882605,0.0678783575225812,332.15,9.799999999999955,4,190.0
10.1149/1.1914757,3,independent_per_curve_GPR,0.5634405942086038,0.4603110724383015,0.10312952177030232,332.15,9.799999999999955,4,190.0
10.1149/1.1914757,3,independent_per_curve_GPR,0.7234407614398666,0.6356294460630681,0.08781131537679843,332.15,9.799999999999955,4,190.0
10.1149/1.1914757,3,independent_per_curve_GPR,0.8155638602412361,0.32141098516787947,0.4941528750733566,332.15,39.5,4,190.0
10.1149/1.1914757,3,independent_per_curve_GPR,0.7542911024022969,0.6489060691963697,0.10538503320592718,322.35,9.900000000000034,4,190.0
10.1149/1.1914757,3,independent_per_curve_GPR,0.8830845986994318,0.7763769932255251,0.10670760547390667,332.15,9.799999999999955,4,190.0
10.1149/1.1914757,3,independent_per_curve_GPR,0.9248593691464264,0.8148474201114335,0.1100119490349929,332.15,9.799999999999955,4,190.0
10.1149/1.1914757,3,independent_per_curve_GPR,0.9520646559780594,0.8396662023620426,0.11239845361601686,332.15,9.799999999999955,4,190.0
10.1149/1.1914757,3,independent_per_curve_GPR,0.9671934265520913,0.7228644438178637,0.24432898273422754,332.15,19.69999999999999,4,190.0
10.1149/1.1914757,3,independent_per_curve_GPR,0.9702654900955455,0.84530407780524,0.12496141229030555,332.15,9.799999999999955,4,190.0
10.1149/1.1914757,3,independent_per_curve_GPR,0.7005463925552385,0.6250286355282854,0.07551775702695318,332.15,9.799999999999955,4,190.0
10.1149/1.1914757,3,independent_per_curve_GPR,0.8660186755894864,0.7898560723291542,0.0761626032603322,332.15,9.799999999999955,4,190.0
10.1149/1.1914757,3,independent_per_curve_GPR,1.0752150587968206,0.9989859188569156,0.07622913993990499,332.15,9.799999999999955,4,190.0
10.1149/1.1914757,3,independent_per_curve_GPR,1.1009967810231895,0.8912257131307426,0.20977106789244693,332.15,19.69999999999999,4,190.0
10.1149/1.1914757,3,independent_per_curve_GPR,1.0506257857351204,0.7006539824935747,0.34997180324154575,322.35,29.700000000000045,4,190.0
10.1149/1.1914757,3,independent_per_curve_GPR,1.1205739312058498,1.0302491831093015,0.09032474809654834,332.15,9.799999999999955,4,190.0
10.1149/1.1914757,3,independent_per_curve_GPR,0.8595203825576202,0.6983475558209552,0.161172826736665,292.65,9.799999999999955,4,190.0
10.1149/1.1914757,3,independent_per_curve_GPR,1.132376137861992,1.0394000644059067,0.09297607345608538,332.15,9.799999999999955,4,190.0
10.1149/1.1914757,3,independent_per_curve_GPR,1.0124537416556623,0.7540640758231488,0.25838966583251344,312.45,19.80000000000001,4,190.0
10.1149/1.1914757,3,independent_per_curve_GPR,1.132376137861992,1.0305686508222343,0.10180748703975784,332.15,9.799999999999955,4,190.0
10.1149/1.1914757,4,nested_budget_router,0.802570895924897,0.8013545622761429,0.0012163336487541754,332.15,9.799999999999955,4,160.0
10.1149/1.1914757,4,nested_budget_router,0.8918243790086487,0.8891264094046726,0.002697969603976169,332.15,9.799999999999955,4,160.0
10.1149/1.1914757,4,nested_budget_router,0.9891546673364646,0.985607453960673,0.003547213375791669,332.15,9.799999999999955,4,160.0
10.1149/1.1914757,4,nested_budget_router,1.0675149973386915,1.0661842134233828,0.0013307839153087198,332.15,9.799999999999955,4,160.0
10.1149/1.1914757,4,nested_budget_router,1.0843931818961314,1.0811257166295314,0.0032674652666000448,322.35,9.900000000000034,4,160.0
10.1149/1.1914757,4,nested_budget_router,1.187338250625771,1.1850164781523376,0.002321772473433459,332.15,19.69999999999999,4,160.0
10.1149/1.1914757,4,nested_budget_router,1.2109974160108417,1.210562993127462,0.0004344228833796926,332.15,9.799999999999955,4,160.0
10.1149/1.1914757,4,nested_budget_router,0.5634405942086038,0.5591777022312823,0.004262891977321548,332.15,9.799999999999955,4,160.0
10.1149/1.1914757,4,nested_budget_router,0.7234407614398666,0.7236740983629688,0.0002333369231022342,332.15,9.799999999999955,4,160.0
10.1149/1.1914757,4,nested_budget_router,0.8155638602412361,0.8164495142899988,0.0008856540487627296,332.15,39.5,4,160.0
10.1149/1.1914757,4,nested_budget_router,0.7542911024022969,0.753425473808085,0.0008656285942119091,322.35,9.900000000000034,4,160.0
10.1149/1.1914757,4,nested_budget_router,0.8830845986994318,0.882064251353472,0.0010203473459597934,332.15,9.799999999999955,4,160.0
10.1149/1.1914757,4,nested_budget_router,0.9248593691464264,0.9257840772894819,0.0009247081430554527,332.15,9.799999999999955,4,160.0
10.1149/1.1914757,4,nested_budget_router,0.9520646559780594,0.9520060903428635,5.8565635195906296e-05,332.15,9.799999999999955,4,160.0
10.1149/1.1914757,4,nested_budget_router,0.9671934265520913,0.9668062772342003,0.00038714931789096685,332.15,19.69999999999999,4,160.0
10.1149/1.1914757,4,nested_budget_router,0.9702654900955455,0.9795335194764936,0.009268029380948062,332.15,9.799999999999955,4,160.0
10.1149/1.1914757,4,nested_budget_router,0.7005463925552385,0.7000136650415122,0.0005327275137263499,332.15,9.799999999999955,4,160.0
10.1149/1.1914757,4,nested_budget_router,0.8660186755894864,0.8634831994579062,0.0025354761315802277,332.15,9.799999999999955,4,160.0
10.1149/1.1914757,4,nested_budget_router,1.0752150587968206,1.072750542914557,0.002464515882263596,332.15,9.799999999999955,4,160.0
10.1149/1.1914757,4,nested_budget_router,1.1009967810231895,1.0955323173955311,0.0054644636276584,332.15,19.69999999999999,4,160.0
10.1149/1.1914757,4,nested_budget_router,1.1205739312058498,1.1195655419786026,0.0010083892272472195,332.15,9.799999999999955,4,160.0
10.1149/1.1914757,4,nested_budget_router,0.8595203825576202,0.8645497091781797,0.005029326620559549,292.65,9.799999999999955,4,160.0
10.1149/1.1914757,4,VFT,0.802570895924897,0.8013545622761429,0.0012163336487541754,332.15,9.799999999999955,4,160.0
10.1149/1.1914757,4,VFT,0.8918243790086487,0.8891264094046726,0.002697969603976169,332.15,9.799999999999955,4,160.0
10.1149/1.1914757,4,VFT,0.9891546673364646,0.985607453960673,0.003547213375791669,332.15,9.799999999999955,4,160.0
10.1149/1.1914757,4,VFT,1.0675149973386915,1.0661842134233828,0.0013307839153087198,332.15,9.799999999999955,4,160.0
10.1149/1.1914757,4,VFT,1.0843931818961314,1.0811257166295314,0.0032674652666000448,322.35,9.900000000000034,4,160.0
10.1149/1.1914757,4,VFT,1.187338250625771,1.1850164781523376,0.002321772473433459,332.15,19.69999999999999,4,160.0
10.1149/1.1914757,4,VFT,1.2109974160108417,1.210562993127462,0.0004344228833796926,332.15,9.799999999999955,4,160.0
10.1149/1.1914757,4,VFT,0.5634405942086038,0.5591777022312823,0.004262891977321548,332.15,9.799999999999955,4,160.0
10.1149/1.1914757,4,VFT,0.7234407614398666,0.7236740983629688,0.0002333369231022342,332.15,9.799999999999955,4,160.0
10.1149/1.1914757,4,VFT,0.8155638602412361,0.8164495142899988,0.0008856540487627296,332.15,39.5,4,160.0
10.1149/1.1914757,4,VFT,0.7542911024022969,0.753425473808085,0.0008656285942119091,322.35,9.900000000000034,4,160.0
10.1149/1.1914757,4,VFT,0.8830845986994318,0.882064251353472,0.0010203473459597934,332.15,9.799999999999955,4,160.0
10.1149/1.1914757,4,VFT,0.9248593691464264,0.9257840772894819,0.0009247081430554527,332.15,9.799999999999955,4,160.0
10.1149/1.1914757,4,VFT,0.9520646559780594,0.9520060903428635,5.8565635195906296e-05,332.15,9.799999999999955,4,160.0
10.1149/1.1914757,4,VFT,0.9671934265520913,0.9668062772342003,0.00038714931789096685,332.15,19.69999999999999,4,160.0
10.1149/1.1914757,4,VFT,0.9702654900955455,0.9795335194764936,0.009268029380948062,332.15,9.799999999999955,4,160.0
10.1149/1.1914757,4,VFT,0.7005463925552385,0.7000136650415122,0.0005327275137263499,332.15,9.799999999999955,4,160.0
10.1149/1.1914757,4,VFT,0.8660186755894864,0.8634831994579062,0.0025354761315802277,332.15,9.799999999999955,4,160.0
10.1149/1.1914757,4,VFT,1.0752150587968206,1.072750542914557,0.002464515882263596,332.15,9.799999999999955,4,160.0
10.1149/1.1914757,4,VFT,1.1009967810231895,1.0955323173955311,0.0054644636276584,332.15,19.69999999999999,4,160.0
10.1149/1.1914757,4,VFT,1.1205739312058498,1.1195655419786026,0.0010083892272472195,332.15,9.799999999999955,4,160.0
10.1149/1.1914757,4,VFT,0.8595203825576202,0.8645497091781797,0.005029326620559549,292.65,9.799999999999955,4,160.0
10.1149/1.1914757,4,independent_per_curve_GPR,0.802570895924897,0.7464895671101777,0.05608132881471939,332.15,9.799999999999955,4,160.0
10.1149/1.1914757,4,independent_per_curve_GPR,0.8918243790086487,0.8327393000334218,0.05908507897522697,332.15,9.799999999999955,4,160.0
10.1149/1.1914757,4,independent_per_curve_GPR,0.9891546673364646,0.9290042947614888,0.0601503725749758,332.15,9.799999999999955,4,160.0
10.1149/1.1914757,4,independent_per_curve_GPR,1.0675149973386915,1.0066008060752025,0.06091419126348896,332.15,9.799999999999955,4,160.0
10.1149/1.1914757,4,independent_per_curve_GPR,1.0843931818961314,1.031361215950903,0.05303196594522852,322.35,9.900000000000034,4,160.0
10.1149/1.1914757,4,independent_per_curve_GPR,1.187338250625771,1.037825878082226,0.149512372543545,332.15,19.69999999999999,4,160.0
10.1149/1.1914757,4,independent_per_curve_GPR,1.2109974160108417,1.142614314679983,0.06838310133085868,332.15,9.799999999999955,4,160.0
10.1149/1.1914757,4,independent_per_curve_GPR,0.5634405942086038,0.46032900972185353,0.10311158448675029,332.15,9.799999999999955,4,160.0
10.1149/1.1914757,4,independent_per_curve_GPR,0.7234407614398666,0.6355189197273023,0.08792184171256423,332.15,9.799999999999955,4,160.0
10.1149/1.1914757,4,independent_per_curve_GPR,0.8155638602412361,0.20962338165132047,0.6059404785899156,332.15,39.5,4,160.0
10.1149/1.1914757,4,independent_per_curve_GPR,0.7542911024022969,0.6681081924240315,0.08618290997826539,322.35,9.900000000000034,4,160.0
10.1149/1.1914757,4,independent_per_curve_GPR,0.8830845986994318,0.7754023370493613,0.10768226165007044,332.15,9.799999999999955,4,160.0
10.1149/1.1914757,4,independent_per_curve_GPR,0.9248593691464264,0.8135591513695754,0.11130021777685106,332.15,9.799999999999955,4,160.0
10.1149/1.1914757,4,independent_per_curve_GPR,0.9520646559780594,0.8356857876669888,0.1163788683110707,332.15,9.799999999999955,4,160.0
10.1149/1.1914757,4,independent_per_curve_GPR,0.9671934265520913,0.6908174447205353,0.276375981831556,332.15,19.69999999999999,4,160.0
10.1149/1.1914757,4,independent_per_curve_GPR,0.9702654900955455,0.88996518110449,0.08030030899105556,332.15,9.799999999999955,4,160.0
10.1149/1.1914757,4,independent_per_curve_GPR,0.7005463925552385,0.6233934442125917,0.07715294834264685,332.15,9.799999999999955,4,160.0
10.1149/1.1914757,4,independent_per_curve_GPR,0.8660186755894864,0.7897869079316358,0.07623176765785067,332.15,9.799999999999955,4,160.0
10.1149/1.1914757,4,independent_per_curve_GPR,1.0752150587968206,0.9987265677702297,0.07648849102659083,332.15,9.799999999999955,4,160.0
10.1149/1.1914757,4,independent_per_curve_GPR,1.1009967810231895,0.8687330696066009,0.23226371141658864,332.15,19.69999999999999,4,160.0
10.1149/1.1914757,4,independent_per_curve_GPR,1.1205739312058498,1.029501572556978,0.09107235864887175,332.15,9.799999999999955,4,160.0
10.1149/1.1914757,4,independent_per_curve_GPR,0.8595203825576202,0.6934897897666001,0.16603059279102006,292.65,9.799999999999955,4,160.0
10.1149/1.1914757,5,nested_budget_router,0.802570895924897,0.8014813045175064,0.001089591407390622,332.15,9.799999999999955,4,160.0
10.1149/1.1914757,5,nested_budget_router,0.8918243790086487,0.8884453222642024,0.003379056744446385,332.15,9.799999999999955,4,160.0
10.1149/1.1914757,5,nested_budget_router,0.9891546673364646,0.9862254941032462,0.002929173233218396,332.15,9.799999999999955,4,160.0
10.1149/1.1914757,5,nested_budget_router,1.0675149973386915,1.0666361841402676,0.0008788131984238667,332.15,9.799999999999955,4,160.0
10.1149/1.1914757,5,nested_budget_router,1.0843931818961314,1.0801845371303018,0.0042086447658296056,322.35,9.900000000000034,4,160.0
10.1149/1.1914757,5,nested_budget_router,1.187338250625771,1.1837336786361765,0.0036045719895945183,332.15,19.69999999999999,4,160.0
10.1149/1.1914757,5,nested_budget_router,1.2109974160108417,1.2097285386959165,0.0012688773149251986,332.15,9.799999999999955,4,160.0
10.1149/1.1914757,5,nested_budget_router,0.5634405942086038,0.5554806849631538,0.007959909245449981,332.15,9.799999999999955,4,160.0
10.1149/1.1914757,5,nested_budget_router,0.7234407614398666,0.7250759725345648,0.001635211094698219,332.15,9.799999999999955,4,160.0
10.1149/1.1914757,5,nested_budget_router,0.8155638602412361,0.8088172501237898,0.006746610117446261,332.15,39.5,4,160.0
10.1149/1.1914757,5,nested_budget_router,0.8830845986994318,0.8830280418688512,5.655683058058969e-05,332.15,9.799999999999955,4,160.0
10.1149/1.1914757,5,nested_budget_router,0.9248593691464264,0.9257497693938512,0.0008904002474248163,332.15,9.799999999999955,4,160.0
10.1149/1.1914757,5,nested_budget_router,0.9520646559780594,0.959945818099113,0.007881162121053498,332.15,9.799999999999955,4,160.0
10.1149/1.1914757,5,nested_budget_router,0.9671934265520913,0.969526579703504,0.0023331531514126924,332.15,19.69999999999999,4,160.0
10.1149/1.1914757,5,nested_budget_router,0.9702654900955455,0.9791603022417577,0.008894812146212128,332.15,9.799999999999955,4,160.0
10.1149/1.1914757,5,nested_budget_router,0.7005463925552385,0.6981227042846786,0.0024236882705599427,332.15,9.799999999999955,4,160.0
10.1149/1.1914757,5,nested_budget_router,0.8660186755894864,0.8627774329330818,0.003241242656404575,332.15,9.799999999999955,4,160.0
10.1149/1.1914757,5,nested_budget_router,1.0752150587968206,1.0720878659042017,0.0031271928926188686,332.15,9.799999999999955,4,160.0
10.1149/1.1914757,5,nested_budget_router,1.1009967810231895,1.0891509770477323,0.011845803975457203,332.15,19.69999999999999,4,160.0
10.1149/1.1914757,5,nested_budget_router,1.1205739312058498,1.1189696234345354,0.0016043077713143727,332.15,9.799999999999955,4,160.0
10.1149/1.1914757,5,nested_budget_router,0.8595203825576202,0.8615697252543528,0.0020493426967326256,292.65,9.799999999999955,4,160.0
10.1149/1.1914757,5,VFT,0.802570895924897,0.8014813045175064,0.001089591407390622,332.15,9.799999999999955,4,160.0
10.1149/1.1914757,5,VFT,0.8918243790086487,0.8884453222642024,0.003379056744446385,332.15,9.799999999999955,4,160.0
10.1149/1.1914757,5,VFT,0.9891546673364646,0.9862254941032462,0.002929173233218396,332.15,9.799999999999955,4,160.0
10.1149/1.1914757,5,VFT,1.0675149973386915,1.0666361841402676,0.0008788131984238667,332.15,9.799999999999955,4,160.0
10.1149/1.1914757,5,VFT,1.0843931818961314,1.0801845371303018,0.0042086447658296056,322.35,9.900000000000034,4,160.0
10.1149/1.1914757,5,VFT,1.187338250625771,1.1837336786361765,0.0036045719895945183,332.15,19.69999999999999,4,160.0
10.1149/1.1914757,5,VFT,1.2109974160108417,1.2097285386959165,0.0012688773149251986,332.15,9.799999999999955,4,160.0
10.1149/1.1914757,5,VFT,0.5634405942086038,0.5554806849631538,0.007959909245449981,332.15,9.799999999999955,4,160.0
10.1149/1.1914757,5,VFT,0.7234407614398666,0.7250759725345648,0.001635211094698219,332.15,9.799999999999955,4,160.0
10.1149/1.1914757,5,VFT,0.8155638602412361,0.8088172501237898,0.006746610117446261,332.15,39.5,4,160.0
10.1149/1.1914757,5,VFT,0.8830845986994318,0.8830280418688512,5.655683058058969e-05,332.15,9.799999999999955,4,160.0
10.1149/1.1914757,5,VFT,0.9248593691464264,0.9257497693938512,0.0008904002474248163,332.15,9.799999999999955,4,160.0
10.1149/1.1914757,5,VFT,0.9520646559780594,0.959945818099113,0.007881162121053498,332.15,9.799999999999955,4,160.0
10.1149/1.1914757,5,VFT,0.9671934265520913,0.969526579703504,0.0023331531514126924,332.15,19.69999999999999,4,160.0
10.1149/1.1914757,5,VFT,0.9702654900955455,0.9791603022417577,0.008894812146212128,332.15,9.799999999999955,4,160.0
10.1149/1.1914757,5,VFT,0.7005463925552385,0.6981227042846786,0.0024236882705599427,332.15,9.799999999999955,4,160.0
10.1149/1.1914757,5,VFT,0.8660186755894864,0.8627774329330818,0.003241242656404575,332.15,9.799999999999955,4,160.0
10.1149/1.1914757,5,VFT,1.0752150587968206,1.0720878659042017,0.0031271928926188686,332.15,9.799999999999955,4,160.0
10.1149/1.1914757,5,VFT,1.1009967810231895,1.0891509770477323,0.011845803975457203,332.15,19.69999999999999,4,160.0
10.1149/1.1914757,5,VFT,1.1205739312058498,1.1189696234345354,0.0016043077713143727,332.15,9.799999999999955,4,160.0
10.1149/1.1914757,5,VFT,0.8595203825576202,0.8615697252543528,0.0020493426967326256,292.65,9.799999999999955,4,160.0
10.1149/1.1914757,5,independent_per_curve_GPR,0.802570895924897,0.7476951873419738,0.05487570858292323,332.15,9.799999999999955,4,160.0
10.1149/1.1914757,5,independent_per_curve_GPR,0.8918243790086487,0.8333615552917064,0.058462823716942336,332.15,9.799999999999955,4,160.0
10.1149/1.1914757,5,independent_per_curve_GPR,0.9891546673364646,0.9356523353197423,0.053502332016722276,332.15,9.799999999999955,4,160.0
10.1149/1.1914757,5,independent_per_curve_GPR,1.0675149973386915,1.006829833624048,0.0606851637146435,332.15,9.799999999999955,4,160.0
10.1149/1.1914757,5,independent_per_curve_GPR,1.0843931818961314,1.0312184210184179,0.053174760877713556,322.35,9.900000000000034,4,160.0
10.1149/1.1914757,5,independent_per_curve_GPR,1.187338250625771,1.0274246046860709,0.15991364593970014,332.15,19.69999999999999,4,160.0
10.1149/1.1914757,5,independent_per_curve_GPR,1.2109974160108417,1.1434896266591428,0.06750778935169888,332.15,9.799999999999955,4,160.0
10.1149/1.1914757,5,independent_per_curve_GPR,0.5634405942086038,0.4627320339816118,0.10070856022699204,332.15,9.799999999999955,4,160.0
10.1149/1.1914757,5,independent_per_curve_GPR,0.7234407614398666,0.6326399261056754,0.09080083533419114,332.15,9.799999999999955,4,160.0
10.1149/1.1914757,5,independent_per_curve_GPR,0.8155638602412361,0.11706139051230083,0.6985024697289353,332.15,39.5,4,160.0
10.1149/1.1914757,5,independent_per_curve_GPR,0.8830845986994318,0.7762681155348384,0.10681648316459336,332.15,9.799999999999955,4,160.0
10.1149/1.1914757,5,independent_per_curve_GPR,0.9248593691464264,0.8143953521568283,0.11046401698959807,332.15,9.799999999999955,4,160.0
10.1149/1.1914757,5,independent_per_curve_GPR,0.9520646559780594,0.8381587133636506,0.1139059426144089,332.15,9.799999999999955,4,160.0
10.1149/1.1914757,5,independent_per_curve_GPR,0.9671934265520913,0.6689713305803052,0.29822209597178606,332.15,19.69999999999999,4,160.0
10.1149/1.1914757,5,independent_per_curve_GPR,0.9702654900955455,0.8823211220183977,0.08794436807714778,332.15,9.799999999999955,4,160.0
10.1149/1.1914757,5,independent_per_curve_GPR,0.7005463925552385,0.6242702559464224,0.07627613660881616,332.15,9.799999999999955,4,160.0
10.1149/1.1914757,5,independent_per_curve_GPR,0.8660186755894864,0.7911948951873572,0.07482378040212923,332.15,9.799999999999955,4,160.0
10.1149/1.1914757,5,independent_per_curve_GPR,1.0752150587968206,0.9964909538807225,0.07872410491609805,332.15,9.799999999999955,4,160.0
10.1149/1.1914757,5,independent_per_curve_GPR,1.1009967810231895,0.8392849598924661,0.26171182113072344,332.15,19.69999999999999,4,160.0
10.1149/1.1914757,5,independent_per_curve_GPR,1.1205739312058498,1.030455084966954,0.09011884623889577,332.15,9.799999999999955,4,160.0
10.1149/1.1914757,5,independent_per_curve_GPR,0.8595203825576202,0.6921433338864413,0.16737704867117886,292.65,9.799999999999955,4,160.0
10.1149/2.0571912jes,3,nested_budget_router,0.9794117826344354,1.0112295052409157,0.0318177226064803,323.15,10.0,4,180.0
10.1149/2.0571912jes,3,nested_budget_router,-0.9318141382538383,-1.0491343501907229,0.11732021193688458,323.15,10.0,4,180.0
10.1149/2.0571912jes,3,nested_budget_router,0.5309676815719151,0.498584384372202,0.03238329719971311,323.15,20.0,4,180.0
10.1149/2.0571912jes,3,nested_budget_router,0.8634418286137086,0.8726948099687162,0.009252981355007628,323.15,10.0,4,180.0
10.1149/2.0571912jes,3,VFT,0.9794117826344354,1.007464564281928,0.028052781647492586,323.15,10.0,4,180.0
10.1149/2.0571912jes,3,VFT,-0.9318141382538383,-1.141233934175233,0.2094197959213946,323.15,10.0,4,180.0
10.1149/2.0571912jes,3,VFT,0.5309676815719151,0.5086959730262657,0.022271708545649416,323.15,20.0,4,180.0
10.1149/2.0571912jes,3,VFT,0.8634418286137086,0.8659448544099623,0.0025030257962537217,323.15,10.0,4,180.0
10.1149/2.0571912jes,3,independent_per_curve_GPR,0.9794117826344354,0.9175106471131833,0.06190113552125209,323.15,10.0,4,180.0
10.1149/2.0571912jes,3,independent_per_curve_GPR,-0.9318141382538383,-1.048347432829642,0.11653329457580375,323.15,10.0,4,180.0
10.1149/2.0571912jes,3,independent_per_curve_GPR,0.5309676815719151,0.4002698824016431,0.13069779917027202,323.15,20.0,4,180.0
10.1149/2.0571912jes,3,independent_per_curve_GPR,0.8634418286137086,0.8030965886321557,0.060345239981552834,323.15,10.0,4,180.0
10.1149/2.0571912jes,4,nested_budget_router,-0.9318141382538383,-0.9388833988114533,0.007069260557615031,323.15,10.0,4,160.0
10.1149/2.0571912jes,4,nested_budget_router,0.5309676815719151,0.5065824777429591,0.024385203828956037,323.15,20.0,4,160.0
10.1149/2.0571912jes,4,nested_budget_router,0.8634418286137086,0.8586214087324125,0.004820419881296001,323.15,10.0,4,160.0
10.1149/2.0571912jes,4,VFT,-0.9318141382538383,-0.9388833988114533,0.007069260557615031,323.15,10.0,4,160.0
10.1149/2.0571912jes,4,VFT,0.5309676815719151,0.5065824777429591,0.024385203828956037,323.15,20.0,4,160.0
10.1149/2.0571912jes,4,VFT,0.8634418286137086,0.8586214087324125,0.004820419881296001,323.15,10.0,4,160.0
10.1149/2.0571912jes,4,independent_per_curve_GPR,-0.9318141382538383,-1.146867088033047,0.21505294977920864,323.15,10.0,4,160.0
10.1149/2.0571912jes,4,independent_per_curve_GPR,0.5309676815719151,0.38864134372286335,0.14232633784905174,323.15,20.0,4,160.0
10.1149/2.0571912jes,4,independent_per_curve_GPR,0.8634418286137086,0.8060111700841439,0.05743065852956464,323.15,10.0,4,160.0
10.1149/2.0571912jes,5,nested_budget_router,-0.9318141382538383,-0.9729096873514296,0.04109554909759128,323.15,10.0,4,160.0
10.1149/2.0571912jes,5,VFT,-0.9318141382538383,-0.9729096873514296,0.04109554909759128,323.15,10.0,4,160.0
10.1149/2.0571912jes,5,independent_per_curve_GPR,-0.9318141382538383,-1.1745347000911297,0.2427205618372914,323.15,10.0,4,160.0
