outer_fold,held_out_doi,repetition,inner_split,random_state,p,inner_macro_mae,n_fit_dois,n_valid_dois
0,10.1007/s10008-002-0300-9,0,0,20260901,4,0.011017488996843272,13,5
0,10.1007/s10008-002-0300-9,0,0,20260901,5,0.013353314026437035,13,5
0,10.1007/s10008-002-0300-9,0,0,20260901,6,0.017470487160015407,13,5
0,10.1007/s10008-002-0300-9,0,1,20260902,4,0.013157084621876213,13,5
0,10.1007/s10008-002-0300-9,0,1,20260902,5,0.016985684635810194,13,5
0,10.1007/s10008-002-0300-9,0,1,20260902,6,0.02147705952437532,13,5
0,10.1007/s10008-002-0300-9,0,2,20260903,4,0.009239901521922483,13,5
0,10.1007/s10008-002-0300-9,0,2,20260903,5,0.00954865879681169,13,5
0,10.1007/s10008-002-0300-9,0,2,20260903,6,0.009406902271119698,13,5
0,10.1007/s10008-002-0300-9,1,0,20261001,4,0.005845384979732882,13,5
0,10.1007/s10008-002-0300-9,1,0,20261001,5,0.007333582674301735,13,5
0,10.1007/s10008-002-0300-9,1,0,20261001,6,0.008974294263965416,13,5
0,10.1007/s10008-002-0300-9,1,1,20261002,4,0.013670136601615163,13,5
0,10.1007/s10008-002-0300-9,1,1,20261002,5,0.015279646079384169,13,5
0,10.1007/s10008-002-0300-9,1,1,20261002,6,0.01858224501811239,13,5
0,10.1007/s10008-002-0300-9,1,2,20261003,4,0.011723970507019314,13,5
0,10.1007/s10008-002-0300-9,1,2,20261003,5,0.011939786159512324,13,5
0,10.1007/s10008-002-0300-9,1,2,20261003,6,0.011034444342492167,13,5
0,10.1007/s10008-002-0300-9,2,0,20261101,4,0.006147393024803492,13,5
0,10.1007/s10008-002-0300-9,2,0,20261101,5,0.007107361966693632,13,5
0,10.1007/s10008-002-0300-9,2,0,20261101,6,0.007599398446765169,13,5
0,10.1007/s10008-002-0300-9,2,1,20261102,4,0.0058922600730624535,13,5
0,10.1007/s10008-002-0300-9,2,1,20261102,5,0.005116713832838718,13,5
0,10.1007/s10008-002-0300-9,2,1,20261102,6,0.0035492278608710557,13,5
0,10.1007/s10008-002-0300-9,2,2,20261103,4,0.011277983114188369,13,5
0,10.1007/s10008-002-0300-9,2,2,20261103,5,0.011924238173220613,13,5
0,10.1007/s10008-002-0300-9,2,2,20261103,6,0.012009841287374881,13,5
0,10.1007/s10008-002-0300-9,3,0,20261201,4,0.008665757672209859,13,5
0,10.1007/s10008-002-0300-9,3,0,20261201,5,0.008500675174621808,13,5
0,10.1007/s10008-002-0300-9,3,0,20261201,6,0.008443727553326816,13,5
0,10.1007/s10008-002-0300-9,3,1,20261202,4,0.0101398295866348,13,5
0,10.1007/s10008-002-0300-9,3,1,20261202,5,0.01255640748222292,13,5
0,10.1007/s10008-002-0300-9,3,1,20261202,6,0.016767202150292974,13,5
0,10.1007/s10008-002-0300-9,3,2,20261203,4,0.006421591803700724,13,5
0,10.1007/s10008-002-0300-9,3,2,20261203,5,0.006181659137936322,13,5
0,10.1007/s10008-002-0300-9,3,2,20261203,6,0.005531858807717985,13,5
0,10.1007/s10008-002-0300-9,4,0,20261301,4,0.005060513768745325,13,5
0,10.1007/s10008-002-0300-9,4,0,20261301,5,0.005722485485958561,13,5
0,10.1007/s10008-002-0300-9,4,0,20261301,6,0.0065808282587312295,13,5
0,10.1007/s10008-002-0300-9,4,1,20261302,4,0.010391940333597973,13,5
0,10.1007/s10008-002-0300-9,4,1,20261302,5,0.011309360577874718,13,5
0,10.1007/s10008-002-0300-9,4,1,20261302,6,0.012346002448176362,13,5
0,10.1007/s10008-002-0300-9,4,2,20261303,4,0.0076577453913323126,13,5
0,10.1007/s10008-002-0300-9,4,2,20261303,5,0.008392139637802566,13,5
0,10.1007/s10008-002-0300-9,4,2,20261303,6,0.009005889045705208,13,5
0,10.1007/s10008-002-0300-9,5,0,20261401,4,0.008941056584545994,13,5
0,10.1007/s10008-002-0300-9,5,0,20261401,5,0.01137582401890053,13,5
0,10.1007/s10008-002-0300-9,5,0,20261401,6,0.015305275459127604,13,5
0,10.1007/s10008-002-0300-9,5,1,20261402,4,0.003026729912509339,13,5
0,10.1007/s10008-002-0300-9,5,1,20261402,5,0.0033975328996444674,13,5
0,10.1007/s10008-002-0300-9,5,1,20261402,6,0.0034029512137955112,13,5
0,10.1007/s10008-002-0300-9,5,2,20261403,4,0.00950817669002815,13,5
0,10.1007/s10008-002-0300-9,5,2,20261403,5,0.011400812578405466,13,5
0,10.1007/s10008-002-0300-9,5,2,20261403,6,0.01243896074645363,13,5
0,10.1007/s10008-002-0300-9,6,0,20261501,4,0.011409143995492798,13,5
0,10.1007/s10008-002-0300-9,6,0,20261501,5,0.012423261992735607,13,5
0,10.1007/s10008-002-0300-9,6,0,20261501,6,0.012832447374109435,13,5
0,10.1007/s10008-002-0300-9,6,1,20261502,4,0.011343382917567146,13,5
0,10.1007/s10008-002-0300-9,6,1,20261502,5,0.011978332537382291,13,5
0,10.1007/s10008-002-0300-9,6,1,20261502,6,0.012106683851770344,13,5
0,10.1007/s10008-002-0300-9,6,2,20261503,4,0.007829250327717974,13,5
0,10.1007/s10008-002-0300-9,6,2,20261503,5,0.007984419764773834,13,5
0,10.1007/s10008-002-0300-9,6,2,20261503,6,0.007811120266819027,13,5
0,10.1007/s10008-002-0300-9,7,0,20261601,4,0.011339672127682828,13,5
0,10.1007/s10008-002-0300-9,7,0,20261601,5,0.011991459769071849,13,5
0,10.1007/s10008-002-0300-9,7,0,20261601,6,0.011999104022751662,13,5
0,10.1007/s10008-002-0300-9,7,1,20261602,4,0.005300097366806465,13,5
0,10.1007/s10008-002-0300-9,7,1,20261602,5,0.006183213696126543,13,5
0,10.1007/s10008-002-0300-9,7,1,20261602,6,0.006986005698680335,13,5
0,10.1007/s10008-002-0300-9,7,2,20261603,4,0.01139497273031365,13,5
0,10.1007/s10008-002-0300-9,7,2,20261603,5,0.014047612720595806,13,5
0,10.1007/s10008-002-0300-9,7,2,20261603,6,0.01812133529653391,13,5
0,10.1007/s10008-002-0300-9,8,0,20261701,4,0.012159041152655172,13,5
0,10.1007/s10008-002-0300-9,8,0,20261701,5,0.012504462928274918,13,5
0,10.1007/s10008-002-0300-9,8,0,20261701,6,0.011884451918986683,13,5
0,10.1007/s10008-002-0300-9,8,1,20261702,4,0.01227803549061347,13,5
0,10.1007/s10008-002-0300-9,8,1,20261702,5,0.015010729311863702,13,5
0,10.1007/s10008-002-0300-9,8,1,20261702,6,0.018849228842882315,13,5
0,10.1007/s10008-002-0300-9,8,2,20261703,4,0.01000579951865541,13,5
0,10.1007/s10008-002-0300-9,8,2,20261703,5,0.010066531745882498,13,5
0,10.1007/s10008-002-0300-9,8,2,20261703,6,0.009647353784701477,13,5
0,10.1007/s10008-002-0300-9,9,0,20261801,4,0.008760178674368036,13,5
0,10.1007/s10008-002-0300-9,9,0,20261801,5,0.008792892610765218,13,5
0,10.1007/s10008-002-0300-9,9,0,20261801,6,0.007717486404139369,13,5
0,10.1007/s10008-002-0300-9,9,1,20261802,4,0.007657211517282067,13,5
0,10.1007/s10008-002-0300-9,9,1,20261802,5,0.007641832222723463,13,5
0,10.1007/s10008-002-0300-9,9,1,20261802,6,0.00793859382936891,13,5
0,10.1007/s10008-002-0300-9,9,2,20261803,4,0.013004481307371887,13,5
0,10.1007/s10008-002-0300-9,9,2,20261803,5,0.014160855919331129,13,5
0,10.1007/s10008-002-0300-9,9,2,20261803,6,0.01466196513114032,13,5
0,10.1007/s10008-002-0300-9,10,0,20261901,4,0.009405969269864829,13,5
0,10.1007/s10008-002-0300-9,10,0,20261901,5,0.008687802350985974,13,5
0,10.1007/s10008-002-0300-9,10,0,20261901,6,0.008390902168149186,13,5
0,10.1007/s10008-002-0300-9,10,1,20261902,4,0.013766637310995321,13,5
0,10.1007/s10008-002-0300-9,10,1,20261902,5,0.015477477405132074,13,5
0,10.1007/s10008-002-0300-9,10,1,20261902,6,0.022736746916990992,13,5
0,10.1007/s10008-002-0300-9,10,2,20261903,4,0.011109183068991503,13,5
0,10.1007/s10008-002-0300-9,10,2,20261903,5,0.011552607715746888,13,5
0,10.1007/s10008-002-0300-9,10,2,20261903,6,0.012056716782444956,13,5
0,10.1007/s10008-002-0300-9,11,0,20262001,4,0.009539474597386837,13,5
0,10.1007/s10008-002-0300-9,11,0,20262001,5,0.012864330965822643,13,5
0,10.1007/s10008-002-0300-9,11,0,20262001,6,0.017898788574053102,13,5
0,10.1007/s10008-002-0300-9,11,1,20262002,4,0.013275723112380594,13,5
0,10.1007/s10008-002-0300-9,11,1,20262002,5,0.01574282315063477,13,5
0,10.1007/s10008-002-0300-9,11,1,20262002,6,0.019592182671268627,13,5
0,10.1007/s10008-002-0300-9,11,2,20262003,4,0.014685206827564102,13,5
0,10.1007/s10008-002-0300-9,11,2,20262003,5,0.01845513638706276,13,5
0,10.1007/s10008-002-0300-9,11,2,20262003,6,0.023637107740587398,13,5
0,10.1007/s10008-002-0300-9,12,0,20262101,4,0.0112686336866264,13,5
0,10.1007/s10008-002-0300-9,12,0,20262101,5,0.011729999363578414,13,5
0,10.1007/s10008-002-0300-9,12,0,20262101,6,0.011751805514247687,13,5
0,10.1007/s10008-002-0300-9,12,1,20262102,4,0.014832806845459632,13,5
0,10.1007/s10008-002-0300-9,12,1,20262102,5,0.014775542122890012,13,5
0,10.1007/s10008-002-0300-9,12,1,20262102,6,0.014173114314602156,13,5
0,10.1007/s10008-002-0300-9,12,2,20262103,4,0.011078026204141844,13,5
0,10.1007/s10008-002-0300-9,12,2,20262103,5,0.014539939514497746,13,5
0,10.1007/s10008-002-0300-9,12,2,20262103,6,0.019229190723109395,13,5
0,10.1007/s10008-002-0300-9,13,0,20262201,4,0.011237895181912776,13,5
0,10.1007/s10008-002-0300-9,13,0,20262201,5,0.010396082332279828,13,5
0,10.1007/s10008-002-0300-9,13,0,20262201,6,0.00886653961838338,13,5
0,10.1007/s10008-002-0300-9,13,1,20262202,4,0.007905825691035307,13,5
0,10.1007/s10008-002-0300-9,13,1,20262202,5,0.008960781179052147,13,5
0,10.1007/s10008-002-0300-9,13,1,20262202,6,0.009749263594740125,13,5
0,10.1007/s10008-002-0300-9,13,2,20262203,4,0.012289539024196718,13,5
0,10.1007/s10008-002-0300-9,13,2,20262203,5,0.014074705898613555,13,5
0,10.1007/s10008-002-0300-9,13,2,20262203,6,0.016772909772398554,13,5
0,10.1007/s10008-002-0300-9,14,0,20262301,4,0.00943376487762294,13,5
0,10.1007/s10008-002-0300-9,14,0,20262301,5,0.011817206481870159,13,5
0,10.1007/s10008-002-0300-9,14,0,20262301,6,0.014845521829110975,13,5
0,10.1007/s10008-002-0300-9,14,1,20262302,4,0.010045814098963084,13,5
0,10.1007/s10008-002-0300-9,14,1,20262302,5,0.01044916438996586,13,5
0,10.1007/s10008-002-0300-9,14,1,20262302,6,0.01068812036467453,13,5
0,10.1007/s10008-002-0300-9,14,2,20262303,4,0.006578009995130254,13,5
0,10.1007/s10008-002-0300-9,14,2,20262303,5,0.008231240937947975,13,5
0,10.1007/s10008-002-0300-9,14,2,20262303,6,0.009301829618885126,13,5
0,10.1007/s10008-002-0300-9,15,0,20262401,4,0.009299775433433799,13,5
0,10.1007/s10008-002-0300-9,15,0,20262401,5,0.008836703525491952,13,5
0,10.1007/s10008-002-0300-9,15,0,20262401,6,0.009486182619879649,13,5
0,10.1007/s10008-002-0300-9,15,1,20262402,4,0.009065153977824505,13,5
0,10.1007/s10008-002-0300-9,15,1,20262402,5,0.008608444965432518,13,5
0,10.1007/s10008-002-0300-9,15,1,20262402,6,0.008548262158426561,13,5
0,10.1007/s10008-002-0300-9,15,2,20262403,4,0.012400095177990164,13,5
0,10.1007/s10008-002-0300-9,15,2,20262403,5,0.015669710953888034,13,5
0,10.1007/s10008-002-0300-9,15,2,20262403,6,0.020736563339781248,13,5
0,10.1007/s10008-002-0300-9,16,0,20262501,4,0.0040455825132734834,13,5
0,10.1007/s10008-002-0300-9,16,0,20262501,5,0.004324030855714571,13,5
0,10.1007/s10008-002-0300-9,16,0,20262501,6,0.004671869252394078,13,5
0,10.1007/s10008-002-0300-9,16,1,20262502,4,0.008620722071608888,13,5
0,10.1007/s10008-002-0300-9,16,1,20262502,5,0.010663199924667601,13,5
0,10.1007/s10008-002-0300-9,16,1,20262502,6,0.0139517389494732,13,5
0,10.1007/s10008-002-0300-9,16,2,20262503,4,0.007944492479968156,13,5
0,10.1007/s10008-002-0300-9,16,2,20262503,5,0.00822404529690766,13,5
0,10.1007/s10008-002-0300-9,16,2,20262503,6,0.008072991750056279,13,5
0,10.1007/s10008-002-0300-9,17,0,20262601,4,0.01119440553084949,13,5
0,10.1007/s10008-002-0300-9,17,0,20262601,5,0.010250675782126174,13,5
0,10.1007/s10008-002-0300-9,17,0,20262601,6,0.008651586412915023,13,5
0,10.1007/s10008-002-0300-9,17,1,20262602,4,0.013960245022249615,13,5
0,10.1007/s10008-002-0300-9,17,1,20262602,5,0.015969174840730467,13,5
0,10.1007/s10008-002-0300-9,17,1,20262602,6,0.01911682577155787,13,5
0,10.1007/s10008-002-0300-9,17,2,20262603,4,0.004974724712221185,13,5
0,10.1007/s10008-002-0300-9,17,2,20262603,5,0.005980926503562513,13,5
0,10.1007/s10008-002-0300-9,17,2,20262603,6,0.007506820786745886,13,5
0,10.1007/s10008-002-0300-9,18,0,20262701,4,0.010268626629755122,13,5
0,10.1007/s10008-002-0300-9,18,0,20262701,5,0.010893640628355915,13,5
0,10.1007/s10008-002-0300-9,18,0,20262701,6,0.01141655613663033,13,5
0,10.1007/s10008-002-0300-9,18,1,20262702,4,0.010518272183253484,13,5
0,10.1007/s10008-002-0300-9,18,1,20262702,5,0.013016821918784827,13,5
0,10.1007/s10008-002-0300-9,18,1,20262702,6,0.014760638008000995,13,5
0,10.1007/s10008-002-0300-9,18,2,20262703,4,0.008027499937082192,13,5
0,10.1007/s10008-002-0300-9,18,2,20262703,5,0.007413883592958244,13,5
0,10.1007/s10008-002-0300-9,18,2,20262703,6,0.006694098886524226,13,5
0,10.1007/s10008-002-0300-9,19,0,20262801,4,0.009138328991681027,13,5
0,10.1007/s10008-002-0300-9,19,0,20262801,5,0.009952762314802528,13,5
0,10.1007/s10008-002-0300-9,19,0,20262801,6,0.010346238202509943,13,5
0,10.1007/s10008-002-0300-9,19,1,20262802,4,0.011383314942098228,13,5
0,10.1007/s10008-002-0300-9,19,1,20262802,5,0.012432761893022452,13,5
0,10.1007/s10008-002-0300-9,19,1,20262802,6,0.012651349418305055,13,5
0,10.1007/s10008-002-0300-9,19,2,20262803,4,0.010256950962113808,13,5
0,10.1007/s10008-002-0300-9,19,2,20262803,5,0.010646928555444229,13,5
0,10.1007/s10008-002-0300-9,19,2,20262803,6,0.01041632215686584,13,5
1,10.1016/0378-7753(91)80004-H,0,0,20360901,4,0.0046280963518822065,13,5
1,10.1016/0378-7753(91)80004-H,0,0,20360901,5,0.0063376514844786765,13,5
1,10.1016/0378-7753(91)80004-H,0,0,20360901,6,0.007174000489605213,13,5
1,10.1016/0378-7753(91)80004-H,0,1,20360902,4,0.0054303939240022995,13,5
1,10.1016/0378-7753(91)80004-H,0,1,20360902,5,0.006294312348874972,13,5
1,10.1016/0378-7753(91)80004-H,0,1,20360902,6,0.007591492927321962,13,5
1,10.1016/0378-7753(91)80004-H,0,2,20360903,4,0.010569388584991266,13,5
1,10.1016/0378-7753(91)80004-H,0,2,20360903,5,0.021025504744668775,13,5
1,10.1016/0378-7753(91)80004-H,0,2,20360903,6,0.031168823587859044,13,5
1,10.1016/0378-7753(91)80004-H,1,0,20361001,4,0.007544895777778832,13,5
1,10.1016/0378-7753(91)80004-H,1,0,20361001,5,0.009883445677799488,13,5
1,10.1016/0378-7753(91)80004-H,1,0,20361001,6,0.011544418065575273,13,5
1,10.1016/0378-7753(91)80004-H,1,1,20361002,4,0.00923345337320467,13,5
1,10.1016/0378-7753(91)80004-H,1,1,20361002,5,0.011705333737257496,13,5
1,10.1016/0378-7753(91)80004-H,1,1,20361002,6,0.01355147711787589,13,5
1,10.1016/0378-7753(91)80004-H,1,2,20361003,4,0.007353124949052677,13,5
1,10.1016/0378-7753(91)80004-H,1,2,20361003,5,0.008934163602090397,13,5
1,10.1016/0378-7753(91)80004-H,1,2,20361003,6,0.010183630157992543,13,5
1,10.1016/0378-7753(91)80004-H,2,0,20361101,4,0.014979955090996911,13,5
1,10.1016/0378-7753(91)80004-H,2,0,20361101,5,0.019005013608265404,13,5
1,10.1016/0378-7753(91)80004-H,2,0,20361101,6,0.026915981703307577,13,5
1,10.1016/0378-7753(91)80004-H,2,1,20361102,4,0.012722019206013669,13,5
1,10.1016/0378-7753(91)80004-H,2,1,20361102,5,0.01795883694330555,13,5
1,10.1016/0378-7753(91)80004-H,2,1,20361102,6,0.026171492824153746,13,5
1,10.1016/0378-7753(91)80004-H,2,2,20361103,4,0.014955454371158874,13,5
1,10.1016/0378-7753(91)80004-H,2,2,20361103,5,0.025139427431566063,13,5
1,10.1016/0378-7753(91)80004-H,2,2,20361103,6,0.03393317853277826,13,5
1,10.1016/0378-7753(91)80004-H,3,0,20361201,4,0.01290885211006813,13,5
1,10.1016/0378-7753(91)80004-H,3,0,20361201,5,0.014734196927667444,13,5
1,10.1016/0378-7753(91)80004-H,3,0,20361201,6,0.021273987667442415,13,5
1,10.1016/0378-7753(91)80004-H,3,1,20361202,4,0.007085090533517651,13,5
1,10.1016/0378-7753(91)80004-H,3,1,20361202,5,0.008813335733432673,13,5
1,10.1016/0378-7753(91)80004-H,3,1,20361202,6,0.01101571685427117,13,5
1,10.1016/0378-7753(91)80004-H,3,2,20361203,4,0.009209418459284777,13,5
1,10.1016/0378-7753(91)80004-H,3,2,20361203,5,0.010950612771418575,13,5
1,10.1016/0378-7753(91)80004-H,3,2,20361203,6,0.012013813053323578,13,5
1,10.1016/0378-7753(91)80004-H,4,0,20361301,4,0.007349035467775547,13,5
1,10.1016/0378-7753(91)80004-H,4,0,20361301,5,0.00806520885176854,13,5
1,10.1016/0378-7753(91)80004-H,4,0,20361301,6,0.007770809088214639,13,5
1,10.1016/0378-7753(91)80004-H,4,1,20361302,4,0.016627847631983838,13,5
1,10.1016/0378-7753(91)80004-H,4,1,20361302,5,0.019803780718936008,13,5
1,10.1016/0378-7753(91)80004-H,4,1,20361302,6,0.026497406435516353,13,5
1,10.1016/0378-7753(91)80004-H,4,2,20361303,4,0.01234383162713345,13,5
1,10.1016/0378-7753(91)80004-H,4,2,20361303,5,0.018551608788821554,13,5
1,10.1016/0378-7753(91)80004-H,4,2,20361303,6,0.026365747359078383,13,5
1,10.1016/0378-7753(91)80004-H,5,0,20361401,4,0.009185163496845911,13,5
1,10.1016/0378-7753(91)80004-H,5,0,20361401,5,0.014654752750183145,13,5
1,10.1016/0378-7753(91)80004-H,5,0,20361401,6,0.021982492072148817,13,5
1,10.1016/0378-7753(91)80004-H,5,1,20361402,4,0.017165424295534124,13,5
1,10.1016/0378-7753(91)80004-H,5,1,20361402,5,0.026854839234858957,13,5
1,10.1016/0378-7753(91)80004-H,5,1,20361402,6,0.036957602939808876,13,5
1,10.1016/0378-7753(91)80004-H,5,2,20361403,4,0.00466815327592237,13,5
1,10.1016/0378-7753(91)80004-H,5,2,20361403,5,0.005812444816741503,13,5
1,10.1016/0378-7753(91)80004-H,5,2,20361403,6,0.006197636679096724,13,5
1,10.1016/0378-7753(91)80004-H,6,0,20361501,4,0.013833347138141295,13,5
1,10.1016/0378-7753(91)80004-H,6,0,20361501,5,0.02436966466291185,13,5
1,10.1016/0378-7753(91)80004-H,6,0,20361501,6,0.03431037113199431,13,5
1,10.1016/0378-7753(91)80004-H,6,1,20361502,4,0.01062033237430143,13,5
1,10.1016/0378-7753(91)80004-H,6,1,20361502,5,0.020065020658487708,13,5
1,10.1016/0378-7753(91)80004-H,6,1,20361502,6,0.029914579361852163,13,5
1,10.1016/0378-7753(91)80004-H,6,2,20361503,4,0.011881766570393118,13,5
1,10.1016/0378-7753(91)80004-H,6,2,20361503,5,0.011814487063595273,13,5
1,10.1016/0378-7753(91)80004-H,6,2,20361503,6,0.011283948497214098,13,5
1,10.1016/0378-7753(91)80004-H,7,0,20361601,4,0.014462363223709293,13,5
1,10.1016/0378-7753(91)80004-H,7,0,20361601,5,0.024104326024911242,13,5
1,10.1016/0378-7753(91)80004-H,7,0,20361601,6,0.03385595368819845,13,5
1,10.1016/0378-7753(91)80004-H,7,1,20361602,4,0.011769012071076872,13,5
1,10.1016/0378-7753(91)80004-H,7,1,20361602,5,0.02017994034979576,13,5
1,10.1016/0378-7753(91)80004-H,7,1,20361602,6,0.029982838702282816,13,5
1,10.1016/0378-7753(91)80004-H,7,2,20361603,4,0.010483502560992262,13,5
1,10.1016/0378-7753(91)80004-H,7,2,20361603,5,0.010906351920533462,13,5
1,10.1016/0378-7753(91)80004-H,7,2,20361603,6,0.01127223287869501,13,5
1,10.1016/0378-7753(91)80004-H,8,0,20361701,4,0.006597476222025796,13,5
1,10.1016/0378-7753(91)80004-H,8,0,20361701,5,0.007546793637481157,13,5
1,10.1016/0378-7753(91)80004-H,8,0,20361701,6,0.008720457678441495,13,5
1,10.1016/0378-7753(91)80004-H,8,1,20361702,4,0.012290334137055672,13,5
1,10.1016/0378-7753(91)80004-H,8,1,20361702,5,0.014466222145469373,13,5
1,10.1016/0378-7753(91)80004-H,8,1,20361702,6,0.014892890841485238,13,5
1,10.1016/0378-7753(91)80004-H,8,2,20361703,4,0.01373692545654969,13,5
1,10.1016/0378-7753(91)80004-H,8,2,20361703,5,0.022359152146076873,13,5
1,10.1016/0378-7753(91)80004-H,8,2,20361703,6,0.03157778798262758,13,5
1,10.1016/0378-7753(91)80004-H,9,0,20361801,4,0.010061399927615237,13,5
1,10.1016/0378-7753(91)80004-H,9,0,20361801,5,0.015055832768633644,13,5
1,10.1016/0378-7753(91)80004-H,9,0,20361801,6,0.022685883699904503,13,5
1,10.1016/0378-7753(91)80004-H,9,1,20361802,4,0.013591022885116887,13,5
1,10.1016/0378-7753(91)80004-H,9,1,20361802,5,0.016104403745491526,13,5
1,10.1016/0378-7753(91)80004-H,9,1,20361802,6,0.022522177603767235,13,5
1,10.1016/0378-7753(91)80004-H,9,2,20361803,4,0.007565450728184811,13,5
1,10.1016/0378-7753(91)80004-H,9,2,20361803,5,0.008343164829871698,13,5
1,10.1016/0378-7753(91)80004-H,9,2,20361803,6,0.008234228199255865,13,5
1,10.1016/0378-7753(91)80004-H,10,0,20361901,4,0.00432874300262338,13,5
1,10.1016/0378-7753(91)80004-H,10,0,20361901,5,0.0045810117046217345,13,5
1,10.1016/0378-7753(91)80004-H,10,0,20361901,6,0.004647354549745427,13,5
1,10.1016/0378-7753(91)80004-H,10,1,20361902,4,0.012808340723321496,13,5
1,10.1016/0378-7753(91)80004-H,10,1,20361902,5,0.015820520184492905,13,5
1,10.1016/0378-7753(91)80004-H,10,1,20361902,6,0.024296926737347735,13,5
1,10.1016/0378-7753(91)80004-H,10,2,20361903,4,0.006763478607730906,13,5
1,10.1016/0378-7753(91)80004-H,10,2,20361903,5,0.007620135917022236,13,5
1,10.1016/0378-7753(91)80004-H,10,2,20361903,6,0.008559267915335629,13,5
1,10.1016/0378-7753(91)80004-H,11,0,20362001,4,0.012037172859621737,13,5
1,10.1016/0378-7753(91)80004-H,11,0,20362001,5,0.018161444558619837,13,5
1,10.1016/0378-7753(91)80004-H,11,0,20362001,6,0.02356917835688452,13,5
1,10.1016/0378-7753(91)80004-H,11,1,20362002,4,0.0077991687801962795,13,5
1,10.1016/0378-7753(91)80004-H,11,1,20362002,5,0.0081639962150251,13,5
1,10.1016/0378-7753(91)80004-H,11,1,20362002,6,0.00815068012310927,13,5
1,10.1016/0378-7753(91)80004-H,11,2,20362003,4,0.013825006091388922,13,5
1,10.1016/0378-7753(91)80004-H,11,2,20362003,5,0.018896591623915066,13,5
1,10.1016/0378-7753(91)80004-H,11,2,20362003,6,0.025781148808824466,13,5
1,10.1016/0378-7753(91)80004-H,12,0,20362101,4,0.01141989166879589,13,5
1,10.1016/0378-7753(91)80004-H,12,0,20362101,5,0.014813437945825528,13,5
1,10.1016/0378-7753(91)80004-H,12,0,20362101,6,0.022280406647270424,13,5
1,10.1016/0378-7753(91)80004-H,12,1,20362102,4,0.014464524646624918,13,5
1,10.1016/0378-7753(91)80004-H,12,1,20362102,5,0.02126036047573763,13,5
1,10.1016/0378-7753(91)80004-H,12,1,20362102,6,0.029034470674792357,13,5
1,10.1016/0378-7753(91)80004-H,12,2,20362103,4,0.009394348909711197,13,5
1,10.1016/0378-7753(91)80004-H,12,2,20362103,5,0.014634734564936922,13,5
1,10.1016/0378-7753(91)80004-H,12,2,20362103,6,0.019536138536384185,13,5
1,10.1016/0378-7753(91)80004-H,13,0,20362201,4,0.015330890378440926,13,5
1,10.1016/0378-7753(91)80004-H,13,0,20362201,5,0.019516358938097184,13,5
1,10.1016/0378-7753(91)80004-H,13,0,20362201,6,0.028106744949569062,13,5
1,10.1016/0378-7753(91)80004-H,13,1,20362202,4,0.004808026136752133,13,5
1,10.1016/0378-7753(91)80004-H,13,1,20362202,5,0.006214495176038989,13,5
1,10.1016/0378-7753(91)80004-H,13,1,20362202,6,0.00741895270017833,13,5
1,10.1016/0378-7753(91)80004-H,13,2,20362203,4,0.009111485716940261,13,5
1,10.1016/0378-7753(91)80004-H,13,2,20362203,5,0.010832269490643292,13,5
1,10.1016/0378-7753(91)80004-H,13,2,20362203,6,0.011766005650893406,13,5
1,10.1016/0378-7753(91)80004-H,14,0,20362301,4,0.011435872171391996,13,5
1,10.1016/0378-7753(91)80004-H,14,0,20362301,5,0.019079669449820688,13,5
1,10.1016/0378-7753(91)80004-H,14,0,20362301,6,0.027257698760843396,13,5
1,10.1016/0378-7753(91)80004-H,14,1,20362302,4,0.004812378969724006,13,5
1,10.1016/0378-7753(91)80004-H,14,1,20362302,5,0.005713124468985897,13,5
1,10.1016/0378-7753(91)80004-H,14,1,20362302,6,0.007144212478740223,13,5
1,10.1016/0378-7753(91)80004-H,14,2,20362303,4,0.008123772551952384,13,5
1,10.1016/0378-7753(91)80004-H,14,2,20362303,5,0.008898940709689874,13,5
1,10.1016/0378-7753(91)80004-H,14,2,20362303,6,0.009384323715650022,13,5
1,10.1016/0378-7753(91)80004-H,15,0,20362401,4,0.006353228065582235,13,5
1,10.1016/0378-7753(91)80004-H,15,0,20362401,5,0.007872039822613437,13,5
1,10.1016/0378-7753(91)80004-H,15,0,20362401,6,0.00926087369283182,13,5
1,10.1016/0378-7753(91)80004-H,15,1,20362402,4,0.010155781344561219,13,5
1,10.1016/0378-7753(91)80004-H,15,1,20362402,5,0.013707942730911114,13,5
1,10.1016/0378-7753(91)80004-H,15,1,20362402,6,0.014939899026786066,13,5
1,10.1016/0378-7753(91)80004-H,15,2,20362403,4,0.014286412425657858,13,5
1,10.1016/0378-7753(91)80004-H,15,2,20362403,5,0.019773668841504978,13,5
1,10.1016/0378-7753(91)80004-H,15,2,20362403,6,0.027094766207340838,13,5
1,10.1016/0378-7753(91)80004-H,16,0,20362501,4,0.008915792371450522,13,5
1,10.1016/0378-7753(91)80004-H,16,0,20362501,5,0.013210045590787017,13,5
1,10.1016/0378-7753(91)80004-H,16,0,20362501,6,0.017906823333238578,13,5
1,10.1016/0378-7753(91)80004-H,16,1,20362502,4,0.009361847673810524,13,5
1,10.1016/0378-7753(91)80004-H,16,1,20362502,5,0.01087688142657164,13,5
1,10.1016/0378-7753(91)80004-H,16,1,20362502,6,0.01078788168058778,13,5
1,10.1016/0378-7753(91)80004-H,16,2,20362503,4,0.00750553437428992,13,5
1,10.1016/0378-7753(91)80004-H,16,2,20362503,5,0.00942823037410022,13,5
1,10.1016/0378-7753(91)80004-H,16,2,20362503,6,0.010524806805418434,13,5
1,10.1016/0378-7753(91)80004-H,17,0,20362601,4,0.0068124120009590144,13,5
1,10.1016/0378-7753(91)80004-H,17,0,20362601,5,0.007857063337497834,13,5
1,10.1016/0378-7753(91)80004-H,17,0,20362601,6,0.008530498181879495,13,5
1,10.1016/0378-7753(91)80004-H,17,1,20362602,4,0.013117832473706926,13,5
1,10.1016/0378-7753(91)80004-H,17,1,20362602,5,0.017349657798999767,13,5
1,10.1016/0378-7753(91)80004-H,17,1,20362602,6,0.024794466547992604,13,5
1,10.1016/0378-7753(91)80004-H,17,2,20362603,4,0.006331395265908061,13,5
1,10.1016/0378-7753(91)80004-H,17,2,20362603,5,0.007446986479804461,13,5
1,10.1016/0378-7753(91)80004-H,17,2,20362603,6,0.008484331471605206,13,5
1,10.1016/0378-7753(91)80004-H,18,0,20362701,4,0.01498687551906398,13,5
1,10.1016/0378-7753(91)80004-H,18,0,20362701,5,0.017365718285078303,13,5
1,10.1016/0378-7753(91)80004-H,18,0,20362701,6,0.02440006281191345,13,5
1,10.1016/0378-7753(91)80004-H,18,1,20362702,4,0.010607310292185559,13,5
1,10.1016/0378-7753(91)80004-H,18,1,20362702,5,0.012754584157582974,13,5
1,10.1016/0378-7753(91)80004-H,18,1,20362702,6,0.01291115234790482,13,5
1,10.1016/0378-7753(91)80004-H,18,2,20362703,4,0.008968346261405174,13,5
1,10.1016/0378-7753(91)80004-H,18,2,20362703,5,0.011208788087277955,13,5
1,10.1016/0378-7753(91)80004-H,18,2,20362703,6,0.018313361192155993,13,5
1,10.1016/0378-7753(91)80004-H,19,0,20362801,4,0.01644155518881219,13,5
1,10.1016/0378-7753(91)80004-H,19,0,20362801,5,0.01954811891929672,13,5
1,10.1016/0378-7753(91)80004-H,19,0,20362801,6,0.027233548872235502,13,5
1,10.1016/0378-7753(91)80004-H,19,1,20362802,4,0.011474989133872307,13,5
1,10.1016/0378-7753(91)80004-H,19,1,20362802,5,0.01608763851623559,13,5
1,10.1016/0378-7753(91)80004-H,19,1,20362802,6,0.02345295914692596,13,5
1,10.1016/0378-7753(91)80004-H,19,2,20362803,4,0.011150586580043578,13,5
1,10.1016/0378-7753(91)80004-H,19,2,20362803,5,0.021663799432708453,13,5
1,10.1016/0378-7753(91)80004-H,19,2,20362803,6,0.030308021720820456,13,5
2,10.1016/S0013-4686(99)00431-4,0,0,20460901,4,0.012233524531709556,13,5
2,10.1016/S0013-4686(99)00431-4,0,0,20460901,5,0.012651562633198495,13,5
2,10.1016/S0013-4686(99)00431-4,0,0,20460901,6,0.01325225127535925,13,5
2,10.1016/S0013-4686(99)00431-4,0,1,20460902,4,0.009812513085220258,13,5
2,10.1016/S0013-4686(99)00431-4,0,1,20460902,5,0.012051075157720924,13,5
2,10.1016/S0013-4686(99)00431-4,0,1,20460902,6,0.013372389673316856,13,5
2,10.1016/S0013-4686(99)00431-4,0,2,20460903,4,0.00715166235613649,13,5
2,10.1016/S0013-4686(99)00431-4,0,2,20460903,5,0.015034708445969247,13,5
2,10.1016/S0013-4686(99)00431-4,0,2,20460903,6,0.022958217254271558,13,5
2,10.1016/S0013-4686(99)00431-4,1,0,20461001,4,0.008427768145602196,13,5
2,10.1016/S0013-4686(99)00431-4,1,0,20461001,5,0.009052137030154303,13,5
2,10.1016/S0013-4686(99)00431-4,1,0,20461001,6,0.009432058577116566,13,5
2,10.1016/S0013-4686(99)00431-4,1,1,20461002,4,0.011206984699044851,13,5
2,10.1016/S0013-4686(99)00431-4,1,1,20461002,5,0.014789244577622032,13,5
2,10.1016/S0013-4686(99)00431-4,1,1,20461002,6,0.018728716504190644,13,5
2,10.1016/S0013-4686(99)00431-4,1,2,20461003,4,0.011692256350995302,13,5
2,10.1016/S0013-4686(99)00431-4,1,2,20461003,5,0.014432586556166091,13,5
2,10.1016/S0013-4686(99)00431-4,1,2,20461003,6,0.01799694304323023,13,5
2,10.1016/S0013-4686(99)00431-4,2,0,20461101,4,0.011452506015854767,13,5
2,10.1016/S0013-4686(99)00431-4,2,0,20461101,5,0.010187370435236159,13,5
2,10.1016/S0013-4686(99)00431-4,2,0,20461101,6,0.008711468061322307,13,5
2,10.1016/S0013-4686(99)00431-4,2,1,20461102,4,0.006803087218725466,13,5
2,10.1016/S0013-4686(99)00431-4,2,1,20461102,5,0.007707650145185969,13,5
2,10.1016/S0013-4686(99)00431-4,2,1,20461102,6,0.007361402332630723,13,5
2,10.1016/S0013-4686(99)00431-4,2,2,20461103,4,0.01485764339468637,13,5
2,10.1016/S0013-4686(99)00431-4,2,2,20461103,5,0.017278090595919376,13,5
2,10.1016/S0013-4686(99)00431-4,2,2,20461103,6,0.021055852594447692,13,5
2,10.1016/S0013-4686(99)00431-4,3,0,20461201,4,0.011190679568822064,13,5
2,10.1016/S0013-4686(99)00431-4,3,0,20461201,5,0.010419003286706339,13,5
2,10.1016/S0013-4686(99)00431-4,3,0,20461201,6,0.009246161799797613,13,5
2,10.1016/S0013-4686(99)00431-4,3,1,20461202,4,0.014658277263859926,13,5
2,10.1016/S0013-4686(99)00431-4,3,1,20461202,5,0.018211964640344188,13,5
2,10.1016/S0013-4686(99)00431-4,3,1,20461202,6,0.02385524056378844,13,5
2,10.1016/S0013-4686(99)00431-4,3,2,20461203,4,0.007262772266442725,13,5
2,10.1016/S0013-4686(99)00431-4,3,2,20461203,5,0.015521109080656303,13,5
2,10.1016/S0013-4686(99)00431-4,3,2,20461203,6,0.023753765298554875,13,5
2,10.1016/S0013-4686(99)00431-4,4,0,20461301,4,0.014834080965092136,13,5
2,10.1016/S0013-4686(99)00431-4,4,0,20461301,5,0.01719107074939688,13,5
2,10.1016/S0013-4686(99)00431-4,4,0,20461301,6,0.020870091688979693,13,5
2,10.1016/S0013-4686(99)00431-4,4,1,20461302,4,0.0059889253866985525,13,5
2,10.1016/S0013-4686(99)00431-4,4,1,20461302,5,0.007661024045086661,13,5
2,10.1016/S0013-4686(99)00431-4,4,1,20461302,6,0.00918230022177766,13,5
2,10.1016/S0013-4686(99)00431-4,4,2,20461303,4,0.012298260921780184,13,5
2,10.1016/S0013-4686(99)00431-4,4,2,20461303,5,0.011455350744372145,13,5
2,10.1016/S0013-4686(99)00431-4,4,2,20461303,6,0.010239178905529967,13,5
2,10.1016/S0013-4686(99)00431-4,5,0,20461401,4,0.016135226697660293,13,5
2,10.1016/S0013-4686(99)00431-4,5,0,20461401,5,0.01744600740730146,13,5
2,10.1016/S0013-4686(99)00431-4,5,0,20461401,6,0.020424576542871723,13,5
2,10.1016/S0013-4686(99)00431-4,5,1,20461402,4,0.007111479642270764,13,5
2,10.1016/S0013-4686(99)00431-4,5,1,20461402,5,0.008068357280924893,13,5
2,10.1016/S0013-4686(99)00431-4,5,1,20461402,6,0.008834950585451662,13,5
2,10.1016/S0013-4686(99)00431-4,5,2,20461403,4,0.011171017277234001,13,5
2,10.1016/S0013-4686(99)00431-4,5,2,20461403,5,0.020080476860692666,13,5
2,10.1016/S0013-4686(99)00431-4,5,2,20461403,6,0.029202242191168286,13,5
2,10.1016/S0013-4686(99)00431-4,6,0,20461501,4,0.006949192314997415,13,5
2,10.1016/S0013-4686(99)00431-4,6,0,20461501,5,0.01598547773163691,13,5
2,10.1016/S0013-4686(99)00431-4,6,0,20461501,6,0.024375780544117407,13,5
2,10.1016/S0013-4686(99)00431-4,6,1,20461502,4,0.011687242643477706,13,5
2,10.1016/S0013-4686(99)00431-4,6,1,20461502,5,0.017406674643994584,13,5
2,10.1016/S0013-4686(99)00431-4,6,1,20461502,6,0.024359996071483574,13,5
2,10.1016/S0013-4686(99)00431-4,6,2,20461503,4,0.013070661414336535,13,5
2,10.1016/S0013-4686(99)00431-4,6,2,20461503,5,0.013924548318976234,13,5
2,10.1016/S0013-4686(99)00431-4,6,2,20461503,6,0.014384364776364057,13,5
2,10.1016/S0013-4686(99)00431-4,7,0,20461601,4,0.01629295868331234,13,5
2,10.1016/S0013-4686(99)00431-4,7,0,20461601,5,0.019013826012153432,13,5
2,10.1016/S0013-4686(99)00431-4,7,0,20461601,6,0.023208507150008526,13,5
2,10.1016/S0013-4686(99)00431-4,7,1,20461602,4,0.017739047017268667,13,5
2,10.1016/S0013-4686(99)00431-4,7,1,20461602,5,0.020204606558945414,13,5
2,10.1016/S0013-4686(99)00431-4,7,1,20461602,6,0.026773803872369228,13,5
2,10.1016/S0013-4686(99)00431-4,7,2,20461603,4,0.0110589568395028,13,5
2,10.1016/S0013-4686(99)00431-4,7,2,20461603,5,0.013815011241597955,13,5
2,10.1016/S0013-4686(99)00431-4,7,2,20461603,6,0.01796239451125002,13,5
2,10.1016/S0013-4686(99)00431-4,8,0,20461701,4,0.01493820550866754,13,5
2,10.1016/S0013-4686(99)00431-4,8,0,20461701,5,0.020423463147038433,13,5
2,10.1016/S0013-4686(99)00431-4,8,0,20461701,6,0.027656851148926177,13,5
2,10.1016/S0013-4686(99)00431-4,8,1,20461702,4,0.01618746031850641,13,5
2,10.1016/S0013-4686(99)00431-4,8,1,20461702,5,0.019112707810545113,13,5
2,10.1016/S0013-4686(99)00431-4,8,1,20461702,6,0.023434490197625026,13,5
2,10.1016/S0013-4686(99)00431-4,8,2,20461703,4,0.005724847754599022,13,5
2,10.1016/S0013-4686(99)00431-4,8,2,20461703,5,0.006386127971720497,13,5
2,10.1016/S0013-4686(99)00431-4,8,2,20461703,6,0.0068798981248721445,13,5
2,10.1016/S0013-4686(99)00431-4,9,0,20461801,4,0.0053998254855620684,13,5
2,10.1016/S0013-4686(99)00431-4,9,0,20461801,5,0.006610894188141663,13,5
2,10.1016/S0013-4686(99)00431-4,9,0,20461801,6,0.007838742888285817,13,5
2,10.1016/S0013-4686(99)00431-4,9,1,20461802,4,0.012481120094879842,13,5
2,10.1016/S0013-4686(99)00431-4,9,1,20461802,5,0.01256621984045007,13,5
2,10.1016/S0013-4686(99)00431-4,9,1,20461802,6,0.012237257219692425,13,5
2,10.1016/S0013-4686(99)00431-4,9,2,20461803,4,0.006032882078712469,13,5
2,10.1016/S0013-4686(99)00431-4,9,2,20461803,5,0.007320102166367694,13,5
2,10.1016/S0013-4686(99)00431-4,9,2,20461803,6,0.008555913211411866,13,5
2,10.1016/S0013-4686(99)00431-4,10,0,20461901,4,0.011989117264857237,13,5
2,10.1016/S0013-4686(99)00431-4,10,0,20461901,5,0.01244847625163036,13,5
2,10.1016/S0013-4686(99)00431-4,10,0,20461901,6,0.012788079498976054,13,5
2,10.1016/S0013-4686(99)00431-4,10,1,20461902,4,0.006368838567151138,13,5
2,10.1016/S0013-4686(99)00431-4,10,1,20461902,5,0.012376043914851838,13,5
2,10.1016/S0013-4686(99)00431-4,10,1,20461902,6,0.019325576468543083,13,5
2,10.1016/S0013-4686(99)00431-4,10,2,20461903,4,0.015358764028098635,13,5
2,10.1016/S0013-4686(99)00431-4,10,2,20461903,5,0.02406609924133877,13,5
2,10.1016/S0013-4686(99)00431-4,10,2,20461903,6,0.0333049444665934,13,5
2,10.1016/S0013-4686(99)00431-4,11,0,20462001,4,0.007818247603806843,13,5
2,10.1016/S0013-4686(99)00431-4,11,0,20462001,5,0.007341403951877268,13,5
2,10.1016/S0013-4686(99)00431-4,11,0,20462001,6,0.006663107633186787,13,5
2,10.1016/S0013-4686(99)00431-4,11,1,20462002,4,0.014098321558926591,13,5
2,10.1016/S0013-4686(99)00431-4,11,1,20462002,5,0.01720370377827545,13,5
2,10.1016/S0013-4686(99)00431-4,11,1,20462002,6,0.022818539600453207,13,5
2,10.1016/S0013-4686(99)00431-4,11,2,20462003,4,0.011527080836951654,13,5
2,10.1016/S0013-4686(99)00431-4,11,2,20462003,5,0.011153102470546883,13,5
2,10.1016/S0013-4686(99)00431-4,11,2,20462003,6,0.010794650354710769,13,5
2,10.1016/S0013-4686(99)00431-4,12,0,20462101,4,0.011815850075573276,13,5
2,10.1016/S0013-4686(99)00431-4,12,0,20462101,5,0.018597397554348832,13,5
2,10.1016/S0013-4686(99)00431-4,12,0,20462101,6,0.025381858839845735,13,5
2,10.1016/S0013-4686(99)00431-4,12,1,20462102,4,0.011232546856527853,13,5
2,10.1016/S0013-4686(99)00431-4,12,1,20462102,5,0.013363291382322413,13,5
2,10.1016/S0013-4686(99)00431-4,12,1,20462102,6,0.014641162707553373,13,5
2,10.1016/S0013-4686(99)00431-4,12,2,20462103,4,0.012258516872114497,13,5
2,10.1016/S0013-4686(99)00431-4,12,2,20462103,5,0.014781852563480084,13,5
2,10.1016/S0013-4686(99)00431-4,12,2,20462103,6,0.01727785152252768,13,5
2,10.1016/S0013-4686(99)00431-4,13,0,20462201,4,0.005321537730511828,13,5
2,10.1016/S0013-4686(99)00431-4,13,0,20462201,5,0.01139658539170121,13,5
2,10.1016/S0013-4686(99)00431-4,13,0,20462201,6,0.01739361585622143,13,5
2,10.1016/S0013-4686(99)00431-4,13,1,20462202,4,0.013829379886744361,13,5
2,10.1016/S0013-4686(99)00431-4,13,1,20462202,5,0.01646469775301517,13,5
2,10.1016/S0013-4686(99)00431-4,13,1,20462202,6,0.02486362724712191,13,5
2,10.1016/S0013-4686(99)00431-4,13,2,20462203,4,0.011775200358597564,13,5
2,10.1016/S0013-4686(99)00431-4,13,2,20462203,5,0.012366921410083595,13,5
2,10.1016/S0013-4686(99)00431-4,13,2,20462203,6,0.011833608861278249,13,5
2,10.1016/S0013-4686(99)00431-4,14,0,20462301,4,0.009141748516973202,13,5
2,10.1016/S0013-4686(99)00431-4,14,0,20462301,5,0.009449556937578525,13,5
2,10.1016/S0013-4686(99)00431-4,14,0,20462301,6,0.010023285471464057,13,5
2,10.1016/S0013-4686(99)00431-4,14,1,20462302,4,0.007394867440418618,13,5
2,10.1016/S0013-4686(99)00431-4,14,1,20462302,5,0.007129820102793552,13,5
2,10.1016/S0013-4686(99)00431-4,14,1,20462302,6,0.007128146759311856,13,5
2,10.1016/S0013-4686(99)00431-4,14,2,20462303,4,0.007121010024433436,13,5
2,10.1016/S0013-4686(99)00431-4,14,2,20462303,5,0.008768588463414459,13,5
2,10.1016/S0013-4686(99)00431-4,14,2,20462303,6,0.01021322814970629,13,5
2,10.1016/S0013-4686(99)00431-4,15,0,20462401,4,0.014058382338475423,13,5
2,10.1016/S0013-4686(99)00431-4,15,0,20462401,5,0.021866328803137436,13,5
2,10.1016/S0013-4686(99)00431-4,15,0,20462401,6,0.02846818871255368,13,5
2,10.1016/S0013-4686(99)00431-4,15,1,20462402,4,0.012853927132361493,13,5
2,10.1016/S0013-4686(99)00431-4,15,1,20462402,5,0.02195784011048528,13,5
2,10.1016/S0013-4686(99)00431-4,15,1,20462402,6,0.030413012657220517,13,5
2,10.1016/S0013-4686(99)00431-4,15,2,20462403,4,0.007843902905957932,13,5
2,10.1016/S0013-4686(99)00431-4,15,2,20462403,5,0.007856490553875155,13,5
2,10.1016/S0013-4686(99)00431-4,15,2,20462403,6,0.0070789933565532665,13,5
2,10.1016/S0013-4686(99)00431-4,16,0,20462501,4,0.010680877484330598,13,5
2,10.1016/S0013-4686(99)00431-4,16,0,20462501,5,0.013423002327703788,13,5
2,10.1016/S0013-4686(99)00431-4,16,0,20462501,6,0.01766022672410607,13,5
2,10.1016/S0013-4686(99)00431-4,16,1,20462502,4,0.016203521033951167,13,5
2,10.1016/S0013-4686(99)00431-4,16,1,20462502,5,0.017610463611068865,13,5
2,10.1016/S0013-4686(99)00431-4,16,1,20462502,6,0.02354578149684553,13,5
2,10.1016/S0013-4686(99)00431-4,16,2,20462503,4,0.015643777194956403,13,5
2,10.1016/S0013-4686(99)00431-4,16,2,20462503,5,0.017413368131631073,13,5
2,10.1016/S0013-4686(99)00431-4,16,2,20462503,6,0.023647364643668657,13,5
2,10.1016/S0013-4686(99)00431-4,17,0,20462601,4,0.014548882823649162,13,5
2,10.1016/S0013-4686(99)00431-4,17,0,20462601,5,0.025531106844432706,13,5
2,10.1016/S0013-4686(99)00431-4,17,0,20462601,6,0.03545037372152386,13,5
2,10.1016/S0013-4686(99)00431-4,17,1,20462602,4,0.010841288193358094,13,5
2,10.1016/S0013-4686(99)00431-4,17,1,20462602,5,0.010827052792756975,13,5
2,10.1016/S0013-4686(99)00431-4,17,1,20462602,6,0.010441359863701916,13,5
2,10.1016/S0013-4686(99)00431-4,17,2,20462603,4,0.009802880966106273,13,5
2,10.1016/S0013-4686(99)00431-4,17,2,20462603,5,0.01583859540376891,13,5
2,10.1016/S0013-4686(99)00431-4,17,2,20462603,6,0.021112528397417098,13,5
2,10.1016/S0013-4686(99)00431-4,18,0,20462701,4,0.01247995959113047,13,5
2,10.1016/S0013-4686(99)00431-4,18,0,20462701,5,0.01181298526124935,13,5
2,10.1016/S0013-4686(99)00431-4,18,0,20462701,6,0.010735239240995441,13,5
2,10.1016/S0013-4686(99)00431-4,18,1,20462702,4,0.011394921604125769,13,5
2,10.1016/S0013-4686(99)00431-4,18,1,20462702,5,0.011070466762320926,13,5
2,10.1016/S0013-4686(99)00431-4,18,1,20462702,6,0.009544462255219544,13,5
2,10.1016/S0013-4686(99)00431-4,18,2,20462703,4,0.012278449809288605,13,5
2,10.1016/S0013-4686(99)00431-4,18,2,20462703,5,0.01545497214730596,13,5
2,10.1016/S0013-4686(99)00431-4,18,2,20462703,6,0.021456710080312184,13,5
2,10.1016/S0013-4686(99)00431-4,19,0,20462801,4,0.008020128918341406,13,5
2,10.1016/S0013-4686(99)00431-4,19,0,20462801,5,0.01623405917420434,13,5
2,10.1016/S0013-4686(99)00431-4,19,0,20462801,6,0.024524703274064235,13,5
2,10.1016/S0013-4686(99)00431-4,19,1,20462802,4,0.00915943481174163,13,5
2,10.1016/S0013-4686(99)00431-4,19,1,20462802,5,0.01006588730133621,13,5
2,10.1016/S0013-4686(99)00431-4,19,1,20462802,6,0.010303807852727628,13,5
2,10.1016/S0013-4686(99)00431-4,19,2,20462803,4,0.0037374090715683824,13,5
2,10.1016/S0013-4686(99)00431-4,19,2,20462803,5,0.004495823017600669,13,5
2,10.1016/S0013-4686(99)00431-4,19,2,20462803,6,0.004866969094284342,13,5
3,10.1016/j.jpowsour.2010.12.040,0,0,20560901,4,0.011211347516768957,13,5
3,10.1016/j.jpowsour.2010.12.040,0,0,20560901,5,0.011477393649402607,13,5
3,10.1016/j.jpowsour.2010.12.040,0,0,20560901,6,0.010607252916002254,13,5
3,10.1016/j.jpowsour.2010.12.040,0,1,20560902,4,0.013625386408061801,13,5
3,10.1016/j.jpowsour.2010.12.040,0,1,20560902,5,0.01577708291106129,13,5
3,10.1016/j.jpowsour.2010.12.040,0,1,20560902,6,0.01986050561577544,13,5
3,10.1016/j.jpowsour.2010.12.040,0,2,20560903,4,0.015971142200323578,13,5
3,10.1016/j.jpowsour.2010.12.040,0,2,20560903,5,0.016980150857939573,13,5
3,10.1016/j.jpowsour.2010.12.040,0,2,20560903,6,0.019692496989659313,13,5
3,10.1016/j.jpowsour.2010.12.040,1,0,20561001,4,0.010249206114709749,13,5
3,10.1016/j.jpowsour.2010.12.040,1,0,20561001,5,0.01172642072033794,13,5
3,10.1016/j.jpowsour.2010.12.040,1,0,20561001,6,0.012660339057684256,13,5
3,10.1016/j.jpowsour.2010.12.040,1,1,20561002,4,0.011688302878214978,13,5
3,10.1016/j.jpowsour.2010.12.040,1,1,20561002,5,0.02038663474179063,13,5
3,10.1016/j.jpowsour.2010.12.040,1,1,20561002,6,0.029029784593847197,13,5
3,10.1016/j.jpowsour.2010.12.040,1,2,20561003,4,0.009616134779656834,13,5
3,10.1016/j.jpowsour.2010.12.040,1,2,20561003,5,0.010658541749373475,13,5
3,10.1016/j.jpowsour.2010.12.040,1,2,20561003,6,0.011980073219059596,13,5
3,10.1016/j.jpowsour.2010.12.040,2,0,20561101,4,0.006847395063031028,13,5
3,10.1016/j.jpowsour.2010.12.040,2,0,20561101,5,0.008635327829984947,13,5
3,10.1016/j.jpowsour.2010.12.040,2,0,20561101,6,0.010248032268920682,13,5
3,10.1016/j.jpowsour.2010.12.040,2,1,20561102,4,0.01032628572369435,13,5
3,10.1016/j.jpowsour.2010.12.040,2,1,20561102,5,0.01098116475304871,13,5
3,10.1016/j.jpowsour.2010.12.040,2,1,20561102,6,0.010853793491471265,13,5
3,10.1016/j.jpowsour.2010.12.040,2,2,20561103,4,0.008399001549390947,13,5
3,10.1016/j.jpowsour.2010.12.040,2,2,20561103,5,0.017061641740688124,13,5
3,10.1016/j.jpowsour.2010.12.040,2,2,20561103,6,0.024961745482105092,13,5
3,10.1016/j.jpowsour.2010.12.040,3,0,20561201,4,0.01978569320169388,13,5
3,10.1016/j.jpowsour.2010.12.040,3,0,20561201,5,0.02859513709639035,13,5
3,10.1016/j.jpowsour.2010.12.040,3,0,20561201,6,0.03635309898105819,13,5
3,10.1016/j.jpowsour.2010.12.040,3,1,20561202,4,0.007861673378082978,13,5
3,10.1016/j.jpowsour.2010.12.040,3,1,20561202,5,0.007525328365247224,13,5
3,10.1016/j.jpowsour.2010.12.040,3,1,20561202,6,0.006872502825222435,13,5
3,10.1016/j.jpowsour.2010.12.040,3,2,20561203,4,0.009595451383913111,13,5
3,10.1016/j.jpowsour.2010.12.040,3,2,20561203,5,0.00988223803641855,13,5
3,10.1016/j.jpowsour.2010.12.040,3,2,20561203,6,0.009835412932937767,13,5
3,10.1016/j.jpowsour.2010.12.040,4,0,20561301,4,0.012071348687958247,13,5
3,10.1016/j.jpowsour.2010.12.040,4,0,20561301,5,0.023339087265669974,13,5
3,10.1016/j.jpowsour.2010.12.040,4,0,20561301,6,0.035112747113848305,13,5
3,10.1016/j.jpowsour.2010.12.040,4,1,20561302,4,0.004823896730199821,13,5
3,10.1016/j.jpowsour.2010.12.040,4,1,20561302,5,0.005758514954467166,13,5
3,10.1016/j.jpowsour.2010.12.040,4,1,20561302,6,0.006596003602060321,13,5
3,10.1016/j.jpowsour.2010.12.040,4,2,20561303,4,0.008637781731161701,13,5
3,10.1016/j.jpowsour.2010.12.040,4,2,20561303,5,0.008705949768479517,13,5
3,10.1016/j.jpowsour.2010.12.040,4,2,20561303,6,0.009334141237729729,13,5
3,10.1016/j.jpowsour.2010.12.040,5,0,20561401,4,0.009361597814048977,13,5
3,10.1016/j.jpowsour.2010.12.040,5,0,20561401,5,0.011438447334167687,13,5
3,10.1016/j.jpowsour.2010.12.040,5,0,20561401,6,0.012378618754241998,13,5
3,10.1016/j.jpowsour.2010.12.040,5,1,20561402,4,0.012266567633067316,13,5
3,10.1016/j.jpowsour.2010.12.040,5,1,20561402,5,0.021031963168154102,13,5
3,10.1016/j.jpowsour.2010.12.040,5,1,20561402,6,0.029487164481188106,13,5
3,10.1016/j.jpowsour.2010.12.040,5,2,20561403,4,0.012770179523820807,13,5
3,10.1016/j.jpowsour.2010.12.040,5,2,20561403,5,0.016150661302154087,13,5
3,10.1016/j.jpowsour.2010.12.040,5,2,20561403,6,0.021498062571110133,13,5
3,10.1016/j.jpowsour.2010.12.040,6,0,20561501,4,0.008619756105603666,13,5
3,10.1016/j.jpowsour.2010.12.040,6,0,20561501,5,0.008552776652280625,13,5
3,10.1016/j.jpowsour.2010.12.040,6,0,20561501,6,0.00794673250703682,13,5
3,10.1016/j.jpowsour.2010.12.040,6,1,20561502,4,0.010982540800045324,13,5
3,10.1016/j.jpowsour.2010.12.040,6,1,20561502,5,0.010156091926787663,13,5
3,10.1016/j.jpowsour.2010.12.040,6,1,20561502,6,0.008345646953224489,13,5
3,10.1016/j.jpowsour.2010.12.040,6,2,20561503,4,0.004864836436676857,13,5
3,10.1016/j.jpowsour.2010.12.040,6,2,20561503,5,0.005821962293594317,13,5
3,10.1016/j.jpowsour.2010.12.040,6,2,20561503,6,0.0060490138549393595,13,5
3,10.1016/j.jpowsour.2010.12.040,7,0,20561601,4,0.012519430836377191,13,5
3,10.1016/j.jpowsour.2010.12.040,7,0,20561601,5,0.021463912215763447,13,5
3,10.1016/j.jpowsour.2010.12.040,7,0,20561601,6,0.03072794763772372,13,5
3,10.1016/j.jpowsour.2010.12.040,7,1,20561602,4,0.019287882740497087,13,5
3,10.1016/j.jpowsour.2010.12.040,7,1,20561602,5,0.029221993517461835,13,5
3,10.1016/j.jpowsour.2010.12.040,7,1,20561602,6,0.03774024171872147,13,5
3,10.1016/j.jpowsour.2010.12.040,7,2,20561603,4,0.010957782816399178,13,5
3,10.1016/j.jpowsour.2010.12.040,7,2,20561603,5,0.010475298474605094,13,5
3,10.1016/j.jpowsour.2010.12.040,7,2,20561603,6,0.00926043407572769,13,5
3,10.1016/j.jpowsour.2010.12.040,8,0,20561701,4,0.010698809422338714,13,5
3,10.1016/j.jpowsour.2010.12.040,8,0,20561701,5,0.014015208457678886,13,5
3,10.1016/j.jpowsour.2010.12.040,8,0,20561701,6,0.018856125905450667,13,5
3,10.1016/j.jpowsour.2010.12.040,8,1,20561702,4,0.005706010114363962,13,5
3,10.1016/j.jpowsour.2010.12.040,8,1,20561702,5,0.007717727518535539,13,5
3,10.1016/j.jpowsour.2010.12.040,8,1,20561702,6,0.009952068480852078,13,5
3,10.1016/j.jpowsour.2010.12.040,8,2,20561703,4,0.0090873045383946,13,5
3,10.1016/j.jpowsour.2010.12.040,8,2,20561703,5,0.011021694004958523,13,5
3,10.1016/j.jpowsour.2010.12.040,8,2,20561703,6,0.012500487913271536,13,5
3,10.1016/j.jpowsour.2010.12.040,9,0,20561801,4,0.010225225004051031,13,5
3,10.1016/j.jpowsour.2010.12.040,9,0,20561801,5,0.010477362578621932,13,5
3,10.1016/j.jpowsour.2010.12.040,9,0,20561801,6,0.011429345596126256,13,5
3,10.1016/j.jpowsour.2010.12.040,9,1,20561802,4,0.011511759789659707,13,5
3,10.1016/j.jpowsour.2010.12.040,9,1,20561802,5,0.020087787503208186,13,5
3,10.1016/j.jpowsour.2010.12.040,9,1,20561802,6,0.028878538958867363,13,5
3,10.1016/j.jpowsour.2010.12.040,9,2,20561803,4,0.014236319412379756,13,5
3,10.1016/j.jpowsour.2010.12.040,9,2,20561803,5,0.01664777615864761,13,5
3,10.1016/j.jpowsour.2010.12.040,9,2,20561803,6,0.018257753807231276,13,5
3,10.1016/j.jpowsour.2010.12.040,10,0,20561901,4,0.01244880471484987,13,5
3,10.1016/j.jpowsour.2010.12.040,10,0,20561901,5,0.012930335258196018,13,5
3,10.1016/j.jpowsour.2010.12.040,10,0,20561901,6,0.013696940390680184,13,5
3,10.1016/j.jpowsour.2010.12.040,10,1,20561902,4,0.015858348149283125,13,5
3,10.1016/j.jpowsour.2010.12.040,10,1,20561902,5,0.01888635497029116,13,5
3,10.1016/j.jpowsour.2010.12.040,10,1,20561902,6,0.024339382699100787,13,5
3,10.1016/j.jpowsour.2010.12.040,10,2,20561903,4,0.006567057620000287,13,5
3,10.1016/j.jpowsour.2010.12.040,10,2,20561903,5,0.01438875226301548,13,5
3,10.1016/j.jpowsour.2010.12.040,10,2,20561903,6,0.022572459876127084,13,5
3,10.1016/j.jpowsour.2010.12.040,11,0,20562001,4,0.010375877617401195,13,5
3,10.1016/j.jpowsour.2010.12.040,11,0,20562001,5,0.011695067895000518,13,5
3,10.1016/j.jpowsour.2010.12.040,11,0,20562001,6,0.012937201948934681,13,5
3,10.1016/j.jpowsour.2010.12.040,11,1,20562002,4,0.014343683473128348,13,5
3,10.1016/j.jpowsour.2010.12.040,11,1,20562002,5,0.01569387691898116,13,5
3,10.1016/j.jpowsour.2010.12.040,11,1,20562002,6,0.016556059023973686,13,5
3,10.1016/j.jpowsour.2010.12.040,11,2,20562003,4,0.00692428249443634,13,5
3,10.1016/j.jpowsour.2010.12.040,11,2,20562003,5,0.015617472975831447,13,5
3,10.1016/j.jpowsour.2010.12.040,11,2,20562003,6,0.02395336030020905,13,5
3,10.1016/j.jpowsour.2010.12.040,12,0,20562101,4,0.009613709724232691,13,5
3,10.1016/j.jpowsour.2010.12.040,12,0,20562101,5,0.010366297730373484,13,5
3,10.1016/j.jpowsour.2010.12.040,12,0,20562101,6,0.010608237048543951,13,5
3,10.1016/j.jpowsour.2010.12.040,12,1,20562102,4,0.01593789175849065,13,5
3,10.1016/j.jpowsour.2010.12.040,12,1,20562102,5,0.02050334271731374,13,5
3,10.1016/j.jpowsour.2010.12.040,12,1,20562102,6,0.02664444834957509,13,5
3,10.1016/j.jpowsour.2010.12.040,12,2,20562103,4,0.014202759815569626,13,5
3,10.1016/j.jpowsour.2010.12.040,12,2,20562103,5,0.017587219295757427,13,5
3,10.1016/j.jpowsour.2010.12.040,12,2,20562103,6,0.02485565654219512,13,5
3,10.1016/j.jpowsour.2010.12.040,13,0,20562201,4,0.009493506112043816,13,5
3,10.1016/j.jpowsour.2010.12.040,13,0,20562201,5,0.010513481112374677,13,5
3,10.1016/j.jpowsour.2010.12.040,13,0,20562201,6,0.011104592036885215,13,5
3,10.1016/j.jpowsour.2010.12.040,13,1,20562202,4,0.005716241627720611,13,5
3,10.1016/j.jpowsour.2010.12.040,13,1,20562202,5,0.006851367478102078,13,5
3,10.1016/j.jpowsour.2010.12.040,13,1,20562202,6,0.007621082930448823,13,5
3,10.1016/j.jpowsour.2010.12.040,13,2,20562203,4,0.015956183078814502,13,5
3,10.1016/j.jpowsour.2010.12.040,13,2,20562203,5,0.02809055545998441,13,5
3,10.1016/j.jpowsour.2010.12.040,13,2,20562203,6,0.03951640006631617,13,5
3,10.1016/j.jpowsour.2010.12.040,14,0,20562301,4,0.013358599028845914,13,5
3,10.1016/j.jpowsour.2010.12.040,14,0,20562301,5,0.015083222393938157,13,5
3,10.1016/j.jpowsour.2010.12.040,14,0,20562301,6,0.015879433639257454,13,5
3,10.1016/j.jpowsour.2010.12.040,14,1,20562302,4,0.00705406279968932,13,5
3,10.1016/j.jpowsour.2010.12.040,14,1,20562302,5,0.007981224187668477,13,5
3,10.1016/j.jpowsour.2010.12.040,14,1,20562302,6,0.008744053576904935,13,5
3,10.1016/j.jpowsour.2010.12.040,14,2,20562303,4,0.007874186029493451,13,5
3,10.1016/j.jpowsour.2010.12.040,14,2,20562303,5,0.016023123925662512,13,5
3,10.1016/j.jpowsour.2010.12.040,14,2,20562303,6,0.02393870156628718,13,5
3,10.1016/j.jpowsour.2010.12.040,15,0,20562401,4,0.005102967578709036,13,5
3,10.1016/j.jpowsour.2010.12.040,15,0,20562401,5,0.006429756192634808,13,5
3,10.1016/j.jpowsour.2010.12.040,15,0,20562401,6,0.008168964731197947,13,5
3,10.1016/j.jpowsour.2010.12.040,15,1,20562402,4,0.01048672341428658,13,5
3,10.1016/j.jpowsour.2010.12.040,15,1,20562402,5,0.010414656256430238,13,5
3,10.1016/j.jpowsour.2010.12.040,15,1,20562402,6,0.009921563039293393,13,5
3,10.1016/j.jpowsour.2010.12.040,15,2,20562403,4,0.010541509778268161,13,5
3,10.1016/j.jpowsour.2010.12.040,15,2,20562403,5,0.011750663494039573,13,5
3,10.1016/j.jpowsour.2010.12.040,15,2,20562403,6,0.012436576059607565,13,5
3,10.1016/j.jpowsour.2010.12.040,16,0,20562501,4,0.007387019910598388,13,5
3,10.1016/j.jpowsour.2010.12.040,16,0,20562501,5,0.008834425123077139,13,5
3,10.1016/j.jpowsour.2010.12.040,16,0,20562501,6,0.009828712316562824,13,5
3,10.1016/j.jpowsour.2010.12.040,16,1,20562502,4,0.007487584352392576,13,5
3,10.1016/j.jpowsour.2010.12.040,16,1,20562502,5,0.008909920577700743,13,5
3,10.1016/j.jpowsour.2010.12.040,16,1,20562502,6,0.009984472907249808,13,5
3,10.1016/j.jpowsour.2010.12.040,16,2,20562503,4,0.015754286068592402,13,5
3,10.1016/j.jpowsour.2010.12.040,16,2,20562503,5,0.02391084899267142,13,5
3,10.1016/j.jpowsour.2010.12.040,16,2,20562503,6,0.03152403730676338,13,5
3,10.1016/j.jpowsour.2010.12.040,17,0,20562601,4,0.010377048781742022,13,5
3,10.1016/j.jpowsour.2010.12.040,17,0,20562601,5,0.01137769769982292,13,5
3,10.1016/j.jpowsour.2010.12.040,17,0,20562601,6,0.011995708562421051,13,5
3,10.1016/j.jpowsour.2010.12.040,17,1,20562602,4,0.00648448388408388,13,5
3,10.1016/j.jpowsour.2010.12.040,17,1,20562602,5,0.006557415765280532,13,5
3,10.1016/j.jpowsour.2010.12.040,17,1,20562602,6,0.006036761495787306,13,5
3,10.1016/j.jpowsour.2010.12.040,17,2,20562603,4,0.008603895207272744,13,5
3,10.1016/j.jpowsour.2010.12.040,17,2,20562603,5,0.008401703612866424,13,5
3,10.1016/j.jpowsour.2010.12.040,17,2,20562603,6,0.007092944547992223,13,5
3,10.1016/j.jpowsour.2010.12.040,18,0,20562701,4,0.009714630487160598,13,5
3,10.1016/j.jpowsour.2010.12.040,18,0,20562701,5,0.010064495060614041,13,5
3,10.1016/j.jpowsour.2010.12.040,18,0,20562701,6,0.009423471031854407,13,5
3,10.1016/j.jpowsour.2010.12.040,18,1,20562702,4,0.008562747615135173,13,5
3,10.1016/j.jpowsour.2010.12.040,18,1,20562702,5,0.010202696667753966,13,5
3,10.1016/j.jpowsour.2010.12.040,18,1,20562702,6,0.011493600936017973,13,5
3,10.1016/j.jpowsour.2010.12.040,18,2,20562703,4,0.009707854035851487,13,5
3,10.1016/j.jpowsour.2010.12.040,18,2,20562703,5,0.011388808769734974,13,5
3,10.1016/j.jpowsour.2010.12.040,18,2,20562703,6,0.012685800536519326,13,5
3,10.1016/j.jpowsour.2010.12.040,19,0,20562801,4,0.008208414128665105,13,5
3,10.1016/j.jpowsour.2010.12.040,19,0,20562801,5,0.01297637145118884,13,5
3,10.1016/j.jpowsour.2010.12.040,19,0,20562801,6,0.018018052809104367,13,5
3,10.1016/j.jpowsour.2010.12.040,19,1,20562802,4,0.007392463836192178,13,5
3,10.1016/j.jpowsour.2010.12.040,19,1,20562802,5,0.007189791447322938,13,5
3,10.1016/j.jpowsour.2010.12.040,19,1,20562802,6,0.007091148496662571,13,5
3,10.1016/j.jpowsour.2010.12.040,19,2,20562803,4,0.006897697415782586,13,5
3,10.1016/j.jpowsour.2010.12.040,19,2,20562803,5,0.007661270702068476,13,5
3,10.1016/j.jpowsour.2010.12.040,19,2,20562803,6,0.008532252326441498,13,5
4,10.1016/j.jpowsour.2011.06.030,0,0,20660901,4,0.017598600833045576,13,5
4,10.1016/j.jpowsour.2011.06.030,0,0,20660901,5,0.02698678213669477,13,5
4,10.1016/j.jpowsour.2011.06.030,0,0,20660901,6,0.03554079270597867,13,5
4,10.1016/j.jpowsour.2011.06.030,0,1,20660902,4,0.018354815037949963,13,5
4,10.1016/j.jpowsour.2011.06.030,0,1,20660902,5,0.02129950409336933,13,5
4,10.1016/j.jpowsour.2011.06.030,0,1,20660902,6,0.028355512917505477,13,5
4,10.1016/j.jpowsour.2011.06.030,0,2,20660903,4,0.004313631113238766,13,5
4,10.1016/j.jpowsour.2011.06.030,0,2,20660903,5,0.005856273429271004,13,5
4,10.1016/j.jpowsour.2011.06.030,0,2,20660903,6,0.007234991364540323,13,5
4,10.1016/j.jpowsour.2011.06.030,1,0,20661001,4,0.017001747355272972,13,5
4,10.1016/j.jpowsour.2011.06.030,1,0,20661001,5,0.02631846010857824,13,5
4,10.1016/j.jpowsour.2011.06.030,1,0,20661001,6,0.035364422095223606,13,5
4,10.1016/j.jpowsour.2011.06.030,1,1,20661002,4,0.007962818867862346,13,5
4,10.1016/j.jpowsour.2011.06.030,1,1,20661002,5,0.008272420041156402,13,5
4,10.1016/j.jpowsour.2011.06.030,1,1,20661002,6,0.00818121302366645,13,5
4,10.1016/j.jpowsour.2011.06.030,1,2,20661003,4,0.004558686885428235,13,5
4,10.1016/j.jpowsour.2011.06.030,1,2,20661003,5,0.00558251186371374,13,5
4,10.1016/j.jpowsour.2011.06.030,1,2,20661003,6,0.006872538579405167,13,5
4,10.1016/j.jpowsour.2011.06.030,2,0,20661101,4,0.014634633133901787,13,5
4,10.1016/j.jpowsour.2011.06.030,2,0,20661101,5,0.017573516282329,13,5
4,10.1016/j.jpowsour.2011.06.030,2,0,20661101,6,0.0215528471236404,13,5
4,10.1016/j.jpowsour.2011.06.030,2,1,20661102,4,0.008948456245725045,13,5
4,10.1016/j.jpowsour.2011.06.030,2,1,20661102,5,0.009067304755128508,13,5
4,10.1016/j.jpowsour.2011.06.030,2,1,20661102,6,0.009851385768079975,13,5
4,10.1016/j.jpowsour.2011.06.030,2,2,20661103,4,0.006328955956784235,13,5
4,10.1016/j.jpowsour.2011.06.030,2,2,20661103,5,0.014839391090456955,13,5
4,10.1016/j.jpowsour.2011.06.030,2,2,20661103,6,0.02356671275637285,13,5
4,10.1016/j.jpowsour.2011.06.030,3,0,20661201,4,0.009973625556965163,13,5
4,10.1016/j.jpowsour.2011.06.030,3,0,20661201,5,0.01255927068901535,13,5
4,10.1016/j.jpowsour.2011.06.030,3,0,20661201,6,0.017392241732939566,13,5
4,10.1016/j.jpowsour.2011.06.030,3,1,20661202,4,0.01496140264836096,13,5
4,10.1016/j.jpowsour.2011.06.030,3,1,20661202,5,0.017106341370620188,13,5
4,10.1016/j.jpowsour.2011.06.030,3,1,20661202,6,0.02122649814986739,13,5
4,10.1016/j.jpowsour.2011.06.030,3,2,20661203,4,0.016217484616113814,13,5
4,10.1016/j.jpowsour.2011.06.030,3,2,20661203,5,0.018889859292283828,13,5
4,10.1016/j.jpowsour.2011.06.030,3,2,20661203,6,0.022968878740365167,13,5
4,10.1016/j.jpowsour.2011.06.030,4,0,20661301,4,0.010842003995496483,13,5
4,10.1016/j.jpowsour.2011.06.030,4,0,20661301,5,0.01324785222994419,13,5
4,10.1016/j.jpowsour.2011.06.030,4,0,20661301,6,0.017698182942601386,13,5
4,10.1016/j.jpowsour.2011.06.030,4,1,20661302,4,0.010154478222260083,13,5
4,10.1016/j.jpowsour.2011.06.030,4,1,20661302,5,0.010669224623903423,13,5
4,10.1016/j.jpowsour.2011.06.030,4,1,20661302,6,0.01037813971801548,13,5
4,10.1016/j.jpowsour.2011.06.030,4,2,20661303,4,0.010272077615904993,13,5
4,10.1016/j.jpowsour.2011.06.030,4,2,20661303,5,0.010710203571092317,13,5
4,10.1016/j.jpowsour.2011.06.030,4,2,20661303,6,0.01073688933883153,13,5
4,10.1016/j.jpowsour.2011.06.030,5,0,20661401,4,0.014466820821066411,13,5
4,10.1016/j.jpowsour.2011.06.030,5,0,20661401,5,0.01738912231926453,13,5
4,10.1016/j.jpowsour.2011.06.030,5,0,20661401,6,0.021675879364115802,13,5
4,10.1016/j.jpowsour.2011.06.030,5,1,20661402,4,0.01296155408252025,13,5
4,10.1016/j.jpowsour.2011.06.030,5,1,20661402,5,0.015312936988971303,13,5
4,10.1016/j.jpowsour.2011.06.030,5,1,20661402,6,0.019290799965911275,13,5
4,10.1016/j.jpowsour.2011.06.030,5,2,20661403,4,0.010759111780806347,13,5
4,10.1016/j.jpowsour.2011.06.030,5,2,20661403,5,0.011771552033666687,13,5
4,10.1016/j.jpowsour.2011.06.030,5,2,20661403,6,0.012299497395481983,13,5
4,10.1016/j.jpowsour.2011.06.030,6,0,20661501,4,0.010910567719127958,13,5
4,10.1016/j.jpowsour.2011.06.030,6,0,20661501,5,0.013712010581805744,13,5
4,10.1016/j.jpowsour.2011.06.030,6,0,20661501,6,0.01864138825249955,13,5
4,10.1016/j.jpowsour.2011.06.030,6,1,20661502,4,0.01021443458181617,13,5
4,10.1016/j.jpowsour.2011.06.030,6,1,20661502,5,0.010746391785910294,13,5
4,10.1016/j.jpowsour.2011.06.030,6,1,20661502,6,0.010998913287466806,13,5
4,10.1016/j.jpowsour.2011.06.030,6,2,20661503,4,0.013388156418027403,13,5
4,10.1016/j.jpowsour.2011.06.030,6,2,20661503,5,0.023178409648606162,13,5
4,10.1016/j.jpowsour.2011.06.030,6,2,20661503,6,0.03258403245784798,13,5
4,10.1016/j.jpowsour.2011.06.030,7,0,20661601,4,0.003856821117792661,13,5
4,10.1016/j.jpowsour.2011.06.030,7,0,20661601,5,0.005081029362245212,13,5
4,10.1016/j.jpowsour.2011.06.030,7,0,20661601,6,0.006131386277806854,13,5
4,10.1016/j.jpowsour.2011.06.030,7,1,20661602,4,0.011171177322218078,13,5
4,10.1016/j.jpowsour.2011.06.030,7,1,20661602,5,0.0118454663862016,13,5
4,10.1016/j.jpowsour.2011.06.030,7,1,20661602,6,0.012626624878035907,13,5
4,10.1016/j.jpowsour.2011.06.030,7,2,20661603,4,0.013327744911428307,13,5
4,10.1016/j.jpowsour.2011.06.030,7,2,20661603,5,0.015141956049579052,13,5
4,10.1016/j.jpowsour.2011.06.030,7,2,20661603,6,0.018316379836453733,13,5
4,10.1016/j.jpowsour.2011.06.030,8,0,20661701,4,0.011301761866641847,13,5
4,10.1016/j.jpowsour.2011.06.030,8,0,20661701,5,0.018828543722077706,13,5
4,10.1016/j.jpowsour.2011.06.030,8,0,20661701,6,0.025545934372818574,13,5
4,10.1016/j.jpowsour.2011.06.030,8,1,20661702,4,0.006143021984266907,13,5
4,10.1016/j.jpowsour.2011.06.030,8,1,20661702,5,0.00747262764141345,13,5
4,10.1016/j.jpowsour.2011.06.030,8,1,20661702,6,0.008555920331046176,13,5
4,10.1016/j.jpowsour.2011.06.030,8,2,20661703,4,0.015784506446620324,13,5
4,10.1016/j.jpowsour.2011.06.030,8,2,20661703,5,0.02110879968538093,13,5
4,10.1016/j.jpowsour.2011.06.030,8,2,20661703,6,0.027634294499860036,13,5
4,10.1016/j.jpowsour.2011.06.030,9,0,20661801,4,0.016138329463375005,13,5
4,10.1016/j.jpowsour.2011.06.030,9,0,20661801,5,0.01860732396382885,13,5
4,10.1016/j.jpowsour.2011.06.030,9,0,20661801,6,0.023905674514921434,13,5
4,10.1016/j.jpowsour.2011.06.030,9,1,20661802,4,0.012242351897146325,13,5
4,10.1016/j.jpowsour.2011.06.030,9,1,20661802,5,0.01412545228611684,13,5
4,10.1016/j.jpowsour.2011.06.030,9,1,20661802,6,0.018206505813681884,13,5
4,10.1016/j.jpowsour.2011.06.030,9,2,20661803,4,0.009470651540234066,13,5
4,10.1016/j.jpowsour.2011.06.030,9,2,20661803,5,0.009878210117316145,13,5
4,10.1016/j.jpowsour.2011.06.030,9,2,20661803,6,0.010346006530981996,13,5
4,10.1016/j.jpowsour.2011.06.030,10,0,20661901,4,0.012849673266320786,13,5
4,10.1016/j.jpowsour.2011.06.030,10,0,20661901,5,0.01654790593417686,13,5
4,10.1016/j.jpowsour.2011.06.030,10,0,20661901,6,0.021956494811528147,13,5
4,10.1016/j.jpowsour.2011.06.030,10,1,20661902,4,0.012054562031409057,13,5
4,10.1016/j.jpowsour.2011.06.030,10,1,20661902,5,0.011672946099238354,13,5
4,10.1016/j.jpowsour.2011.06.030,10,1,20661902,6,0.01033254397804174,13,5
4,10.1016/j.jpowsour.2011.06.030,10,2,20661903,4,0.006611935814404157,13,5
4,10.1016/j.jpowsour.2011.06.030,10,2,20661903,5,0.007176854941268381,13,5
4,10.1016/j.jpowsour.2011.06.030,10,2,20661903,6,0.008250280194749701,13,5
4,10.1016/j.jpowsour.2011.06.030,11,0,20662001,4,0.0073323884254819895,13,5
4,10.1016/j.jpowsour.2011.06.030,11,0,20662001,5,0.00872589550106124,13,5
4,10.1016/j.jpowsour.2011.06.030,11,0,20662001,6,0.009865395473279213,13,5
4,10.1016/j.jpowsour.2011.06.030,11,1,20662002,4,0.011822366680370216,13,5
4,10.1016/j.jpowsour.2011.06.030,11,1,20662002,5,0.015332475433001036,13,5
4,10.1016/j.jpowsour.2011.06.030,11,1,20662002,6,0.019033108362451343,13,5
4,10.1016/j.jpowsour.2011.06.030,11,2,20662003,4,0.005910471370139461,13,5
4,10.1016/j.jpowsour.2011.06.030,11,2,20662003,5,0.007270874404693867,13,5
4,10.1016/j.jpowsour.2011.06.030,11,2,20662003,6,0.008179697618472951,13,5
4,10.1016/j.jpowsour.2011.06.030,12,0,20662101,4,0.018130648500064506,13,5
4,10.1016/j.jpowsour.2011.06.030,12,0,20662101,5,0.029193804529838458,13,5
4,10.1016/j.jpowsour.2011.06.030,12,0,20662101,6,0.038726657276949,13,5
4,10.1016/j.jpowsour.2011.06.030,12,1,20662102,4,0.007342309281586745,13,5
4,10.1016/j.jpowsour.2011.06.030,12,1,20662102,5,0.015190430320799028,13,5
4,10.1016/j.jpowsour.2011.06.030,12,1,20662102,6,0.022946996964197535,13,5
4,10.1016/j.jpowsour.2011.06.030,12,2,20662103,4,0.008484151079016984,13,5
4,10.1016/j.jpowsour.2011.06.030,12,2,20662103,5,0.0101767892240562,13,5
4,10.1016/j.jpowsour.2011.06.030,12,2,20662103,6,0.011272983761694496,13,5
4,10.1016/j.jpowsour.2011.06.030,13,0,20662201,4,0.004124523575792139,13,5
4,10.1016/j.jpowsour.2011.06.030,13,0,20662201,5,0.0050003838324554255,13,5
4,10.1016/j.jpowsour.2011.06.030,13,0,20662201,6,0.0060852188377417534,13,5
4,10.1016/j.jpowsour.2011.06.030,13,1,20662202,4,0.009384033550208459,13,5
4,10.1016/j.jpowsour.2011.06.030,13,1,20662202,5,0.010951583071078522,13,5
4,10.1016/j.jpowsour.2011.06.030,13,1,20662202,6,0.011524472388163017,13,5
4,10.1016/j.jpowsour.2011.06.030,13,2,20662203,4,0.0064877425510772736,13,5
4,10.1016/j.jpowsour.2011.06.030,13,2,20662203,5,0.01461939477852375,13,5
4,10.1016/j.jpowsour.2011.06.030,13,2,20662203,6,0.021906901075301733,13,5
4,10.1016/j.jpowsour.2011.06.030,14,0,20662301,4,0.014222093400711441,13,5
4,10.1016/j.jpowsour.2011.06.030,14,0,20662301,5,0.018487369393892977,13,5
4,10.1016/j.jpowsour.2011.06.030,14,0,20662301,6,0.024593434060084567,13,5
4,10.1016/j.jpowsour.2011.06.030,14,1,20662302,4,0.014845049374151412,13,5
4,10.1016/j.jpowsour.2011.06.030,14,1,20662302,5,0.025225079636650227,13,5
4,10.1016/j.jpowsour.2011.06.030,14,1,20662302,6,0.035592361938555,13,5
4,10.1016/j.jpowsour.2011.06.030,14,2,20662303,4,0.015139363831340596,13,5
4,10.1016/j.jpowsour.2011.06.030,14,2,20662303,5,0.017725666613742783,13,5
4,10.1016/j.jpowsour.2011.06.030,14,2,20662303,6,0.020339662934266957,13,5
4,10.1016/j.jpowsour.2011.06.030,15,0,20662401,4,0.00874395303162848,13,5
4,10.1016/j.jpowsour.2011.06.030,15,0,20662401,5,0.009627511213131495,13,5
4,10.1016/j.jpowsour.2011.06.030,15,0,20662401,6,0.009817383869131242,13,5
4,10.1016/j.jpowsour.2011.06.030,15,1,20662402,4,0.010311561236561883,13,5
4,10.1016/j.jpowsour.2011.06.030,15,1,20662402,5,0.010760712859658789,13,5
4,10.1016/j.jpowsour.2011.06.030,15,1,20662402,6,0.011594974898535202,13,5
4,10.1016/j.jpowsour.2011.06.030,15,2,20662403,4,0.01839801603751825,13,5
4,10.1016/j.jpowsour.2011.06.030,15,2,20662403,5,0.02864121018325232,13,5
4,10.1016/j.jpowsour.2011.06.030,15,2,20662403,6,0.039149031988214573,13,5
4,10.1016/j.jpowsour.2011.06.030,16,0,20662501,4,0.009818558435831414,13,5
4,10.1016/j.jpowsour.2011.06.030,16,0,20662501,5,0.010301280567647014,13,5
4,10.1016/j.jpowsour.2011.06.030,16,0,20662501,6,0.010651716912498034,13,5
4,10.1016/j.jpowsour.2011.06.030,16,1,20662502,4,0.007016099492838841,13,5
4,10.1016/j.jpowsour.2011.06.030,16,1,20662502,5,0.007761674190058475,13,5
4,10.1016/j.jpowsour.2011.06.030,16,1,20662502,6,0.008700291346338115,13,5
4,10.1016/j.jpowsour.2011.06.030,16,2,20662503,4,0.019534485352904116,13,5
4,10.1016/j.jpowsour.2011.06.030,16,2,20662503,5,0.02863262184519868,13,5
4,10.1016/j.jpowsour.2011.06.030,16,2,20662503,6,0.03655961861945189,13,5
4,10.1016/j.jpowsour.2011.06.030,17,0,20662601,4,0.016717739866877024,13,5
4,10.1016/j.jpowsour.2011.06.030,17,0,20662601,5,0.021466048895634565,13,5
4,10.1016/j.jpowsour.2011.06.030,17,0,20662601,6,0.027460671579068417,13,5
4,10.1016/j.jpowsour.2011.06.030,17,1,20662602,4,0.006189555448827269,13,5
4,10.1016/j.jpowsour.2011.06.030,17,1,20662602,5,0.014294109278872796,13,5
4,10.1016/j.jpowsour.2011.06.030,17,1,20662602,6,0.023361654245911505,13,5
4,10.1016/j.jpowsour.2011.06.030,17,2,20662603,4,0.014686106511977836,13,5
4,10.1016/j.jpowsour.2011.06.030,17,2,20662603,5,0.016735970918848618,13,5
4,10.1016/j.jpowsour.2011.06.030,17,2,20662603,6,0.02074954736112535,13,5
4,10.1016/j.jpowsour.2011.06.030,18,0,20662701,4,0.010015114643869744,13,5
4,10.1016/j.jpowsour.2011.06.030,18,0,20662701,5,0.010544052053958993,13,5
4,10.1016/j.jpowsour.2011.06.030,18,0,20662701,6,0.010710064824041934,13,5
4,10.1016/j.jpowsour.2011.06.030,18,1,20662702,4,0.007469636295385615,13,5
4,10.1016/j.jpowsour.2011.06.030,18,1,20662702,5,0.014572564045185341,13,5
4,10.1016/j.jpowsour.2011.06.030,18,1,20662702,6,0.022636069411088804,13,5
4,10.1016/j.jpowsour.2011.06.030,18,2,20662703,4,0.014477696614295288,13,5
4,10.1016/j.jpowsour.2011.06.030,18,2,20662703,5,0.017095254298032,13,5
4,10.1016/j.jpowsour.2011.06.030,18,2,20662703,6,0.020702181141305183,13,5
4,10.1016/j.jpowsour.2011.06.030,19,0,20662801,4,0.0074518982833070135,13,5
4,10.1016/j.jpowsour.2011.06.030,19,0,20662801,5,0.016229944087706356,13,5
4,10.1016/j.jpowsour.2011.06.030,19,0,20662801,6,0.02426097121380231,13,5
4,10.1016/j.jpowsour.2011.06.030,19,1,20662802,4,0.01263814680005434,13,5
4,10.1016/j.jpowsour.2011.06.030,19,1,20662802,5,0.0186812288669593,13,5
4,10.1016/j.jpowsour.2011.06.030,19,1,20662802,6,0.02611427582185353,13,5
4,10.1016/j.jpowsour.2011.06.030,19,2,20662803,4,0.006916718664024735,13,5
4,10.1016/j.jpowsour.2011.06.030,19,2,20662803,5,0.008732418441803735,13,5
4,10.1016/j.jpowsour.2011.06.030,19,2,20662803,6,0.009857068064535374,13,5
5,10.1016/j.jpowsour.2011.07.071,0,0,20760901,4,0.007384608208964442,13,5
5,10.1016/j.jpowsour.2011.07.071,0,0,20760901,5,0.00702017808621237,13,5
5,10.1016/j.jpowsour.2011.07.071,0,0,20760901,6,0.006854747929473918,13,5
5,10.1016/j.jpowsour.2011.07.071,0,1,20760902,4,0.009039250615243206,13,5
5,10.1016/j.jpowsour.2011.07.071,0,1,20760902,5,0.009410204267219873,13,5
5,10.1016/j.jpowsour.2011.07.071,0,1,20760902,6,0.009517763476534217,13,5
5,10.1016/j.jpowsour.2011.07.071,0,2,20760903,4,0.010614687125523827,13,5
5,10.1016/j.jpowsour.2011.07.071,0,2,20760903,5,0.011618534194484146,13,5
5,10.1016/j.jpowsour.2011.07.071,0,2,20760903,6,0.0122021565872183,13,5
5,10.1016/j.jpowsour.2011.07.071,1,0,20761001,4,0.010681540510440905,13,5
5,10.1016/j.jpowsour.2011.07.071,1,0,20761001,5,0.010955255368328136,13,5
5,10.1016/j.jpowsour.2011.07.071,1,0,20761001,6,0.010624604361588618,13,5
5,10.1016/j.jpowsour.2011.07.071,1,1,20761002,4,0.007494190359837427,13,5
5,10.1016/j.jpowsour.2011.07.071,1,1,20761002,5,0.016235603763101583,13,5
5,10.1016/j.jpowsour.2011.07.071,1,1,20761002,6,0.024859032477499893,13,5
5,10.1016/j.jpowsour.2011.07.071,1,2,20761003,4,0.010770254295660319,13,5
5,10.1016/j.jpowsour.2011.07.071,1,2,20761003,5,0.011734448840019954,13,5
5,10.1016/j.jpowsour.2011.07.071,1,2,20761003,6,0.012364149727108635,13,5
5,10.1016/j.jpowsour.2011.07.071,2,0,20761101,4,0.010129486421538068,13,5
5,10.1016/j.jpowsour.2011.07.071,2,0,20761101,5,0.010222940912123897,13,5
5,10.1016/j.jpowsour.2011.07.071,2,0,20761101,6,0.009875282140745966,13,5
5,10.1016/j.jpowsour.2011.07.071,2,1,20761102,4,0.005783035507608297,13,5
5,10.1016/j.jpowsour.2011.07.071,2,1,20761102,5,0.014094501998311396,13,5
5,10.1016/j.jpowsour.2011.07.071,2,1,20761102,6,0.022604416700396167,13,5
5,10.1016/j.jpowsour.2011.07.071,2,2,20761103,4,0.01601843387345824,13,5
5,10.1016/j.jpowsour.2011.07.071,2,2,20761103,5,0.018355587052014528,13,5
5,10.1016/j.jpowsour.2011.07.071,2,2,20761103,6,0.022775487480043943,13,5
5,10.1016/j.jpowsour.2011.07.071,3,0,20761201,4,0.005783232117749207,13,5
5,10.1016/j.jpowsour.2011.07.071,3,0,20761201,5,0.015375871459304507,13,5
5,10.1016/j.jpowsour.2011.07.071,3,0,20761201,6,0.024577171366145883,13,5
5,10.1016/j.jpowsour.2011.07.071,3,1,20761202,4,0.009724883550957934,13,5
5,10.1016/j.jpowsour.2011.07.071,3,1,20761202,5,0.011837643400446764,13,5
5,10.1016/j.jpowsour.2011.07.071,3,1,20761202,6,0.0128392680313689,13,5
5,10.1016/j.jpowsour.2011.07.071,3,2,20761203,4,0.008367619049966626,13,5
5,10.1016/j.jpowsour.2011.07.071,3,2,20761203,5,0.009446890028054636,13,5
5,10.1016/j.jpowsour.2011.07.071,3,2,20761203,6,0.010082326996586333,13,5
5,10.1016/j.jpowsour.2011.07.071,4,0,20761301,4,0.014579726119332786,13,5
5,10.1016/j.jpowsour.2011.07.071,4,0,20761301,5,0.016841323330449874,13,5
5,10.1016/j.jpowsour.2011.07.071,4,0,20761301,6,0.02153974108501216,13,5
5,10.1016/j.jpowsour.2011.07.071,4,1,20761302,4,0.01199531985701799,13,5
5,10.1016/j.jpowsour.2011.07.071,4,1,20761302,5,0.015157968746185949,13,5
5,10.1016/j.jpowsour.2011.07.071,4,1,20761302,6,0.020907852621623594,13,5
5,10.1016/j.jpowsour.2011.07.071,4,2,20761303,4,0.016215357030653955,13,5
5,10.1016/j.jpowsour.2011.07.071,4,2,20761303,5,0.01889420027332826,13,5
5,10.1016/j.jpowsour.2011.07.071,4,2,20761303,6,0.022918047815014376,13,5
5,10.1016/j.jpowsour.2011.07.071,5,0,20761401,4,0.007116907676221458,13,5
5,10.1016/j.jpowsour.2011.07.071,5,0,20761401,5,0.008704899637933175,13,5
5,10.1016/j.jpowsour.2011.07.071,5,0,20761401,6,0.009469097639833893,13,5
5,10.1016/j.jpowsour.2011.07.071,5,1,20761402,4,0.00841204721577616,13,5
5,10.1016/j.jpowsour.2011.07.071,5,1,20761402,5,0.016030308950974015,13,5
5,10.1016/j.jpowsour.2011.07.071,5,1,20761402,6,0.023337831330603236,13,5
5,10.1016/j.jpowsour.2011.07.071,5,2,20761403,4,0.008862554538477629,13,5
5,10.1016/j.jpowsour.2011.07.071,5,2,20761403,5,0.014581464909399716,13,5
5,10.1016/j.jpowsour.2011.07.071,5,2,20761403,6,0.020173188144307568,13,5
5,10.1016/j.jpowsour.2011.07.071,6,0,20761501,4,0.014373939569597705,13,5
5,10.1016/j.jpowsour.2011.07.071,6,0,20761501,5,0.01776227870703259,13,5
5,10.1016/j.jpowsour.2011.07.071,6,0,20761501,6,0.023287508118150717,13,5
5,10.1016/j.jpowsour.2011.07.071,6,1,20761502,4,0.005723949136336215,13,5
5,10.1016/j.jpowsour.2011.07.071,6,1,20761502,5,0.006122084956821693,13,5
5,10.1016/j.jpowsour.2011.07.071,6,1,20761502,6,0.006703567650688987,13,5
5,10.1016/j.jpowsour.2011.07.071,6,2,20761503,4,0.014545242797913333,13,5
5,10.1016/j.jpowsour.2011.07.071,6,2,20761503,5,0.019350353155241688,13,5
5,10.1016/j.jpowsour.2011.07.071,6,2,20761503,6,0.025551590958396587,13,5
5,10.1016/j.jpowsour.2011.07.071,7,0,20761601,4,0.008990069693883652,13,5
5,10.1016/j.jpowsour.2011.07.071,7,0,20761601,5,0.009825415373400332,13,5
5,10.1016/j.jpowsour.2011.07.071,7,0,20761601,6,0.010449192878075067,13,5
5,10.1016/j.jpowsour.2011.07.071,7,1,20761602,4,0.005482197273043948,13,5
5,10.1016/j.jpowsour.2011.07.071,7,1,20761602,5,0.006399995501491579,13,5
5,10.1016/j.jpowsour.2011.07.071,7,1,20761602,6,0.00744555479998526,13,5
5,10.1016/j.jpowsour.2011.07.071,7,2,20761603,4,0.012478295655600134,13,5
5,10.1016/j.jpowsour.2011.07.071,7,2,20761603,5,0.013299134764752581,13,5
5,10.1016/j.jpowsour.2011.07.071,7,2,20761603,6,0.013496720732299483,13,5
5,10.1016/j.jpowsour.2011.07.071,8,0,20761701,4,0.009009466652461441,13,5
5,10.1016/j.jpowsour.2011.07.071,8,0,20761701,5,0.009729280942700981,13,5
5,10.1016/j.jpowsour.2011.07.071,8,0,20761701,6,0.011450971848558558,13,5
5,10.1016/j.jpowsour.2011.07.071,8,1,20761702,4,0.006250535683898939,13,5
5,10.1016/j.jpowsour.2011.07.071,8,1,20761702,5,0.01375005724424297,13,5
5,10.1016/j.jpowsour.2011.07.071,8,1,20761702,6,0.021551302988062564,13,5
5,10.1016/j.jpowsour.2011.07.071,8,2,20761703,4,0.010559136755107043,13,5
5,10.1016/j.jpowsour.2011.07.071,8,2,20761703,5,0.011391389354121585,13,5
5,10.1016/j.jpowsour.2011.07.071,8,2,20761703,6,0.012036243868705812,13,5
5,10.1016/j.jpowsour.2011.07.071,9,0,20761801,4,0.004330478659525128,13,5
5,10.1016/j.jpowsour.2011.07.071,9,0,20761801,5,0.0049326609328015055,13,5
5,10.1016/j.jpowsour.2011.07.071,9,0,20761801,6,0.005655520573500087,13,5
5,10.1016/j.jpowsour.2011.07.071,9,1,20761802,4,0.009932279194914385,13,5
5,10.1016/j.jpowsour.2011.07.071,9,1,20761802,5,0.010796112299233102,13,5
5,10.1016/j.jpowsour.2011.07.071,9,1,20761802,6,0.011183733057707129,13,5
5,10.1016/j.jpowsour.2011.07.071,9,2,20761803,4,0.014743842384562705,13,5
5,10.1016/j.jpowsour.2011.07.071,9,2,20761803,5,0.016677865001245594,13,5
5,10.1016/j.jpowsour.2011.07.071,9,2,20761803,6,0.021336358568186168,13,5
5,10.1016/j.jpowsour.2011.07.071,10,0,20761901,4,0.0069127572711236845,13,5
5,10.1016/j.jpowsour.2011.07.071,10,0,20761901,5,0.008108025897648346,13,5
5,10.1016/j.jpowsour.2011.07.071,10,0,20761901,6,0.008968865571146015,13,5
5,10.1016/j.jpowsour.2011.07.071,10,1,20761902,4,0.013588082423557283,13,5
5,10.1016/j.jpowsour.2011.07.071,10,1,20761902,5,0.018568661822443953,13,5
5,10.1016/j.jpowsour.2011.07.071,10,1,20761902,6,0.024581618212698723,13,5
5,10.1016/j.jpowsour.2011.07.071,10,2,20761903,4,0.013497938776567108,13,5
5,10.1016/j.jpowsour.2011.07.071,10,2,20761903,5,0.015248823954579948,13,5
5,10.1016/j.jpowsour.2011.07.071,10,2,20761903,6,0.01918668328432102,13,5
5,10.1016/j.jpowsour.2011.07.071,11,0,20762001,4,0.006301569888346234,13,5
5,10.1016/j.jpowsour.2011.07.071,11,0,20762001,5,0.0077370699931052665,13,5
5,10.1016/j.jpowsour.2011.07.071,11,0,20762001,6,0.008294004231977532,13,5
5,10.1016/j.jpowsour.2011.07.071,11,1,20762002,4,0.0143915237487656,13,5
5,10.1016/j.jpowsour.2011.07.071,11,1,20762002,5,0.016673902963752377,13,5
5,10.1016/j.jpowsour.2011.07.071,11,1,20762002,6,0.02059814807991182,13,5
5,10.1016/j.jpowsour.2011.07.071,11,2,20762003,4,0.01104498856419264,13,5
5,10.1016/j.jpowsour.2011.07.071,11,2,20762003,5,0.014093986433916128,13,5
5,10.1016/j.jpowsour.2011.07.071,11,2,20762003,6,0.019838088917620567,13,5
5,10.1016/j.jpowsour.2011.07.071,12,0,20762101,4,0.013201083084719784,13,5
5,10.1016/j.jpowsour.2011.07.071,12,0,20762101,5,0.013324698043234584,13,5
5,10.1016/j.jpowsour.2011.07.071,12,0,20762101,6,0.013103140359407461,13,5
5,10.1016/j.jpowsour.2011.07.071,12,1,20762102,4,0.010732891680734973,13,5
5,10.1016/j.jpowsour.2011.07.071,12,1,20762102,5,0.013266915404712748,13,5
5,10.1016/j.jpowsour.2011.07.071,12,1,20762102,6,0.017613180049264758,13,5
5,10.1016/j.jpowsour.2011.07.071,12,2,20762103,4,0.012066430693873718,13,5
5,10.1016/j.jpowsour.2011.07.071,12,2,20762103,5,0.015527707949999487,13,5
5,10.1016/j.jpowsour.2011.07.071,12,2,20762103,6,0.02125122075572073,13,5
5,10.1016/j.jpowsour.2011.07.071,13,0,20762201,4,0.00636944275269709,13,5
5,10.1016/j.jpowsour.2011.07.071,13,0,20762201,5,0.01482581666773306,13,5
5,10.1016/j.jpowsour.2011.07.071,13,0,20762201,6,0.022423197631063336,13,5
5,10.1016/j.jpowsour.2011.07.071,13,1,20762202,4,0.011637964493674987,13,5
5,10.1016/j.jpowsour.2011.07.071,13,1,20762202,5,0.0164928775375646,13,5
5,10.1016/j.jpowsour.2011.07.071,13,1,20762202,6,0.02139875595353228,13,5
5,10.1016/j.jpowsour.2011.07.071,13,2,20762203,4,0.006089406330205443,13,5
5,10.1016/j.jpowsour.2011.07.071,13,2,20762203,5,0.007716126814846183,13,5
5,10.1016/j.jpowsour.2011.07.071,13,2,20762203,6,0.00909761354846792,13,5
5,10.1016/j.jpowsour.2011.07.071,14,0,20762301,4,0.0037186788610833583,13,5
5,10.1016/j.jpowsour.2011.07.071,14,0,20762301,5,0.004484397411735892,13,5
5,10.1016/j.jpowsour.2011.07.071,14,0,20762301,6,0.005269342341949046,13,5
5,10.1016/j.jpowsour.2011.07.071,14,1,20762302,4,0.014909624347235103,13,5
5,10.1016/j.jpowsour.2011.07.071,14,1,20762302,5,0.018106009170017652,13,5
5,10.1016/j.jpowsour.2011.07.071,14,1,20762302,6,0.024520220126567814,13,5
5,10.1016/j.jpowsour.2011.07.071,14,2,20762303,4,0.0097768531839442,13,5
5,10.1016/j.jpowsour.2011.07.071,14,2,20762303,5,0.016506554065250385,13,5
5,10.1016/j.jpowsour.2011.07.071,14,2,20762303,6,0.023366967091539636,13,5
5,10.1016/j.jpowsour.2011.07.071,15,0,20762401,4,0.009413335288672353,13,5
5,10.1016/j.jpowsour.2011.07.071,15,0,20762401,5,0.010274196348271153,13,5
5,10.1016/j.jpowsour.2011.07.071,15,0,20762401,6,0.010806794667377257,13,5
5,10.1016/j.jpowsour.2011.07.071,15,1,20762402,4,0.020682340915162866,13,5
5,10.1016/j.jpowsour.2011.07.071,15,1,20762402,5,0.022443229536834836,13,5
5,10.1016/j.jpowsour.2011.07.071,15,1,20762402,6,0.02876165983715081,13,5
5,10.1016/j.jpowsour.2011.07.071,15,2,20762403,4,0.012403629631536659,13,5
5,10.1016/j.jpowsour.2011.07.071,15,2,20762403,5,0.01529899085657504,13,5
5,10.1016/j.jpowsour.2011.07.071,15,2,20762403,6,0.02061180146603685,13,5
5,10.1016/j.jpowsour.2011.07.071,16,0,20762501,4,0.00980456534557502,13,5
5,10.1016/j.jpowsour.2011.07.071,16,0,20762501,5,0.010573007017596017,13,5
5,10.1016/j.jpowsour.2011.07.071,16,0,20762501,6,0.010934205944998419,13,5
5,10.1016/j.jpowsour.2011.07.071,16,1,20762502,4,0.010635194905341547,13,5
5,10.1016/j.jpowsour.2011.07.071,16,1,20762502,5,0.0111107174141536,13,5
5,10.1016/j.jpowsour.2011.07.071,16,1,20762502,6,0.010645238765670537,13,5
5,10.1016/j.jpowsour.2011.07.071,16,2,20762503,4,0.016001000038197967,13,5
5,10.1016/j.jpowsour.2011.07.071,16,2,20762503,5,0.019982143492821597,13,5
5,10.1016/j.jpowsour.2011.07.071,16,2,20762503,6,0.02612859969075017,13,5
5,10.1016/j.jpowsour.2011.07.071,17,0,20762601,4,0.008842588030874007,13,5
5,10.1016/j.jpowsour.2011.07.071,17,0,20762601,5,0.010180628403208117,13,5
5,10.1016/j.jpowsour.2011.07.071,17,0,20762601,6,0.011000215314278297,13,5
5,10.1016/j.jpowsour.2011.07.071,17,1,20762602,4,0.014478698498408058,13,5
5,10.1016/j.jpowsour.2011.07.071,17,1,20762602,5,0.02457046396934444,13,5
5,10.1016/j.jpowsour.2011.07.071,17,1,20762602,6,0.03509760199658485,13,5
5,10.1016/j.jpowsour.2011.07.071,17,2,20762603,4,0.009693907755193548,13,5
5,10.1016/j.jpowsour.2011.07.071,17,2,20762603,5,0.016492240994750107,13,5
5,10.1016/j.jpowsour.2011.07.071,17,2,20762603,6,0.022829923658747295,13,5
5,10.1016/j.jpowsour.2011.07.071,18,0,20762701,4,0.008644691697640884,13,5
5,10.1016/j.jpowsour.2011.07.071,18,0,20762701,5,0.009305495877247775,13,5
5,10.1016/j.jpowsour.2011.07.071,18,0,20762701,6,0.0096123836107198,13,5
5,10.1016/j.jpowsour.2011.07.071,18,1,20762702,4,0.006729041498465189,13,5
5,10.1016/j.jpowsour.2011.07.071,18,1,20762702,5,0.007793545189694921,13,5
5,10.1016/j.jpowsour.2011.07.071,18,1,20762702,6,0.008853618292354643,13,5
5,10.1016/j.jpowsour.2011.07.071,18,2,20762703,4,0.013667227546924444,13,5
5,10.1016/j.jpowsour.2011.07.071,18,2,20762703,5,0.01600595455826399,13,5
5,10.1016/j.jpowsour.2011.07.071,18,2,20762703,6,0.022895171686786814,13,5
5,10.1016/j.jpowsour.2011.07.071,19,0,20762801,4,0.008646616142206303,13,5
5,10.1016/j.jpowsour.2011.07.071,19,0,20762801,5,0.008900696473303328,13,5
5,10.1016/j.jpowsour.2011.07.071,19,0,20762801,6,0.009159774107817273,13,5
5,10.1016/j.jpowsour.2011.07.071,19,1,20762802,4,0.00959838390685176,13,5
5,10.1016/j.jpowsour.2011.07.071,19,1,20762802,5,0.010055564909036929,13,5
5,10.1016/j.jpowsour.2011.07.071,19,1,20762802,6,0.010232685553583037,13,5
5,10.1016/j.jpowsour.2011.07.071,19,2,20762803,4,0.006139562807468191,13,5
5,10.1016/j.jpowsour.2011.07.071,19,2,20762803,5,0.014526642841472365,13,5
5,10.1016/j.jpowsour.2011.07.071,19,2,20762803,6,0.022766936002745812,13,5
6,10.1021/JE020219O,0,0,20860901,4,0.007112387171653804,13,5
6,10.1021/JE020219O,0,0,20860901,5,0.007304560264580921,13,5
6,10.1021/JE020219O,0,0,20860901,6,0.0072925681807984675,13,5
6,10.1021/JE020219O,0,1,20860902,4,0.010403736097489943,13,5
6,10.1021/JE020219O,0,1,20860902,5,0.01110657137054301,13,5
6,10.1021/JE020219O,0,1,20860902,6,0.011534582212404405,13,5
6,10.1021/JE020219O,0,2,20860903,4,0.011619653705399408,13,5
6,10.1021/JE020219O,0,2,20860903,5,0.019367792615726614,13,5
6,10.1021/JE020219O,0,2,20860903,6,0.026773873707934125,13,5
6,10.1021/JE020219O,1,0,20861001,4,0.008401903642817397,13,5
6,10.1021/JE020219O,1,0,20861001,5,0.00945406442128237,13,5
6,10.1021/JE020219O,1,0,20861001,6,0.010172855431663963,13,5
6,10.1021/JE020219O,1,1,20861002,4,0.007822208278707844,13,5
6,10.1021/JE020219O,1,1,20861002,5,0.016407900229836382,13,5
6,10.1021/JE020219O,1,1,20861002,6,0.024263358218541368,13,5
6,10.1021/JE020219O,1,2,20861003,4,0.007405206685705684,13,5
6,10.1021/JE020219O,1,2,20861003,5,0.009614621491724203,13,5
6,10.1021/JE020219O,1,2,20861003,6,0.011498057441443065,13,5
6,10.1021/JE020219O,2,0,20861101,4,0.01149666509991168,13,5
6,10.1021/JE020219O,2,0,20861101,5,0.011649595149630017,13,5
6,10.1021/JE020219O,2,0,20861101,6,0.011030119825094479,13,5
6,10.1021/JE020219O,2,1,20861102,4,0.008737803010598361,13,5
6,10.1021/JE020219O,2,1,20861102,5,0.008573043430976746,13,5
6,10.1021/JE020219O,2,1,20861102,6,0.008049763875216411,13,5
6,10.1021/JE020219O,2,2,20861103,4,0.00980725787785602,13,5
6,10.1021/JE020219O,2,2,20861103,5,0.015655824175506074,13,5
6,10.1021/JE020219O,2,2,20861103,6,0.021378501901928155,13,5
6,10.1021/JE020219O,3,0,20861201,4,0.012982916537031004,13,5
6,10.1021/JE020219O,3,0,20861201,5,0.020135080675403188,13,5
6,10.1021/JE020219O,3,0,20861201,6,0.02812507684596764,13,5
6,10.1021/JE020219O,3,1,20861202,4,0.006640999579280621,13,5
6,10.1021/JE020219O,3,1,20861202,5,0.01294870542136935,13,5
6,10.1021/JE020219O,3,1,20861202,6,0.019055237803727247,13,5
6,10.1021/JE020219O,3,2,20861203,4,0.014222357205636856,13,5
6,10.1021/JE020219O,3,2,20861203,5,0.01932503621670676,13,5
6,10.1021/JE020219O,3,2,20861203,6,0.025710327241732195,13,5
6,10.1021/JE020219O,4,0,20861301,4,0.010638145689685163,13,5
6,10.1021/JE020219O,4,0,20861301,5,0.010488287586865971,13,5
6,10.1021/JE020219O,4,0,20861301,6,0.009751751691318497,13,5
6,10.1021/JE020219O,4,1,20861302,4,0.008056466423146696,13,5
6,10.1021/JE020219O,4,1,20861302,5,0.008342096200831876,13,5
6,10.1021/JE020219O,4,1,20861302,6,0.008516175189132797,13,5
6,10.1021/JE020219O,4,2,20861303,4,0.014086051328165927,13,5
6,10.1021/JE020219O,4,2,20861303,5,0.01759598265633712,13,5
6,10.1021/JE020219O,4,2,20861303,6,0.02292509007717386,13,5
6,10.1021/JE020219O,5,0,20861401,4,0.01405126693527282,13,5
6,10.1021/JE020219O,5,0,20861401,5,0.0158525793721925,13,5
6,10.1021/JE020219O,5,0,20861401,6,0.019909396849856126,13,5
6,10.1021/JE020219O,5,1,20861402,4,0.013413240838548762,13,5
6,10.1021/JE020219O,5,1,20861402,5,0.015706898270782824,13,5
6,10.1021/JE020219O,5,1,20861402,6,0.022345968840780918,13,5
6,10.1021/JE020219O,5,2,20861403,4,0.014081290469803474,13,5
6,10.1021/JE020219O,5,2,20861403,5,0.019801054402451924,13,5
6,10.1021/JE020219O,5,2,20861403,6,0.027347668826291804,13,5
6,10.1021/JE020219O,6,0,20861501,4,0.014476976252937646,13,5
6,10.1021/JE020219O,6,0,20861501,5,0.017957055995871437,13,5
6,10.1021/JE020219O,6,0,20861501,6,0.023794241078118245,13,5
6,10.1021/JE020219O,6,1,20861502,4,0.017132276090708425,13,5
6,10.1021/JE020219O,6,1,20861502,5,0.02695574618034836,13,5
6,10.1021/JE020219O,6,1,20861502,6,0.035658734273730175,13,5
6,10.1021/JE020219O,6,2,20861503,4,0.005311479745129645,13,5
6,10.1021/JE020219O,6,2,20861503,5,0.007058016853019317,13,5
6,10.1021/JE020219O,6,2,20861503,6,0.009213516605631602,13,5
6,10.1021/JE020219O,7,0,20861601,4,0.015917360873970526,13,5
6,10.1021/JE020219O,7,0,20861601,5,0.02093967637449806,13,5
6,10.1021/JE020219O,7,0,20861601,6,0.027446218634842784,13,5
6,10.1021/JE020219O,7,1,20861602,4,0.0067758571619998985,13,5
6,10.1021/JE020219O,7,1,20861602,5,0.008621298605829358,13,5
6,10.1021/JE020219O,7,1,20861602,6,0.010243551746015551,13,5
6,10.1021/JE020219O,7,2,20861603,4,0.013642545170907888,13,5
6,10.1021/JE020219O,7,2,20861603,5,0.01851410320748322,13,5
6,10.1021/JE020219O,7,2,20861603,6,0.025593418620071074,13,5
6,10.1021/JE020219O,8,0,20861701,4,0.011526105447449145,13,5
6,10.1021/JE020219O,8,0,20861701,5,0.014749196589254943,13,5
6,10.1021/JE020219O,8,0,20861701,6,0.02001350622895916,13,5
6,10.1021/JE020219O,8,1,20861702,4,0.009386087825515229,13,5
6,10.1021/JE020219O,8,1,20861702,5,0.016973810585633048,13,5
6,10.1021/JE020219O,8,1,20861702,6,0.025678815586529687,13,5
6,10.1021/JE020219O,8,2,20861703,4,0.012480155991459619,13,5
6,10.1021/JE020219O,8,2,20861703,5,0.013845212884401242,13,5
6,10.1021/JE020219O,8,2,20861703,6,0.015505371470322415,13,5
6,10.1021/JE020219O,9,0,20861801,4,0.015873089787225222,13,5
6,10.1021/JE020219O,9,0,20861801,5,0.020926420814105638,13,5
6,10.1021/JE020219O,9,0,20861801,6,0.028370790950143138,13,5
6,10.1021/JE020219O,9,1,20861802,4,0.011954429142368616,13,5
6,10.1021/JE020219O,9,1,20861802,5,0.018398196729591924,13,5
6,10.1021/JE020219O,9,1,20861802,6,0.026431214154217602,13,5
6,10.1021/JE020219O,9,2,20861803,4,0.010996006286205482,13,5
6,10.1021/JE020219O,9,2,20861803,5,0.014102872550362761,13,5
6,10.1021/JE020219O,9,2,20861803,6,0.018603027168856503,13,5
6,10.1021/JE020219O,10,0,20861901,4,0.015333690807353176,13,5
6,10.1021/JE020219O,10,0,20861901,5,0.0176519580899208,13,5
6,10.1021/JE020219O,10,0,20861901,6,0.02211921439360961,13,5
6,10.1021/JE020219O,10,1,20861902,4,0.015621706298150883,13,5
6,10.1021/JE020219O,10,1,20861902,5,0.0184321902772058,13,5
6,10.1021/JE020219O,10,1,20861902,6,0.02262359530315035,13,5
6,10.1021/JE020219O,10,2,20861903,4,0.007113498354961781,13,5
6,10.1021/JE020219O,10,2,20861903,5,0.01383673922799294,13,5
6,10.1021/JE020219O,10,2,20861903,6,0.02042708033163252,13,5
6,10.1021/JE020219O,11,0,20862001,4,0.01292188508580593,13,5
6,10.1021/JE020219O,11,0,20862001,5,0.015535542641958843,13,5
6,10.1021/JE020219O,11,0,20862001,6,0.019704671563334032,13,5
6,10.1021/JE020219O,11,1,20862002,4,0.006383041845941575,13,5
6,10.1021/JE020219O,11,1,20862002,5,0.008516549246467612,13,5
6,10.1021/JE020219O,11,1,20862002,6,0.010454374904869805,13,5
6,10.1021/JE020219O,11,2,20862003,4,0.007074996394463696,13,5
6,10.1021/JE020219O,11,2,20862003,5,0.014149578404794574,13,5
6,10.1021/JE020219O,11,2,20862003,6,0.022516889209001793,13,5
6,10.1021/JE020219O,12,0,20862101,4,0.017843980022771433,13,5
6,10.1021/JE020219O,12,0,20862101,5,0.026444094513169362,13,5
6,10.1021/JE020219O,12,0,20862101,6,0.037606021120129736,13,5
6,10.1021/JE020219O,12,1,20862102,4,0.011027305656584184,13,5
6,10.1021/JE020219O,12,1,20862102,5,0.01026013250660147,13,5
6,10.1021/JE020219O,12,1,20862102,6,0.008659978183852102,13,5
6,10.1021/JE020219O,12,2,20862103,4,0.01663962364289344,13,5
6,10.1021/JE020219O,12,2,20862103,5,0.027223095152769862,13,5
6,10.1021/JE020219O,12,2,20862103,6,0.03645906435693473,13,5
6,10.1021/JE020219O,13,0,20862201,4,0.011340952704703842,13,5
6,10.1021/JE020219O,13,0,20862201,5,0.01257443639477535,13,5
6,10.1021/JE020219O,13,0,20862201,6,0.013751244273805774,13,5
6,10.1021/JE020219O,13,1,20862202,4,0.012118342494673251,13,5
6,10.1021/JE020219O,13,1,20862202,5,0.013061050937975587,13,5
6,10.1021/JE020219O,13,1,20862202,6,0.012839839034831962,13,5
6,10.1021/JE020219O,13,2,20862203,4,0.014329439102288007,13,5
6,10.1021/JE020219O,13,2,20862203,5,0.016237109306225204,13,5
6,10.1021/JE020219O,13,2,20862203,6,0.02144892135830155,13,5
6,10.1021/JE020219O,14,0,20862301,4,0.012623128438575045,13,5
6,10.1021/JE020219O,14,0,20862301,5,0.015884350327436327,13,5
6,10.1021/JE020219O,14,0,20862301,6,0.020245640791100597,13,5
6,10.1021/JE020219O,14,1,20862302,4,0.008098652218128399,13,5
6,10.1021/JE020219O,14,1,20862302,5,0.015709564202773935,13,5
6,10.1021/JE020219O,14,1,20862302,6,0.024126459915218765,13,5
6,10.1021/JE020219O,14,2,20862303,4,0.01508094250527022,13,5
6,10.1021/JE020219O,14,2,20862303,5,0.01918758757331835,13,5
6,10.1021/JE020219O,14,2,20862303,6,0.025268161901752694,13,5
6,10.1021/JE020219O,15,0,20862401,4,0.017335725616764795,13,5
6,10.1021/JE020219O,15,0,20862401,5,0.02800554514013772,13,5
6,10.1021/JE020219O,15,0,20862401,6,0.037140944119133726,13,5
6,10.1021/JE020219O,15,1,20862402,4,0.014605642942593117,13,5
6,10.1021/JE020219O,15,1,20862402,5,0.0184637651870306,13,5
6,10.1021/JE020219O,15,1,20862402,6,0.023666377817049212,13,5
6,10.1021/JE020219O,15,2,20862403,4,0.01244461053299679,13,5
6,10.1021/JE020219O,15,2,20862403,5,0.01173246042653699,13,5
6,10.1021/JE020219O,15,2,20862403,6,0.010506398516238,13,5
6,10.1021/JE020219O,16,0,20862501,4,0.014560721771009717,13,5
6,10.1021/JE020219O,16,0,20862501,5,0.016738711450223192,13,5
6,10.1021/JE020219O,16,0,20862501,6,0.02041796483423794,13,5
6,10.1021/JE020219O,16,1,20862502,4,0.009591084083824919,13,5
6,10.1021/JE020219O,16,1,20862502,5,0.01630725028164227,13,5
6,10.1021/JE020219O,16,1,20862502,6,0.023458786506643185,13,5
6,10.1021/JE020219O,16,2,20862503,4,0.010978141030683735,13,5
6,10.1021/JE020219O,16,2,20862503,5,0.010910009645494033,13,5
6,10.1021/JE020219O,16,2,20862503,6,0.010769802996411277,13,5
6,10.1021/JE020219O,17,0,20862601,4,0.016385052865425655,13,5
6,10.1021/JE020219O,17,0,20862601,5,0.02559880896089245,13,5
6,10.1021/JE020219O,17,0,20862601,6,0.0352848574128001,13,5
6,10.1021/JE020219O,17,1,20862602,4,0.014971818599380293,13,5
6,10.1021/JE020219O,17,1,20862602,5,0.01845277031333581,13,5
6,10.1021/JE020219O,17,1,20862602,6,0.025368429669503402,13,5
6,10.1021/JE020219O,17,2,20862603,4,0.014569542731806861,13,5
6,10.1021/JE020219O,17,2,20862603,5,0.01887334232561378,13,5
6,10.1021/JE020219O,17,2,20862603,6,0.025793538820771254,13,5
6,10.1021/JE020219O,18,0,20862701,4,0.012969401110484047,13,5
6,10.1021/JE020219O,18,0,20862701,5,0.019918017839394918,13,5
6,10.1021/JE020219O,18,0,20862701,6,0.027664977836114945,13,5
6,10.1021/JE020219O,18,1,20862702,4,0.0070467322257231095,13,5
6,10.1021/JE020219O,18,1,20862702,5,0.015730329197841765,13,5
6,10.1021/JE020219O,18,1,20862702,6,0.025017817588841963,13,5
6,10.1021/JE020219O,18,2,20862703,4,0.017131654145168585,13,5
6,10.1021/JE020219O,18,2,20862703,5,0.01901560498082805,13,5
6,10.1021/JE020219O,18,2,20862703,6,0.025756827103984452,13,5
6,10.1021/JE020219O,19,0,20862801,4,0.009411042484028005,13,5
6,10.1021/JE020219O,19,0,20862801,5,0.018616539428847854,13,5
6,10.1021/JE020219O,19,0,20862801,6,0.029187203210928582,13,5
6,10.1021/JE020219O,19,1,20862802,4,0.009688140583456439,13,5
6,10.1021/JE020219O,19,1,20862802,5,0.009836944531007731,13,5
6,10.1021/JE020219O,19,1,20862802,6,0.009662859027209352,13,5
6,10.1021/JE020219O,19,2,20862803,4,0.009056966004281363,13,5
6,10.1021/JE020219O,19,2,20862803,5,0.009496791257116503,13,5
6,10.1021/JE020219O,19,2,20862803,6,0.009774141344829249,13,5
7,10.1021/je0498863,0,0,20960901,4,0.008105081956032123,13,5
7,10.1021/je0498863,0,0,20960901,5,0.013835995505624605,13,5
7,10.1021/je0498863,0,0,20960901,6,0.019589040642092784,13,5
7,10.1021/je0498863,0,1,20960902,4,0.009562356298925613,13,5
7,10.1021/je0498863,0,1,20960902,5,0.017770633872634913,13,5
7,10.1021/je0498863,0,1,20960902,6,0.02428394283232959,13,5
7,10.1021/je0498863,0,2,20960903,4,0.012323234141921362,13,5
7,10.1021/je0498863,0,2,20960903,5,0.014411573449505177,13,5
7,10.1021/je0498863,0,2,20960903,6,0.015750905058742076,13,5
7,10.1021/je0498863,1,0,20961001,4,0.011286888483142493,13,5
7,10.1021/je0498863,1,0,20961001,5,0.01482815252575212,13,5
7,10.1021/je0498863,1,0,20961001,6,0.01981700803409959,13,5
7,10.1021/je0498863,1,1,20961002,4,0.0064959344207536325,13,5
7,10.1021/je0498863,1,1,20961002,5,0.006838108587420624,13,5
7,10.1021/je0498863,1,1,20961002,6,0.007040950280625,13,5
7,10.1021/je0498863,1,2,20961003,4,0.007883136863893862,13,5
7,10.1021/je0498863,1,2,20961003,5,0.007416003817276884,13,5
7,10.1021/je0498863,1,2,20961003,6,0.0069215323216273925,13,5
7,10.1021/je0498863,2,0,20961101,4,0.009608590751960978,13,5
7,10.1021/je0498863,2,0,20961101,5,0.009390056207736008,13,5
7,10.1021/je0498863,2,0,20961101,6,0.008355317213868198,13,5
7,10.1021/je0498863,2,1,20961102,4,0.011341280742325145,13,5
7,10.1021/je0498863,2,1,20961102,5,0.012921944430306476,13,5
7,10.1021/je0498863,2,1,20961102,6,0.014415808989109168,13,5
7,10.1021/je0498863,2,2,20961103,4,0.014657285845816163,13,5
7,10.1021/je0498863,2,2,20961103,5,0.015009855866377741,13,5
7,10.1021/je0498863,2,2,20961103,6,0.014483861830134037,13,5
7,10.1021/je0498863,3,0,20961201,4,0.005591884721814005,13,5
7,10.1021/je0498863,3,0,20961201,5,0.006485006170725359,13,5
7,10.1021/je0498863,3,0,20961201,6,0.007546818073297848,13,5
7,10.1021/je0498863,3,1,20961202,4,0.012902455353812015,13,5
7,10.1021/je0498863,3,1,20961202,5,0.014870641448597122,13,5
7,10.1021/je0498863,3,1,20961202,6,0.018678053397207198,13,5
7,10.1021/je0498863,3,2,20961203,4,0.015501858704010923,13,5
7,10.1021/je0498863,3,2,20961203,5,0.020876441475743246,13,5
7,10.1021/je0498863,3,2,20961203,6,0.027613330957579486,13,5
7,10.1021/je0498863,4,0,20961301,4,0.005302835357637398,13,5
7,10.1021/je0498863,4,0,20961301,5,0.006411419913461487,13,5
7,10.1021/je0498863,4,0,20961301,6,0.007271352537847766,13,5
7,10.1021/je0498863,4,1,20961302,4,0.014142414829985423,13,5
7,10.1021/je0498863,4,1,20961302,5,0.01935707455209821,13,5
7,10.1021/je0498863,4,1,20961302,6,0.02786351333425191,13,5
7,10.1021/je0498863,4,2,20961303,4,0.014889527744017871,13,5
7,10.1021/je0498863,4,2,20961303,5,0.017340031095034958,13,5
7,10.1021/je0498863,4,2,20961303,6,0.021267258019707476,13,5
7,10.1021/je0498863,5,0,20961401,4,0.005620903569112853,13,5
7,10.1021/je0498863,5,0,20961401,5,0.006629057028569796,13,5
7,10.1021/je0498863,5,0,20961401,6,0.006996018963093498,13,5
7,10.1021/je0498863,5,1,20961402,4,0.008556200788401898,13,5
7,10.1021/je0498863,5,1,20961402,5,0.010312930549625447,13,5
7,10.1021/je0498863,5,1,20961402,6,0.011691621733633275,13,5
7,10.1021/je0498863,5,2,20961403,4,0.0061363104409709116,13,5
7,10.1021/je0498863,5,2,20961403,5,0.006985181680584272,13,5
7,10.1021/je0498863,5,2,20961403,6,0.007527085969585329,13,5
7,10.1021/je0498863,6,0,20961501,4,0.013501793420158458,13,5
7,10.1021/je0498863,6,0,20961501,5,0.0209972381061047,13,5
7,10.1021/je0498863,6,0,20961501,6,0.026970944981782475,13,5
7,10.1021/je0498863,6,1,20961502,4,0.012623027457921815,13,5
7,10.1021/je0498863,6,1,20961502,5,0.014780110968070284,13,5
7,10.1021/je0498863,6,1,20961502,6,0.018827472346304615,13,5
7,10.1021/je0498863,6,2,20961503,4,0.009458120631939484,13,5
7,10.1021/je0498863,6,2,20961503,5,0.010030925851179404,13,5
7,10.1021/je0498863,6,2,20961503,6,0.010201536799187741,13,5
7,10.1021/je0498863,7,0,20961601,4,0.0040649067332465556,13,5
7,10.1021/je0498863,7,0,20961601,5,0.004533576217848165,13,5
7,10.1021/je0498863,7,0,20961601,6,0.004747087196216885,13,5
7,10.1021/je0498863,7,1,20961602,4,0.008242298633849888,13,5
7,10.1021/je0498863,7,1,20961602,5,0.016188297743769946,13,5
7,10.1021/je0498863,7,1,20961602,6,0.024255109968618967,13,5
7,10.1021/je0498863,7,2,20961603,4,0.009093222035859645,13,5
7,10.1021/je0498863,7,2,20961603,5,0.009942733510976397,13,5
7,10.1021/je0498863,7,2,20961603,6,0.011100468609138136,13,5
7,10.1021/je0498863,8,0,20961701,4,0.009032563727719512,13,5
7,10.1021/je0498863,8,0,20961701,5,0.009582211551470585,13,5
7,10.1021/je0498863,8,0,20961701,6,0.009454651359124698,13,5
7,10.1021/je0498863,8,1,20961702,4,0.012366222795117166,13,5
7,10.1021/je0498863,8,1,20961702,5,0.014109305622296587,13,5
7,10.1021/je0498863,8,1,20961702,6,0.014868509013173072,13,5
7,10.1021/je0498863,8,2,20961703,4,0.008063556070991532,13,5
7,10.1021/je0498863,8,2,20961703,5,0.00984848753936807,13,5
7,10.1021/je0498863,8,2,20961703,6,0.010666857003873334,13,5
7,10.1021/je0498863,9,0,20961801,4,0.007490245120338528,13,5
7,10.1021/je0498863,9,0,20961801,5,0.015461661235533209,13,5
7,10.1021/je0498863,9,0,20961801,6,0.023979619993476763,13,5
7,10.1021/je0498863,9,1,20961802,4,0.016166608915123643,13,5
7,10.1021/je0498863,9,1,20961802,5,0.01885667289877842,13,5
7,10.1021/je0498863,9,1,20961802,6,0.026030125457336774,13,5
7,10.1021/je0498863,9,2,20961803,4,0.014801242033307816,13,5
7,10.1021/je0498863,9,2,20961803,5,0.01780449093064485,13,5
7,10.1021/je0498863,9,2,20961803,6,0.021171903408786913,13,5
7,10.1021/je0498863,10,0,20961901,4,0.011390240921477678,13,5
7,10.1021/je0498863,10,0,20961901,5,0.014634907225836819,13,5
7,10.1021/je0498863,10,0,20961901,6,0.019252400701386823,13,5
7,10.1021/je0498863,10,1,20961902,4,0.008056948077720363,13,5
7,10.1021/je0498863,10,1,20961902,5,0.008144108839815901,13,5
7,10.1021/je0498863,10,1,20961902,6,0.007685210164458613,13,5
7,10.1021/je0498863,10,2,20961903,4,0.014931733217520154,13,5
7,10.1021/je0498863,10,2,20961903,5,0.01764200783851568,13,5
7,10.1021/je0498863,10,2,20961903,6,0.0247803264747731,13,5
7,10.1021/je0498863,11,0,20962001,4,0.009815780635598502,13,5
7,10.1021/je0498863,11,0,20962001,5,0.00831903159790682,13,5
7,10.1021/je0498863,11,0,20962001,6,0.0056969183744001416,13,5
7,10.1021/je0498863,11,1,20962002,4,0.007947802264234262,13,5
7,10.1021/je0498863,11,1,20962002,5,0.008410485748451435,13,5
7,10.1021/je0498863,11,1,20962002,6,0.00873606595457563,13,5
7,10.1021/je0498863,11,2,20962003,4,0.007496474266260031,13,5
7,10.1021/je0498863,11,2,20962003,5,0.017040184167346394,13,5
7,10.1021/je0498863,11,2,20962003,6,0.026529714489334,13,5
7,10.1021/je0498863,12,0,20962101,4,0.011010632545362194,13,5
7,10.1021/je0498863,12,0,20962101,5,0.012029695934813683,13,5
7,10.1021/je0498863,12,0,20962101,6,0.012333373563672555,13,5
7,10.1021/je0498863,12,1,20962102,4,0.013216938505348047,13,5
7,10.1021/je0498863,12,1,20962102,5,0.015578491047089934,13,5
7,10.1021/je0498863,12,1,20962102,6,0.01940372215624632,13,5
7,10.1021/je0498863,12,2,20962103,4,0.015331970465323752,13,5
7,10.1021/je0498863,12,2,20962103,5,0.020379666741500196,13,5
7,10.1021/je0498863,12,2,20962103,6,0.027037534975307108,13,5
7,10.1021/je0498863,13,0,20962201,4,0.010132471445521665,13,5
7,10.1021/je0498863,13,0,20962201,5,0.011690542416267206,13,5
7,10.1021/je0498863,13,0,20962201,6,0.01335183791232293,13,5
7,10.1021/je0498863,13,1,20962202,4,0.005684639802904469,13,5
7,10.1021/je0498863,13,1,20962202,5,0.0071084373325642465,13,5
7,10.1021/je0498863,13,1,20962202,6,0.008341556082942053,13,5
7,10.1021/je0498863,13,2,20962203,4,0.004598223931294701,13,5
7,10.1021/je0498863,13,2,20962203,5,0.004758635581402574,13,5
7,10.1021/je0498863,13,2,20962203,6,0.004824085729986121,13,5
7,10.1021/je0498863,14,0,20962301,4,0.007900047152051889,13,5
7,10.1021/je0498863,14,0,20962301,5,0.009190719082482124,13,5
7,10.1021/je0498863,14,0,20962301,6,0.00952685276217006,13,5
7,10.1021/je0498863,14,1,20962302,4,0.012447012816753623,13,5
7,10.1021/je0498863,14,1,20962302,5,0.01544841656147145,13,5
7,10.1021/je0498863,14,1,20962302,6,0.021163010388459597,13,5
7,10.1021/je0498863,14,2,20962303,4,0.01193854143464259,13,5
7,10.1021/je0498863,14,2,20962303,5,0.01216092060905748,13,5
7,10.1021/je0498863,14,2,20962303,6,0.011596615190935203,13,5
7,10.1021/je0498863,15,0,20962401,4,0.01777027621050336,13,5
7,10.1021/je0498863,15,0,20962401,5,0.019895244136941583,13,5
7,10.1021/je0498863,15,0,20962401,6,0.02258576637669678,13,5
7,10.1021/je0498863,15,1,20962402,4,0.006747469726228987,13,5
7,10.1021/je0498863,15,1,20962402,5,0.01285481244462695,13,5
7,10.1021/je0498863,15,1,20962402,6,0.018522030002626075,13,5
7,10.1021/je0498863,15,2,20962403,4,0.013688403251598771,13,5
7,10.1021/je0498863,15,2,20962403,5,0.018603161365693687,13,5
7,10.1021/je0498863,15,2,20962403,6,0.025753073248436942,13,5
7,10.1021/je0498863,16,0,20962501,4,0.009303221184858795,13,5
7,10.1021/je0498863,16,0,20962501,5,0.01632947522776095,13,5
7,10.1021/je0498863,16,0,20962501,6,0.022642756313648774,13,5
7,10.1021/je0498863,16,1,20962502,4,0.009480483385128856,13,5
7,10.1021/je0498863,16,1,20962502,5,0.010156863386772182,13,5
7,10.1021/je0498863,16,1,20962502,6,0.010421066600882756,13,5
7,10.1021/je0498863,16,2,20962503,4,0.011355531960730726,13,5
7,10.1021/je0498863,16,2,20962503,5,0.011217257716570247,13,5
7,10.1021/je0498863,16,2,20962503,6,0.010502141635079936,13,5
7,10.1021/je0498863,17,0,20962601,4,0.007572178862668591,13,5
7,10.1021/je0498863,17,0,20962601,5,0.00904804246186691,13,5
7,10.1021/je0498863,17,0,20962601,6,0.009955307522127928,13,5
7,10.1021/je0498863,17,1,20962602,4,0.01366528252152584,13,5
7,10.1021/je0498863,17,1,20962602,5,0.016066709437701124,13,5
7,10.1021/je0498863,17,1,20962602,6,0.02330285078411996,13,5
7,10.1021/je0498863,17,2,20962603,4,0.008643876351306277,13,5
7,10.1021/je0498863,17,2,20962603,5,0.00980251871233231,13,5
7,10.1021/je0498863,17,2,20962603,6,0.010515371502671372,13,5
7,10.1021/je0498863,18,0,20962701,4,0.017269829506619965,13,5
7,10.1021/je0498863,18,0,20962701,5,0.022744134780901842,13,5
7,10.1021/je0498863,18,0,20962701,6,0.029781151521659267,13,5
7,10.1021/je0498863,18,1,20962702,4,0.0142907785299277,13,5
7,10.1021/je0498863,18,1,20962702,5,0.017531279001454052,13,5
7,10.1021/je0498863,18,1,20962702,6,0.02270708705723811,13,5
7,10.1021/je0498863,18,2,20962703,4,0.006319291493775808,13,5
7,10.1021/je0498863,18,2,20962703,5,0.007225642158959612,13,5
7,10.1021/je0498863,18,2,20962703,6,0.007594623106654199,13,5
7,10.1021/je0498863,19,0,20962801,4,0.007855752662183649,13,5
7,10.1021/je0498863,19,0,20962801,5,0.007761232729541651,13,5
7,10.1021/je0498863,19,0,20962801,6,0.006507560141931698,13,5
7,10.1021/je0498863,19,1,20962802,4,0.014069994345874077,13,5
7,10.1021/je0498863,19,1,20962802,5,0.01767543194630044,13,5
7,10.1021/je0498863,19,1,20962802,6,0.02276288682715929,13,5
7,10.1021/je0498863,19,2,20962803,4,0.013950383912706915,13,5
7,10.1021/je0498863,19,2,20962803,5,0.017742678903174415,13,5
7,10.1021/je0498863,19,2,20962803,6,0.023040340712239878,13,5
8,10.1149/1.1344281,0,0,21060901,4,0.00830249350415173,13,5
8,10.1149/1.1344281,0,0,21060901,5,0.016093441593068684,13,5
8,10.1149/1.1344281,0,0,21060901,6,0.023461485582583035,13,5
8,10.1149/1.1344281,0,1,21060902,4,0.013042585419523106,13,5
8,10.1149/1.1344281,0,1,21060902,5,0.014565778087948702,13,5
8,10.1149/1.1344281,0,1,21060902,6,0.01852376229728399,13,5
8,10.1149/1.1344281,0,2,21060903,4,0.006833501543032872,13,5
8,10.1149/1.1344281,0,2,21060903,5,0.008116358528237652,13,5
8,10.1149/1.1344281,0,2,21060903,6,0.00964977783870968,13,5
8,10.1149/1.1344281,1,0,21061001,4,0.007711118078875115,13,5
8,10.1149/1.1344281,1,0,21061001,5,0.007490222078116178,13,5
8,10.1149/1.1344281,1,0,21061001,6,0.007210878618825326,13,5
8,10.1149/1.1344281,1,1,21061002,4,0.011503005491136684,13,5
8,10.1149/1.1344281,1,1,21061002,5,0.01956508336112252,13,5
8,10.1149/1.1344281,1,1,21061002,6,0.027469292066463015,13,5
8,10.1149/1.1344281,1,2,21061003,4,0.005298794995135379,13,5
8,10.1149/1.1344281,1,2,21061003,5,0.00589611429569372,13,5
8,10.1149/1.1344281,1,2,21061003,6,0.006383739661147357,13,5
8,10.1149/1.1344281,2,0,21061101,4,0.014554024214354908,13,5
8,10.1149/1.1344281,2,0,21061101,5,0.015954793874655003,13,5
8,10.1149/1.1344281,2,0,21061101,6,0.019920721016338024,13,5
8,10.1149/1.1344281,2,1,21061102,4,0.005218142703127604,13,5
8,10.1149/1.1344281,2,1,21061102,5,0.013488713138014755,13,5
8,10.1149/1.1344281,2,1,21061102,6,0.021922213746340923,13,5
8,10.1149/1.1344281,2,2,21061103,4,0.008635739228886078,13,5
8,10.1149/1.1344281,2,2,21061103,5,0.00928243952039345,13,5
8,10.1149/1.1344281,2,2,21061103,6,0.009119360314520718,13,5
8,10.1149/1.1344281,3,0,21061201,4,0.008486620201585342,13,5
8,10.1149/1.1344281,3,0,21061201,5,0.017167454784674137,13,5
8,10.1149/1.1344281,3,0,21061201,6,0.02553657177344657,13,5
8,10.1149/1.1344281,3,1,21061202,4,0.007827823236447446,13,5
8,10.1149/1.1344281,3,1,21061202,5,0.009310058156476283,13,5
8,10.1149/1.1344281,3,1,21061202,6,0.01039533921930788,13,5
8,10.1149/1.1344281,3,2,21061203,4,0.007803524295241974,13,5
8,10.1149/1.1344281,3,2,21061203,5,0.0163090759288984,13,5
8,10.1149/1.1344281,3,2,21061203,6,0.024494413287261377,13,5
8,10.1149/1.1344281,4,0,21061301,4,0.012949989409561564,13,5
8,10.1149/1.1344281,4,0,21061301,5,0.012915806956522466,13,5
8,10.1149/1.1344281,4,0,21061301,6,0.011934554666446068,13,5
8,10.1149/1.1344281,4,1,21061302,4,0.008076466556392865,13,5
8,10.1149/1.1344281,4,1,21061302,5,0.016089139666963376,13,5
8,10.1149/1.1344281,4,1,21061302,6,0.023769741557995838,13,5
8,10.1149/1.1344281,4,2,21061303,4,0.01426147824698919,13,5
8,10.1149/1.1344281,4,2,21061303,5,0.01643956021656672,13,5
8,10.1149/1.1344281,4,2,21061303,6,0.020288619425156466,13,5
8,10.1149/1.1344281,5,0,21061401,4,0.012004551464681703,13,5
8,10.1149/1.1344281,5,0,21061401,5,0.01538120246123137,13,5
8,10.1149/1.1344281,5,0,21061401,6,0.02024666316477576,13,5
8,10.1149/1.1344281,5,1,21061402,4,0.006093016603806774,13,5
8,10.1149/1.1344281,5,1,21061402,5,0.006805928213701892,13,5
8,10.1149/1.1344281,5,1,21061402,6,0.007205246052507759,13,5
8,10.1149/1.1344281,5,2,21061403,4,0.008967342886894937,13,5
8,10.1149/1.1344281,5,2,21061403,5,0.011393224437144394,13,5
8,10.1149/1.1344281,5,2,21061403,6,0.015592235239975155,13,5
8,10.1149/1.1344281,6,0,21061501,4,0.012447791693728893,13,5
8,10.1149/1.1344281,6,0,21061501,5,0.01389599084055097,13,5
8,10.1149/1.1344281,6,0,21061501,6,0.016959608950350445,13,5
8,10.1149/1.1344281,6,1,21061502,4,0.005794089249990739,13,5
8,10.1149/1.1344281,6,1,21061502,5,0.00706364055293483,13,5
8,10.1149/1.1344281,6,1,21061502,6,0.007434938699272507,13,5
8,10.1149/1.1344281,6,2,21061503,4,0.004420508821536534,13,5
8,10.1149/1.1344281,6,2,21061503,5,0.005493569743696572,13,5
8,10.1149/1.1344281,6,2,21061503,6,0.00655435865601484,13,5
8,10.1149/1.1344281,7,0,21061601,4,0.015878154541055466,13,5
8,10.1149/1.1344281,7,0,21061601,5,0.017319298087210264,13,5
8,10.1149/1.1344281,7,0,21061601,6,0.017662583029584004,13,5
8,10.1149/1.1344281,7,1,21061602,4,0.006529688011431783,13,5
8,10.1149/1.1344281,7,1,21061602,5,0.007807838416812564,13,5
8,10.1149/1.1344281,7,1,21061602,6,0.008684722027452445,13,5
8,10.1149/1.1344281,7,2,21061603,4,0.007010121936942207,13,5
8,10.1149/1.1344281,7,2,21061603,5,0.008692204094958886,13,5
8,10.1149/1.1344281,7,2,21061603,6,0.009560139798142617,13,5
8,10.1149/1.1344281,8,0,21061701,4,0.008138963657486526,13,5
8,10.1149/1.1344281,8,0,21061701,5,0.008470572190061,13,5
8,10.1149/1.1344281,8,0,21061701,6,0.009241884159996891,13,5
8,10.1149/1.1344281,8,1,21061702,4,0.010102831039349522,13,5
8,10.1149/1.1344281,8,1,21061702,5,0.018574678960327017,13,5
8,10.1149/1.1344281,8,1,21061702,6,0.026243522123768848,13,5
8,10.1149/1.1344281,8,2,21061703,4,0.013345807780577293,13,5
8,10.1149/1.1344281,8,2,21061703,5,0.019336072763708877,13,5
8,10.1149/1.1344281,8,2,21061703,6,0.026662869110537595,13,5
8,10.1149/1.1344281,9,0,21061801,4,0.01215973934041484,13,5
8,10.1149/1.1344281,9,0,21061801,5,0.013743346869265594,13,5
8,10.1149/1.1344281,9,0,21061801,6,0.017539595001173844,13,5
8,10.1149/1.1344281,9,1,21061802,4,0.012723898329163891,13,5
8,10.1149/1.1344281,9,1,21061802,5,0.018533994122362563,13,5
8,10.1149/1.1344281,9,1,21061802,6,0.026000807222756356,13,5
8,10.1149/1.1344281,9,2,21061803,4,0.01097438292040783,13,5
8,10.1149/1.1344281,9,2,21061803,5,0.010964627450371679,13,5
8,10.1149/1.1344281,9,2,21061803,6,0.011454775708152124,13,5
8,10.1149/1.1344281,10,0,21061901,4,0.00543792144874943,13,5
8,10.1149/1.1344281,10,0,21061901,5,0.006180665690401146,13,5
8,10.1149/1.1344281,10,0,21061901,6,0.006929504338565628,13,5
8,10.1149/1.1344281,10,1,21061902,4,0.004671290297100601,13,5
8,10.1149/1.1344281,10,1,21061902,5,0.005339156435344668,13,5
8,10.1149/1.1344281,10,1,21061902,6,0.006440243356544339,13,5
8,10.1149/1.1344281,10,2,21061903,4,0.008831081826135213,13,5
8,10.1149/1.1344281,10,2,21061903,5,0.01658804087017305,13,5
8,10.1149/1.1344281,10,2,21061903,6,0.02445651160486927,13,5
8,10.1149/1.1344281,11,0,21062001,4,0.00888455456131013,13,5
8,10.1149/1.1344281,11,0,21062001,5,0.011579188428091242,13,5
8,10.1149/1.1344281,11,0,21062001,6,0.01581868044339775,13,5
8,10.1149/1.1344281,11,1,21062002,4,0.011123420654309935,13,5
8,10.1149/1.1344281,11,1,21062002,5,0.011905091417131204,13,5
8,10.1149/1.1344281,11,1,21062002,6,0.012301454542845702,13,5
8,10.1149/1.1344281,11,2,21062003,4,0.012600772009404793,13,5
8,10.1149/1.1344281,11,2,21062003,5,0.0143107309974304,13,5
8,10.1149/1.1344281,11,2,21062003,6,0.017397724923985048,13,5
8,10.1149/1.1344281,12,0,21062101,4,0.0104061746896035,13,5
8,10.1149/1.1344281,12,0,21062101,5,0.012908923823053331,13,5
8,10.1149/1.1344281,12,0,21062101,6,0.01726675345866264,13,5
8,10.1149/1.1344281,12,1,21062102,4,0.006809025150382349,13,5
8,10.1149/1.1344281,12,1,21062102,5,0.01596818533113984,13,5
8,10.1149/1.1344281,12,1,21062102,6,0.024847901567235715,13,5
8,10.1149/1.1344281,12,2,21062103,4,0.010593309386803914,13,5
8,10.1149/1.1344281,12,2,21062103,5,0.012970134059375726,13,5
8,10.1149/1.1344281,12,2,21062103,6,0.014545759498583093,13,5
8,10.1149/1.1344281,13,0,21062201,4,0.012355253225239584,13,5
8,10.1149/1.1344281,13,0,21062201,5,0.012367234627172773,13,5
8,10.1149/1.1344281,13,0,21062201,6,0.012165217015782919,13,5
8,10.1149/1.1344281,13,1,21062202,4,0.007651861001374484,13,5
8,10.1149/1.1344281,13,1,21062202,5,0.009169673427405782,13,5
8,10.1149/1.1344281,13,1,21062202,6,0.010140054643946225,13,5
8,10.1149/1.1344281,13,2,21062203,4,0.009193889187054846,13,5
8,10.1149/1.1344281,13,2,21062203,5,0.01901596131519854,13,5
8,10.1149/1.1344281,13,2,21062203,6,0.028566867900272026,13,5
8,10.1149/1.1344281,14,0,21062301,4,0.010258666911304152,13,5
8,10.1149/1.1344281,14,0,21062301,5,0.017131606150934068,13,5
8,10.1149/1.1344281,14,0,21062301,6,0.024926687608023166,13,5
8,10.1149/1.1344281,14,1,21062302,4,0.008111718416811357,13,5
8,10.1149/1.1344281,14,1,21062302,5,0.01705102563245853,13,5
8,10.1149/1.1344281,14,1,21062302,6,0.026634421059710013,13,5
8,10.1149/1.1344281,14,2,21062303,4,0.012961920619419537,13,5
8,10.1149/1.1344281,14,2,21062303,5,0.015974833414756567,13,5
8,10.1149/1.1344281,14,2,21062303,6,0.017724491941290405,13,5
8,10.1149/1.1344281,15,0,21062401,4,0.009339208760445514,13,5
8,10.1149/1.1344281,15,0,21062401,5,0.009434357948756302,13,5
8,10.1149/1.1344281,15,0,21062401,6,0.00945058097160819,13,5
8,10.1149/1.1344281,15,1,21062402,4,0.010497524821155329,13,5
8,10.1149/1.1344281,15,1,21062402,5,0.019306203907082795,13,5
8,10.1149/1.1344281,15,1,21062402,6,0.02715785037091998,13,5
8,10.1149/1.1344281,15,2,21062403,4,0.012147852395130842,13,5
8,10.1149/1.1344281,15,2,21062403,5,0.015098911650585602,13,5
8,10.1149/1.1344281,15,2,21062403,6,0.01963249750947687,13,5
8,10.1149/1.1344281,16,0,21062501,4,0.013837067962388368,13,5
8,10.1149/1.1344281,16,0,21062501,5,0.01608761648361852,13,5
8,10.1149/1.1344281,16,0,21062501,6,0.017220296319007698,13,5
8,10.1149/1.1344281,16,1,21062502,4,0.007231224308276045,13,5
8,10.1149/1.1344281,16,1,21062502,5,0.01566056166374111,13,5
8,10.1149/1.1344281,16,1,21062502,6,0.02472315237596647,13,5
8,10.1149/1.1344281,16,2,21062503,4,0.015494853258044039,13,5
8,10.1149/1.1344281,16,2,21062503,5,0.02048810319098789,13,5
8,10.1149/1.1344281,16,2,21062503,6,0.026977145848730864,13,5
8,10.1149/1.1344281,17,0,21062601,4,0.006288125985818678,13,5
8,10.1149/1.1344281,17,0,21062601,5,0.015960460186729718,13,5
8,10.1149/1.1344281,17,0,21062601,6,0.02465714644029307,13,5
8,10.1149/1.1344281,17,1,21062602,4,0.009283900448619571,13,5
8,10.1149/1.1344281,17,1,21062602,5,0.010491741166179668,13,5
8,10.1149/1.1344281,17,1,21062602,6,0.011086972290595121,13,5
8,10.1149/1.1344281,17,2,21062603,4,0.010134408949423166,13,5
8,10.1149/1.1344281,17,2,21062603,5,0.019702736361666112,13,5
8,10.1149/1.1344281,17,2,21062603,6,0.0287179561482508,13,5
8,10.1149/1.1344281,18,0,21062701,4,0.01522471333202626,13,5
8,10.1149/1.1344281,18,0,21062701,5,0.01706525986764402,13,5
8,10.1149/1.1344281,18,0,21062701,6,0.018253819958439988,13,5
8,10.1149/1.1344281,18,1,21062702,4,0.013866661649605538,13,5
8,10.1149/1.1344281,18,1,21062702,5,0.016222588268837608,13,5
8,10.1149/1.1344281,18,1,21062702,6,0.019534263494015398,13,5
8,10.1149/1.1344281,18,2,21062703,4,0.013482735040332558,13,5
8,10.1149/1.1344281,18,2,21062703,5,0.014649377726667395,13,5
8,10.1149/1.1344281,18,2,21062703,6,0.018168861619599193,13,5
8,10.1149/1.1344281,19,0,21062801,4,0.00980079176354983,13,5
8,10.1149/1.1344281,19,0,21062801,5,0.008809536497480711,13,5
8,10.1149/1.1344281,19,0,21062801,6,0.007323681628012701,13,5
8,10.1149/1.1344281,19,1,21062802,4,0.011176077492260931,13,5
8,10.1149/1.1344281,19,1,21062802,5,0.01818950477631307,13,5
8,10.1149/1.1344281,19,1,21062802,6,0.02469975858424024,13,5
8,10.1149/1.1344281,19,2,21062803,4,0.011146853396464259,13,5
8,10.1149/1.1344281,19,2,21062803,5,0.010936509076752966,13,5
8,10.1149/1.1344281,19,2,21062803,6,0.009924745536849773,13,5
9,10.1149/1.1390879,0,0,21160901,4,0.007710487736721379,13,5
9,10.1149/1.1390879,0,0,21160901,5,0.015046592095564023,13,5
9,10.1149/1.1390879,0,0,21160901,6,0.02248285990641412,13,5
9,10.1149/1.1390879,0,1,21160902,4,0.008014093271467841,13,5
9,10.1149/1.1390879,0,1,21160902,5,0.016657462154661268,13,5
9,10.1149/1.1390879,0,1,21160902,6,0.026091583441190686,13,5
9,10.1149/1.1390879,0,2,21160903,4,0.011682598792390225,13,5
9,10.1149/1.1390879,0,2,21160903,5,0.012903798874068197,13,5
9,10.1149/1.1390879,0,2,21160903,6,0.013188137298188638,13,5
9,10.1149/1.1390879,1,0,21161001,4,0.008234992888037597,13,5
9,10.1149/1.1390879,1,0,21161001,5,0.01649171300405835,13,5
9,10.1149/1.1390879,1,0,21161001,6,0.02478966110576317,13,5
9,10.1149/1.1390879,1,1,21161002,4,0.011370150033740058,13,5
9,10.1149/1.1390879,1,1,21161002,5,0.01884559780376171,13,5
9,10.1149/1.1390879,1,1,21161002,6,0.026448548028835384,13,5
9,10.1149/1.1390879,1,2,21161003,4,0.009667065256335554,13,5
9,10.1149/1.1390879,1,2,21161003,5,0.010176726109405107,13,5
9,10.1149/1.1390879,1,2,21161003,6,0.010133269580213697,13,5
9,10.1149/1.1390879,2,0,21161101,4,0.005272970841056686,13,5
9,10.1149/1.1390879,2,0,21161101,5,0.0066230253408206315,13,5
9,10.1149/1.1390879,2,0,21161101,6,0.008008148042205256,13,5
9,10.1149/1.1390879,2,1,21161102,4,0.007251620571968301,13,5
9,10.1149/1.1390879,2,1,21161102,5,0.008245335203080956,13,5
9,10.1149/1.1390879,2,1,21161102,6,0.009327257292379255,13,5
9,10.1149/1.1390879,2,2,21161103,4,0.009688499008113038,13,5
9,10.1149/1.1390879,2,2,21161103,5,0.009733821643978801,13,5
9,10.1149/1.1390879,2,2,21161103,6,0.009416269392015267,13,5
9,10.1149/1.1390879,3,0,21161201,4,0.006741717154240818,13,5
9,10.1149/1.1390879,3,0,21161201,5,0.01303929102715129,13,5
9,10.1149/1.1390879,3,0,21161201,6,0.01923983552798527,13,5
9,10.1149/1.1390879,3,1,21161202,4,0.009144081477021882,13,5
9,10.1149/1.1390879,3,1,21161202,5,0.010047856349122565,13,5
9,10.1149/1.1390879,3,1,21161202,6,0.01050714293868176,13,5
9,10.1149/1.1390879,3,2,21161203,4,0.012060058449717257,13,5
9,10.1149/1.1390879,3,2,21161203,5,0.01791507512813722,13,5
9,10.1149/1.1390879,3,2,21161203,6,0.025540008002215342,13,5
9,10.1149/1.1390879,4,0,21161301,4,0.013325983151357104,13,5
9,10.1149/1.1390879,4,0,21161301,5,0.015645118098074125,13,5
9,10.1149/1.1390879,4,0,21161301,6,0.019948097011448125,13,5
9,10.1149/1.1390879,4,1,21161302,4,0.0065947625375834314,13,5
9,10.1149/1.1390879,4,1,21161302,5,0.008107683911842615,13,5
9,10.1149/1.1390879,4,1,21161302,6,0.009044907408661132,13,5
9,10.1149/1.1390879,4,2,21161303,4,0.008781438322240397,13,5
9,10.1149/1.1390879,4,2,21161303,5,0.009322709626914245,13,5
9,10.1149/1.1390879,4,2,21161303,6,0.009655896721397222,13,5
9,10.1149/1.1390879,5,0,21161401,4,0.009886351657612431,13,5
9,10.1149/1.1390879,5,0,21161401,5,0.010833312834730198,13,5
9,10.1149/1.1390879,5,0,21161401,6,0.01177558064743063,13,5
9,10.1149/1.1390879,5,1,21161402,4,0.004271522917699904,13,5
9,10.1149/1.1390879,5,1,21161402,5,0.0046528072106462775,13,5
9,10.1149/1.1390879,5,1,21161402,6,0.0045448018829311685,13,5
9,10.1149/1.1390879,5,2,21161403,4,0.012983198646832741,13,5
9,10.1149/1.1390879,5,2,21161403,5,0.015584214129031663,13,5
9,10.1149/1.1390879,5,2,21161403,6,0.019286539402814405,13,5
9,10.1149/1.1390879,6,0,21161501,4,0.013009215986170303,13,5
9,10.1149/1.1390879,6,0,21161501,5,0.018238024070840485,13,5
9,10.1149/1.1390879,6,0,21161501,6,0.02550239493301095,13,5
9,10.1149/1.1390879,6,1,21161502,4,0.007139901526673309,13,5
9,10.1149/1.1390879,6,1,21161502,5,0.008789784580863937,13,5
9,10.1149/1.1390879,6,1,21161502,6,0.010138231537040509,13,5
9,10.1149/1.1390879,6,2,21161503,4,0.008985827837968382,13,5
9,10.1149/1.1390879,6,2,21161503,5,0.016057358319203713,13,5
9,10.1149/1.1390879,6,2,21161503,6,0.02325155336524267,13,5
9,10.1149/1.1390879,7,0,21161601,4,0.016086685938162322,13,5
9,10.1149/1.1390879,7,0,21161601,5,0.017802148373509373,13,5
9,10.1149/1.1390879,7,0,21161601,6,0.0237682832229839,13,5
9,10.1149/1.1390879,7,1,21161602,4,0.009726399983859348,13,5
9,10.1149/1.1390879,7,1,21161602,5,0.018031270801907317,13,5
9,10.1149/1.1390879,7,1,21161602,6,0.02505485701515911,13,5
9,10.1149/1.1390879,7,2,21161603,4,0.006383853581444306,13,5
9,10.1149/1.1390879,7,2,21161603,5,0.01307786521183824,13,5
9,10.1149/1.1390879,7,2,21161603,6,0.019495840814407035,13,5
9,10.1149/1.1390879,8,0,21161701,4,0.007682276052729417,13,5
9,10.1149/1.1390879,8,0,21161701,5,0.007545033057639164,13,5
9,10.1149/1.1390879,8,0,21161701,6,0.006917127081696214,13,5
9,10.1149/1.1390879,8,1,21161702,4,0.012396953986887992,13,5
9,10.1149/1.1390879,8,1,21161702,5,0.015997625821419243,13,5
9,10.1149/1.1390879,8,1,21161702,6,0.022123949167429966,13,5
9,10.1149/1.1390879,8,2,21161703,4,0.008288113128363759,13,5
9,10.1149/1.1390879,8,2,21161703,5,0.009166658180956615,13,5
9,10.1149/1.1390879,8,2,21161703,6,0.0102315489417284,13,5
9,10.1149/1.1390879,9,0,21161801,4,0.006434374380300707,13,5
9,10.1149/1.1390879,9,0,21161801,5,0.014852547395075152,13,5
9,10.1149/1.1390879,9,0,21161801,6,0.02300710978258381,13,5
9,10.1149/1.1390879,9,1,21161802,4,0.005518722178402069,13,5
9,10.1149/1.1390879,9,1,21161802,5,0.007380993616676828,13,5
9,10.1149/1.1390879,9,1,21161802,6,0.009612946965090387,13,5
9,10.1149/1.1390879,9,2,21161803,4,0.006730947481954764,13,5
9,10.1149/1.1390879,9,2,21161803,5,0.0072936279471722005,13,5
9,10.1149/1.1390879,9,2,21161803,6,0.007834572489498471,13,5
9,10.1149/1.1390879,10,0,21161901,4,0.00937609779632664,13,5
9,10.1149/1.1390879,10,0,21161901,5,0.01709056462267465,13,5
9,10.1149/1.1390879,10,0,21161901,6,0.024494281062473332,13,5
9,10.1149/1.1390879,10,1,21161902,4,0.006401328490878389,13,5
9,10.1149/1.1390879,10,1,21161902,5,0.007632103369366665,13,5
9,10.1149/1.1390879,10,1,21161902,6,0.00816427185667637,13,5
9,10.1149/1.1390879,10,2,21161903,4,0.010928600428066815,13,5
9,10.1149/1.1390879,10,2,21161903,5,0.013590918090346443,13,5
9,10.1149/1.1390879,10,2,21161903,6,0.018496458307089923,13,5
9,10.1149/1.1390879,11,0,21162001,4,0.011216534359552107,13,5
9,10.1149/1.1390879,11,0,21162001,5,0.01185227920000343,13,5
9,10.1149/1.1390879,11,0,21162001,6,0.012383256301956946,13,5
9,10.1149/1.1390879,11,1,21162002,4,0.005137566931532871,13,5
9,10.1149/1.1390879,11,1,21162002,5,0.006748890253323208,13,5
9,10.1149/1.1390879,11,1,21162002,6,0.00796796333936481,13,5
9,10.1149/1.1390879,11,2,21162003,4,0.015408759372581604,13,5
9,10.1149/1.1390879,11,2,21162003,5,0.018085393351898977,13,5
9,10.1149/1.1390879,11,2,21162003,6,0.022267130018093807,13,5
9,10.1149/1.1390879,12,0,21162101,4,0.013751241703093869,13,5
9,10.1149/1.1390879,12,0,21162101,5,0.017415444937685466,13,5
9,10.1149/1.1390879,12,0,21162101,6,0.023066815448278377,13,5
9,10.1149/1.1390879,12,1,21162102,4,0.013159774396200419,13,5
9,10.1149/1.1390879,12,1,21162102,5,0.02124081049135724,13,5
9,10.1149/1.1390879,12,1,21162102,6,0.0321455596915262,13,5
9,10.1149/1.1390879,12,2,21162103,4,0.006854193135248127,13,5
9,10.1149/1.1390879,12,2,21162103,5,0.007877676625925669,13,5
9,10.1149/1.1390879,12,2,21162103,6,0.008904487595143982,13,5
9,10.1149/1.1390879,13,0,21162201,4,0.007026354859467404,13,5
9,10.1149/1.1390879,13,0,21162201,5,0.007296630103694249,13,5
9,10.1149/1.1390879,13,0,21162201,6,0.007294187343395188,13,5
9,10.1149/1.1390879,13,1,21162202,4,0.0045446581550869095,13,5
9,10.1149/1.1390879,13,1,21162202,5,0.005269947787209396,13,5
9,10.1149/1.1390879,13,1,21162202,6,0.005461678132735683,13,5
9,10.1149/1.1390879,13,2,21162203,4,0.008771038545313813,13,5
9,10.1149/1.1390879,13,2,21162203,5,0.010191764670795656,13,5
9,10.1149/1.1390879,13,2,21162203,6,0.01152412242141565,13,5
9,10.1149/1.1390879,14,0,21162301,4,0.014580511314007016,13,5
9,10.1149/1.1390879,14,0,21162301,5,0.02059359865018778,13,5
9,10.1149/1.1390879,14,0,21162301,6,0.027912340385027434,13,5
9,10.1149/1.1390879,14,1,21162302,4,0.012861354076692557,13,5
9,10.1149/1.1390879,14,1,21162302,5,0.01852162059648314,13,5
9,10.1149/1.1390879,14,1,21162302,6,0.025838483315784845,13,5
9,10.1149/1.1390879,14,2,21162303,4,0.016990148744688533,13,5
9,10.1149/1.1390879,14,2,21162303,5,0.020400687026954932,13,5
9,10.1149/1.1390879,14,2,21162303,6,0.02501497824195007,13,5
9,10.1149/1.1390879,15,0,21162401,4,0.012230606944221328,13,5
9,10.1149/1.1390879,15,0,21162401,5,0.018074811785369283,13,5
9,10.1149/1.1390879,15,0,21162401,6,0.02553318111129608,13,5
9,10.1149/1.1390879,15,1,21162402,4,0.006268359576818932,13,5
9,10.1149/1.1390879,15,1,21162402,5,0.00742416110233092,13,5
9,10.1149/1.1390879,15,1,21162402,6,0.008010172649467856,13,5
9,10.1149/1.1390879,15,2,21162403,4,0.0040381874464346474,13,5
9,10.1149/1.1390879,15,2,21162403,5,0.004452901388253926,13,5
9,10.1149/1.1390879,15,2,21162403,6,0.00457571609263315,13,5
9,10.1149/1.1390879,16,0,21162501,4,0.008367585156420238,13,5
9,10.1149/1.1390879,16,0,21162501,5,0.009074161216568446,13,5
9,10.1149/1.1390879,16,0,21162501,6,0.009669804380457864,13,5
9,10.1149/1.1390879,16,1,21162502,4,0.013718103558529237,13,5
9,10.1149/1.1390879,16,1,21162502,5,0.01682064490776363,13,5
9,10.1149/1.1390879,16,1,21162502,6,0.02165651016315533,13,5
9,10.1149/1.1390879,16,2,21162503,4,0.011329573478989528,13,5
9,10.1149/1.1390879,16,2,21162503,5,0.013767033332929498,13,5
9,10.1149/1.1390879,16,2,21162503,6,0.015379311481215038,13,5
9,10.1149/1.1390879,17,0,21162601,4,0.006403911940929008,13,5
9,10.1149/1.1390879,17,0,21162601,5,0.007273569259087631,13,5
9,10.1149/1.1390879,17,0,21162601,6,0.007742390452088968,13,5
9,10.1149/1.1390879,17,1,21162602,4,0.014234428602804727,13,5
9,10.1149/1.1390879,17,1,21162602,5,0.01645500271980699,13,5
9,10.1149/1.1390879,17,1,21162602,6,0.02372538616882112,13,5
9,10.1149/1.1390879,17,2,21162603,4,0.007339891886145787,13,5
9,10.1149/1.1390879,17,2,21162603,5,0.008629581166754156,13,5
9,10.1149/1.1390879,17,2,21162603,6,0.009961842963567745,13,5
9,10.1149/1.1390879,18,0,21162701,4,0.009562814447745961,13,5
9,10.1149/1.1390879,18,0,21162701,5,0.00996263757368087,13,5
9,10.1149/1.1390879,18,0,21162701,6,0.010798715615384421,13,5
9,10.1149/1.1390879,18,1,21162702,4,0.01037537751999437,13,5
9,10.1149/1.1390879,18,1,21162702,5,0.010668937645614664,13,5
9,10.1149/1.1390879,18,1,21162702,6,0.010620334585536528,13,5
9,10.1149/1.1390879,18,2,21162703,4,0.005368810729002565,13,5
9,10.1149/1.1390879,18,2,21162703,5,0.0064161468287797455,13,5
9,10.1149/1.1390879,18,2,21162703,6,0.0067987728975347425,13,5
9,10.1149/1.1390879,19,0,21162801,4,0.006946868805824331,13,5
9,10.1149/1.1390879,19,0,21162801,5,0.008067581121484552,13,5
9,10.1149/1.1390879,19,0,21162801,6,0.008578971402655677,13,5
9,10.1149/1.1390879,19,1,21162802,4,0.012828376814724343,13,5
9,10.1149/1.1390879,19,1,21162802,5,0.017009406470118817,13,5
9,10.1149/1.1390879,19,1,21162802,6,0.022314095605929746,13,5
9,10.1149/1.1390879,19,2,21162803,4,0.009495952314579338,13,5
9,10.1149/1.1390879,19,2,21162803,5,0.010073995914988771,13,5
9,10.1149/1.1390879,19,2,21162803,6,0.009974054804257868,13,5
10,10.1149/1.1403730,0,0,21260901,4,0.013111574800380384,13,5
10,10.1149/1.1403730,0,0,21260901,5,0.018477021004546387,13,5
10,10.1149/1.1403730,0,0,21260901,6,0.025902173125013722,13,5
10,10.1149/1.1403730,0,1,21260902,4,0.015352026729972459,13,5
10,10.1149/1.1403730,0,1,21260902,5,0.016347183281423604,13,5
10,10.1149/1.1403730,0,1,21260902,6,0.016736670949521935,13,5
10,10.1149/1.1403730,0,2,21260903,4,0.009868692158054533,13,5
10,10.1149/1.1403730,0,2,21260903,5,0.010416157173389376,13,5
10,10.1149/1.1403730,0,2,21260903,6,0.01053606230475147,13,5
10,10.1149/1.1403730,1,0,21261001,4,0.010220521415587321,13,5
10,10.1149/1.1403730,1,0,21261001,5,0.010900911704472337,13,5
10,10.1149/1.1403730,1,0,21261001,6,0.010966066827016984,13,5
10,10.1149/1.1403730,1,1,21261002,4,0.015053231115996935,13,5
10,10.1149/1.1403730,1,1,21261002,5,0.019592906976935682,13,5
10,10.1149/1.1403730,1,1,21261002,6,0.027750550801502682,13,5
10,10.1149/1.1403730,1,2,21261003,4,0.01553802751011355,13,5
10,10.1149/1.1403730,1,2,21261003,5,0.02518496362286734,13,5
10,10.1149/1.1403730,1,2,21261003,6,0.03321568579294041,13,5
10,10.1149/1.1403730,2,0,21261101,4,0.008348773447870184,13,5
10,10.1149/1.1403730,2,0,21261101,5,0.017187733896922984,13,5
10,10.1149/1.1403730,2,0,21261101,6,0.025548815956209107,13,5
10,10.1149/1.1403730,2,1,21261102,4,0.011171721548941315,13,5
10,10.1149/1.1403730,2,1,21261102,5,0.011552568001661717,13,5
10,10.1149/1.1403730,2,1,21261102,6,0.011322077506065953,13,5
10,10.1149/1.1403730,2,2,21261103,4,0.01583620044960164,13,5
10,10.1149/1.1403730,2,2,21261103,5,0.02606560799831008,13,5
10,10.1149/1.1403730,2,2,21261103,6,0.03568758632080011,13,5
10,10.1149/1.1403730,3,0,21261201,4,0.00804374011684696,13,5
10,10.1149/1.1403730,3,0,21261201,5,0.008258243769502032,13,5
10,10.1149/1.1403730,3,0,21261201,6,0.007981474521562034,13,5
10,10.1149/1.1403730,3,1,21261202,4,0.012921188775507691,13,5
10,10.1149/1.1403730,3,1,21261202,5,0.016611030643527223,13,5
10,10.1149/1.1403730,3,1,21261202,6,0.021564699830444914,13,5
10,10.1149/1.1403730,3,2,21261203,4,0.010103228277607216,13,5
10,10.1149/1.1403730,3,2,21261203,5,0.01035494990797199,13,5
10,10.1149/1.1403730,3,2,21261203,6,0.009753699886462191,13,5
10,10.1149/1.1403730,4,0,21261301,4,0.01011757849240409,13,5
10,10.1149/1.1403730,4,0,21261301,5,0.013303800112410108,13,5
10,10.1149/1.1403730,4,0,21261301,6,0.019067658637179116,13,5
10,10.1149/1.1403730,4,1,21261302,4,0.0114429753776132,13,5
10,10.1149/1.1403730,4,1,21261302,5,0.014691759774630633,13,5
10,10.1149/1.1403730,4,1,21261302,6,0.019738845320854674,13,5
10,10.1149/1.1403730,4,2,21261303,4,0.008593841653954746,13,5
10,10.1149/1.1403730,4,2,21261303,5,0.01014738596022334,13,5
10,10.1149/1.1403730,4,2,21261303,6,0.011778906661044879,13,5
10,10.1149/1.1403730,5,0,21261401,4,0.008779687099016959,13,5
10,10.1149/1.1403730,5,0,21261401,5,0.009684518890318164,13,5
10,10.1149/1.1403730,5,0,21261401,6,0.010328583571362609,13,5
10,10.1149/1.1403730,5,1,21261402,4,0.004969117456194359,13,5
10,10.1149/1.1403730,5,1,21261402,5,0.005944555651083686,13,5
10,10.1149/1.1403730,5,1,21261402,6,0.006638579658251415,13,5
10,10.1149/1.1403730,5,2,21261403,4,0.009684657796080942,13,5
10,10.1149/1.1403730,5,2,21261403,5,0.01043650768535002,13,5
10,10.1149/1.1403730,5,2,21261403,6,0.010534471768513362,13,5
10,10.1149/1.1403730,6,0,21261501,4,0.014143917370282269,13,5
10,10.1149/1.1403730,6,0,21261501,5,0.016838427915214744,13,5
10,10.1149/1.1403730,6,0,21261501,6,0.021027242110923623,13,5
10,10.1149/1.1403730,6,1,21261502,4,0.00950266854354273,13,5
10,10.1149/1.1403730,6,1,21261502,5,0.014842282363658772,13,5
10,10.1149/1.1403730,6,1,21261502,6,0.02020678634785046,13,5
10,10.1149/1.1403730,6,2,21261503,4,0.013900845299034325,13,5
10,10.1149/1.1403730,6,2,21261503,5,0.016418821148963474,13,5
10,10.1149/1.1403730,6,2,21261503,6,0.02353270372210582,13,5
10,10.1149/1.1403730,7,0,21261601,4,0.01593216157049565,13,5
10,10.1149/1.1403730,7,0,21261601,5,0.017827013048387262,13,5
10,10.1149/1.1403730,7,0,21261601,6,0.02095050971641944,13,5
10,10.1149/1.1403730,7,1,21261602,4,0.011136867270071842,13,5
10,10.1149/1.1403730,7,1,21261602,5,0.017103844941214884,13,5
10,10.1149/1.1403730,7,1,21261602,6,0.025082969511135107,13,5
10,10.1149/1.1403730,7,2,21261603,4,0.006925054861443616,13,5
10,10.1149/1.1403730,7,2,21261603,5,0.013000583267065786,13,5
10,10.1149/1.1403730,7,2,21261603,6,0.01916757569596897,13,5
10,10.1149/1.1403730,8,0,21261701,4,0.008069693642751468,13,5
10,10.1149/1.1403730,8,0,21261701,5,0.00919946857159958,13,5
10,10.1149/1.1403730,8,0,21261701,6,0.010666205714544245,13,5
10,10.1149/1.1403730,8,1,21261702,4,0.0149793622043199,13,5
10,10.1149/1.1403730,8,1,21261702,5,0.018561495906875246,13,5
10,10.1149/1.1403730,8,1,21261702,6,0.026269985112167642,13,5
10,10.1149/1.1403730,8,2,21261703,4,0.007303400004884472,13,5
10,10.1149/1.1403730,8,2,21261703,5,0.007421493284008951,13,5
10,10.1149/1.1403730,8,2,21261703,6,0.007190603784582965,13,5
10,10.1149/1.1403730,9,0,21261801,4,0.01604085106391755,13,5
10,10.1149/1.1403730,9,0,21261801,5,0.018987500172326487,13,5
10,10.1149/1.1403730,9,0,21261801,6,0.024326935302308623,13,5
10,10.1149/1.1403730,9,1,21261802,4,0.006236861813359965,13,5
10,10.1149/1.1403730,9,1,21261802,5,0.006471163524909729,13,5
10,10.1149/1.1403730,9,1,21261802,6,0.006715893716376821,13,5
10,10.1149/1.1403730,9,2,21261803,4,0.010742343160483179,13,5
10,10.1149/1.1403730,9,2,21261803,5,0.01975577908709732,13,5
10,10.1149/1.1403730,9,2,21261803,6,0.0285669268089166,13,5
10,10.1149/1.1403730,10,0,21261901,4,0.013362612261820983,13,5
10,10.1149/1.1403730,10,0,21261901,5,0.01613477234643451,13,5
10,10.1149/1.1403730,10,0,21261901,6,0.020343265240113907,13,5
10,10.1149/1.1403730,10,1,21261902,4,0.012093374054761784,13,5
10,10.1149/1.1403730,10,1,21261902,5,0.012614156493385664,13,5
10,10.1149/1.1403730,10,1,21261902,6,0.013889170920346448,13,5
10,10.1149/1.1403730,10,2,21261903,4,0.007153476345861616,13,5
10,10.1149/1.1403730,10,2,21261903,5,0.008399798501252272,13,5
10,10.1149/1.1403730,10,2,21261903,6,0.01004966095911738,13,5
10,10.1149/1.1403730,11,0,21262001,4,0.010191665427863272,13,5
10,10.1149/1.1403730,11,0,21262001,5,0.011471448105479799,13,5
10,10.1149/1.1403730,11,0,21262001,6,0.013354259274626652,13,5
10,10.1149/1.1403730,11,1,21262002,4,0.012283674507251244,13,5
10,10.1149/1.1403730,11,1,21262002,5,0.01254834383538613,13,5
10,10.1149/1.1403730,11,1,21262002,6,0.01242861432866202,13,5
10,10.1149/1.1403730,11,2,21262003,4,0.011126571538243129,13,5
10,10.1149/1.1403730,11,2,21262003,5,0.017929801499613075,13,5
10,10.1149/1.1403730,11,2,21262003,6,0.025632796307326823,13,5
10,10.1149/1.1403730,12,0,21262101,4,0.013181542920231337,13,5
10,10.1149/1.1403730,12,0,21262101,5,0.01592610669047615,13,5
10,10.1149/1.1403730,12,0,21262101,6,0.019901043358928117,13,5
10,10.1149/1.1403730,12,1,21262102,4,0.00769646204261811,13,5
10,10.1149/1.1403730,12,1,21262102,5,0.017228915660687405,13,5
10,10.1149/1.1403730,12,1,21262102,6,0.026746640685978058,13,5
10,10.1149/1.1403730,12,2,21262103,4,0.006352326491113848,13,5
10,10.1149/1.1403730,12,2,21262103,5,0.005902865629210087,13,5
10,10.1149/1.1403730,12,2,21262103,6,0.005080748605160111,13,5
10,10.1149/1.1403730,13,0,21262201,4,0.008885800507977082,13,5
10,10.1149/1.1403730,13,0,21262201,5,0.009347855150819238,13,5
10,10.1149/1.1403730,13,0,21262201,6,0.009424983955839877,13,5
10,10.1149/1.1403730,13,1,21262202,4,0.0038881123109983434,13,5
10,10.1149/1.1403730,13,1,21262202,5,0.004600803571198587,13,5
10,10.1149/1.1403730,13,1,21262202,6,0.005482621361010927,13,5
10,10.1149/1.1403730,13,2,21262203,4,0.007887909420560274,13,5
10,10.1149/1.1403730,13,2,21262203,5,0.017265169800276446,13,5
10,10.1149/1.1403730,13,2,21262203,6,0.026859534617919022,13,5
10,10.1149/1.1403730,14,0,21262301,4,0.007118928282127497,13,5
10,10.1149/1.1403730,14,0,21262301,5,0.015072776145382608,13,5
10,10.1149/1.1403730,14,0,21262301,6,0.02306506979078083,13,5
10,10.1149/1.1403730,14,1,21262302,4,0.009227033468333319,13,5
10,10.1149/1.1403730,14,1,21262302,5,0.016501048145548144,13,5
10,10.1149/1.1403730,14,1,21262302,6,0.023561092114955908,13,5
10,10.1149/1.1403730,14,2,21262303,4,0.009111792952282281,13,5
10,10.1149/1.1403730,14,2,21262303,5,0.010797789780691656,13,5
10,10.1149/1.1403730,14,2,21262303,6,0.012190171735213546,13,5
10,10.1149/1.1403730,15,0,21262401,4,0.006287894530944074,13,5
10,10.1149/1.1403730,15,0,21262401,5,0.0065023254329000845,13,5
10,10.1149/1.1403730,15,0,21262401,6,0.006079790290778082,13,5
10,10.1149/1.1403730,15,1,21262402,4,0.009462395993757446,13,5
10,10.1149/1.1403730,15,1,21262402,5,0.01010149834247656,13,5
10,10.1149/1.1403730,15,1,21262402,6,0.009979409696138591,13,5
10,10.1149/1.1403730,15,2,21262403,4,0.013733454295201864,13,5
10,10.1149/1.1403730,15,2,21262403,5,0.023677824047456254,13,5
10,10.1149/1.1403730,15,2,21262403,6,0.03381909316867768,13,5
10,10.1149/1.1403730,16,0,21262501,4,0.00840031077575332,13,5
10,10.1149/1.1403730,16,0,21262501,5,0.009331833397036833,13,5
10,10.1149/1.1403730,16,0,21262501,6,0.010838667927573464,13,5
10,10.1149/1.1403730,16,1,21262502,4,0.007544332604626752,13,5
10,10.1149/1.1403730,16,1,21262502,5,0.007567421453301792,13,5
10,10.1149/1.1403730,16,1,21262502,6,0.0063927947779978496,13,5
10,10.1149/1.1403730,16,2,21262503,4,0.013008235271188185,13,5
10,10.1149/1.1403730,16,2,21262503,5,0.021511142773753593,13,5
10,10.1149/1.1403730,16,2,21262503,6,0.02994281980278713,13,5
10,10.1149/1.1403730,17,0,21262601,4,0.010243619129211835,13,5
10,10.1149/1.1403730,17,0,21262601,5,0.011031256891754894,13,5
10,10.1149/1.1403730,17,0,21262601,6,0.011637211806464477,13,5
10,10.1149/1.1403730,17,1,21262602,4,0.012513615209129535,13,5
10,10.1149/1.1403730,17,1,21262602,5,0.015859344475929564,13,5
10,10.1149/1.1403730,17,1,21262602,6,0.021088535544649272,13,5
10,10.1149/1.1403730,17,2,21262603,4,0.011971935359824087,13,5
10,10.1149/1.1403730,17,2,21262603,5,0.01303168590314488,13,5
10,10.1149/1.1403730,17,2,21262603,6,0.013222139624798911,13,5
10,10.1149/1.1403730,18,0,21262701,4,0.0071681996348837065,13,5
10,10.1149/1.1403730,18,0,21262701,5,0.008864366644258619,13,5
10,10.1149/1.1403730,18,0,21262701,6,0.010386712572217651,13,5
10,10.1149/1.1403730,18,1,21262702,4,0.011003757297327554,13,5
10,10.1149/1.1403730,18,1,21262702,5,0.014258827947650845,13,5
10,10.1149/1.1403730,18,1,21262702,6,0.018880734049978577,13,5
10,10.1149/1.1403730,18,2,21262703,4,0.0052182014029941715,13,5
10,10.1149/1.1403730,18,2,21262703,5,0.005948550104370416,13,5
10,10.1149/1.1403730,18,2,21262703,6,0.006506993565508703,13,5
10,10.1149/1.1403730,19,0,21262801,4,0.018892211348340637,13,5
10,10.1149/1.1403730,19,0,21262801,5,0.027251031230412327,13,5
10,10.1149/1.1403730,19,0,21262801,6,0.0364835480875898,13,5
10,10.1149/1.1403730,19,1,21262802,4,0.006774520738055752,13,5
10,10.1149/1.1403730,19,1,21262802,5,0.013224948542100101,13,5
10,10.1149/1.1403730,19,1,21262802,6,0.019377012045245463,13,5
10,10.1149/1.1403730,19,2,21262803,4,0.012307388276003008,13,5
10,10.1149/1.1403730,19,2,21262803,5,0.018116012129120763,13,5
10,10.1149/1.1403730,19,2,21262803,6,0.02581688851973053,13,5
11,10.1149/1.1466857,0,0,21360901,4,0.005215247355921726,13,5
11,10.1149/1.1466857,0,0,21360901,5,0.00576731969166449,13,5
11,10.1149/1.1466857,0,0,21360901,6,0.006634944342694717,13,5
11,10.1149/1.1466857,0,1,21360902,4,0.008401783629869743,13,5
11,10.1149/1.1466857,0,1,21360902,5,0.009813421613706144,13,5
11,10.1149/1.1466857,0,1,21360902,6,0.010591633724331171,13,5
11,10.1149/1.1466857,0,2,21360903,4,0.014581261984980892,13,5
11,10.1149/1.1466857,0,2,21360903,5,0.020410869299043937,13,5
11,10.1149/1.1466857,0,2,21360903,6,0.02855006266308935,13,5
11,10.1149/1.1466857,1,0,21361001,4,0.010760518970085403,13,5
11,10.1149/1.1466857,1,0,21361001,5,0.010923685489393622,13,5
11,10.1149/1.1466857,1,0,21361001,6,0.010781379607361107,13,5
11,10.1149/1.1466857,1,1,21361002,4,0.007414693923805041,13,5
11,10.1149/1.1466857,1,1,21361002,5,0.008504740288407312,13,5
11,10.1149/1.1466857,1,1,21361002,6,0.009001263365546033,13,5
11,10.1149/1.1466857,1,2,21361003,4,0.012323989511486668,13,5
11,10.1149/1.1466857,1,2,21361003,5,0.02155817557072383,13,5
11,10.1149/1.1466857,1,2,21361003,6,0.0333512397406069,13,5
11,10.1149/1.1466857,2,0,21361101,4,0.00962165010566345,13,5
11,10.1149/1.1466857,2,0,21361101,5,0.01512725790058661,13,5
11,10.1149/1.1466857,2,0,21361101,6,0.02075278845156778,13,5
11,10.1149/1.1466857,2,1,21361102,4,0.008726387183314848,13,5
11,10.1149/1.1466857,2,1,21361102,5,0.009140804985402238,13,5
11,10.1149/1.1466857,2,1,21361102,6,0.008833860306156006,13,5
11,10.1149/1.1466857,2,2,21361103,4,0.008151801690050758,13,5
11,10.1149/1.1466857,2,2,21361103,5,0.016065114759110183,13,5
11,10.1149/1.1466857,2,2,21361103,6,0.02472790727990968,13,5
11,10.1149/1.1466857,3,0,21361201,4,0.007091063502968202,13,5
11,10.1149/1.1466857,3,0,21361201,5,0.013165552366536248,13,5
11,10.1149/1.1466857,3,0,21361201,6,0.020128379257653407,13,5
11,10.1149/1.1466857,3,1,21361202,4,0.008836109099261287,13,5
11,10.1149/1.1466857,3,1,21361202,5,0.018607163141924565,13,5
11,10.1149/1.1466857,3,1,21361202,6,0.028443505137275504,13,5
11,10.1149/1.1466857,3,2,21361203,4,0.010983046826221723,13,5
11,10.1149/1.1466857,3,2,21361203,5,0.013843519225908735,13,5
11,10.1149/1.1466857,3,2,21361203,6,0.0196956180365457,13,5
11,10.1149/1.1466857,4,0,21361301,4,0.014808696472904665,13,5
11,10.1149/1.1466857,4,0,21361301,5,0.020829814698606175,13,5
11,10.1149/1.1466857,4,0,21361301,6,0.028225825169778028,13,5
11,10.1149/1.1466857,4,1,21361302,4,0.00769246888639544,13,5
11,10.1149/1.1466857,4,1,21361302,5,0.00790859345894163,13,5
11,10.1149/1.1466857,4,1,21361302,6,0.007628883243853404,13,5
11,10.1149/1.1466857,4,2,21361303,4,0.009118906344835908,13,5
11,10.1149/1.1466857,4,2,21361303,5,0.009966802551052704,13,5
11,10.1149/1.1466857,4,2,21361303,6,0.010018569520289278,13,5
11,10.1149/1.1466857,5,0,21361401,4,0.009566729927965806,13,5
11,10.1149/1.1466857,5,0,21361401,5,0.009631704538005553,13,5
11,10.1149/1.1466857,5,0,21361401,6,0.009784671820507776,13,5
11,10.1149/1.1466857,5,1,21361402,4,0.008166425570603417,13,5
11,10.1149/1.1466857,5,1,21361402,5,0.014698920652755857,13,5
11,10.1149/1.1466857,5,1,21361402,6,0.020907962975790888,13,5
11,10.1149/1.1466857,5,2,21361403,4,0.014621357356189196,13,5
11,10.1149/1.1466857,5,2,21361403,5,0.017532377065400413,13,5
11,10.1149/1.1466857,5,2,21361403,6,0.02497632407383265,13,5
11,10.1149/1.1466857,6,0,21361501,4,0.011727963426348667,13,5
11,10.1149/1.1466857,6,0,21361501,5,0.01504894488367935,13,5
11,10.1149/1.1466857,6,0,21361501,6,0.017576869311856178,13,5
11,10.1149/1.1466857,6,1,21361502,4,0.008801173341336292,13,5
11,10.1149/1.1466857,6,1,21361502,5,0.010472013784056811,13,5
11,10.1149/1.1466857,6,1,21361502,6,0.011102283191386179,13,5
11,10.1149/1.1466857,6,2,21361503,4,0.016223853122344114,13,5
11,10.1149/1.1466857,6,2,21361503,5,0.01912538895555462,13,5
11,10.1149/1.1466857,6,2,21361503,6,0.026618107340467545,13,5
11,10.1149/1.1466857,7,0,21361601,4,0.00903593250566566,13,5
11,10.1149/1.1466857,7,0,21361601,5,0.00921787400866237,13,5
11,10.1149/1.1466857,7,0,21361601,6,0.009518929025085797,13,5
11,10.1149/1.1466857,7,1,21361602,4,0.00863938761817313,13,5
11,10.1149/1.1466857,7,1,21361602,5,0.008750684548215742,13,5
11,10.1149/1.1466857,7,1,21361602,6,0.0077931165272461965,13,5
11,10.1149/1.1466857,7,2,21361603,4,0.00901735384036218,13,5
11,10.1149/1.1466857,7,2,21361603,5,0.009969614041863046,13,5
11,10.1149/1.1466857,7,2,21361603,6,0.011431489902138527,13,5
11,10.1149/1.1466857,8,0,21361701,4,0.008113698913454166,13,5
11,10.1149/1.1466857,8,0,21361701,5,0.016918384886319974,13,5
11,10.1149/1.1466857,8,0,21361701,6,0.02462694130542302,13,5
11,10.1149/1.1466857,8,1,21361702,4,0.012084210339148475,13,5
11,10.1149/1.1466857,8,1,21361702,5,0.015522942980303484,13,5
11,10.1149/1.1466857,8,1,21361702,6,0.020225857191587655,13,5
11,10.1149/1.1466857,8,2,21361703,4,0.01563628406280479,13,5
11,10.1149/1.1466857,8,2,21361703,5,0.0196336918536739,13,5
11,10.1149/1.1466857,8,2,21361703,6,0.027014662515119386,13,5
11,10.1149/1.1466857,9,0,21361801,4,0.007728179972541815,13,5
11,10.1149/1.1466857,9,0,21361801,5,0.012447888016230254,13,5
11,10.1149/1.1466857,9,0,21361801,6,0.01754657523793334,13,5
11,10.1149/1.1466857,9,1,21361802,4,0.004389437172396765,13,5
11,10.1149/1.1466857,9,1,21361802,5,0.005127537065187262,13,5
11,10.1149/1.1466857,9,1,21361802,6,0.005701576777943328,13,5
11,10.1149/1.1466857,9,2,21361803,4,0.010223756768406868,13,5
11,10.1149/1.1466857,9,2,21361803,5,0.01895917558560164,13,5
11,10.1149/1.1466857,9,2,21361803,6,0.029708717862157764,13,5
11,10.1149/1.1466857,10,0,21361901,4,0.006063296404587472,13,5
11,10.1149/1.1466857,10,0,21361901,5,0.006871925793373812,13,5
11,10.1149/1.1466857,10,0,21361901,6,0.007424527567818913,13,5
11,10.1149/1.1466857,10,1,21361902,4,0.00576658578250602,13,5
11,10.1149/1.1466857,10,1,21361902,5,0.012357641997578614,13,5
11,10.1149/1.1466857,10,1,21361902,6,0.019160276111446838,13,5
11,10.1149/1.1466857,10,2,21361903,4,0.008071432359285282,13,5
11,10.1149/1.1466857,10,2,21361903,5,0.007915023607895944,13,5
11,10.1149/1.1466857,10,2,21361903,6,0.0070753892561603,13,5
11,10.1149/1.1466857,11,0,21362001,4,0.01324613595890905,13,5
11,10.1149/1.1466857,11,0,21362001,5,0.01813901984283888,13,5
11,10.1149/1.1466857,11,0,21362001,6,0.025085163391285387,13,5
11,10.1149/1.1466857,11,1,21362002,4,0.009739509502743871,13,5
11,10.1149/1.1466857,11,1,21362002,5,0.011564551892449168,13,5
11,10.1149/1.1466857,11,1,21362002,6,0.012444131247178154,13,5
11,10.1149/1.1466857,11,2,21362003,4,0.01300243150803301,13,5
11,10.1149/1.1466857,11,2,21362003,5,0.01730162310572853,13,5
11,10.1149/1.1466857,11,2,21362003,6,0.019745247337466125,13,5
11,10.1149/1.1466857,12,0,21362101,4,0.012449628051599604,13,5
11,10.1149/1.1466857,12,0,21362101,5,0.017785417503566485,13,5
11,10.1149/1.1466857,12,0,21362101,6,0.024857766363826344,13,5
11,10.1149/1.1466857,12,1,21362102,4,0.008367820123599986,13,5
11,10.1149/1.1466857,12,1,21362102,5,0.008546329361060395,13,5
11,10.1149/1.1466857,12,1,21362102,6,0.008522141119634282,13,5
11,10.1149/1.1466857,12,2,21362103,4,0.009104705752225455,13,5
11,10.1149/1.1466857,12,2,21362103,5,0.01848248060895063,13,5
11,10.1149/1.1466857,12,2,21362103,6,0.027901102952135316,13,5
11,10.1149/1.1466857,13,0,21362201,4,0.006228705669670403,13,5
11,10.1149/1.1466857,13,0,21362201,5,0.007026333976067496,13,5
11,10.1149/1.1466857,13,0,21362201,6,0.0073249296220551634,13,5
11,10.1149/1.1466857,13,1,21362202,4,0.011157827885777795,13,5
11,10.1149/1.1466857,13,1,21362202,5,0.016506061352006447,13,5
11,10.1149/1.1466857,13,1,21362202,6,0.022226737492124136,13,5
11,10.1149/1.1466857,13,2,21362203,4,0.010702636616045572,13,5
11,10.1149/1.1466857,13,2,21362203,5,0.013534862826471133,13,5
11,10.1149/1.1466857,13,2,21362203,6,0.018388153428479218,13,5
11,10.1149/1.1466857,14,0,21362301,4,0.00939559433591447,13,5
11,10.1149/1.1466857,14,0,21362301,5,0.008944586730158405,13,5
11,10.1149/1.1466857,14,0,21362301,6,0.008158480969741793,13,5
11,10.1149/1.1466857,14,1,21362302,4,0.0122752563192477,13,5
11,10.1149/1.1466857,14,1,21362302,5,0.015462064547659351,13,5
11,10.1149/1.1466857,14,1,21362302,6,0.020259787196758295,13,5
11,10.1149/1.1466857,14,2,21362303,4,0.0056469297386743085,13,5
11,10.1149/1.1466857,14,2,21362303,5,0.006714007745976689,13,5
11,10.1149/1.1466857,14,2,21362303,6,0.007787116755668738,13,5
11,10.1149/1.1466857,15,0,21362401,4,0.01074749270795014,13,5
11,10.1149/1.1466857,15,0,21362401,5,0.01160336012562645,13,5
11,10.1149/1.1466857,15,0,21362401,6,0.011773517892220042,13,5
11,10.1149/1.1466857,15,1,21362402,4,0.01024121612616264,13,5
11,10.1149/1.1466857,15,1,21362402,5,0.01082251197598236,13,5
11,10.1149/1.1466857,15,1,21362402,6,0.011213713640835553,13,5
11,10.1149/1.1466857,15,2,21362403,4,0.011984219146649013,13,5
11,10.1149/1.1466857,15,2,21362403,5,0.015206656659922057,13,5
11,10.1149/1.1466857,15,2,21362403,6,0.021072989777667885,13,5
11,10.1149/1.1466857,16,0,21362501,4,0.009334170264567135,13,5
11,10.1149/1.1466857,16,0,21362501,5,0.011085832633319043,13,5
11,10.1149/1.1466857,16,0,21362501,6,0.01179842601709349,13,5
11,10.1149/1.1466857,16,1,21362502,4,0.013065514131250488,13,5
11,10.1149/1.1466857,16,1,21362502,5,0.0149775293167839,13,5
11,10.1149/1.1466857,16,1,21362502,6,0.018120837677892177,13,5
11,10.1149/1.1466857,16,2,21362503,4,0.005796367176757558,13,5
11,10.1149/1.1466857,16,2,21362503,5,0.006975778113358732,13,5
11,10.1149/1.1466857,16,2,21362503,6,0.007545267195919303,13,5
11,10.1149/1.1466857,17,0,21362601,4,0.006056757180554861,13,5
11,10.1149/1.1466857,17,0,21362601,5,0.006582865445693841,13,5
11,10.1149/1.1466857,17,0,21362601,6,0.006813583280536786,13,5
11,10.1149/1.1466857,17,1,21362602,4,0.018831831204069345,13,5
11,10.1149/1.1466857,17,1,21362602,5,0.02166766907533872,13,5
11,10.1149/1.1466857,17,1,21362602,6,0.028453913721862744,13,5
11,10.1149/1.1466857,17,2,21362603,4,0.009786529642112471,13,5
11,10.1149/1.1466857,17,2,21362603,5,0.011429331577094614,13,5
11,10.1149/1.1466857,17,2,21362603,6,0.012608202624162467,13,5
11,10.1149/1.1466857,18,0,21362701,4,0.0031232865882599914,13,5
11,10.1149/1.1466857,18,0,21362701,5,0.0038421408585673318,13,5
11,10.1149/1.1466857,18,0,21362701,6,0.004168161399260188,13,5
11,10.1149/1.1466857,18,1,21362702,4,0.015598001594071634,13,5
11,10.1149/1.1466857,18,1,21362702,5,0.017618116620359704,13,5
11,10.1149/1.1466857,18,1,21362702,6,0.01977587012893819,13,5
11,10.1149/1.1466857,18,2,21362703,4,0.016050470000166066,13,5
11,10.1149/1.1466857,18,2,21362703,5,0.018705612290203316,13,5
11,10.1149/1.1466857,18,2,21362703,6,0.02359147311265226,13,5
11,10.1149/1.1466857,19,0,21362801,4,0.007372637596226463,13,5
11,10.1149/1.1466857,19,0,21362801,5,0.008447361020674726,13,5
11,10.1149/1.1466857,19,0,21362801,6,0.009191045859352194,13,5
11,10.1149/1.1466857,19,1,21362802,4,0.0050233254681619184,13,5
11,10.1149/1.1466857,19,1,21362802,5,0.005867362611865955,13,5
11,10.1149/1.1466857,19,1,21362802,6,0.0060358124459840914,13,5
11,10.1149/1.1466857,19,2,21362803,4,0.014389742749874224,13,5
11,10.1149/1.1466857,19,2,21362803,5,0.01775891048296649,13,5
11,10.1149/1.1466857,19,2,21362803,6,0.024675635519510256,13,5
12,10.1149/1.1513556,0,0,21460901,4,0.011173080724456002,13,5
12,10.1149/1.1513556,0,0,21460901,5,0.018346371493227646,13,5
12,10.1149/1.1513556,0,0,21460901,6,0.026380882152389158,13,5
12,10.1149/1.1513556,0,1,21460902,4,0.008273803379931548,13,5
12,10.1149/1.1513556,0,1,21460902,5,0.00832658104107579,13,5
12,10.1149/1.1513556,0,1,21460902,6,0.007657168724578126,13,5
12,10.1149/1.1513556,0,2,21460903,4,0.0069192209112928895,13,5
12,10.1149/1.1513556,0,2,21460903,5,0.006635760500794572,13,5
12,10.1149/1.1513556,0,2,21460903,6,0.006006666521088968,13,5
12,10.1149/1.1513556,1,0,21461001,4,0.010838294750320845,13,5
12,10.1149/1.1513556,1,0,21461001,5,0.01639385742205101,13,5
12,10.1149/1.1513556,1,0,21461001,6,0.022097917089787915,13,5
12,10.1149/1.1513556,1,1,21461002,4,0.01113345956443026,13,5
12,10.1149/1.1513556,1,1,21461002,5,0.014219798832172397,13,5
12,10.1149/1.1513556,1,1,21461002,6,0.01873252437316944,13,5
12,10.1149/1.1513556,1,2,21461003,4,0.012934445602489464,13,5
12,10.1149/1.1513556,1,2,21461003,5,0.014774116887523716,13,5
12,10.1149/1.1513556,1,2,21461003,6,0.018492067055303926,13,5
12,10.1149/1.1513556,2,0,21461101,4,0.008180943104283597,13,5
12,10.1149/1.1513556,2,0,21461101,5,0.008121568523252297,13,5
12,10.1149/1.1513556,2,0,21461101,6,0.00803524176425018,13,5
12,10.1149/1.1513556,2,1,21461102,4,0.003839647427312089,13,5
12,10.1149/1.1513556,2,1,21461102,5,0.004728567898899594,13,5
12,10.1149/1.1513556,2,1,21461102,6,0.005173152665931942,13,5
12,10.1149/1.1513556,2,2,21461103,4,0.01151885076831254,13,5
12,10.1149/1.1513556,2,2,21461103,5,0.014571644475935185,13,5
12,10.1149/1.1513556,2,2,21461103,6,0.019514023228187953,13,5
12,10.1149/1.1513556,3,0,21461201,4,0.009661754819243945,13,5
12,10.1149/1.1513556,3,0,21461201,5,0.012238605270107037,13,5
12,10.1149/1.1513556,3,0,21461201,6,0.016888827463667957,13,5
12,10.1149/1.1513556,3,1,21461202,4,0.016697123112815525,13,5
12,10.1149/1.1513556,3,1,21461202,5,0.020662173779246732,13,5
12,10.1149/1.1513556,3,1,21461202,6,0.02710312453008304,13,5
12,10.1149/1.1513556,3,2,21461203,4,0.009813163871594144,13,5
12,10.1149/1.1513556,3,2,21461203,5,0.019597322530889413,13,5
12,10.1149/1.1513556,3,2,21461203,6,0.02827290122277936,13,5
12,10.1149/1.1513556,4,0,21461301,4,0.004728599498573407,13,5
12,10.1149/1.1513556,4,0,21461301,5,0.005510857747591037,13,5
12,10.1149/1.1513556,4,0,21461301,6,0.005871435879820304,13,5
12,10.1149/1.1513556,4,1,21461302,4,0.009676599803718298,13,5
12,10.1149/1.1513556,4,1,21461302,5,0.010724830876323992,13,5
12,10.1149/1.1513556,4,1,21461302,6,0.011555394038619996,13,5
12,10.1149/1.1513556,4,2,21461303,4,0.016000007507415905,13,5
12,10.1149/1.1513556,4,2,21461303,5,0.0201955841331118,13,5
12,10.1149/1.1513556,4,2,21461303,6,0.02847712862710834,13,5
12,10.1149/1.1513556,5,0,21461401,4,0.014331434717302255,13,5
12,10.1149/1.1513556,5,0,21461401,5,0.024341662548406664,13,5
12,10.1149/1.1513556,5,0,21461401,6,0.03572035480444071,13,5
12,10.1149/1.1513556,5,1,21461402,4,0.005318016529275174,13,5
12,10.1149/1.1513556,5,1,21461402,5,0.00620252825915042,13,5
12,10.1149/1.1513556,5,1,21461402,6,0.006103206370182145,13,5
12,10.1149/1.1513556,5,2,21461403,4,0.006892255371592977,13,5
12,10.1149/1.1513556,5,2,21461403,5,0.007764384514830076,13,5
12,10.1149/1.1513556,5,2,21461403,6,0.007979590693166097,13,5
12,10.1149/1.1513556,6,0,21461501,4,0.01756954140149809,13,5
12,10.1149/1.1513556,6,0,21461501,5,0.020464363751432412,13,5
12,10.1149/1.1513556,6,0,21461501,6,0.027018941759085167,13,5
12,10.1149/1.1513556,6,1,21461502,4,0.01821298576346414,13,5
12,10.1149/1.1513556,6,1,21461502,5,0.023655316098197283,13,5
12,10.1149/1.1513556,6,1,21461502,6,0.03172112733325404,13,5
12,10.1149/1.1513556,6,2,21461503,4,0.015510754721308445,13,5
12,10.1149/1.1513556,6,2,21461503,5,0.020808515817329808,13,5
12,10.1149/1.1513556,6,2,21461503,6,0.027411552715106126,13,5
12,10.1149/1.1513556,7,0,21461601,4,0.014007060178966588,13,5
12,10.1149/1.1513556,7,0,21461601,5,0.01953895761934716,13,5
12,10.1149/1.1513556,7,0,21461601,6,0.027166653773376303,13,5
12,10.1149/1.1513556,7,1,21461602,4,0.017786532577289748,13,5
12,10.1149/1.1513556,7,1,21461602,5,0.022040871527878973,13,5
12,10.1149/1.1513556,7,1,21461602,6,0.0284802597197376,13,5
12,10.1149/1.1513556,7,2,21461603,4,0.00816097622829372,13,5
12,10.1149/1.1513556,7,2,21461603,5,0.00970959055907657,13,5
12,10.1149/1.1513556,7,2,21461603,6,0.010471622184018977,13,5
12,10.1149/1.1513556,8,0,21461701,4,0.008113218172886256,13,5
12,10.1149/1.1513556,8,0,21461701,5,0.009081292760508208,13,5
12,10.1149/1.1513556,8,0,21461701,6,0.009925840514284629,13,5
12,10.1149/1.1513556,8,1,21461702,4,0.012152040455333437,13,5
12,10.1149/1.1513556,8,1,21461702,5,0.01563888559004719,13,5
12,10.1149/1.1513556,8,1,21461702,6,0.021425741502036612,13,5
12,10.1149/1.1513556,8,2,21461703,4,0.010115790838658646,13,5
12,10.1149/1.1513556,8,2,21461703,5,0.010393229190999737,13,5
12,10.1149/1.1513556,8,2,21461703,6,0.010149641026526959,13,5
12,10.1149/1.1513556,9,0,21461801,4,0.011581917302663246,13,5
12,10.1149/1.1513556,9,0,21461801,5,0.01429934249997435,13,5
12,10.1149/1.1513556,9,0,21461801,6,0.01790482062842622,13,5
12,10.1149/1.1513556,9,1,21461802,4,0.005747885145567008,13,5
12,10.1149/1.1513556,9,1,21461802,5,0.006758456373728317,13,5
12,10.1149/1.1513556,9,1,21461802,6,0.007692430693042138,13,5
12,10.1149/1.1513556,9,2,21461803,4,0.007566144021436644,13,5
12,10.1149/1.1513556,9,2,21461803,5,0.013892890900668123,13,5
12,10.1149/1.1513556,9,2,21461803,6,0.020151813765996996,13,5
12,10.1149/1.1513556,10,0,21461901,4,0.014771696629054804,13,5
12,10.1149/1.1513556,10,0,21461901,5,0.01676121794130119,13,5
12,10.1149/1.1513556,10,0,21461901,6,0.02130252235838065,13,5
12,10.1149/1.1513556,10,1,21461902,4,0.012537762963291505,13,5
12,10.1149/1.1513556,10,1,21461902,5,0.014946567213450706,13,5
12,10.1149/1.1513556,10,1,21461902,6,0.022248369325546104,13,5
12,10.1149/1.1513556,10,2,21461903,4,0.007363972527764971,13,5
12,10.1149/1.1513556,10,2,21461903,5,0.01556280240201556,13,5
12,10.1149/1.1513556,10,2,21461903,6,0.02359200146523452,13,5
12,10.1149/1.1513556,11,0,21462001,4,0.009004600160350224,13,5
12,10.1149/1.1513556,11,0,21462001,5,0.00925941815035416,13,5
12,10.1149/1.1513556,11,0,21462001,6,0.009709734223786806,13,5
12,10.1149/1.1513556,11,1,21462002,4,0.01324741816211814,13,5
12,10.1149/1.1513556,11,1,21462002,5,0.015604689725238652,13,5
12,10.1149/1.1513556,11,1,21462002,6,0.01982427180442051,13,5
12,10.1149/1.1513556,11,2,21462003,4,0.007766910525960248,13,5
12,10.1149/1.1513556,11,2,21462003,5,0.009592915212204633,13,5
12,10.1149/1.1513556,11,2,21462003,6,0.011317161768307384,13,5
12,10.1149/1.1513556,12,0,21462101,4,0.012129099846814099,13,5
12,10.1149/1.1513556,12,0,21462101,5,0.012225141659162334,13,5
12,10.1149/1.1513556,12,0,21462101,6,0.012250296843284558,13,5
12,10.1149/1.1513556,12,1,21462102,4,0.013991514156738976,13,5
12,10.1149/1.1513556,12,1,21462102,5,0.016956380321115988,13,5
12,10.1149/1.1513556,12,1,21462102,6,0.024908324221765164,13,5
12,10.1149/1.1513556,12,2,21462103,4,0.004690773325095448,13,5
12,10.1149/1.1513556,12,2,21462103,5,0.005365101419796433,13,5
12,10.1149/1.1513556,12,2,21462103,6,0.006431267707333632,13,5
12,10.1149/1.1513556,13,0,21462201,4,0.008426226360705604,13,5
12,10.1149/1.1513556,13,0,21462201,5,0.01768420391125023,13,5
12,10.1149/1.1513556,13,0,21462201,6,0.02549559002634083,13,5
12,10.1149/1.1513556,13,1,21462202,4,0.008052295295526122,13,5
12,10.1149/1.1513556,13,1,21462202,5,0.018229192938957684,13,5
12,10.1149/1.1513556,13,1,21462202,6,0.02821630636397538,13,5
12,10.1149/1.1513556,13,2,21462203,4,0.011906503311630658,13,5
12,10.1149/1.1513556,13,2,21462203,5,0.01274465229284664,13,5
12,10.1149/1.1513556,13,2,21462203,6,0.013179648821827924,13,5
12,10.1149/1.1513556,14,0,21462301,4,0.009910682182009797,13,5
12,10.1149/1.1513556,14,0,21462301,5,0.01004607520393804,13,5
12,10.1149/1.1513556,14,0,21462301,6,0.00974602489992037,13,5
12,10.1149/1.1513556,14,1,21462302,4,0.007939668283117492,13,5
12,10.1149/1.1513556,14,1,21462302,5,0.016619687635524655,13,5
12,10.1149/1.1513556,14,1,21462302,6,0.024517812833392376,13,5
12,10.1149/1.1513556,14,2,21462303,4,0.008108034078357768,13,5
12,10.1149/1.1513556,14,2,21462303,5,0.009548538132485528,13,5
12,10.1149/1.1513556,14,2,21462303,6,0.01023557437123416,13,5
12,10.1149/1.1513556,15,0,21462401,4,0.009152622652737256,13,5
12,10.1149/1.1513556,15,0,21462401,5,0.009449665647529689,13,5
12,10.1149/1.1513556,15,0,21462401,6,0.009371774951930185,13,5
12,10.1149/1.1513556,15,1,21462402,4,0.01416241551221529,13,5
12,10.1149/1.1513556,15,1,21462402,5,0.01634569870170368,13,5
12,10.1149/1.1513556,15,1,21462402,6,0.019808156235527376,13,5
12,10.1149/1.1513556,15,2,21462403,4,0.009583790693912199,13,5
12,10.1149/1.1513556,15,2,21462403,5,0.01014911029994934,13,5
12,10.1149/1.1513556,15,2,21462403,6,0.010886936378424385,13,5
12,10.1149/1.1513556,16,0,21462501,4,0.005647315540499765,13,5
12,10.1149/1.1513556,16,0,21462501,5,0.006325588217358506,13,5
12,10.1149/1.1513556,16,0,21462501,6,0.007316719812573366,13,5
12,10.1149/1.1513556,16,1,21462502,4,0.015047104789958188,13,5
12,10.1149/1.1513556,16,1,21462502,5,0.018480942194725857,13,5
12,10.1149/1.1513556,16,1,21462502,6,0.026215442416799732,13,5
12,10.1149/1.1513556,16,2,21462503,4,0.011824085556484764,13,5
12,10.1149/1.1513556,16,2,21462503,5,0.012328805128376419,13,5
12,10.1149/1.1513556,16,2,21462503,6,0.01239647702307546,13,5
12,10.1149/1.1513556,17,0,21462601,4,0.00809794593147239,13,5
12,10.1149/1.1513556,17,0,21462601,5,0.009553566550940109,13,5
12,10.1149/1.1513556,17,0,21462601,6,0.010380561049056585,13,5
12,10.1149/1.1513556,17,1,21462602,4,0.008089056601705754,13,5
12,10.1149/1.1513556,17,1,21462602,5,0.010121157163303644,13,5
12,10.1149/1.1513556,17,1,21462602,6,0.011909793741060087,13,5
12,10.1149/1.1513556,17,2,21462603,4,0.011805394808642204,13,5
12,10.1149/1.1513556,17,2,21462603,5,0.015136661989017142,13,5
12,10.1149/1.1513556,17,2,21462603,6,0.01998222981434827,13,5
12,10.1149/1.1513556,18,0,21462701,4,0.010562719914927443,13,5
12,10.1149/1.1513556,18,0,21462701,5,0.01948878236783971,13,5
12,10.1149/1.1513556,18,0,21462701,6,0.028634843940684707,13,5
12,10.1149/1.1513556,18,1,21462702,4,0.006732706459650744,13,5
12,10.1149/1.1513556,18,1,21462702,5,0.006563650678023123,13,5
12,10.1149/1.1513556,18,1,21462702,6,0.0059595420313288015,13,5
12,10.1149/1.1513556,18,2,21462703,4,0.007390422864795474,13,5
12,10.1149/1.1513556,18,2,21462703,5,0.007324779495018303,13,5
12,10.1149/1.1513556,18,2,21462703,6,0.006706641011109087,13,5
12,10.1149/1.1513556,19,0,21462801,4,0.00896950600096711,13,5
12,10.1149/1.1513556,19,0,21462801,5,0.014649582814209906,13,5
12,10.1149/1.1513556,19,0,21462801,6,0.019815878458853558,13,5
12,10.1149/1.1513556,19,1,21462802,4,0.014545936760574257,13,5
12,10.1149/1.1513556,19,1,21462802,5,0.017036985370229126,13,5
12,10.1149/1.1513556,19,1,21462802,6,0.020068221665181383,13,5
12,10.1149/1.1513556,19,2,21462803,4,0.012120661713164263,13,5
12,10.1149/1.1513556,19,2,21462803,5,0.020044657975744194,13,5
12,10.1149/1.1513556,19,2,21462803,6,0.02754742246131584,13,5
13,10.1149/1.1527939,0,0,21560901,4,0.004179721754262423,13,5
13,10.1149/1.1527939,0,0,21560901,5,0.009843346405083456,13,5
13,10.1149/1.1527939,0,0,21560901,6,0.015926487201789737,13,5
13,10.1149/1.1527939,0,1,21560902,4,0.007068944516415934,13,5
13,10.1149/1.1527939,0,1,21560902,5,0.008679085848401113,13,5
13,10.1149/1.1527939,0,1,21560902,6,0.010002302779337141,13,5
13,10.1149/1.1527939,0,2,21560903,4,0.009508670771156465,13,5
13,10.1149/1.1527939,0,2,21560903,5,0.010103655970639992,13,5
13,10.1149/1.1527939,0,2,21560903,6,0.010490838780448687,13,5
13,10.1149/1.1527939,1,0,21561001,4,0.011226307236087158,13,5
13,10.1149/1.1527939,1,0,21561001,5,0.014076623038853053,13,5
13,10.1149/1.1527939,1,0,21561001,6,0.018401759376855002,13,5
13,10.1149/1.1527939,1,1,21561002,4,0.008228268644726314,13,5
13,10.1149/1.1527939,1,1,21561002,5,0.01644351708708771,13,5
13,10.1149/1.1527939,1,1,21561002,6,0.024573090702814947,13,5
13,10.1149/1.1527939,1,2,21561003,4,0.008017655540137076,13,5
13,10.1149/1.1527939,1,2,21561003,5,0.00795567300674736,13,5
13,10.1149/1.1527939,1,2,21561003,6,0.00815278866731261,13,5
13,10.1149/1.1527939,2,0,21561101,4,0.007550782233012816,13,5
13,10.1149/1.1527939,2,0,21561101,5,0.00794001172531566,13,5
13,10.1149/1.1527939,2,0,21561101,6,0.008221757710812263,13,5
13,10.1149/1.1527939,2,1,21561102,4,0.008109211975225147,13,5
13,10.1149/1.1527939,2,1,21561102,5,0.00887822075748658,13,5
13,10.1149/1.1527939,2,1,21561102,6,0.009518574107919408,13,5
13,10.1149/1.1527939,2,2,21561103,4,0.006744778736967076,13,5
13,10.1149/1.1527939,2,2,21561103,5,0.01382053665178266,13,5
13,10.1149/1.1527939,2,2,21561103,6,0.020157401790471367,13,5
13,10.1149/1.1527939,3,0,21561201,4,0.008791987459747862,13,5
13,10.1149/1.1527939,3,0,21561201,5,0.009072990704007772,13,5
13,10.1149/1.1527939,3,0,21561201,6,0.008933744506499619,13,5
13,10.1149/1.1527939,3,1,21561202,4,0.007866158617113811,13,5
13,10.1149/1.1527939,3,1,21561202,5,0.007958426669338959,13,5
13,10.1149/1.1527939,3,1,21561202,6,0.008247731208245896,13,5
13,10.1149/1.1527939,3,2,21561203,4,0.014181801563896262,13,5
13,10.1149/1.1527939,3,2,21561203,5,0.018751075142803733,13,5
13,10.1149/1.1527939,3,2,21561203,6,0.02478703371005992,13,5
13,10.1149/1.1527939,4,0,21561301,4,0.009299312138220356,13,5
13,10.1149/1.1527939,4,0,21561301,5,0.012398290778852968,13,5
13,10.1149/1.1527939,4,0,21561301,6,0.017870986315376706,13,5
13,10.1149/1.1527939,4,1,21561302,4,0.009675407144885424,13,5
13,10.1149/1.1527939,4,1,21561302,5,0.010584783554152663,13,5
13,10.1149/1.1527939,4,1,21561302,6,0.011250689530824,13,5
13,10.1149/1.1527939,4,2,21561303,4,0.009340048167756463,13,5
13,10.1149/1.1527939,4,2,21561303,5,0.016434673075823428,13,5
13,10.1149/1.1527939,4,2,21561303,6,0.022871546103180054,13,5
13,10.1149/1.1527939,5,0,21561401,4,0.005875295807633048,13,5
13,10.1149/1.1527939,5,0,21561401,5,0.014332903610476108,13,5
13,10.1149/1.1527939,5,0,21561401,6,0.022031431280535106,13,5
13,10.1149/1.1527939,5,1,21561402,4,0.011123523595586273,13,5
13,10.1149/1.1527939,5,1,21561402,5,0.013573007469889964,13,5
13,10.1149/1.1527939,5,1,21561402,6,0.01919899410243853,13,5
13,10.1149/1.1527939,5,2,21561403,4,0.007460214395015076,13,5
13,10.1149/1.1527939,5,2,21561403,5,0.008926443024510941,13,5
13,10.1149/1.1527939,5,2,21561403,6,0.009757181979145185,13,5
13,10.1149/1.1527939,6,0,21561501,4,0.009483038377930538,13,5
13,10.1149/1.1527939,6,0,21561501,5,0.012123971482699405,13,5
13,10.1149/1.1527939,6,0,21561501,6,0.016572929322698982,13,5
13,10.1149/1.1527939,6,1,21561502,4,0.007046737549227333,13,5
13,10.1149/1.1527939,6,1,21561502,5,0.007439538273469225,13,5
13,10.1149/1.1527939,6,1,21561502,6,0.0073126271093090734,13,5
13,10.1149/1.1527939,6,2,21561503,4,0.008448522129928988,13,5
13,10.1149/1.1527939,6,2,21561503,5,0.016926187386550724,13,5
13,10.1149/1.1527939,6,2,21561503,6,0.024415264272244653,13,5
13,10.1149/1.1527939,7,0,21561601,4,0.014485547076444621,13,5
13,10.1149/1.1527939,7,0,21561601,5,0.02068058590126135,13,5
13,10.1149/1.1527939,7,0,21561601,6,0.02728888043397636,13,5
13,10.1149/1.1527939,7,1,21561602,4,0.008870416473674671,13,5
13,10.1149/1.1527939,7,1,21561602,5,0.010268705420853976,13,5
13,10.1149/1.1527939,7,1,21561602,6,0.010787791482389786,13,5
13,10.1149/1.1527939,7,2,21561603,4,0.011580123664372999,13,5
13,10.1149/1.1527939,7,2,21561603,5,0.014107759398851314,13,5
13,10.1149/1.1527939,7,2,21561603,6,0.01758127237335505,13,5
13,10.1149/1.1527939,8,0,21561701,4,0.008322499318536635,13,5
13,10.1149/1.1527939,8,0,21561701,5,0.010046948951750642,13,5
13,10.1149/1.1527939,8,0,21561701,6,0.011650090241392515,13,5
13,10.1149/1.1527939,8,1,21561702,4,0.011009261614669006,13,5
13,10.1149/1.1527939,8,1,21561702,5,0.014299859120291938,13,5
13,10.1149/1.1527939,8,1,21561702,6,0.018223428963158927,13,5
13,10.1149/1.1527939,8,2,21561703,4,0.007824886090535778,13,5
13,10.1149/1.1527939,8,2,21561703,5,0.009292372560254534,13,5
13,10.1149/1.1527939,8,2,21561703,6,0.010114261368758693,13,5
13,10.1149/1.1527939,9,0,21561801,4,0.014352018665495089,13,5
13,10.1149/1.1527939,9,0,21561801,5,0.01705635492799488,13,5
13,10.1149/1.1527939,9,0,21561801,6,0.021373078006085424,13,5
13,10.1149/1.1527939,9,1,21561802,4,0.013337786354879167,13,5
13,10.1149/1.1527939,9,1,21561802,5,0.015677420365870064,13,5
13,10.1149/1.1527939,9,1,21561802,6,0.020332829695464166,13,5
13,10.1149/1.1527939,9,2,21561803,4,0.005659869006801581,13,5
13,10.1149/1.1527939,9,2,21561803,5,0.0066297173921532355,13,5
13,10.1149/1.1527939,9,2,21561803,6,0.007322901597369476,13,5
13,10.1149/1.1527939,10,0,21561901,4,0.010598928721433299,13,5
13,10.1149/1.1527939,10,0,21561901,5,0.013405313282012365,13,5
13,10.1149/1.1527939,10,0,21561901,6,0.018321535188876057,13,5
13,10.1149/1.1527939,10,1,21561902,4,0.00679800703206423,13,5
13,10.1149/1.1527939,10,1,21561902,5,0.006364603858068178,13,5
13,10.1149/1.1527939,10,1,21561902,6,0.005778616135244036,13,5
13,10.1149/1.1527939,10,2,21561903,4,0.013121452564900627,13,5
13,10.1149/1.1527939,10,2,21561903,5,0.01678712753966887,13,5
13,10.1149/1.1527939,10,2,21561903,6,0.021347853821332342,13,5
13,10.1149/1.1527939,11,0,21562001,4,0.012021735213220714,13,5
13,10.1149/1.1527939,11,0,21562001,5,0.01261878215051678,13,5
13,10.1149/1.1527939,11,0,21562001,6,0.013535787327977994,13,5
13,10.1149/1.1527939,11,1,21562002,4,0.008245348675535589,13,5
13,10.1149/1.1527939,11,1,21562002,5,0.008711578248677803,13,5
13,10.1149/1.1527939,11,1,21562002,6,0.007884286317692533,13,5
13,10.1149/1.1527939,11,2,21562003,4,0.008919139966165654,13,5
13,10.1149/1.1527939,11,2,21562003,5,0.014864485095440721,13,5
13,10.1149/1.1527939,11,2,21562003,6,0.020462766973070808,13,5
13,10.1149/1.1527939,12,0,21562101,4,0.00831839543562965,13,5
13,10.1149/1.1527939,12,0,21562101,5,0.008967147882364154,13,5
13,10.1149/1.1527939,12,0,21562101,6,0.009118023656158433,13,5
13,10.1149/1.1527939,12,1,21562102,4,0.008350726604362656,13,5
13,10.1149/1.1527939,12,1,21562102,5,0.008690225555579733,13,5
13,10.1149/1.1527939,12,1,21562102,6,0.009284554035281358,13,5
13,10.1149/1.1527939,12,2,21562103,4,0.00930548935217985,13,5
13,10.1149/1.1527939,12,2,21562103,5,0.011069489049771179,13,5
13,10.1149/1.1527939,12,2,21562103,6,0.012622965574357792,13,5
13,10.1149/1.1527939,13,0,21562201,4,0.014760237972562202,13,5
13,10.1149/1.1527939,13,0,21562201,5,0.017487996696418578,13,5
13,10.1149/1.1527939,13,0,21562201,6,0.02496588812039082,13,5
13,10.1149/1.1527939,13,1,21562202,4,0.011572921297919939,13,5
13,10.1149/1.1527939,13,1,21562202,5,0.014770961396462496,13,5
13,10.1149/1.1527939,13,1,21562202,6,0.01761916279160092,13,5
13,10.1149/1.1527939,13,2,21562203,4,0.011109994407678516,13,5
13,10.1149/1.1527939,13,2,21562203,5,0.01960824920503359,13,5
13,10.1149/1.1527939,13,2,21562203,6,0.02669411930863489,13,5
13,10.1149/1.1527939,14,0,21562301,4,0.008171686039822434,13,5
13,10.1149/1.1527939,14,0,21562301,5,0.008584474488176935,13,5
13,10.1149/1.1527939,14,0,21562301,6,0.008612882983857335,13,5
13,10.1149/1.1527939,14,1,21562302,4,0.010194742695636841,13,5
13,10.1149/1.1527939,14,1,21562302,5,0.011950359686568848,13,5
13,10.1149/1.1527939,14,1,21562302,6,0.013206429679760157,13,5
13,10.1149/1.1527939,14,2,21562303,4,0.005829836841170328,13,5
13,10.1149/1.1527939,14,2,21562303,5,0.011762563868305275,13,5
13,10.1149/1.1527939,14,2,21562303,6,0.017764516555137836,13,5
13,10.1149/1.1527939,15,0,21562401,4,0.003339594399192569,13,5
13,10.1149/1.1527939,15,0,21562401,5,0.009498984672971363,13,5
13,10.1149/1.1527939,15,0,21562401,6,0.015569062390582372,13,5
13,10.1149/1.1527939,15,1,21562402,4,0.006062874776340918,13,5
13,10.1149/1.1527939,15,1,21562402,5,0.014232423396061445,13,5
13,10.1149/1.1527939,15,1,21562402,6,0.02196292769006606,13,5
13,10.1149/1.1527939,15,2,21562403,4,0.009639917492840733,13,5
13,10.1149/1.1527939,15,2,21562403,5,0.01085784779006712,13,5
13,10.1149/1.1527939,15,2,21562403,6,0.009516084621706663,13,5
13,10.1149/1.1527939,16,0,21562501,4,0.00971009303695016,13,5
13,10.1149/1.1527939,16,0,21562501,5,0.010155088385600685,13,5
13,10.1149/1.1527939,16,0,21562501,6,0.010075614919927606,13,5
13,10.1149/1.1527939,16,1,21562502,4,0.012573361965205546,13,5
13,10.1149/1.1527939,16,1,21562502,5,0.014550337645982462,13,5
13,10.1149/1.1527939,16,1,21562502,6,0.019315057209629033,13,5
13,10.1149/1.1527939,16,2,21562503,4,0.012506050267818671,13,5
13,10.1149/1.1527939,16,2,21562503,5,0.015624655922134606,13,5
13,10.1149/1.1527939,16,2,21562503,6,0.021618930445122937,13,5
13,10.1149/1.1527939,17,0,21562601,4,0.011261036585168154,13,5
13,10.1149/1.1527939,17,0,21562601,5,0.012071503298572577,13,5
13,10.1149/1.1527939,17,0,21562601,6,0.012858865227624857,13,5
13,10.1149/1.1527939,17,1,21562602,4,0.011978802438656557,13,5
13,10.1149/1.1527939,17,1,21562602,5,0.015327393614849171,13,5
13,10.1149/1.1527939,17,1,21562602,6,0.018842452227672345,13,5
13,10.1149/1.1527939,17,2,21562603,4,0.01613479650769124,13,5
13,10.1149/1.1527939,17,2,21562603,5,0.019164807730283222,13,5
13,10.1149/1.1527939,17,2,21562603,6,0.02676456603931949,13,5
13,10.1149/1.1527939,18,0,21562701,4,0.011274498116466126,13,5
13,10.1149/1.1527939,18,0,21562701,5,0.010853187907490505,13,5
13,10.1149/1.1527939,18,0,21562701,6,0.009858506241396848,13,5
13,10.1149/1.1527939,18,1,21562702,4,0.006959554784684014,13,5
13,10.1149/1.1527939,18,1,21562702,5,0.006774246364056932,13,5
13,10.1149/1.1527939,18,1,21562702,6,0.006498545515624603,13,5
13,10.1149/1.1527939,18,2,21562703,4,0.010709403087009007,13,5
13,10.1149/1.1527939,18,2,21562703,5,0.013866692810796454,13,5
13,10.1149/1.1527939,18,2,21562703,6,0.01941031969869349,13,5
13,10.1149/1.1527939,19,0,21562801,4,0.01319888638651442,13,5
13,10.1149/1.1527939,19,0,21562801,5,0.014648462634625317,13,5
13,10.1149/1.1527939,19,0,21562801,6,0.015309544252430715,13,5
13,10.1149/1.1527939,19,1,21562802,4,0.011445215476607404,13,5
13,10.1149/1.1527939,19,1,21562802,5,0.011242067795045057,13,5
13,10.1149/1.1527939,19,1,21562802,6,0.010534985849123036,13,5
13,10.1149/1.1527939,19,2,21562803,4,0.006164126526064184,13,5
13,10.1149/1.1527939,19,2,21562803,5,0.007319944656798237,13,5
13,10.1149/1.1527939,19,2,21562803,6,0.00815104669721879,13,5
14,10.1149/1.1566019,0,0,21660901,4,0.0036470080561212697,13,5
14,10.1149/1.1566019,0,0,21660901,5,0.0044492896658853386,13,5
14,10.1149/1.1566019,0,0,21660901,6,0.004781865476342866,13,5
14,10.1149/1.1566019,0,1,21660902,4,0.008924627590790036,13,5
14,10.1149/1.1566019,0,1,21660902,5,0.011363865739960104,13,5
14,10.1149/1.1566019,0,1,21660902,6,0.015516397726645514,13,5
14,10.1149/1.1566019,0,2,21660903,4,0.017074953133670752,13,5
14,10.1149/1.1566019,0,2,21660903,5,0.020679304412476222,13,5
14,10.1149/1.1566019,0,2,21660903,6,0.025202994746576658,13,5
14,10.1149/1.1566019,1,0,21661001,4,0.013867356533119013,13,5
14,10.1149/1.1566019,1,0,21661001,5,0.016543243863152778,13,5
14,10.1149/1.1566019,1,0,21661001,6,0.025078974782453904,13,5
14,10.1149/1.1566019,1,1,21661002,4,0.006451713463759818,13,5
14,10.1149/1.1566019,1,1,21661002,5,0.008195271147785257,13,5
14,10.1149/1.1566019,1,1,21661002,6,0.009214731851512396,13,5
14,10.1149/1.1566019,1,2,21661003,4,0.010866198401851608,13,5
14,10.1149/1.1566019,1,2,21661003,5,0.018807701808942378,13,5
14,10.1149/1.1566019,1,2,21661003,6,0.0273732316541938,13,5
14,10.1149/1.1566019,2,0,21661101,4,0.006040195445430456,13,5
14,10.1149/1.1566019,2,0,21661101,5,0.005523613910186511,13,5
14,10.1149/1.1566019,2,0,21661101,6,0.005098779178227508,13,5
14,10.1149/1.1566019,2,1,21661102,4,0.014330544421614272,13,5
14,10.1149/1.1566019,2,1,21661102,5,0.017051413210620932,13,5
14,10.1149/1.1566019,2,1,21661102,6,0.021385351813945325,13,5
14,10.1149/1.1566019,2,2,21661103,4,0.013027489576636464,13,5
14,10.1149/1.1566019,2,2,21661103,5,0.015667693453587546,13,5
14,10.1149/1.1566019,2,2,21661103,6,0.023056333856721463,13,5
14,10.1149/1.1566019,3,0,21661201,4,0.009838812477520664,13,5
14,10.1149/1.1566019,3,0,21661201,5,0.010673071455591751,13,5
14,10.1149/1.1566019,3,0,21661201,6,0.0108248535965318,13,5
14,10.1149/1.1566019,3,1,21661202,4,0.015087481711890583,13,5
14,10.1149/1.1566019,3,1,21661202,5,0.018180599121014485,13,5
14,10.1149/1.1566019,3,1,21661202,6,0.02547695679939513,13,5
14,10.1149/1.1566019,3,2,21661203,4,0.012257613859176666,13,5
14,10.1149/1.1566019,3,2,21661203,5,0.012923928416740518,13,5
14,10.1149/1.1566019,3,2,21661203,6,0.013857147186036516,13,5
14,10.1149/1.1566019,4,0,21661301,4,0.008055264802313564,13,5
14,10.1149/1.1566019,4,0,21661301,5,0.00924979016610585,13,5
14,10.1149/1.1566019,4,0,21661301,6,0.009046108259932276,13,5
14,10.1149/1.1566019,4,1,21661302,4,0.009923976273534741,13,5
14,10.1149/1.1566019,4,1,21661302,5,0.011627235194573263,13,5
14,10.1149/1.1566019,4,1,21661302,6,0.012844810095182175,13,5
14,10.1149/1.1566019,4,2,21661303,4,0.01449026090474145,13,5
14,10.1149/1.1566019,4,2,21661303,5,0.020394383788721264,13,5
14,10.1149/1.1566019,4,2,21661303,6,0.02773007670423745,13,5
14,10.1149/1.1566019,5,0,21661401,4,0.008237490833886677,13,5
14,10.1149/1.1566019,5,0,21661401,5,0.017773356705683488,13,5
14,10.1149/1.1566019,5,0,21661401,6,0.027329863615802752,13,5
14,10.1149/1.1566019,5,1,21661402,4,0.00913387731477269,13,5
14,10.1149/1.1566019,5,1,21661402,5,0.00974439832016894,13,5
14,10.1149/1.1566019,5,1,21661402,6,0.009790954245781188,13,5
14,10.1149/1.1566019,5,2,21661403,4,0.008975670034344312,13,5
14,10.1149/1.1566019,5,2,21661403,5,0.009249934766140236,13,5
14,10.1149/1.1566019,5,2,21661403,6,0.00940837207112127,13,5
14,10.1149/1.1566019,6,0,21661501,4,0.010336940813998089,13,5
14,10.1149/1.1566019,6,0,21661501,5,0.01603182242816715,13,5
14,10.1149/1.1566019,6,0,21661501,6,0.021976121376533476,13,5
14,10.1149/1.1566019,6,1,21661502,4,0.013723515332887303,13,5
14,10.1149/1.1566019,6,1,21661502,5,0.015471840649609787,13,5
14,10.1149/1.1566019,6,1,21661502,6,0.016180260109300716,13,5
14,10.1149/1.1566019,6,2,21661503,4,0.010978602053060945,13,5
14,10.1149/1.1566019,6,2,21661503,5,0.013779166208052218,13,5
14,10.1149/1.1566019,6,2,21661503,6,0.018538773238838735,13,5
14,10.1149/1.1566019,7,0,21661601,4,0.015105733890869394,13,5
14,10.1149/1.1566019,7,0,21661601,5,0.019191060305701512,13,5
14,10.1149/1.1566019,7,0,21661601,6,0.02528059794825327,13,5
14,10.1149/1.1566019,7,1,21661602,4,0.012212968681251313,13,5
14,10.1149/1.1566019,7,1,21661602,5,0.012785729405657859,13,5
14,10.1149/1.1566019,7,1,21661602,6,0.013069773867205156,13,5
14,10.1149/1.1566019,7,2,21661603,4,0.017294637669566373,13,5
14,10.1149/1.1566019,7,2,21661603,5,0.01933864759177392,13,5
14,10.1149/1.1566019,7,2,21661603,6,0.022722531516422374,13,5
14,10.1149/1.1566019,8,0,21661701,4,0.014224362834734341,13,5
14,10.1149/1.1566019,8,0,21661701,5,0.017066684346146544,13,5
14,10.1149/1.1566019,8,0,21661701,6,0.020955038315067207,13,5
14,10.1149/1.1566019,8,1,21661702,4,0.008656991815754382,13,5
14,10.1149/1.1566019,8,1,21661702,5,0.009062398606597993,13,5
14,10.1149/1.1566019,8,1,21661702,6,0.009096201110052615,13,5
14,10.1149/1.1566019,8,2,21661703,4,0.007124776880178546,13,5
14,10.1149/1.1566019,8,2,21661703,5,0.014918636184013173,13,5
14,10.1149/1.1566019,8,2,21661703,6,0.02363593234058776,13,5
14,10.1149/1.1566019,9,0,21661801,4,0.012813552563637809,13,5
14,10.1149/1.1566019,9,0,21661801,5,0.014526157917903876,13,5
14,10.1149/1.1566019,9,0,21661801,6,0.01882759172924358,13,5
14,10.1149/1.1566019,9,1,21661802,4,0.008902721482870794,13,5
14,10.1149/1.1566019,9,1,21661802,5,0.009049950043925545,13,5
14,10.1149/1.1566019,9,1,21661802,6,0.007987132762245146,13,5
14,10.1149/1.1566019,9,2,21661803,4,0.007870530991661228,13,5
14,10.1149/1.1566019,9,2,21661803,5,0.010189738281070837,13,5
14,10.1149/1.1566019,9,2,21661803,6,0.012111708347745206,13,5
14,10.1149/1.1566019,10,0,21661901,4,0.01175487313612642,13,5
14,10.1149/1.1566019,10,0,21661901,5,0.018794098746164955,13,5
14,10.1149/1.1566019,10,0,21661901,6,0.025062502437693552,13,5
14,10.1149/1.1566019,10,1,21661902,4,0.011967340126927012,13,5
14,10.1149/1.1566019,10,1,21661902,5,0.017343817274909197,13,5
14,10.1149/1.1566019,10,1,21661902,6,0.024557519665084442,13,5
14,10.1149/1.1566019,10,2,21661903,4,0.00785133262393363,13,5
14,10.1149/1.1566019,10,2,21661903,5,0.008119896585014377,13,5
14,10.1149/1.1566019,10,2,21661903,6,0.008096815349280917,13,5
14,10.1149/1.1566019,11,0,21662001,4,0.009466818323403068,13,5
14,10.1149/1.1566019,11,0,21662001,5,0.010633025550958006,13,5
14,10.1149/1.1566019,11,0,21662001,6,0.011085791444060767,13,5
14,10.1149/1.1566019,11,1,21662002,4,0.01742488815722476,13,5
14,10.1149/1.1566019,11,1,21662002,5,0.019031491335413136,13,5
14,10.1149/1.1566019,11,1,21662002,6,0.022245424814441528,13,5
14,10.1149/1.1566019,11,2,21662003,4,0.011414877646608583,13,5
14,10.1149/1.1566019,11,2,21662003,5,0.020082856766566667,13,5
14,10.1149/1.1566019,11,2,21662003,6,0.028421152046268293,13,5
14,10.1149/1.1566019,12,0,21662101,4,0.012621749848701538,13,5
14,10.1149/1.1566019,12,0,21662101,5,0.016003691909603074,13,5
14,10.1149/1.1566019,12,0,21662101,6,0.021908397693469573,13,5
14,10.1149/1.1566019,12,1,21662102,4,0.011939992267727795,13,5
14,10.1149/1.1566019,12,1,21662102,5,0.014004312384197129,13,5
14,10.1149/1.1566019,12,1,21662102,6,0.015507295743708502,13,5
14,10.1149/1.1566019,12,2,21662103,4,0.006270233323519625,13,5
14,10.1149/1.1566019,12,2,21662103,5,0.005924512848759793,13,5
14,10.1149/1.1566019,12,2,21662103,6,0.005641815481296364,13,5
14,10.1149/1.1566019,13,0,21662201,4,0.016277146304701024,13,5
14,10.1149/1.1566019,13,0,21662201,5,0.021479009948433624,13,5
14,10.1149/1.1566019,13,0,21662201,6,0.027795968373081476,13,5
14,10.1149/1.1566019,13,1,21662202,4,0.014703206509326322,13,5
14,10.1149/1.1566019,13,1,21662202,5,0.017382350117365174,13,5
14,10.1149/1.1566019,13,1,21662202,6,0.022179133646890524,13,5
14,10.1149/1.1566019,13,2,21662203,4,0.018511574629114895,13,5
14,10.1149/1.1566019,13,2,21662203,5,0.021486781095161233,13,5
14,10.1149/1.1566019,13,2,21662203,6,0.028444221196295548,13,5
14,10.1149/1.1566019,14,0,21662301,4,0.010622529272374014,13,5
14,10.1149/1.1566019,14,0,21662301,5,0.020079949525323496,13,5
14,10.1149/1.1566019,14,0,21662301,6,0.028412737301065367,13,5
14,10.1149/1.1566019,14,1,21662302,4,0.013716731164100493,13,5
14,10.1149/1.1566019,14,1,21662302,5,0.015246514827650876,13,5
14,10.1149/1.1566019,14,1,21662302,6,0.019092313075120305,13,5
14,10.1149/1.1566019,14,2,21662303,4,0.008552879978489402,13,5
14,10.1149/1.1566019,14,2,21662303,5,0.008005663968235174,13,5
14,10.1149/1.1566019,14,2,21662303,6,0.0079379236817832,13,5
14,10.1149/1.1566019,15,0,21662401,4,0.008760089926154171,13,5
14,10.1149/1.1566019,15,0,21662401,5,0.009303263132092647,13,5
14,10.1149/1.1566019,15,0,21662401,6,0.009198977669101629,13,5
14,10.1149/1.1566019,15,1,21662402,4,0.00932111921915024,13,5
14,10.1149/1.1566019,15,1,21662402,5,0.012298034868360907,13,5
14,10.1149/1.1566019,15,1,21662402,6,0.017068077052745424,13,5
14,10.1149/1.1566019,15,2,21662403,4,0.015066806062169489,13,5
14,10.1149/1.1566019,15,2,21662403,5,0.02035284749437176,13,5
14,10.1149/1.1566019,15,2,21662403,6,0.025301083641394318,13,5
14,10.1149/1.1566019,16,0,21662501,4,0.017090330291779907,13,5
14,10.1149/1.1566019,16,0,21662501,5,0.028674344276260155,13,5
14,10.1149/1.1566019,16,0,21662501,6,0.03916198000216008,13,5
14,10.1149/1.1566019,16,1,21662502,4,0.0059066137455625395,13,5
14,10.1149/1.1566019,16,1,21662502,5,0.0053489702928026005,13,5
14,10.1149/1.1566019,16,1,21662502,6,0.004722525220921348,13,5
14,10.1149/1.1566019,16,2,21662503,4,0.009430636726904255,13,5
14,10.1149/1.1566019,16,2,21662503,5,0.011453977127047044,13,5
14,10.1149/1.1566019,16,2,21662503,6,0.013061544533918454,13,5
14,10.1149/1.1566019,17,0,21662601,4,0.009543622704983408,13,5
14,10.1149/1.1566019,17,0,21662601,5,0.009762300528756132,13,5
14,10.1149/1.1566019,17,0,21662601,6,0.010787861557232848,13,5
14,10.1149/1.1566019,17,1,21662602,4,0.006957858881479544,13,5
14,10.1149/1.1566019,17,1,21662602,5,0.014877330774150436,13,5
14,10.1149/1.1566019,17,1,21662602,6,0.02210703280365571,13,5
14,10.1149/1.1566019,17,2,21662603,4,0.005791178211589604,13,5
14,10.1149/1.1566019,17,2,21662603,5,0.0065364499678117445,13,5
14,10.1149/1.1566019,17,2,21662603,6,0.007404184386576892,13,5
14,10.1149/1.1566019,18,0,21662701,4,0.011878781424035145,13,5
14,10.1149/1.1566019,18,0,21662701,5,0.018103141959270402,13,5
14,10.1149/1.1566019,18,0,21662701,6,0.02359695647024084,13,5
14,10.1149/1.1566019,18,1,21662702,4,0.006079475266113606,13,5
14,10.1149/1.1566019,18,1,21662702,5,0.007605268782961398,13,5
14,10.1149/1.1566019,18,1,21662702,6,0.009146306203896993,13,5
14,10.1149/1.1566019,18,2,21662703,4,0.010117255228872973,13,5
14,10.1149/1.1566019,18,2,21662703,5,0.01850275463758618,13,5
14,10.1149/1.1566019,18,2,21662703,6,0.026644905412336817,13,5
14,10.1149/1.1566019,19,0,21662801,4,0.01794075915932154,13,5
14,10.1149/1.1566019,19,0,21662801,5,0.019576160193705984,13,5
14,10.1149/1.1566019,19,0,21662801,6,0.022162862554086886,13,5
14,10.1149/1.1566019,19,1,21662802,4,0.013469989014590022,13,5
14,10.1149/1.1566019,19,1,21662802,5,0.022461605595096013,13,5
14,10.1149/1.1566019,19,1,21662802,6,0.03195726111706622,13,5
14,10.1149/1.1566019,19,2,21662803,4,0.01272051938547133,13,5
14,10.1149/1.1566019,19,2,21662803,5,0.013491000964783164,13,5
14,10.1149/1.1566019,19,2,21662803,6,0.014498171528463272,13,5
15,10.1149/1.1630593,0,0,21760901,4,0.015621788450411922,13,5
15,10.1149/1.1630593,0,0,21760901,5,0.017797070713694796,13,5
15,10.1149/1.1630593,0,0,21760901,6,0.020937042769551717,13,5
15,10.1149/1.1630593,0,1,21760902,4,0.016070880896607805,13,5
15,10.1149/1.1630593,0,1,21760902,5,0.01960900560681699,13,5
15,10.1149/1.1630593,0,1,21760902,6,0.023925161447768663,13,5
15,10.1149/1.1630593,0,2,21760903,4,0.012744635190801077,13,5
15,10.1149/1.1630593,0,2,21760903,5,0.018652750520552226,13,5
15,10.1149/1.1630593,0,2,21760903,6,0.026464796927006817,13,5
15,10.1149/1.1630593,1,0,21761001,4,0.006837160592521384,13,5
15,10.1149/1.1630593,1,0,21761001,5,0.006365887748095857,13,5
15,10.1149/1.1630593,1,0,21761001,6,0.005700253857960994,13,5
15,10.1149/1.1630593,1,1,21761002,4,0.01669753055085536,13,5
15,10.1149/1.1630593,1,1,21761002,5,0.01982199258114386,13,5
15,10.1149/1.1630593,1,1,21761002,6,0.027030026431907817,13,5
15,10.1149/1.1630593,1,2,21761003,4,0.015542424615017609,13,5
15,10.1149/1.1630593,1,2,21761003,5,0.019961656678064692,13,5
15,10.1149/1.1630593,1,2,21761003,6,0.02632455842837575,13,5
15,10.1149/1.1630593,2,0,21761101,4,0.010094388991835897,13,5
15,10.1149/1.1630593,2,0,21761101,5,0.010314525195781844,13,5
15,10.1149/1.1630593,2,0,21761101,6,0.010045045521383873,13,5
15,10.1149/1.1630593,2,1,21761102,4,0.005530814320221461,13,5
15,10.1149/1.1630593,2,1,21761102,5,0.006644348924048589,13,5
15,10.1149/1.1630593,2,1,21761102,6,0.007198252874807571,13,5
15,10.1149/1.1630593,2,2,21761103,4,0.01569178389002247,13,5
15,10.1149/1.1630593,2,2,21761103,5,0.0169813199225407,13,5
15,10.1149/1.1630593,2,2,21761103,6,0.020228458675621425,13,5
15,10.1149/1.1630593,3,0,21761201,4,0.005535919343266532,13,5
15,10.1149/1.1630593,3,0,21761201,5,0.0065085103364088456,13,5
15,10.1149/1.1630593,3,0,21761201,6,0.006999092144035211,13,5
15,10.1149/1.1630593,3,1,21761202,4,0.008546957824615323,13,5
15,10.1149/1.1630593,3,1,21761202,5,0.01722838314283052,13,5
15,10.1149/1.1630593,3,1,21761202,6,0.02514821427642088,13,5
15,10.1149/1.1630593,3,2,21761203,4,0.01057388681510849,13,5
15,10.1149/1.1630593,3,2,21761203,5,0.015863854047263294,13,5
15,10.1149/1.1630593,3,2,21761203,6,0.021178741442541105,13,5
15,10.1149/1.1630593,4,0,21761301,4,0.007188842949213544,13,5
15,10.1149/1.1630593,4,0,21761301,5,0.008504690997341122,13,5
15,10.1149/1.1630593,4,0,21761301,6,0.009546950805098568,13,5
15,10.1149/1.1630593,4,1,21761302,4,0.015848924187464634,13,5
15,10.1149/1.1630593,4,1,21761302,5,0.019426207705415973,13,5
15,10.1149/1.1630593,4,1,21761302,6,0.023838122472497995,13,5
15,10.1149/1.1630593,4,2,21761303,4,0.013569376041012549,13,5
15,10.1149/1.1630593,4,2,21761303,5,0.01611444935415221,13,5
15,10.1149/1.1630593,4,2,21761303,6,0.020623297478696824,13,5
15,10.1149/1.1630593,5,0,21761401,4,0.012933581927290324,13,5
15,10.1149/1.1630593,5,0,21761401,5,0.015292263066464185,13,5
15,10.1149/1.1630593,5,0,21761401,6,0.019708413469354043,13,5
15,10.1149/1.1630593,5,1,21761402,4,0.007226443251903051,13,5
15,10.1149/1.1630593,5,1,21761402,5,0.007518601024967273,13,5
15,10.1149/1.1630593,5,1,21761402,6,0.007459685557357894,13,5
15,10.1149/1.1630593,5,2,21761403,4,0.006677342577013854,13,5
15,10.1149/1.1630593,5,2,21761403,5,0.007784655854299154,13,5
15,10.1149/1.1630593,5,2,21761403,6,0.008233361624673976,13,5
15,10.1149/1.1630593,6,0,21761501,4,0.012991999308367974,13,5
15,10.1149/1.1630593,6,0,21761501,5,0.014528591414348832,13,5
15,10.1149/1.1630593,6,0,21761501,6,0.015095459617150517,13,5
15,10.1149/1.1630593,6,1,21761502,4,0.008417586617765222,13,5
15,10.1149/1.1630593,6,1,21761502,5,0.008888969774141085,13,5
15,10.1149/1.1630593,6,1,21761502,6,0.008503758774115553,13,5
15,10.1149/1.1630593,6,2,21761503,4,0.005612531111424824,13,5
15,10.1149/1.1630593,6,2,21761503,5,0.00644743112518886,13,5
15,10.1149/1.1630593,6,2,21761503,6,0.0077449326875225575,13,5
15,10.1149/1.1630593,7,0,21761601,4,0.009131621754388803,13,5
15,10.1149/1.1630593,7,0,21761601,5,0.009763658267215727,13,5
15,10.1149/1.1630593,7,0,21761601,6,0.00993027378271357,13,5
15,10.1149/1.1630593,7,1,21761602,4,0.01018619926220268,13,5
15,10.1149/1.1630593,7,1,21761602,5,0.009463890982668734,13,5
15,10.1149/1.1630593,7,1,21761602,6,0.00765865499862943,13,5
15,10.1149/1.1630593,7,2,21761603,4,0.008105124594280916,13,5
15,10.1149/1.1630593,7,2,21761603,5,0.013852088661456855,13,5
15,10.1149/1.1630593,7,2,21761603,6,0.019067046115576306,13,5
15,10.1149/1.1630593,8,0,21761701,4,0.01582416460091144,13,5
15,10.1149/1.1630593,8,0,21761701,5,0.018522523998897984,13,5
15,10.1149/1.1630593,8,0,21761701,6,0.02267892574406551,13,5
15,10.1149/1.1630593,8,1,21761702,4,0.012659004435497962,13,5
15,10.1149/1.1630593,8,1,21761702,5,0.01480276965713996,13,5
15,10.1149/1.1630593,8,1,21761702,6,0.01871420994314621,13,5
15,10.1149/1.1630593,8,2,21761703,4,0.015325415682346872,13,5
15,10.1149/1.1630593,8,2,21761703,5,0.018704118028676494,13,5
15,10.1149/1.1630593,8,2,21761703,6,0.019504108475714713,13,5
15,10.1149/1.1630593,9,0,21761801,4,0.014197336586802764,13,5
15,10.1149/1.1630593,9,0,21761801,5,0.023634887692570238,13,5
15,10.1149/1.1630593,9,0,21761801,6,0.03294998006811865,13,5
15,10.1149/1.1630593,9,1,21761802,4,0.009589961840079913,13,5
15,10.1149/1.1630593,9,1,21761802,5,0.010057373284926235,13,5
15,10.1149/1.1630593,9,1,21761802,6,0.009856361018460675,13,5
15,10.1149/1.1630593,9,2,21761803,4,0.010336865186176058,13,5
15,10.1149/1.1630593,9,2,21761803,5,0.010605847183938763,13,5
15,10.1149/1.1630593,9,2,21761803,6,0.01008600248179722,13,5
15,10.1149/1.1630593,10,0,21761901,4,0.009577203639623168,13,5
15,10.1149/1.1630593,10,0,21761901,5,0.010152948381923408,13,5
15,10.1149/1.1630593,10,0,21761901,6,0.00995656466937394,13,5
15,10.1149/1.1630593,10,1,21761902,4,0.013348611159165552,13,5
15,10.1149/1.1630593,10,1,21761902,5,0.015895332389326857,13,5
15,10.1149/1.1630593,10,1,21761902,6,0.019896418412260704,13,5
15,10.1149/1.1630593,10,2,21761903,4,0.006981538440956137,13,5
15,10.1149/1.1630593,10,2,21761903,5,0.008453907183540119,13,5
15,10.1149/1.1630593,10,2,21761903,6,0.009007590947534588,13,5
15,10.1149/1.1630593,11,0,21762001,4,0.008239106269207062,13,5
15,10.1149/1.1630593,11,0,21762001,5,0.009023436513947516,13,5
15,10.1149/1.1630593,11,0,21762001,6,0.008940456914838215,13,5
15,10.1149/1.1630593,11,1,21762002,4,0.009239814480753835,13,5
15,10.1149/1.1630593,11,1,21762002,5,0.011730377681107077,13,5
15,10.1149/1.1630593,11,1,21762002,6,0.013461073569387569,13,5
15,10.1149/1.1630593,11,2,21762003,4,0.013262121104305719,13,5
15,10.1149/1.1630593,11,2,21762003,5,0.021235126349290187,13,5
15,10.1149/1.1630593,11,2,21762003,6,0.030102774698701894,13,5
15,10.1149/1.1630593,12,0,21762101,4,0.0047879571870454675,13,5
15,10.1149/1.1630593,12,0,21762101,5,0.005440736481650998,13,5
15,10.1149/1.1630593,12,0,21762101,6,0.0055516977746425,13,5
15,10.1149/1.1630593,12,1,21762102,4,0.007692080955817827,13,5
15,10.1149/1.1630593,12,1,21762102,5,0.008284594105360761,13,5
15,10.1149/1.1630593,12,1,21762102,6,0.007971820592633025,13,5
15,10.1149/1.1630593,12,2,21762103,4,0.015794861060317876,13,5
15,10.1149/1.1630593,12,2,21762103,5,0.022250157832036467,13,5
15,10.1149/1.1630593,12,2,21762103,6,0.02954231507951226,13,5
15,10.1149/1.1630593,13,0,21762201,4,0.016142037741186284,13,5
15,10.1149/1.1630593,13,0,21762201,5,0.02595383797315915,13,5
15,10.1149/1.1630593,13,0,21762201,6,0.035874167426822506,13,5
15,10.1149/1.1630593,13,1,21762202,4,0.013209954182324757,13,5
15,10.1149/1.1630593,13,1,21762202,5,0.015510564768441634,13,5
15,10.1149/1.1630593,13,1,21762202,6,0.02290798303792757,13,5
15,10.1149/1.1630593,13,2,21762203,4,0.008631287496121007,13,5
15,10.1149/1.1630593,13,2,21762203,5,0.009663911264135096,13,5
15,10.1149/1.1630593,13,2,21762203,6,0.010141052037423435,13,5
15,10.1149/1.1630593,14,0,21762301,4,0.010276982422085553,13,5
15,10.1149/1.1630593,14,0,21762301,5,0.01909624398296198,13,5
15,10.1149/1.1630593,14,0,21762301,6,0.02682196777976374,13,5
15,10.1149/1.1630593,14,1,21762302,4,0.019026527896107037,13,5
15,10.1149/1.1630593,14,1,21762302,5,0.02996650305035693,13,5
15,10.1149/1.1630593,14,1,21762302,6,0.040095876934454364,13,5
15,10.1149/1.1630593,14,2,21762303,4,0.007082672518506208,13,5
15,10.1149/1.1630593,14,2,21762303,5,0.016388913972526183,13,5
15,10.1149/1.1630593,14,2,21762303,6,0.02466044418665061,13,5
15,10.1149/1.1630593,15,0,21762401,4,0.0063770446870987044,13,5
15,10.1149/1.1630593,15,0,21762401,5,0.0073329603800856265,13,5
15,10.1149/1.1630593,15,0,21762401,6,0.007896812995348201,13,5
15,10.1149/1.1630593,15,1,21762402,4,0.011501389547645551,13,5
15,10.1149/1.1630593,15,1,21762402,5,0.018607999897606267,13,5
15,10.1149/1.1630593,15,1,21762402,6,0.024792523175666267,13,5
15,10.1149/1.1630593,15,2,21762403,4,0.008618319314233519,13,5
15,10.1149/1.1630593,15,2,21762403,5,0.00871745415139824,13,5
15,10.1149/1.1630593,15,2,21762403,6,0.008644419865341712,13,5
15,10.1149/1.1630593,16,0,21762501,4,0.010045403380219795,13,5
15,10.1149/1.1630593,16,0,21762501,5,0.011515623351048875,13,5
15,10.1149/1.1630593,16,0,21762501,6,0.012363132420147516,13,5
15,10.1149/1.1630593,16,1,21762502,4,0.01047401377229669,13,5
15,10.1149/1.1630593,16,1,21762502,5,0.011409234876921713,13,5
15,10.1149/1.1630593,16,1,21762502,6,0.011508934563018915,13,5
15,10.1149/1.1630593,16,2,21762503,4,0.004184612716722296,13,5
15,10.1149/1.1630593,16,2,21762503,5,0.005080758866714952,13,5
15,10.1149/1.1630593,16,2,21762503,6,0.005588513396368218,13,5
15,10.1149/1.1630593,17,0,21762601,4,0.015884830480194876,13,5
15,10.1149/1.1630593,17,0,21762601,5,0.022473126862397698,13,5
15,10.1149/1.1630593,17,0,21762601,6,0.03064868581009742,13,5
15,10.1149/1.1630593,17,1,21762602,4,0.011009517126492138,13,5
15,10.1149/1.1630593,17,1,21762602,5,0.0186131229858871,13,5
15,10.1149/1.1630593,17,1,21762602,6,0.026274671660271566,13,5
15,10.1149/1.1630593,17,2,21762603,4,0.009275301604902243,13,5
15,10.1149/1.1630593,17,2,21762603,5,0.01598433241634704,13,5
15,10.1149/1.1630593,17,2,21762603,6,0.02320003103031897,13,5
15,10.1149/1.1630593,18,0,21762701,4,0.0045053881353711075,13,5
15,10.1149/1.1630593,18,0,21762701,5,0.0051490508119117154,13,5
15,10.1149/1.1630593,18,0,21762701,6,0.005773074872190066,13,5
15,10.1149/1.1630593,18,1,21762702,4,0.00467696123359596,13,5
15,10.1149/1.1630593,18,1,21762702,5,0.005699988747906689,13,5
15,10.1149/1.1630593,18,1,21762702,6,0.006891458264304579,13,5
15,10.1149/1.1630593,18,2,21762703,4,0.00431945966020473,13,5
15,10.1149/1.1630593,18,2,21762703,5,0.0051375603804427045,13,5
15,10.1149/1.1630593,18,2,21762703,6,0.006029196699889055,13,5
15,10.1149/1.1630593,19,0,21762801,4,0.008924178895213578,13,5
15,10.1149/1.1630593,19,0,21762801,5,0.009414103876559528,13,5
15,10.1149/1.1630593,19,0,21762801,6,0.009695455145122564,13,5
15,10.1149/1.1630593,19,1,21762802,4,0.009932640133981365,13,5
15,10.1149/1.1630593,19,1,21762802,5,0.010112612916952566,13,5
15,10.1149/1.1630593,19,1,21762802,6,0.009940069051352172,13,5
15,10.1149/1.1630593,19,2,21762803,4,0.011171688440388985,13,5
15,10.1149/1.1630593,19,2,21762803,5,0.010528401347642342,13,5
15,10.1149/1.1630593,19,2,21762803,6,0.00997174792330567,13,5
16,10.1149/1.1833611,0,0,21860901,4,0.014695467845650656,13,5
16,10.1149/1.1833611,0,0,21860901,5,0.018474376134636407,13,5
16,10.1149/1.1833611,0,0,21860901,6,0.02702458288962208,13,5
16,10.1149/1.1833611,0,1,21860902,4,0.005208811466305788,13,5
16,10.1149/1.1833611,0,1,21860902,5,0.006376253635803579,13,5
16,10.1149/1.1833611,0,1,21860902,6,0.007439480900288176,13,5
16,10.1149/1.1833611,0,2,21860903,4,0.012409823000594296,13,5
16,10.1149/1.1833611,0,2,21860903,5,0.01767114255650379,13,5
16,10.1149/1.1833611,0,2,21860903,6,0.02538205164772705,13,5
16,10.1149/1.1833611,1,0,21861001,4,0.005264559355460217,13,5
16,10.1149/1.1833611,1,0,21861001,5,0.012085387480472673,13,5
16,10.1149/1.1833611,1,0,21861001,6,0.018448763581909743,13,5
16,10.1149/1.1833611,1,1,21861002,4,0.005182588778843674,13,5
16,10.1149/1.1833611,1,1,21861002,5,0.006086288352109871,13,5
16,10.1149/1.1833611,1,1,21861002,6,0.006607783081611894,13,5
16,10.1149/1.1833611,1,2,21861003,4,0.010882182718728968,13,5
16,10.1149/1.1833611,1,2,21861003,5,0.01182810891818578,13,5
16,10.1149/1.1833611,1,2,21861003,6,0.012381700084537216,13,5
16,10.1149/1.1833611,2,0,21861101,4,0.017973362662879726,13,5
16,10.1149/1.1833611,2,0,21861101,5,0.024394022641856066,13,5
16,10.1149/1.1833611,2,0,21861101,6,0.03370816592183694,13,5
16,10.1149/1.1833611,2,1,21861102,4,0.011188162655675944,13,5
16,10.1149/1.1833611,2,1,21861102,5,0.011053454857395204,13,5
16,10.1149/1.1833611,2,1,21861102,6,0.009931913496669083,13,5
16,10.1149/1.1833611,2,2,21861103,4,0.012002524063612149,13,5
16,10.1149/1.1833611,2,2,21861103,5,0.011260301056666006,13,5
16,10.1149/1.1833611,2,2,21861103,6,0.009930422772721907,13,5
16,10.1149/1.1833611,3,0,21861201,4,0.009137982771711576,13,5
16,10.1149/1.1833611,3,0,21861201,5,0.009265262398581223,13,5
16,10.1149/1.1833611,3,0,21861201,6,0.009158087160458975,13,5
16,10.1149/1.1833611,3,1,21861202,4,0.015890010050139784,13,5
16,10.1149/1.1833611,3,1,21861202,5,0.02660702180906434,13,5
16,10.1149/1.1833611,3,1,21861202,6,0.036044220662058084,13,5
16,10.1149/1.1833611,3,2,21861203,4,0.016140045576844196,13,5
16,10.1149/1.1833611,3,2,21861203,5,0.020847768720606147,13,5
16,10.1149/1.1833611,3,2,21861203,6,0.028588772613321933,13,5
16,10.1149/1.1833611,4,0,21861301,4,0.007885318440885919,13,5
16,10.1149/1.1833611,4,0,21861301,5,0.01648282061670324,13,5
16,10.1149/1.1833611,4,0,21861301,6,0.025252042511642776,13,5
16,10.1149/1.1833611,4,1,21861302,4,0.011772119256967492,13,5
16,10.1149/1.1833611,4,1,21861302,5,0.015617185495104286,13,5
16,10.1149/1.1833611,4,1,21861302,6,0.01719891094808002,13,5
16,10.1149/1.1833611,4,2,21861303,4,0.012809733700128233,13,5
16,10.1149/1.1833611,4,2,21861303,5,0.01490255434673172,13,5
16,10.1149/1.1833611,4,2,21861303,6,0.017953700498468266,13,5
16,10.1149/1.1833611,5,0,21861401,4,0.007355284217741319,13,5
16,10.1149/1.1833611,5,0,21861401,5,0.008940608190713944,13,5
16,10.1149/1.1833611,5,0,21861401,6,0.009613867914553941,13,5
16,10.1149/1.1833611,5,1,21861402,4,0.01352571249801798,13,5
16,10.1149/1.1833611,5,1,21861402,5,0.015409126436059318,13,5
16,10.1149/1.1833611,5,1,21861402,6,0.01704900874744208,13,5
16,10.1149/1.1833611,5,2,21861403,4,0.00766318891651345,13,5
16,10.1149/1.1833611,5,2,21861403,5,0.007993571424216224,13,5
16,10.1149/1.1833611,5,2,21861403,6,0.008385156025473864,13,5
16,10.1149/1.1833611,6,0,21861501,4,0.008702188656364976,13,5
16,10.1149/1.1833611,6,0,21861501,5,0.008494335392052696,13,5
16,10.1149/1.1833611,6,0,21861501,6,0.00812016369860418,13,5
16,10.1149/1.1833611,6,1,21861502,4,0.0137975476472878,13,5
16,10.1149/1.1833611,6,1,21861502,5,0.015585013352664512,13,5
16,10.1149/1.1833611,6,1,21861502,6,0.019543583934051863,13,5
16,10.1149/1.1833611,6,2,21861503,4,0.016994469144067062,13,5
16,10.1149/1.1833611,6,2,21861503,5,0.01810046290429753,13,5
16,10.1149/1.1833611,6,2,21861503,6,0.02095249749166454,13,5
16,10.1149/1.1833611,7,0,21861601,4,0.011144585901862458,13,5
16,10.1149/1.1833611,7,0,21861601,5,0.01872305794865249,13,5
16,10.1149/1.1833611,7,0,21861601,6,0.026283899235664505,13,5
16,10.1149/1.1833611,7,1,21861602,4,0.010262578676431081,13,5
16,10.1149/1.1833611,7,1,21861602,5,0.02000263602343312,13,5
16,10.1149/1.1833611,7,1,21861602,6,0.031215129536052932,13,5
16,10.1149/1.1833611,7,2,21861603,4,0.011628269805498016,13,5
16,10.1149/1.1833611,7,2,21861603,5,0.010858644939023724,13,5
16,10.1149/1.1833611,7,2,21861603,6,0.00889604880391328,13,5
16,10.1149/1.1833611,8,0,21861701,4,0.015521832613241618,13,5
16,10.1149/1.1833611,8,0,21861701,5,0.020483310269884668,13,5
16,10.1149/1.1833611,8,0,21861701,6,0.027527444150446445,13,5
16,10.1149/1.1833611,8,1,21861702,4,0.015851952383908262,13,5
16,10.1149/1.1833611,8,1,21861702,5,0.018357262929994338,13,5
16,10.1149/1.1833611,8,1,21861702,6,0.02194114267727461,13,5
16,10.1149/1.1833611,8,2,21861703,4,0.009477519936791329,13,5
16,10.1149/1.1833611,8,2,21861703,5,0.009377069846594688,13,5
16,10.1149/1.1833611,8,2,21861703,6,0.008858028063029499,13,5
16,10.1149/1.1833611,9,0,21861801,4,0.009932704289169729,13,5
16,10.1149/1.1833611,9,0,21861801,5,0.011181272424372207,13,5
16,10.1149/1.1833611,9,0,21861801,6,0.011944777464365123,13,5
16,10.1149/1.1833611,9,1,21861802,4,0.011513885975684602,13,5
16,10.1149/1.1833611,9,1,21861802,5,0.014608405389716972,13,5
16,10.1149/1.1833611,9,1,21861802,6,0.020670453862121102,13,5
16,10.1149/1.1833611,9,2,21861803,4,0.01126932841008098,13,5
16,10.1149/1.1833611,9,2,21861803,5,0.013724462919965269,13,5
16,10.1149/1.1833611,9,2,21861803,6,0.017808121430747954,13,5
16,10.1149/1.1833611,10,0,21861901,4,0.013932872683182362,13,5
16,10.1149/1.1833611,10,0,21861901,5,0.02145958298477566,13,5
16,10.1149/1.1833611,10,0,21861901,6,0.029253142389858555,13,5
16,10.1149/1.1833611,10,1,21861902,4,0.00805356742369358,13,5
16,10.1149/1.1833611,10,1,21861902,5,0.01658138813813228,13,5
16,10.1149/1.1833611,10,1,21861902,6,0.026150421346001512,13,5
16,10.1149/1.1833611,10,2,21861903,4,0.00840479048990615,13,5
16,10.1149/1.1833611,10,2,21861903,5,0.01729743261310163,13,5
16,10.1149/1.1833611,10,2,21861903,6,0.02622983921134909,13,5
16,10.1149/1.1833611,11,0,21862001,4,0.008548377053504332,13,5
16,10.1149/1.1833611,11,0,21862001,5,0.009291010081667878,13,5
16,10.1149/1.1833611,11,0,21862001,6,0.009433166846434431,13,5
16,10.1149/1.1833611,11,1,21862002,4,0.008027087744629244,13,5
16,10.1149/1.1833611,11,1,21862002,5,0.007763898864804918,13,5
16,10.1149/1.1833611,11,1,21862002,6,0.006564304628919364,13,5
16,10.1149/1.1833611,11,2,21862003,4,0.008599916325013043,13,5
16,10.1149/1.1833611,11,2,21862003,5,0.017804589448229872,13,5
16,10.1149/1.1833611,11,2,21862003,6,0.026786414824742207,13,5
16,10.1149/1.1833611,12,0,21862101,4,0.009376858026697776,13,5
16,10.1149/1.1833611,12,0,21862101,5,0.010721155732747848,13,5
16,10.1149/1.1833611,12,0,21862101,6,0.011717006156010876,13,5
16,10.1149/1.1833611,12,1,21862102,4,0.005477320483746337,13,5
16,10.1149/1.1833611,12,1,21862102,5,0.007072453730337877,13,5
16,10.1149/1.1833611,12,1,21862102,6,0.00889190091496484,13,5
16,10.1149/1.1833611,12,2,21862103,4,0.018427021205712844,13,5
16,10.1149/1.1833611,12,2,21862103,5,0.02093084823295166,13,5
16,10.1149/1.1833611,12,2,21862103,6,0.02368626681361336,13,5
16,10.1149/1.1833611,13,0,21862201,4,0.008518848654807669,13,5
16,10.1149/1.1833611,13,0,21862201,5,0.008094933560962133,13,5
16,10.1149/1.1833611,13,0,21862201,6,0.007771131375174975,13,5
16,10.1149/1.1833611,13,1,21862202,4,0.01362157531153892,13,5
16,10.1149/1.1833611,13,1,21862202,5,0.012356029179516018,13,5
16,10.1149/1.1833611,13,1,21862202,6,0.012525070292186285,13,5
16,10.1149/1.1833611,13,2,21862203,4,0.017223446598354456,13,5
16,10.1149/1.1833611,13,2,21862203,5,0.02838658436892431,13,5
16,10.1149/1.1833611,13,2,21862203,6,0.03843610238095156,13,5
16,10.1149/1.1833611,14,0,21862301,4,0.01028485352054113,13,5
16,10.1149/1.1833611,14,0,21862301,5,0.010168261049122902,13,5
16,10.1149/1.1833611,14,0,21862301,6,0.009440724487513714,13,5
16,10.1149/1.1833611,14,1,21862302,4,0.009755784904358158,13,5
16,10.1149/1.1833611,14,1,21862302,5,0.012297296398239899,13,5
16,10.1149/1.1833611,14,1,21862302,6,0.015916616290308733,13,5
16,10.1149/1.1833611,14,2,21862303,4,0.014416292296000572,13,5
16,10.1149/1.1833611,14,2,21862303,5,0.01626697653773428,13,5
16,10.1149/1.1833611,14,2,21862303,6,0.01954913017944075,13,5
16,10.1149/1.1833611,15,0,21862401,4,0.006488083050458099,13,5
16,10.1149/1.1833611,15,0,21862401,5,0.007612315592053174,13,5
16,10.1149/1.1833611,15,0,21862401,6,0.009179651183373442,13,5
16,10.1149/1.1833611,15,1,21862402,4,0.017591136255559546,13,5
16,10.1149/1.1833611,15,1,21862402,5,0.029646093340544948,13,5
16,10.1149/1.1833611,15,1,21862402,6,0.039950852957418195,13,5
16,10.1149/1.1833611,15,2,21862403,4,0.01311409252221946,13,5
16,10.1149/1.1833611,15,2,21862403,5,0.015244300387413045,13,5
16,10.1149/1.1833611,15,2,21862403,6,0.0191759496134605,13,5
16,10.1149/1.1833611,16,0,21862501,4,0.009218688913443587,13,5
16,10.1149/1.1833611,16,0,21862501,5,0.010268792076732331,13,5
16,10.1149/1.1833611,16,0,21862501,6,0.00976619503803568,13,5
16,10.1149/1.1833611,16,1,21862502,4,0.008959550703611551,13,5
16,10.1149/1.1833611,16,1,21862502,5,0.009303035415965149,13,5
16,10.1149/1.1833611,16,1,21862502,6,0.00941499679028264,13,5
16,10.1149/1.1833611,16,2,21862503,4,0.015464422228835803,13,5
16,10.1149/1.1833611,16,2,21862503,5,0.027497781284184612,13,5
16,10.1149/1.1833611,16,2,21862503,6,0.03945621793211766,13,5
16,10.1149/1.1833611,17,0,21862601,4,0.01996212332621532,13,5
16,10.1149/1.1833611,17,0,21862601,5,0.030520764982883208,13,5
16,10.1149/1.1833611,17,0,21862601,6,0.04207849288542707,13,5
16,10.1149/1.1833611,17,1,21862602,4,0.011228700378972833,13,5
16,10.1149/1.1833611,17,1,21862602,5,0.013645572841199887,13,5
16,10.1149/1.1833611,17,1,21862602,6,0.01773320144360586,13,5
16,10.1149/1.1833611,17,2,21862603,4,0.007146376674131529,13,5
16,10.1149/1.1833611,17,2,21862603,5,0.008253325867298034,13,5
16,10.1149/1.1833611,17,2,21862603,6,0.008522583373669245,13,5
16,10.1149/1.1833611,18,0,21862701,4,0.009139821914955836,13,5
16,10.1149/1.1833611,18,0,21862701,5,0.00941106809669863,13,5
16,10.1149/1.1833611,18,0,21862701,6,0.009826198299367114,13,5
16,10.1149/1.1833611,18,1,21862702,4,0.014577715271156508,13,5
16,10.1149/1.1833611,18,1,21862702,5,0.017535157997616818,13,5
16,10.1149/1.1833611,18,1,21862702,6,0.024833897365120438,13,5
16,10.1149/1.1833611,18,2,21862703,4,0.014367901259570503,13,5
16,10.1149/1.1833611,18,2,21862703,5,0.01964083198823611,13,5
16,10.1149/1.1833611,18,2,21862703,6,0.026951390745331046,13,5
16,10.1149/1.1833611,19,0,21862801,4,0.013520412018702849,13,5
16,10.1149/1.1833611,19,0,21862801,5,0.015515109443084374,13,5
16,10.1149/1.1833611,19,0,21862801,6,0.019720749143916794,13,5
16,10.1149/1.1833611,19,1,21862802,4,0.008280255440905469,13,5
16,10.1149/1.1833611,19,1,21862802,5,0.009758830333923198,13,5
16,10.1149/1.1833611,19,1,21862802,6,0.01138592189582889,13,5
16,10.1149/1.1833611,19,2,21862803,4,0.009924345521968768,13,5
16,10.1149/1.1833611,19,2,21862803,5,0.016802113041115358,13,5
16,10.1149/1.1833611,19,2,21862803,6,0.02352275327762588,13,5
17,10.1149/1.1914757,0,0,21960901,4,0.015662034776830765,13,5
17,10.1149/1.1914757,0,0,21960901,5,0.018058392458649285,13,5
17,10.1149/1.1914757,0,0,21960901,6,0.022172163742317397,13,5
17,10.1149/1.1914757,0,1,21960902,4,0.014693582808121336,13,5
17,10.1149/1.1914757,0,1,21960902,5,0.01877365434909727,13,5
17,10.1149/1.1914757,0,1,21960902,6,0.027029622942935212,13,5
17,10.1149/1.1914757,0,2,21960903,4,0.011583684728455137,13,5
17,10.1149/1.1914757,0,2,21960903,5,0.014660293945692997,13,5
17,10.1149/1.1914757,0,2,21960903,6,0.019532081382659244,13,5
17,10.1149/1.1914757,1,0,21961001,4,0.009328783549581537,13,5
17,10.1149/1.1914757,1,0,21961001,5,0.009717379432307592,13,5
17,10.1149/1.1914757,1,0,21961001,6,0.009573607851476634,13,5
17,10.1149/1.1914757,1,1,21961002,4,0.012894293994506112,13,5
17,10.1149/1.1914757,1,1,21961002,5,0.01281059108280927,13,5
17,10.1149/1.1914757,1,1,21961002,6,0.011264170633186356,13,5
17,10.1149/1.1914757,1,2,21961003,4,0.009915418401850434,13,5
17,10.1149/1.1914757,1,2,21961003,5,0.015405291735739374,13,5
17,10.1149/1.1914757,1,2,21961003,6,0.020523764733177373,13,5
17,10.1149/1.1914757,2,0,21961101,4,0.016867717707789477,13,5
17,10.1149/1.1914757,2,0,21961101,5,0.023033208031375846,13,5
17,10.1149/1.1914757,2,0,21961101,6,0.02985594916499811,13,5
17,10.1149/1.1914757,2,1,21961102,4,0.010101740339000662,13,5
17,10.1149/1.1914757,2,1,21961102,5,0.010245389968228626,13,5
17,10.1149/1.1914757,2,1,21961102,6,0.009973013491638778,13,5
17,10.1149/1.1914757,2,2,21961103,4,0.004583108583934827,13,5
17,10.1149/1.1914757,2,2,21961103,5,0.005466392706406115,13,5
17,10.1149/1.1914757,2,2,21961103,6,0.006180732763664976,13,5
17,10.1149/1.1914757,3,0,21961201,4,0.009104060528955845,13,5
17,10.1149/1.1914757,3,0,21961201,5,0.009480765119371118,13,5
17,10.1149/1.1914757,3,0,21961201,6,0.009603896747756191,13,5
17,10.1149/1.1914757,3,1,21961202,4,0.012509323116768481,13,5
17,10.1149/1.1914757,3,1,21961202,5,0.013846301906515679,13,5
17,10.1149/1.1914757,3,1,21961202,6,0.014822814392536483,13,5
17,10.1149/1.1914757,3,2,21961203,4,0.011171087212457407,13,5
17,10.1149/1.1914757,3,2,21961203,5,0.012038350027720966,13,5
17,10.1149/1.1914757,3,2,21961203,6,0.013264819566265244,13,5
17,10.1149/1.1914757,4,0,21961301,4,0.008863263241190803,13,5
17,10.1149/1.1914757,4,0,21961301,5,0.01122578125072896,13,5
17,10.1149/1.1914757,4,0,21961301,6,0.013196234571384288,13,5
17,10.1149/1.1914757,4,1,21961302,4,0.007026405941438878,13,5
17,10.1149/1.1914757,4,1,21961302,5,0.008275899726574129,13,5
17,10.1149/1.1914757,4,1,21961302,6,0.00913988803661536,13,5
17,10.1149/1.1914757,4,2,21961303,4,0.009633603761274418,13,5
17,10.1149/1.1914757,4,2,21961303,5,0.00926733503233076,13,5
17,10.1149/1.1914757,4,2,21961303,6,0.008426121650593588,13,5
17,10.1149/1.1914757,5,0,21961401,4,0.014160990828714647,13,5
17,10.1149/1.1914757,5,0,21961401,5,0.016800113037487567,13,5
17,10.1149/1.1914757,5,0,21961401,6,0.024109490679257863,13,5
17,10.1149/1.1914757,5,1,21961402,4,0.013964208323735166,13,5
17,10.1149/1.1914757,5,1,21961402,5,0.016952292754302167,13,5
17,10.1149/1.1914757,5,1,21961402,6,0.024356060167975473,13,5
17,10.1149/1.1914757,5,2,21961403,4,0.01166567883634099,13,5
17,10.1149/1.1914757,5,2,21961403,5,0.012095569327229345,13,5
17,10.1149/1.1914757,5,2,21961403,6,0.011906637480042188,13,5
17,10.1149/1.1914757,6,0,21961501,4,0.011981515621874772,13,5
17,10.1149/1.1914757,6,0,21961501,5,0.015603137344706428,13,5
17,10.1149/1.1914757,6,0,21961501,6,0.020860180455240095,13,5
17,10.1149/1.1914757,6,1,21961502,4,0.007778542429684042,13,5
17,10.1149/1.1914757,6,1,21961502,5,0.00913172153161473,13,5
17,10.1149/1.1914757,6,1,21961502,6,0.010507818068388871,13,5
17,10.1149/1.1914757,6,2,21961503,4,0.00547058453284068,13,5
17,10.1149/1.1914757,6,2,21961503,5,0.01185764823924799,13,5
17,10.1149/1.1914757,6,2,21961503,6,0.018255840238754602,13,5
17,10.1149/1.1914757,7,0,21961601,4,0.007638327441485013,13,5
17,10.1149/1.1914757,7,0,21961601,5,0.00896438242336474,13,5
17,10.1149/1.1914757,7,0,21961601,6,0.010032393823191094,13,5
17,10.1149/1.1914757,7,1,21961602,4,0.012121708112719894,13,5
17,10.1149/1.1914757,7,1,21961602,5,0.01298433296566064,13,5
17,10.1149/1.1914757,7,1,21961602,6,0.013083533021219345,13,5
17,10.1149/1.1914757,7,2,21961603,4,0.00386197775954506,13,5
17,10.1149/1.1914757,7,2,21961603,5,0.004286949645962569,13,5
17,10.1149/1.1914757,7,2,21961603,6,0.004313833082005775,13,5
17,10.1149/1.1914757,8,0,21961701,4,0.011423507737799782,13,5
17,10.1149/1.1914757,8,0,21961701,5,0.014779311692145738,13,5
17,10.1149/1.1914757,8,0,21961701,6,0.019468326403885843,13,5
17,10.1149/1.1914757,8,1,21961702,4,0.013252276491461462,13,5
17,10.1149/1.1914757,8,1,21961702,5,0.015189408138355504,13,5
17,10.1149/1.1914757,8,1,21961702,6,0.018983760531691426,13,5
17,10.1149/1.1914757,8,2,21961703,4,0.011651645837169666,13,5
17,10.1149/1.1914757,8,2,21961703,5,0.011523600649477593,13,5
17,10.1149/1.1914757,8,2,21961703,6,0.010881182060658691,13,5
17,10.1149/1.1914757,9,0,21961801,4,0.011644512311868898,13,5
17,10.1149/1.1914757,9,0,21961801,5,0.020129921576619865,13,5
17,10.1149/1.1914757,9,0,21961801,6,0.0281228414686343,13,5
17,10.1149/1.1914757,9,1,21961802,4,0.010826211861375041,13,5
17,10.1149/1.1914757,9,1,21961802,5,0.011569970451885365,13,5
17,10.1149/1.1914757,9,1,21961802,6,0.012191790606208426,13,5
17,10.1149/1.1914757,9,2,21961803,4,0.00647160275823302,13,5
17,10.1149/1.1914757,9,2,21961803,5,0.007109959900535845,13,5
17,10.1149/1.1914757,9,2,21961803,6,0.007379846401778543,13,5
17,10.1149/1.1914757,10,0,21961901,4,0.008624626905364892,13,5
17,10.1149/1.1914757,10,0,21961901,5,0.017884237038280078,13,5
17,10.1149/1.1914757,10,0,21961901,6,0.026549397129349388,13,5
17,10.1149/1.1914757,10,1,21961902,4,0.013966237350949613,13,5
17,10.1149/1.1914757,10,1,21961902,5,0.016272873733708275,13,5
17,10.1149/1.1914757,10,1,21961902,6,0.01984198333056133,13,5
17,10.1149/1.1914757,10,2,21961903,4,0.009916956084321107,13,5
17,10.1149/1.1914757,10,2,21961903,5,0.012703468782429003,13,5
17,10.1149/1.1914757,10,2,21961903,6,0.017262352993494115,13,5
17,10.1149/1.1914757,11,0,21962001,4,0.012240427569841575,13,5
17,10.1149/1.1914757,11,0,21962001,5,0.012733107431805788,13,5
17,10.1149/1.1914757,11,0,21962001,6,0.012810884675077619,13,5
17,10.1149/1.1914757,11,1,21962002,4,0.007636083261514907,13,5
17,10.1149/1.1914757,11,1,21962002,5,0.013649473147674026,13,5
17,10.1149/1.1914757,11,1,21962002,6,0.020502842244359488,13,5
17,10.1149/1.1914757,11,2,21962003,4,0.010858094821798722,13,5
17,10.1149/1.1914757,11,2,21962003,5,0.013657905262626951,13,5
17,10.1149/1.1914757,11,2,21962003,6,0.01848304754874156,13,5
17,10.1149/1.1914757,12,0,21962101,4,0.005662949888732937,13,5
17,10.1149/1.1914757,12,0,21962101,5,0.006603936050331026,13,5
17,10.1149/1.1914757,12,0,21962101,6,0.006955555321151772,13,5
17,10.1149/1.1914757,12,1,21962102,4,0.005468198136298728,13,5
17,10.1149/1.1914757,12,1,21962102,5,0.006343307739895538,13,5
17,10.1149/1.1914757,12,1,21962102,6,0.006930450332821638,13,5
17,10.1149/1.1914757,12,2,21962103,4,0.010870647042410258,13,5
17,10.1149/1.1914757,12,2,21962103,5,0.014147695567972598,13,5
17,10.1149/1.1914757,12,2,21962103,6,0.019383310179491832,13,5
17,10.1149/1.1914757,13,0,21962201,4,0.007904221587274754,13,5
17,10.1149/1.1914757,13,0,21962201,5,0.0074441178227283135,13,5
17,10.1149/1.1914757,13,0,21962201,6,0.006416784650496743,13,5
17,10.1149/1.1914757,13,1,21962202,4,0.01457796575853251,13,5
17,10.1149/1.1914757,13,1,21962202,5,0.024017798887010472,13,5
17,10.1149/1.1914757,13,1,21962202,6,0.032535629043797996,13,5
17,10.1149/1.1914757,13,2,21962203,4,0.009142830175141595,13,5
17,10.1149/1.1914757,13,2,21962203,5,0.011277256330979472,13,5
17,10.1149/1.1914757,13,2,21962203,6,0.012758342666222102,13,5
17,10.1149/1.1914757,14,0,21962301,4,0.009416462508593768,13,5
17,10.1149/1.1914757,14,0,21962301,5,0.011573564313643852,13,5
17,10.1149/1.1914757,14,0,21962301,6,0.013313603046552089,13,5
17,10.1149/1.1914757,14,1,21962302,4,0.016582489208935396,13,5
17,10.1149/1.1914757,14,1,21962302,5,0.022940657560405097,13,5
17,10.1149/1.1914757,14,1,21962302,6,0.02982034538767616,13,5
17,10.1149/1.1914757,14,2,21962303,4,0.004395198354448579,13,5
17,10.1149/1.1914757,14,2,21962303,5,0.005162074758140222,13,5
17,10.1149/1.1914757,14,2,21962303,6,0.005836169111656729,13,5
17,10.1149/1.1914757,15,0,21962401,4,0.016365203144872675,13,5
17,10.1149/1.1914757,15,0,21962401,5,0.019299468998026755,13,5
17,10.1149/1.1914757,15,0,21962401,6,0.02337223112551387,13,5
17,10.1149/1.1914757,15,1,21962402,4,0.010152256547903117,13,5
17,10.1149/1.1914757,15,1,21962402,5,0.011330798548073031,13,5
17,10.1149/1.1914757,15,1,21962402,6,0.012529825229184815,13,5
17,10.1149/1.1914757,15,2,21962403,4,0.005355789266410267,13,5
17,10.1149/1.1914757,15,2,21962403,5,0.005937138250711666,13,5
17,10.1149/1.1914757,15,2,21962403,6,0.006278764106160103,13,5
17,10.1149/1.1914757,16,0,21962501,4,0.01369223843436615,13,5
17,10.1149/1.1914757,16,0,21962501,5,0.022352948290282934,13,5
17,10.1149/1.1914757,16,0,21962501,6,0.032443150620883286,13,5
17,10.1149/1.1914757,16,1,21962502,4,0.009157629574542827,13,5
17,10.1149/1.1914757,16,1,21962502,5,0.009324955192068973,13,5
17,10.1149/1.1914757,16,1,21962502,6,0.00991481161211177,13,5
17,10.1149/1.1914757,16,2,21962503,4,0.012526959758638437,13,5
17,10.1149/1.1914757,16,2,21962503,5,0.012658918364849395,13,5
17,10.1149/1.1914757,16,2,21962503,6,0.012863685761791147,13,5
17,10.1149/1.1914757,17,0,21962601,4,0.004827284891576583,13,5
17,10.1149/1.1914757,17,0,21962601,5,0.011268240824575152,13,5
17,10.1149/1.1914757,17,0,21962601,6,0.018023290752779406,13,5
17,10.1149/1.1914757,17,1,21962602,4,0.010455945326334289,13,5
17,10.1149/1.1914757,17,1,21962602,5,0.010670386573865117,13,5
17,10.1149/1.1914757,17,1,21962602,6,0.012104782706803723,13,5
17,10.1149/1.1914757,17,2,21962603,4,0.014794497214496688,13,5
17,10.1149/1.1914757,17,2,21962603,5,0.01642132172556925,13,5
17,10.1149/1.1914757,17,2,21962603,6,0.019905772608459504,13,5
17,10.1149/1.1914757,18,0,21962701,4,0.005556996538532441,13,5
17,10.1149/1.1914757,18,0,21962701,5,0.00587426398074171,13,5
17,10.1149/1.1914757,18,0,21962701,6,0.0063573952235374525,13,5
17,10.1149/1.1914757,18,1,21962702,4,0.0056323500671114106,13,5
17,10.1149/1.1914757,18,1,21962702,5,0.006424170288974146,13,5
17,10.1149/1.1914757,18,1,21962702,6,0.007587783521712041,13,5
17,10.1149/1.1914757,18,2,21962703,4,0.014245848238758125,13,5
17,10.1149/1.1914757,18,2,21962703,5,0.01915972619298309,13,5
17,10.1149/1.1914757,18,2,21962703,6,0.02730929954278479,13,5
17,10.1149/1.1914757,19,0,21962801,4,0.007396989514854077,13,5
17,10.1149/1.1914757,19,0,21962801,5,0.008213045293668788,13,5
17,10.1149/1.1914757,19,0,21962801,6,0.008721516997381953,13,5
17,10.1149/1.1914757,19,1,21962802,4,0.009386674107082004,13,5
17,10.1149/1.1914757,19,1,21962802,5,0.01582525284849517,13,5
17,10.1149/1.1914757,19,1,21962802,6,0.02338490363822517,13,5
17,10.1149/1.1914757,19,2,21962803,4,0.00983604626571817,13,5
17,10.1149/1.1914757,19,2,21962803,5,0.010040884323076463,13,5
17,10.1149/1.1914757,19,2,21962803,6,0.011186320409109652,13,5
18,10.1149/2.0571912jes,0,0,22060901,4,0.006159171646340651,13,5
18,10.1149/2.0571912jes,0,0,22060901,5,0.00670909411724539,13,5
18,10.1149/2.0571912jes,0,0,22060901,6,0.006902701510224529,13,5
18,10.1149/2.0571912jes,0,1,22060902,4,0.010101486483634113,13,5
18,10.1149/2.0571912jes,0,1,22060902,5,0.013646667698834825,13,5
18,10.1149/2.0571912jes,0,1,22060902,6,0.01707005564758372,13,5
18,10.1149/2.0571912jes,0,2,22060903,4,0.009626331737239893,13,5
18,10.1149/2.0571912jes,0,2,22060903,5,0.009431654081283351,13,5
18,10.1149/2.0571912jes,0,2,22060903,6,0.009007769056348855,13,5
18,10.1149/2.0571912jes,1,0,22061001,4,0.007383802213573769,13,5
18,10.1149/2.0571912jes,1,0,22061001,5,0.00889973040207098,13,5
18,10.1149/2.0571912jes,1,0,22061001,6,0.01026302418529727,13,5
18,10.1149/2.0571912jes,1,1,22061002,4,0.010264765086991829,13,5
18,10.1149/2.0571912jes,1,1,22061002,5,0.013802135787925085,13,5
18,10.1149/2.0571912jes,1,1,22061002,6,0.0167549412664657,13,5
18,10.1149/2.0571912jes,1,2,22061003,4,0.005977491766385405,13,5
18,10.1149/2.0571912jes,1,2,22061003,5,0.007029766945013257,13,5
18,10.1149/2.0571912jes,1,2,22061003,6,0.00806516397261715,13,5
18,10.1149/2.0571912jes,2,0,22061101,4,0.010794513332876293,13,5
18,10.1149/2.0571912jes,2,0,22061101,5,0.012713551830342954,13,5
18,10.1149/2.0571912jes,2,0,22061101,6,0.013815418752559807,13,5
18,10.1149/2.0571912jes,2,1,22061102,4,0.00876715208212009,13,5
18,10.1149/2.0571912jes,2,1,22061102,5,0.00878274639700438,13,5
18,10.1149/2.0571912jes,2,1,22061102,6,0.008612027569084496,13,5
18,10.1149/2.0571912jes,2,2,22061103,4,0.009789933220437141,13,5
18,10.1149/2.0571912jes,2,2,22061103,5,0.010812588564968178,13,5
18,10.1149/2.0571912jes,2,2,22061103,6,0.011333834125360945,13,5
18,10.1149/2.0571912jes,3,0,22061201,4,0.010290745377868428,13,5
18,10.1149/2.0571912jes,3,0,22061201,5,0.012759767213458607,13,5
18,10.1149/2.0571912jes,3,0,22061201,6,0.014952446627991278,13,5
18,10.1149/2.0571912jes,3,1,22061202,4,0.009685301257129922,13,5
18,10.1149/2.0571912jes,3,1,22061202,5,0.010294680824906761,13,5
18,10.1149/2.0571912jes,3,1,22061202,6,0.010280535309692956,13,5
18,10.1149/2.0571912jes,3,2,22061203,4,0.005373778638218059,13,5
18,10.1149/2.0571912jes,3,2,22061203,5,0.006661860857615394,13,5
18,10.1149/2.0571912jes,3,2,22061203,6,0.007771350443083583,13,5
18,10.1149/2.0571912jes,4,0,22061301,4,0.013230087042827248,13,5
18,10.1149/2.0571912jes,4,0,22061301,5,0.014295086676680242,13,5
18,10.1149/2.0571912jes,4,0,22061301,6,0.014429445685807119,13,5
18,10.1149/2.0571912jes,4,1,22061302,4,0.008377537436176774,13,5
18,10.1149/2.0571912jes,4,1,22061302,5,0.009572337116056148,13,5
18,10.1149/2.0571912jes,4,1,22061302,6,0.010300540632082338,13,5
18,10.1149/2.0571912jes,4,2,22061303,4,0.006858118309146342,13,5
18,10.1149/2.0571912jes,4,2,22061303,5,0.01190989750862662,13,5
18,10.1149/2.0571912jes,4,2,22061303,6,0.016432419317996307,13,5
18,10.1149/2.0571912jes,5,0,22061401,4,0.008611258928275238,13,5
18,10.1149/2.0571912jes,5,0,22061401,5,0.010305118645891636,13,5
18,10.1149/2.0571912jes,5,0,22061401,6,0.011519709706634917,13,5
18,10.1149/2.0571912jes,5,1,22061402,4,0.008019774660196712,13,5
18,10.1149/2.0571912jes,5,1,22061402,5,0.012338320353989848,13,5
18,10.1149/2.0571912jes,5,1,22061402,6,0.012740462814479922,13,5
18,10.1149/2.0571912jes,5,2,22061403,4,0.010655565245043687,13,5
18,10.1149/2.0571912jes,5,2,22061403,5,0.01140039312164297,13,5
18,10.1149/2.0571912jes,5,2,22061403,6,0.010726316029770384,13,5
18,10.1149/2.0571912jes,6,0,22061501,4,0.011746470566614677,13,5
18,10.1149/2.0571912jes,6,0,22061501,5,0.010995960866904445,13,5
18,10.1149/2.0571912jes,6,0,22061501,6,0.009437414475071407,13,5
18,10.1149/2.0571912jes,6,1,22061502,4,0.007921487801857885,13,5
18,10.1149/2.0571912jes,6,1,22061502,5,0.007940503475017404,13,5
18,10.1149/2.0571912jes,6,1,22061502,6,0.007339594502525255,13,5
18,10.1149/2.0571912jes,6,2,22061503,4,0.010634062652380165,13,5
18,10.1149/2.0571912jes,6,2,22061503,5,0.012974636982325694,13,5
18,10.1149/2.0571912jes,6,2,22061503,6,0.015894011431183235,13,5
18,10.1149/2.0571912jes,7,0,22061601,4,0.009109252625057936,13,5
18,10.1149/2.0571912jes,7,0,22061601,5,0.009607576776183405,13,5
18,10.1149/2.0571912jes,7,0,22061601,6,0.010063722176246218,13,5
18,10.1149/2.0571912jes,7,1,22061602,4,0.009923069106110943,13,5
18,10.1149/2.0571912jes,7,1,22061602,5,0.010866898243218731,13,5
18,10.1149/2.0571912jes,7,1,22061602,6,0.011222603608641735,13,5
18,10.1149/2.0571912jes,7,2,22061603,4,0.005612983886221669,13,5
18,10.1149/2.0571912jes,7,2,22061603,5,0.009223708335833834,13,5
18,10.1149/2.0571912jes,7,2,22061603,6,0.012322785593426842,13,5
18,10.1149/2.0571912jes,8,0,22061701,4,0.010047439992309014,13,5
18,10.1149/2.0571912jes,8,0,22061701,5,0.010680206092178162,13,5
18,10.1149/2.0571912jes,8,0,22061701,6,0.010668897708639673,13,5
18,10.1149/2.0571912jes,8,1,22061702,4,0.011878807386710589,13,5
18,10.1149/2.0571912jes,8,1,22061702,5,0.011984006831052791,13,5
18,10.1149/2.0571912jes,8,1,22061702,6,0.011610661115271304,13,5
18,10.1149/2.0571912jes,8,2,22061703,4,0.004675282084899534,13,5
18,10.1149/2.0571912jes,8,2,22061703,5,0.00540000321609675,13,5
18,10.1149/2.0571912jes,8,2,22061703,6,0.005781645890372186,13,5
18,10.1149/2.0571912jes,9,0,22061801,4,0.012195107353556967,13,5
18,10.1149/2.0571912jes,9,0,22061801,5,0.01174787673502237,13,5
18,10.1149/2.0571912jes,9,0,22061801,6,0.010751378122387108,13,5
18,10.1149/2.0571912jes,9,1,22061802,4,0.006958159391905967,13,5
18,10.1149/2.0571912jes,9,1,22061802,5,0.010822849126151276,13,5
18,10.1149/2.0571912jes,9,1,22061802,6,0.014903098658404524,13,5
18,10.1149/2.0571912jes,9,2,22061803,4,0.008626544256932486,13,5
18,10.1149/2.0571912jes,9,2,22061803,5,0.008497455911078828,13,5
18,10.1149/2.0571912jes,9,2,22061803,6,0.009192885540660192,13,5
18,10.1149/2.0571912jes,10,0,22061901,4,0.009115696093431139,13,5
18,10.1149/2.0571912jes,10,0,22061901,5,0.009247843453287729,13,5
18,10.1149/2.0571912jes,10,0,22061901,6,0.009377002431359693,13,5
18,10.1149/2.0571912jes,10,1,22061902,4,0.008127774006632626,13,5
18,10.1149/2.0571912jes,10,1,22061902,5,0.009704420213904002,13,5
18,10.1149/2.0571912jes,10,1,22061902,6,0.01070164148682282,13,5
18,10.1149/2.0571912jes,10,2,22061903,4,0.01021974327592492,13,5
18,10.1149/2.0571912jes,10,2,22061903,5,0.010809050911054975,13,5
18,10.1149/2.0571912jes,10,2,22061903,6,0.011493811341837332,13,5
18,10.1149/2.0571912jes,11,0,22062001,4,0.014271582518069089,13,5
18,10.1149/2.0571912jes,11,0,22062001,5,0.018063286530491874,13,5
18,10.1149/2.0571912jes,11,0,22062001,6,0.020325300027467935,13,5
18,10.1149/2.0571912jes,11,1,22062002,4,0.009915456616405801,13,5
18,10.1149/2.0571912jes,11,1,22062002,5,0.009623794660833315,13,5
18,10.1149/2.0571912jes,11,1,22062002,6,0.008886996164029163,13,5
18,10.1149/2.0571912jes,11,2,22062003,4,0.009949662943893428,13,5
18,10.1149/2.0571912jes,11,2,22062003,5,0.011304662037172411,13,5
18,10.1149/2.0571912jes,11,2,22062003,6,0.012330613705734846,13,5
18,10.1149/2.0571912jes,12,0,22062101,4,0.005900313194739377,13,5
18,10.1149/2.0571912jes,12,0,22062101,5,0.006430676299434631,13,5
18,10.1149/2.0571912jes,12,0,22062101,6,0.007001841431667805,13,5
18,10.1149/2.0571912jes,12,1,22062102,4,0.00570397860618079,13,5
18,10.1149/2.0571912jes,12,1,22062102,5,0.008688113041993212,13,5
18,10.1149/2.0571912jes,12,1,22062102,6,0.011858639494485254,13,5
18,10.1149/2.0571912jes,12,2,22062103,4,0.007036158038834103,13,5
18,10.1149/2.0571912jes,12,2,22062103,5,0.006440896432000689,13,5
18,10.1149/2.0571912jes,12,2,22062103,6,0.005837280649814417,13,5
18,10.1149/2.0571912jes,13,0,22062201,4,0.008310405315078453,13,5
18,10.1149/2.0571912jes,13,0,22062201,5,0.008151269054745582,13,5
18,10.1149/2.0571912jes,13,0,22062201,6,0.007658404545082926,13,5
18,10.1149/2.0571912jes,13,1,22062202,4,0.009101885375889051,13,5
18,10.1149/2.0571912jes,13,1,22062202,5,0.008688502350401075,13,5
18,10.1149/2.0571912jes,13,1,22062202,6,0.009302504382465791,13,5
18,10.1149/2.0571912jes,13,2,22062203,4,0.009678847852235724,13,5
18,10.1149/2.0571912jes,13,2,22062203,5,0.012937173979781436,13,5
18,10.1149/2.0571912jes,13,2,22062203,6,0.0154123374083526,13,5
18,10.1149/2.0571912jes,14,0,22062301,4,0.008427413551069235,13,5
18,10.1149/2.0571912jes,14,0,22062301,5,0.008777198312262409,13,5
18,10.1149/2.0571912jes,14,0,22062301,6,0.008717485754249549,13,5
18,10.1149/2.0571912jes,14,1,22062302,4,0.011905204381677444,13,5
18,10.1149/2.0571912jes,14,1,22062302,5,0.014733575463293427,13,5
18,10.1149/2.0571912jes,14,1,22062302,6,0.01746802897466655,13,5
18,10.1149/2.0571912jes,14,2,22062303,4,0.008634879831297312,13,5
18,10.1149/2.0571912jes,14,2,22062303,5,0.008736028598651493,13,5
18,10.1149/2.0571912jes,14,2,22062303,6,0.009307296043039053,13,5
18,10.1149/2.0571912jes,15,0,22062401,4,0.0049401146371892855,13,5
18,10.1149/2.0571912jes,15,0,22062401,5,0.005867575809581645,13,5
18,10.1149/2.0571912jes,15,0,22062401,6,0.006589188459717737,13,5
18,10.1149/2.0571912jes,15,1,22062402,4,0.013738297313240855,13,5
18,10.1149/2.0571912jes,15,1,22062402,5,0.015026902718648236,13,5
18,10.1149/2.0571912jes,15,1,22062402,6,0.015214179615506095,13,5
18,10.1149/2.0571912jes,15,2,22062403,4,0.0115368878456476,13,5
18,10.1149/2.0571912jes,15,2,22062403,5,0.012225765240772549,13,5
18,10.1149/2.0571912jes,15,2,22062403,6,0.011705864719219708,13,5
18,10.1149/2.0571912jes,16,0,22062501,4,0.016158407247796096,13,5
18,10.1149/2.0571912jes,16,0,22062501,5,0.01750912740549736,13,5
18,10.1149/2.0571912jes,16,0,22062501,6,0.018111902704172907,13,5
18,10.1149/2.0571912jes,16,1,22062502,4,0.0053236161737358016,13,5
18,10.1149/2.0571912jes,16,1,22062502,5,0.006333863842652815,13,5
18,10.1149/2.0571912jes,16,1,22062502,6,0.007436216240698204,13,5
18,10.1149/2.0571912jes,16,2,22062503,4,0.007151096975778451,13,5
18,10.1149/2.0571912jes,16,2,22062503,5,0.007423222881647118,13,5
18,10.1149/2.0571912jes,16,2,22062503,6,0.007770058784762941,13,5
18,10.1149/2.0571912jes,17,0,22062601,4,0.005758247793888641,13,5
18,10.1149/2.0571912jes,17,0,22062601,5,0.006965509752735473,13,5
18,10.1149/2.0571912jes,17,0,22062601,6,0.007908652498682991,13,5
18,10.1149/2.0571912jes,17,1,22062602,4,0.010845160336350093,13,5
18,10.1149/2.0571912jes,17,1,22062602,5,0.013870111881956143,13,5
18,10.1149/2.0571912jes,17,1,22062602,6,0.016161546258745687,13,5
18,10.1149/2.0571912jes,17,2,22062603,4,0.008515580141707224,13,5
18,10.1149/2.0571912jes,17,2,22062603,5,0.012436625323590803,13,5
18,10.1149/2.0571912jes,17,2,22062603,6,0.01337214477669935,13,5
18,10.1149/2.0571912jes,18,0,22062701,4,0.0058386447607557375,13,5
18,10.1149/2.0571912jes,18,0,22062701,5,0.009895811689212405,13,5
18,10.1149/2.0571912jes,18,0,22062701,6,0.013350439011759635,13,5
18,10.1149/2.0571912jes,18,1,22062702,4,0.008344666488038728,13,5
18,10.1149/2.0571912jes,18,1,22062702,5,0.008933719685416714,13,5
18,10.1149/2.0571912jes,18,1,22062702,6,0.009471554373519727,13,5
18,10.1149/2.0571912jes,18,2,22062703,4,0.008791291550024975,13,5
18,10.1149/2.0571912jes,18,2,22062703,5,0.009272913923524796,13,5
18,10.1149/2.0571912jes,18,2,22062703,6,0.010664859954074752,13,5
18,10.1149/2.0571912jes,19,0,22062801,4,0.011111508129587406,13,5
18,10.1149/2.0571912jes,19,0,22062801,5,0.013387866039814367,13,5
18,10.1149/2.0571912jes,19,0,22062801,6,0.014802418208512313,13,5
18,10.1149/2.0571912jes,19,1,22062802,4,0.010740787412407703,13,5
18,10.1149/2.0571912jes,19,1,22062802,5,0.01282319337031046,13,5
18,10.1149/2.0571912jes,19,1,22062802,6,0.013936375673844986,13,5
18,10.1149/2.0571912jes,19,2,22062803,4,0.010913418010909212,13,5
18,10.1149/2.0571912jes,19,2,22062803,5,0.015489789402843703,13,5
18,10.1149/2.0571912jes,19,2,22062803,6,0.016352558509711033,13,5
